date,P_Kweek_-69_Kday_0_ETE_62_ORD_61_EXT_77_E2Ekor_76_EXTkor_63_DIFF_23,a,b,c,d,e,f,g,h,i,j
Wed Sep 30 03:00:00 UTC 2026,5758.819811594256,0.796200000000681,null,null,null,6677.425829629631,null,null,null,null
Wed Sep 30 04:00:00 UTC 2026,6132.242577236113,-444.2037999999993,null,null,null,6760.018422222223,null,null,null,null
Wed Sep 30 05:00:00 UTC 2026,6862.55416971414,-978.2037999999993,null,null,null,6842.611014814816,null,null,null,null
Wed Sep 30 06:00:00 UTC 2026,7566.56176863745,-1105.2037999999993,null,null,null,6925.2036074074085,null,null,null,null
Wed Sep 30 07:00:00 UTC 2026,7337.810967546151,-1154.2037999999993,null,null,null,7007.796200000002,null,null,null,null
Wed Sep 30 08:00:00 UTC 2026,7814.382965055911,-1301.2037999999993,null,null,null,7090.388792592594,null,null,null,null
Wed Sep 30 09:00:00 UTC 2026,7587.22919214469,-1423.2037999999993,null,null,null,7172.981385185186,null,null,null,null
Wed Sep 30 10:00:00 UTC 2026,8412.141218585317,-428.2037999999993,null,null,null,7255.573977777778,null,null,null,null
Wed Sep 30 11:00:00 UTC 2026,6243.846664175166,603.7962000000007,null,null,null,7338.166570370371,null,null,null,null
Wed Sep 30 12:00:00 UTC 2026,639.8747801915388,1165.7962000000007,null,null,null,7420.759162962964,null,null,null,null
Wed Sep 30 13:00:00 UTC 2026,1112.4072358340304,2695.7962000000007,null,null,null,7503.351755555556,null,null,null,null
Wed Sep 30 14:00:00 UTC 2026,2105.476935356132,3037.7962000000007,null,null,null,7585.944348148149,null,null,null,null
Wed Sep 30 15:00:00 UTC 2026,3890.2028980389123,2672.7962000000007,null,null,null,7668.536940740742,null,null,null,null
Wed Sep 30 16:00:00 UTC 2026,3316.1182387087274,4028.7962000000007,null,null,null,7751.129533333335,null,null,null,null
Wed Sep 30 17:00:00 UTC 2026,2078.7032276307773,4169.796200000001,null,null,null,7833.722125925927,null,null,null,null
Wed Sep 30 18:00:00 UTC 2026,3118.8382870488604,4413.796200000001,null,null,null,7916.31471851852,null,null,null,null
Wed Sep 30 19:00:00 UTC 2026,3453.3687193635587,5660.796200000001,null,null,null,7998.907311111112,null,null,null,null
Wed Sep 30 20:00:00 UTC 2026,3313.299953685055,4680.796200000001,null,null,null,8081.499903703705,null,null,null,null
Wed Sep 30 21:00:00 UTC 2026,3736.8881927490274,4348.796200000001,null,null,null,8164.092496296296,null,null,null,null
Wed Sep 30 22:00:00 UTC 2026,3031.1896228114892,3907.7962000000007,null,null,null,8246.68508888889,null,null,null,null
Wed Sep 30 23:00:00 UTC 2026,2730.76043928372,4261.796200000001,null,null,null,8329.277681481482,null,null,null,null
Thu Oct 01 00:00:00 UTC 2026,-159.95450953796353,4664.796200000001,null,null,null,8411.870274074075,null,null,null,null
Thu Oct 01 01:00:00 UTC 2026,1971.5144538956065,6607.796200000001,null,null,null,8494.462866666667,null,null,null,null
Thu Oct 01 02:00:00 UTC 2026,1786.6349563401382,6408.796200000001,null,null,null,8577.05545925926,null,null,null,null
Thu Oct 01 03:00:00 UTC 2026,1917.6852099427042,8135.796200000001,null,null,null,8659.648051851853,null,null,null,null
Thu Oct 01 04:00:00 UTC 2026,1960.6170851372644,7703.796200000001,null,null,null,8742.240644444446,null,null,null,null
Thu Oct 01 05:00:00 UTC 2026,2025.1558121803355,7659.796200000001,null,null,null,8824.833237037037,null,null,null,null
Thu Oct 01 06:00:00 UTC 2026,1978.748052123161,8100.796200000001,null,null,null,8907.42582962963,null,null,null,null
Thu Oct 01 07:00:00 UTC 2026,1927.3613218574505,7770.796200000001,null,null,null,8990.018422222223,null,null,null,null
Thu Oct 01 08:00:00 UTC 2026,1623.7380819695277,8276.7962,null,null,null,9072.611014814815,null,null,null,null
Thu Oct 01 09:00:00 UTC 2026,2167.854977214205,8121.796200000001,null,null,null,9155.203607407408,null,null,null,null
Thu Oct 01 10:00:00 UTC 2026,2971.066208972301,8837.7962,8937.7962,null,null,9237.7962,null,null,null,9737.7962
Thu Oct 01 11:00:00 UTC 2026,5009.155995286868,5891.796200000001,8853.874513253013,null,null,9153.874513253013,null,null,null,8821.129533333335
Thu Oct 01 12:00:00 UTC 2026,6779.038990178191,5482.796200000001,8769.952826506023,null,null,9069.952826506025,null,null,null,7904.462866666667
Thu Oct 01 13:00:00 UTC 2026,6772.838763125927,5369.796200000001,8686.031139759038,null,null,8986.031139759038,null,null,null,6987.796200000001
Thu Oct 01 14:00:00 UTC 2026,7668.020029491121,4765.796200000001,8602.10945301205,null,null,8902.109453012048,null,null,null,6071.129533333334
Thu Oct 01 15:00:00 UTC 2026,7626.967010979097,4785.796200000001,8518.18776626506,null,null,8818.18776626506,null,null,null,5154.462866666668
Thu Oct 01 16:00:00 UTC 2026,8837.7962,3337.7962000000007,8434.266079518073,null,null,8734.266079518073,null,null,null,4237.796200000001
Thu Oct 01 17:00:00 UTC 2026,7808.276680837933,3720.7962000000007,8350.344392771087,null,null,8650.344392771085,null,null,null,null
Thu Oct 01 18:00:00 UTC 2026,7722.600816116985,3766.7962000000007,8266.422706024097,null,null,8566.422706024096,null,null,null,null
Thu Oct 01 19:00:00 UTC 2026,7158.192268701547,4300.796200000001,8182.50101927711,null,null,8482.501019277108,null,null,null,null
Thu Oct 01 20:00:00 UTC 2026,6902.573817050876,5019.796200000001,8098.57933253012,null,null,8398.579332530122,null,null,null,null
Thu Oct 01 21:00:00 UTC 2026,6904.922387903913,4065.7962000000007,8014.657645783133,null,null,8314.657645783132,null,null,null,null
Thu Oct 01 22:00:00 UTC 2026,6793.224358130841,4121.796200000001,7930.735959036144,null,null,8230.735959036145,null,null,null,null
Thu Oct 01 23:00:00 UTC 2026,6676.171586812617,3738.7962000000007,7846.814272289157,null,null,8146.814272289158,null,null,null,null
Fri Oct 02 00:00:00 UTC 2026,6465.175981370734,3965.7962000000007,7762.8925855421685,null,null,8062.892585542169,null,null,null,null
Fri Oct 02 01:00:00 UTC 2026,1279.4375949060627,4492.796200000001,7678.970898795182,null,null,7978.970898795182,null,null,null,null
Fri Oct 02 02:00:00 UTC 2026,-1423.2037999999993,4223.796200000001,7595.049212048193,null,null,7895.049212048193,null,null,null,null
Fri Oct 02 03:00:00 UTC 2026,-683.2160956072249,4389.796200000001,7511.127525301205,null,null,7811.127525301205,null,null,null,null
Fri Oct 02 04:00:00 UTC 2026,1264.500684280319,3695.7962000000007,7427.205838554217,null,null,7727.205838554217,null,null,null,null
Fri Oct 02 05:00:00 UTC 2026,3438.1499802354883,3780.7962000000007,7343.28415180723,null,null,7643.284151807229,null,null,null,null
Fri Oct 02 06:00:00 UTC 2026,4205.4750493582715,2968.7962000000007,7259.362465060241,null,null,7559.362465060241,null,null,null,null
Fri Oct 02 07:00:00 UTC 2026,4262.874121007808,2705.7962000000007,7175.440778313254,null,null,7475.440778313254,null,null,null,null
Fri Oct 02 08:00:00 UTC 2026,3897.7183247687944,2830.7962000000007,7091.519091566266,null,null,7391.519091566266,null,null,null,null
Fri Oct 02 09:00:00 UTC 2026,3728.433337677877,2494.7962000000007,7007.5974048192775,null,null,7307.597404819278,null,null,null,null
Fri Oct 02 10:00:00 UTC 2026,2818.690932023552,4423.796200000001,6923.67571807229,null,null,7223.67571807229,null,null,null,null
Fri Oct 02 11:00:00 UTC 2026,2792.199052800658,1958.7962000000007,6839.754031325301,null,null,7139.754031325302,null,null,null,null
Fri Oct 02 12:00:00 UTC 2026,2624.792922392145,1352.7962000000007,6755.832344578314,null,null,7055.832344578314,null,null,null,null
Fri Oct 02 13:00:00 UTC 2026,2852.416409474,1658.7962000000007,6671.910657831326,null,null,6971.910657831326,null,null,null,null
Fri Oct 02 14:00:00 UTC 2026,3804.4330904839435,2634.7962000000007,6587.988971084338,null,null,6887.988971084338,null,null,null,null
Fri Oct 02 15:00:00 UTC 2026,3337.349319220757,2518.7962000000007,6504.06728433735,null,null,6804.06728433735,null,null,null,null
Fri Oct 02 16:00:00 UTC 2026,3041.805163067371,1851.7962000000007,6420.145597590361,null,null,6720.145597590361,null,null,null,null
Fri Oct 02 17:00:00 UTC 2026,3599.637712094195,1727.7962000000007,6336.223910843374,null,null,6636.223910843374,null,null,null,null
Fri Oct 02 18:00:00 UTC 2026,2897.508969853291,2654.7962000000007,6252.302224096386,null,null,6552.3022240963855,null,null,null,null
Fri Oct 02 19:00:00 UTC 2026,2552.832711453346,1978.7962000000007,6168.380537349398,null,null,6468.380537349398,null,null,null,null
Fri Oct 02 20:00:00 UTC 2026,2304.9175722007294,1818.7962000000007,6084.45885060241,null,null,6384.45885060241,null,null,null,null
Fri Oct 02 21:00:00 UTC 2026,2651.8484586198265,1818.7962000000007,6000.5371638554225,null,null,6300.5371638554225,null,null,null,null
Fri Oct 02 22:00:00 UTC 2026,3274.689448860223,1818.7962000000007,5916.615477108434,null,null,6216.615477108434,null,null,null,null
Fri Oct 02 23:00:00 UTC 2026,3934.919687081856,1818.7962000000007,5832.693790361446,null,null,6132.693790361446,null,null,null,null
Sat Oct 03 00:00:00 UTC 2026,6817.649495003023,1818.7962000000007,5748.7721036144585,null,null,6048.7721036144585,null,null,null,null
Sat Oct 03 01:00:00 UTC 2026,7322.686171252235,1818.7962000000007,5664.85041686747,null,null,5964.85041686747,null,null,null,null
Sat Oct 03 02:00:00 UTC 2026,5697.287255243297,1818.7962000000007,5580.928730120482,null,null,5880.928730120482,null,null,null,null
Sat Oct 03 03:00:00 UTC 2026,5485.446164294167,1818.7962000000007,5497.0070433734945,null,null,5797.0070433734945,null,null,null,null
Sat Oct 03 04:00:00 UTC 2026,5362.0052802556365,1818.7962000000007,5413.085356626506,null,null,5713.085356626506,null,null,null,null
Sat Oct 03 05:00:00 UTC 2026,5484.788564455359,1818.7962000000007,5329.163669879519,null,null,5629.163669879519,null,null,null,null
Sat Oct 03 06:00:00 UTC 2026,6775.093391144943,1818.7962000000007,5245.241983132531,null,null,5545.241983132531,null,null,null,null
Sat Oct 03 07:00:00 UTC 2026,6418.862164147714,1818.7962000000007,5161.320296385542,null,null,5461.320296385543,null,null,null,null
Sat Oct 03 08:00:00 UTC 2026,4754.289086309157,1818.7962000000007,5077.398609638555,null,null,5377.398609638554,null,null,null,null
Sat Oct 03 09:00:00 UTC 2026,5147.158018614661,1818.7962000000007,4993.476922891567,null,null,5293.4769228915675,null,null,null,null
Sat Oct 03 10:00:00 UTC 2026,4950.065952622967,1818.7962000000007,4909.555236144579,null,null,5209.555236144579,null,null,null,null
Sat Oct 03 11:00:00 UTC 2026,6410.501251910718,1818.7962000000007,4825.63354939759,null,null,5125.633549397591,null,null,null,null
Sat Oct 03 12:00:00 UTC 2026,6413.695308270871,1818.7962000000007,4741.7118626506035,null,null,5041.711862650603,null,null,null,null
Sat Oct 03 13:00:00 UTC 2026,6325.482987028711,1818.7962000000007,4657.790175903614,null,null,4957.790175903615,null,null,null,null
Sat Oct 03 14:00:00 UTC 2026,6423.089591683289,1818.7962000000007,4573.868489156626,null,null,4873.868489156626,null,null,null,null
Sat Oct 03 15:00:00 UTC 2026,6427.223076384711,1818.7962000000007,4489.9468024096395,null,null,4789.9468024096395,null,null,null,null
Sat Oct 03 16:00:00 UTC 2026,6495.519516792723,1818.7962000000007,4406.025115662651,null,null,4706.025115662651,null,null,null,null
Sat Oct 03 17:00:00 UTC 2026,6416.043879124042,1818.7962000000007,4322.103428915663,null,null,4622.103428915662,null,null,null,null
Sat Oct 03 18:00:00 UTC 2026,6330.368014403094,1818.7962000000007,4238.181742168676,null,null,4538.181742168676,null,null,null,null
Sat Oct 03 19:00:00 UTC 2026,6388.330743057552,1818.7962000000007,4154.260055421687,null,null,4454.260055421686,null,null,null,null
Sat Oct 03 20:00:00 UTC 2026,6403.8313106879505,1818.7962000000007,4070.3383686746993,null,null,4370.338368674699,null,null,null,null
Sat Oct 03 21:00:00 UTC 2026,6416.4196504605225,1818.7962000000007,3986.4166819277116,null,null,4286.416681927711,null,null,null,null
Sat Oct 03 22:00:00 UTC 2026,6391.430856583552,1818.7962000000007,3902.494995180723,null,null,4202.494995180723,null,null,null,null
Sat Oct 03 23:00:00 UTC 2026,6089.3107020416855,1818.7962000000007,3818.573308433735,null,null,4118.573308433734,null,null,null,null
Sun Oct 04 00:00:00 UTC 2026,6368.696690725599,1818.7962000000007,3734.6516216867476,null,null,4034.6516216867476,null,null,null,null
Sun Oct 04 01:00:00 UTC 2026,6297.675908128069,1818.7962000000007,3650.7299349397595,null,null,3950.7299349397595,null,null,null,null
Sun Oct 04 02:00:00 UTC 2026,6297.675908128069,1818.7962000000007,3566.8082481927713,null,null,3866.8082481927713,null,null,null,null
Sun Oct 04 03:00:00 UTC 2026,1.0978487,1818.7962000000007,null,3482.886561445784,null,null,3782.8865614457836,null,null,null,null,null
Sun Oct 04 04:00:00 UTC 2026,1.0978487,1818.7962000000007,null,3398.964874698796,null,null,3698.964874698796,null,null,null,null,null
Sun Oct 04 05:00:00 UTC 2026,1.0978487,1818.7962000000007,null,3315.0431879518073,null,null,3615.043187951807,null,null,null,null,null
Sun Oct 04 06:00:00 UTC 2026,1.0978487,1818.7962000000007,null,3231.1215012048197,null,null,3531.1215012048197,null,null,null,null,null
Sun Oct 04 07:00:00 UTC 2026,1.0978487,1818.7962000000007,null,3147.199814457832,null,null,3447.199814457832,null,null,null,null,null
Sun Oct 04 08:00:00 UTC 2026,1.0978487,1818.7962000000007,null,3063.278127710843,null,null,3363.2781277108434,null,null,null,null,null
Sun Oct 04 09:00:00 UTC 2026,1.0978487,1818.7962000000007,null,2979.3564409638557,null,null,3279.3564409638557,null,null,null,null,null
Sun Oct 04 10:00:00 UTC 2026,1.0978487,1818.7962000000007,null,2895.4347542168684,null,null,3195.4347542168684,null,null,null,null,null
Sun Oct 04 11:00:00 UTC 2026,1.0978487,1818.7962000000007,null,2811.5130674698794,null,null,3111.5130674698794,null,null,null,null,null
Sun Oct 04 12:00:00 UTC 2026,1.0978487,1818.7962000000007,null,2727.591380722892,null,null,3027.591380722892,null,null,null,null,null
Sun Oct 04 13:00:00 UTC 2026,1.0978487,1818.7962000000007,null,2643.669693975904,null,null,2943.669693975904,null,null,null,null,null
Sun Oct 04 14:00:00 UTC 2026,1.0978487,1818.7962000000007,null,2559.748007228916,null,null,2859.7480072289163,null,null,null,null,null
Sun Oct 04 15:00:00 UTC 2026,1.0978487,1818.7962000000007,null,2475.8263204819286,null,null,2775.8263204819277,null,null,null,null,null
Sun Oct 04 16:00:00 UTC 2026,1.0978487,1818.7962000000007,null,2391.90463373494,null,null,2691.9046337349405,null,null,null,null,null
Sun Oct 04 17:00:00 UTC 2026,1.0978487,1818.7962000000007,null,2307.9829469879523,null,null,2607.982946987952,null,null,null,null,null
Sun Oct 04 18:00:00 UTC 2026,1.0978487,1818.7962000000007,null,2224.0612602409637,null,null,2524.0612602409647,null,null,null,null,null
Sun Oct 04 19:00:00 UTC 2026,1.0978487,1818.7962000000007,null,2140.1395734939765,null,null,2440.1395734939765,null,null,null,null,null
Sun Oct 04 20:00:00 UTC 2026,1.0978487,1818.7962000000007,null,2056.2178867469875,null,null,2356.2178867469875,null,null,null,null,null
Sun Oct 04 21:00:00 UTC 2026,1.0978487,1254.7962000000007,null,1972.2962000000002,null,null,2272.2962,null,1854.7962000000007,null,null,null
Sun Oct 04 22:00:00 UTC 2026,1.0978487,3195.7962000000007,null,1888.374513253012,null,null,2188.374513253012,null,2355.5462000000007,null,null,null
Sun Oct 04 23:00:00 UTC 2026,1.0978487,2303.7962000000007,null,1804.4528265060244,null,null,2104.452826506024,null,2856.2962000000007,null,null,null
Mon Oct 05 00:00:00 UTC 2026,1.0978487,2520.7962000000007,null,1720.5311397590367,null,null,2020.5311397590358,null,3357.0462000000007,null,null,null
Mon Oct 05 01:00:00 UTC 2026,1.0978487,3257.7962000000007,null,1636.6094530120486,null,null,1936.609453012048,null,3857.7962000000007,null,null,null
Mon Oct 05 02:00:00 UTC 2026,1.0978487,1278.7962000000007,null,1552.68776626506,null,null,1852.6877662650604,null,null,null,null,null
Mon Oct 05 03:00:00 UTC 2026,1.0978487,1116.7962000000007,null,1468.7660795180718,null,null,1768.7660795180727,null,null,null,null,null
Mon Oct 05 04:00:00 UTC 2026,1.0978487,907.7962000000007,null,1384.8443927710846,null,null,1684.8443927710846,null,null,null,null,null
Mon Oct 05 05:00:00 UTC 2026,1.0978487,438.7962000000007,null,1300.9227060240964,null,null,1600.922706024096,null,null,null,null,null
Mon Oct 05 06:00:00 UTC 2026,1.0978487,484.7962000000007,null,1217.0010192771083,null,null,1517.0010192771083,null,null,null,null,null
Mon Oct 05 07:00:00 UTC 2026,1.0978487,700.7962000000007,null,1133.0793325301206,null,null,1433.0793325301206,null,null,null,null,null
Mon Oct 05 08:00:00 UTC 2026,1.0978487,1968.7962000000007,null,1049.1576457831325,null,null,1349.157645783133,null,null,null,null,null
Mon Oct 05 09:00:00 UTC 2026,1.0978487,757.7962000000007,null,965.2359590361448,null,null,1265.2359590361448,null,null,null,null,null
Mon Oct 05 10:00:00 UTC 2026,1.0978487,580.7962000000007,null,881.3142722891571,null,null,1181.3142722891575,null,null,null,null,null
Mon Oct 05 11:00:00 UTC 2026,1.0978487,38.79620000000068,null,797.3925855421685,null,null,1097.392585542169,null,null,null,null,null
Mon Oct 05 12:00:00 UTC 2026,1.0978487,-442.2037999999993,null,713.4708987951803,null,null,1013.4708987951803,null,null,null,null,null
Mon Oct 05 13:00:00 UTC 2026,1.0978487,-1068.2037999999993,null,629.5492120481936,null,null,929.5492120481931,null,null,null,null,null
Mon Oct 05 14:00:00 UTC 2026,1.0978487,-1078.2037999999993,null,545.627525301205,null,null,845.6275253012045,null,-478.2037999999993,null,null,null
Mon Oct 05 15:00:00 UTC 2026,1.0978487,-20.20379999999932,null,461.7058385542168,null,null,761.7058385542168,null,-303.9096823529405,null,null,null
Mon Oct 05 16:00:00 UTC 2026,1.0978487,-848.2037999999993,null,377.78415180722914,null,null,677.7841518072291,null,-129.6155647058817,null,null,null
Mon Oct 05 17:00:00 UTC 2026,1.0978487,-966.2037999999993,null,293.86246506024054,null,null,593.8624650602405,null,44.6785529411772,null,null,null
Mon Oct 05 18:00:00 UTC 2026,1.0978487,-648.2037999999993,null,209.94077831325285,null,null,509.94077831325285,null,218.97267058823599,null,null,null
Mon Oct 05 19:00:00 UTC 2026,1.0978487,146.79620000000068,null,126.01909156626516,null,null,426.01909156626516,null,393.26678823529477,null,null,null
Mon Oct 05 20:00:00 UTC 2026,1.0978487,-306.2037999999993,null,42.09740481927747,null,null,342.0974048192775,null,567.5609058823536,null,null,null
Mon Oct 05 21:00:00 UTC 2026,1.0978487,-562.2037999999993,null,-41.82428192771113,null,null,258.1757180722889,null,741.8550235294124,null,null,null
Mon Oct 05 22:00:00 UTC 2026,1.0978487,-627.2037999999993,null,-125.74596867469836,null,null,174.25403132530164,null,916.1491411764712,null,null,null
Mon Oct 05 23:00:00 UTC 2026,1.0978487,-414.2037999999993,null,-209.6676554216865,null,null,90.3323445783135,null,1090.4432588235302,null,null,null
Tue Oct 06 00:00:00 UTC 2026,1.0978487,-515.2037999999993,null,-293.5893421686751,null,null,6.410657831324897,null,1264.737376470589,null,null,null
Tue Oct 06 01:00:00 UTC 2026,1.0978487,592.7962000000007,null,-377.5110289156628,null,null,-77.51102891566234,null,1439.031494117648,null,null,null
Tue Oct 06 02:00:00 UTC 2026,1.0978487,182.79620000000068,null,-461.43271566265,null,null,-161.43271566265048,null,1613.3256117647068,null,null,null
Tue Oct 06 03:00:00 UTC 2026,1.0978487,594.7962000000007,null,-545.3544024096386,null,null,-245.35440240963862,null,1787.619729411765,null,null,null
Tue Oct 06 04:00:00 UTC 2026,1.0978487,1191.7962000000007,null,-629.2760891566263,null,null,-329.2760891566263,null,1961.913847058824,null,null,null
Tue Oct 06 05:00:00 UTC 2026,1.0978487,824.7962000000007,null,-713.1977759036145,null,null,-413.197775903614,null,2136.207964705883,null,null,null
Tue Oct 06 06:00:00 UTC 2026,1.0978487,1513.7962000000007,null,-797.1194626506026,null,null,-497.11946265060215,null,2310.5020823529417,null,null,null
Tue Oct 06 07:00:00 UTC 2026,1.0978487,1884.7962000000007,null,-881.0411493975903,null,null,-581.0411493975903,null,2484.7962000000007,null,null,null
Tue Oct 06 08:00:00 UTC 2026,1.0978487,-1736.2037999999993,null,-964.9628361445784,null,null,-664.962836144578,null,null,null,null,null
Tue Oct 06 09:00:00 UTC 2026,1.0978487,-1591.2037999999993,null,-1048.8845228915661,null,null,-748.8845228915661,null,null,null,null,null
Tue Oct 06 10:00:00 UTC 2026,1.0978487,-1829.2037999999993,null,-1132.8062096385543,null,null,-832.8062096385538,null,null,null,null,null
Tue Oct 06 11:00:00 UTC 2026,1.0978487,-2110.2037999999993,null,-1216.727896385542,null,null,-916.727896385542,null,null,null,null,null
Tue Oct 06 12:00:00 UTC 2026,1.0978487,-2174.2037999999993,null,-1300.64958313253,null,null,-1000.6495831325301,null,null,null,null,null
Tue Oct 06 13:00:00 UTC 2026,1.0978487,-2514.2038000000002,null,-1384.5712698795182,null,null,-1084.5712698795178,null,null,null,null,null
Tue Oct 06 14:00:00 UTC 2026,1.0978487,-3124.2038000000002,null,-1468.4929566265064,null,null,-1168.4929566265064,null,null,null,null,null
Tue Oct 06 15:00:00 UTC 2026,1.0978487,-3317.2038000000002,null,-1552.414643373494,null,null,-1252.414643373494,null,null,null,null,null
Tue Oct 06 16:00:00 UTC 2026,1.0978487,-3334.2038000000002,null,-1636.3363301204818,null,null,-1336.3363301204822,null,null,null,null,null
Tue Oct 06 17:00:00 UTC 2026,1.0978487,-3171.2038000000002,null,-1720.25801686747,null,null,-1420.2580168674695,null,null,null,null,null
Tue Oct 06 18:00:00 UTC 2026,1.0978487,-3641.2038000000002,null,-1804.1797036144583,null,null,-1504.179703614458,null,null,null,null,null
Tue Oct 06 19:00:00 UTC 2026,1.0978487,-3482.2038000000002,null,-1888.1013903614457,null,null,-1588.1013903614462,null,null,null,null,null
Tue Oct 06 20:00:00 UTC 2026,1.0978487,-2911.2038000000002,null,-1972.0230771084334,null,null,-1672.0230771084334,null,null,null,null,null
Tue Oct 06 21:00:00 UTC 2026,1.0978487,-2587.2038000000002,null,-2055.944763855422,null,null,-1755.9447638554218,null,null,null,null,null
Tue Oct 06 22:00:00 UTC 2026,1.0978487,-2273.2037999999993,null,-2139.8664506024097,null,null,-1839.8664506024097,null,null,null,null,null
Tue Oct 06 23:00:00 UTC 2026,1.0978487,-2528.2038000000002,null,-2223.7881373493974,null,null,-1923.7881373493976,null,null,null,null,null
Wed Oct 07 00:00:00 UTC 2026,1.0978487,-2893.2038000000002,null,-2307.7098240963855,null,null,-2007.709824096386,null,null,null,null,null
Wed Oct 07 01:00:00 UTC 2026,1.0978487,-3204.2038000000002,null,-2391.6315108433737,null,null,-2091.6315108433737,null,null,null,null,null
Wed Oct 07 02:00:00 UTC 2026,1.0978487,-3325.2038000000002,null,-2475.5531975903614,null,null,-2175.5531975903614,null,null,null,null,null
Wed Oct 07 03:00:00 UTC 2026,1.0978487,-3235.2038000000002,null,-2559.474884337349,null,null,-2259.4748843373495,null,null,null,null,null
Wed Oct 07 04:00:00 UTC 2026,1.0978487,-3083.2038000000002,null,-2643.3965710843377,null,null,-2343.3965710843377,null,null,null,null,null
Wed Oct 07 05:00:00 UTC 2026,1.0978487,-2490.2038000000002,null,-2727.3182578313254,null,null,-2427.3182578313254,null,null,null,null,null
Wed Oct 07 06:00:00 UTC 2026,1.0978487,-2576.2038000000002,null,-2811.2399445783135,null,null,-2511.2399445783135,null,null,null,null,null
Wed Oct 07 07:00:00 UTC 2026,1.0978487,-2768.2038000000002,null,-2895.1616313253007,null,null,-2595.1616313253016,null,null,null,null,null
Wed Oct 07 08:00:00 UTC 2026,1.0978487,-2472.2038000000002,null,-2979.0833180722893,null,null,-2679.0833180722893,null,null,null,null,null
Wed Oct 07 09:00:00 UTC 2026,1.0978487,-2355.2037999999993,null,-3063.005004819278,null,null,-2763.0050048192775,null,null,null,null,null
Wed Oct 07 10:00:00 UTC 2026,1.0978487,-3088.2038000000002,null,-3146.926691566265,null,null,-2846.9266915662647,null,null,null,null,null
Wed Oct 07 11:00:00 UTC 2026,1.0978487,-2953.2038000000002,null,-3230.848378313253,null,null,-2930.848378313253,null,null,null,null,null
Wed Oct 07 12:00:00 UTC 2026,1.0978487,-2660.2038000000002,null,-3314.770065060241,null,null,-3014.770065060241,null,null,null,null,null
Wed Oct 07 13:00:00 UTC 2026,1.0978487,-1971.2037999999993,null,-3398.6917518072296,null,null,-3098.6917518072296,null,null,null,null,null
Wed Oct 07 14:00:00 UTC 2026,1.0978487,-2253.2037999999993,null,-3482.613438554217,null,null,-3182.6134385542173,null,null,null,null,null
Wed Oct 07 15:00:00 UTC 2026,1.0978487,-2473.2038000000002,null,-3566.5351253012045,null,null,-3266.535125301205,null,null,null,null,null
Wed Oct 07 16:00:00 UTC 2026,1.0978487,-2562.2038000000002,null,-3650.4568120481927,null,null,-3350.456812048193,null,null,null,null,null
Wed Oct 07 17:00:00 UTC 2026,1.0978487,-2670.2038000000002,null,-3734.3784987951813,null,null,-3434.378498795181,null,null,null,null,null
Wed Oct 07 18:00:00 UTC 2026,1.0978487,-2674.2038000000002,null,-3818.3001855421685,null,null,-3518.300185542168,null,null,null,null,null
Wed Oct 07 19:00:00 UTC 2026,1.0978487,-2855.2038000000002,null,-3902.2218722891566,null,null,-3602.2218722891566,null,null,null,null,null
Wed Oct 07 20:00:00 UTC 2026,1.0978487,-3763.2038000000002,null,-3986.1435590361443,null,null,-3686.1435590361452,null,null,null,null,null
Wed Oct 07 21:00:00 UTC 2026,1.0978487,-4139.2038,null,-4070.065245783133,null,null,-3770.0652457831325,null,null,null,null,null
Wed Oct 07 22:00:00 UTC 2026,1.0978487,-4158.2038,null,-4153.986932530121,null,null,-3853.986932530121,null,null,null,null,null
Wed Oct 07 23:00:00 UTC 2026,1.0978487,-4270.2038,null,-4237.908619277108,null,null,-3937.9086192771088,null,null,null,null,null
Thu Oct 08 00:00:00 UTC 2026,1.0978487,-4320.2038,null,-4321.830306024096,null,null,-4021.830306024096,null,null,null,null,null
Thu Oct 08 01:00:00 UTC 2026,1.0978487,-3923.2038000000002,null,-4405.751992771085,null,null,-4105.751992771085,null,null,null,null,null
Thu Oct 08 02:00:00 UTC 2026,1.0978487,-4162.2038,null,-4489.673679518073,null,null,-4189.673679518072,null,null,null,null,null
Thu Oct 08 03:00:00 UTC 2026,1.0978487,-4402.2038,null,-4573.59536626506,null,null,-4273.595366265061,null,null,null,null,null
Thu Oct 08 04:00:00 UTC 2026,1.0978487,-4821.2038,null,-4657.517053012049,null,null,-4357.517053012049,null,null,null,null,null
Thu Oct 08 05:00:00 UTC 2026,1.0978487,-4663.2038,null,-4741.438739759036,null,null,-4441.438739759036,null,null,null,null,null
Thu Oct 08 06:00:00 UTC 2026,1.0978487,-5031.2038,null,-4825.360426506024,null,null,-4525.360426506024,null,null,null,null,null
Thu Oct 08 07:00:00 UTC 2026,1.0978487,-4905.2038,null,-4909.2821132530125,null,null,-4609.2821132530125,null,null,null,null,null
Thu Oct 08 08:00:00 UTC 2026,1.0978487,-5093.2038,null,-4993.2038,-4893.2038,null,-4693.2038,null,-4493.2038,null,null,null
Thu Oct 08 09:00:00 UTC 2026,1.0978487,-4978.2038,null,-5009.825500879766,-4909.825500879765,null,null,null,-4434.914911111111,null,null,null
Thu Oct 08 10:00:00 UTC 2026,1.0978487,-4842.2038,null,-5026.447201759531,-4926.447201759531,null,null,null,-4376.626022222222,null,null,null
Thu Oct 08 11:00:00 UTC 2026,1.0978487,-4308.2038,null,-5043.0689026392965,-4943.0689026392965,null,null,null,-4318.337133333333,null,null,null
Thu Oct 08 12:00:00 UTC 2026,1.0978487,-4609.2038,null,-5059.690603519062,-4959.690603519062,null,null,null,-4260.048244444445,null,null,null
Thu Oct 08 13:00:00 UTC 2026,1.0978487,-4702.2038,null,-5076.312304398828,-4976.312304398827,null,null,null,-4201.759355555555,null,null,null
Thu Oct 08 14:00:00 UTC 2026,1.0978487,-4626.2038,null,-5092.934005278593,-4992.934005278593,null,null,null,-4143.470466666667,null,null,null
Thu Oct 08 15:00:00 UTC 2026,1.0978487,-3692.2038000000002,null,-5109.555706158359,-5009.555706158359,null,null,null,-4085.181577777778,null,null,null
Thu Oct 08 16:00:00 UTC 2026,1.0978487,-3428.2038000000002,null,-5126.177407038123,-5026.177407038123,null,null,null,-4026.892688888889,null,null,null
Thu Oct 08 17:00:00 UTC 2026,1.0978487,-2892.2038000000002,null,-5142.799107917889,-5042.799107917889,null,null,null,-3968.6038,null,null,null
Thu Oct 08 18:00:00 UTC 2026,1.0978487,-2742.2038000000002,null,-5159.420808797654,-5059.420808797654,null,null,null,-3910.314911111111,null,null,null
Thu Oct 08 19:00:00 UTC 2026,1.0978487,-3414.2038000000002,null,-5176.04250967742,-5076.04250967742,null,null,null,-3852.0260222222223,null,null,null
Thu Oct 08 20:00:00 UTC 2026,1.0978487,-3226.2038000000002,null,-5192.6642105571855,-5092.6642105571855,null,null,null,-3793.7371333333335,null,null,null
Thu Oct 08 21:00:00 UTC 2026,1.0978487,-3459.2038000000002,null,-5209.285911436951,-5109.28591143695,null,null,null,-3735.4482444444443,null,null,null
Thu Oct 08 22:00:00 UTC 2026,1.0978487,-3039.2038000000002,null,-5225.907612316716,-5125.907612316716,null,null,null,-3677.1593555555555,null,null,null
Thu Oct 08 23:00:00 UTC 2026,1.0978487,-3028.2038000000002,null,-5242.529313196482,-5142.529313196481,null,null,null,-3618.8704666666667,null,null,null
Fri Oct 09 00:00:00 UTC 2026,1.0978487,-3076.2038000000002,null,-5259.151014076247,-5159.151014076247,null,null,null,-3560.581577777778,null,null,null
Fri Oct 09 01:00:00 UTC 2026,1.0978487,-3124.2038000000002,null,-5275.772714956012,-5175.772714956012,null,null,null,-3502.2926888888887,null,null,null
Fri Oct 09 02:00:00 UTC 2026,1.0978487,-2687.2038000000002,null,-5292.394415835777,-5192.394415835778,null,null,null,-3444.0038000000004,null,null,null
Fri Oct 09 03:00:00 UTC 2026,1.0978487,-2771.2038000000002,null,-5309.016116715543,-5209.016116715543,null,null,null,-3385.7149111111107,null,null,null
Fri Oct 09 04:00:00 UTC 2026,1.0978487,-2661.2038000000002,null,-5325.637817595309,-5225.637817595308,null,null,null,-3327.4260222222224,null,null,null
Fri Oct 09 05:00:00 UTC 2026,1.0978487,-2648.2038000000002,null,-5342.259518475074,-5242.2595184750735,null,null,null,-3269.1371333333336,null,null,null
Fri Oct 09 06:00:00 UTC 2026,1.0978487,-2325.2037999999993,null,-5358.881219354838,-5258.881219354839,null,null,null,-3210.8482444444444,null,null,null
Fri Oct 09 07:00:00 UTC 2026,1.0978487,-2119.2037999999993,null,-5375.502920234604,-5275.502920234604,null,null,null,-3152.5593555555556,null,null,null
Fri Oct 09 08:00:00 UTC 2026,1.0978487,-1714.2037999999993,null,-5392.124621114369,-5292.124621114369,null,null,null,-3094.2704666666664,null,null,null
Fri Oct 09 09:00:00 UTC 2026,1.0978487,-1935.2037999999993,null,-5408.7463219941355,-5308.746321994135,null,null,null,-3035.9815777777776,null,null,null
Fri Oct 09 10:00:00 UTC 2026,1.0978487,-2051.2037999999993,null,-5425.3680228739,-5325.3680228739,null,null,null,-2977.6926888888893,null,null,null
Fri Oct 09 11:00:00 UTC 2026,1.0978487,-1735.2037999999993,null,-5441.989723753666,-5341.989723753666,null,null,null,-2919.4037999999996,null,null,null
Fri Oct 09 12:00:00 UTC 2026,1.0978487,-1302.2037999999993,null,-5458.611424633431,-5358.611424633431,null,null,null,-2861.1149111111113,null,null,null
Fri Oct 09 13:00:00 UTC 2026,1.0978487,-676.2037999999993,null,-5475.233125513197,-5375.233125513197,null,null,null,-2802.826022222222,null,null,null
Fri Oct 09 14:00:00 UTC 2026,1.0978487,-924.2037999999993,null,-5491.8548263929615,-5391.854826392962,null,null,null,-2744.5371333333333,null,null,null
Fri Oct 09 15:00:00 UTC 2026,1.0978487,-441.2037999999993,null,-5508.476527272727,-5408.476527272727,null,null,null,-2686.2482444444445,null,null,null
Fri Oct 09 16:00:00 UTC 2026,1.0978487,-374.2037999999993,null,-5525.098228152492,-5425.098228152493,null,null,null,-2627.9593555555557,null,null,null
Fri Oct 09 17:00:00 UTC 2026,1.0978487,-540.2037999999993,null,-5541.719929032259,-5441.719929032258,null,null,null,-2569.6704666666665,null,null,null
Fri Oct 09 18:00:00 UTC 2026,1.0978487,-534.2037999999993,null,-5558.341629912024,-5458.341629912024,null,null,null,-2511.3815777777777,null,null,null
Fri Oct 09 19:00:00 UTC 2026,1.0978487,-369.2037999999993,null,-5574.963330791789,-5474.963330791788,null,null,null,-2453.092688888889,null,null,null
Fri Oct 09 20:00:00 UTC 2026,1.0978487,-415.2037999999993,null,-5591.585031671554,-5491.585031671554,null,null,null,-2394.8038,null,null,null
Fri Oct 09 21:00:00 UTC 2026,1.0978487,-415.2037999999993,null,-5608.20673255132,-5508.20673255132,null,null,null,-2336.514911111111,null,null,null
Fri Oct 09 22:00:00 UTC 2026,1.0978487,-415.2037999999993,null,-5624.828433431085,-5524.828433431085,null,null,null,-2278.226022222222,null,null,null
Fri Oct 09 23:00:00 UTC 2026,1.0978487,-415.2037999999993,null,-5641.45013431085,-5541.45013431085,null,null,null,-2219.937133333333,null,null,null
Sat Oct 10 00:00:00 UTC 2026,1.0978487,-415.2037999999993,null,-5658.071835190615,-5558.071835190616,null,null,null,-2161.6482444444446,null,null,null
Sat Oct 10 01:00:00 UTC 2026,1.0978487,-415.2037999999993,null,-5674.693536070382,-5574.693536070382,null,null,null,-2103.3593555555553,null,null,null
Sat Oct 10 02:00:00 UTC 2026,1.0978487,-415.2037999999993,null,-5691.315236950147,-5591.315236950147,null,null,null,-2045.0704666666663,null,null,null
Sat Oct 10 03:00:00 UTC 2026,1.0978487,-415.2037999999993,null,-5707.9369378299125,-5607.936937829912,null,null,null,-1986.7815777777778,null,null,null
Sat Oct 10 04:00:00 UTC 2026,1.0978487,-415.2037999999993,null,-5724.558638709677,-5624.558638709677,null,null,null,-1928.4926888888883,null,null,null
Sat Oct 10 05:00:00 UTC 2026,1.0978487,-415.2037999999993,null,-5741.180339589443,-5641.180339589442,null,null,null,-1870.2037999999998,null,null,null
Sat Oct 10 06:00:00 UTC 2026,1.0978487,-415.2037999999993,null,-5757.802040469208,-5657.802040469209,null,null,null,-1811.9149111111108,null,null,null
Sat Oct 10 07:00:00 UTC 2026,1.0978487,-415.2037999999993,null,-5774.423741348974,-5674.423741348974,null,null,null,-1753.6260222222222,null,null,null
Sat Oct 10 08:00:00 UTC 2026,1.0978487,-415.2037999999993,null,-5791.0454422287385,-5691.04544222874,null,null,null,-1695.3371333333332,null,null,null
Sat Oct 10 09:00:00 UTC 2026,1.0978487,-415.2037999999993,null,-5807.667143108505,-5707.667143108505,null,null,null,-1637.0482444444442,null,null,null
Sat Oct 10 10:00:00 UTC 2026,1.0978487,-415.2037999999993,null,-5824.28884398827,-5724.28884398827,null,null,null,-1578.7593555555552,null,null,null
Sat Oct 10 11:00:00 UTC 2026,1.0978487,-415.2037999999993,null,-5840.910544868036,-5740.910544868036,null,null,null,-1520.4704666666664,null,null,null
Sat Oct 10 12:00:00 UTC 2026,1.0978487,-415.2037999999993,null,-5857.532245747801,-5757.5322457478005,null,null,null,-1462.1815777777774,null,null,null
Sat Oct 10 13:00:00 UTC 2026,1.0978487,-415.2037999999993,null,-5874.153946627566,-5774.153946627566,null,null,null,-1403.8926888888886,null,null,null
Sat Oct 10 14:00:00 UTC 2026,1.0978487,-415.2037999999993,null,-5890.775647507331,-5790.775647507331,null,null,null,-1345.6037999999999,null,null,null
Sat Oct 10 15:00:00 UTC 2026,1.0978487,-415.2037999999993,null,-5907.397348387097,-5807.397348387097,null,null,null,-1287.3149111111106,null,null,null
Sat Oct 10 16:00:00 UTC 2026,1.0978487,-415.2037999999993,null,-5924.019049266862,-5824.019049266863,null,null,null,-1229.0260222222219,null,null,null
Sat Oct 10 17:00:00 UTC 2026,1.0978487,-415.2037999999993,null,-5940.640750146628,-5840.640750146627,null,null,null,-1170.7371333333328,null,null,null
Sat Oct 10 18:00:00 UTC 2026,1.0978487,-415.2037999999993,null,-5957.262451026393,-5857.262451026393,null,null,null,-1112.4482444444443,null,null,null
Sat Oct 10 19:00:00 UTC 2026,1.0978487,-415.2037999999993,null,-5973.884151906159,-5873.884151906159,null,null,null,-1054.1593555555553,null,null,null
Sat Oct 10 20:00:00 UTC 2026,1.0978487,-415.2037999999993,null,-5990.505852785924,-5890.505852785924,null,null,null,-995.8704666666663,null,null,null
Sat Oct 10 21:00:00 UTC 2026,1.0978487,-415.2037999999993,null,-6007.127553665689,-5907.127553665689,null,null,null,-937.5815777777774,null,null,null
Sat Oct 10 22:00:00 UTC 2026,1.0978487,-415.2037999999993,null,-6023.749254545455,-5923.749254545455,null,null,null,-879.2926888888884,null,null,null
Sat Oct 10 23:00:00 UTC 2026,1.0978487,-415.2037999999993,null,-6040.37095542522,-5940.37095542522,null,null,null,-821.0037999999996,null,null,null
Sun Oct 11 00:00:00 UTC 2026,1.0978487,-415.2037999999993,null,-6056.992656304985,-5956.992656304985,null,null,null,-762.7149111111106,null,null,null
Sun Oct 11 01:00:00 UTC 2026,1.0978487,-415.2037999999993,null,-6073.614357184751,-5973.614357184751,null,null,null,-704.4260222222218,null,null,null
Sun Oct 11 02:00:00 UTC 2026,1.0978487,-415.2037999999993,null,-6090.236058064516,-5990.236058064516,null,null,null,-646.1371333333328,null,null,null
Sun Oct 11 03:00:00 UTC 2026,1.0978487,-415.2037999999993,null,-6106.857758944281,-6006.857758944281,null,null,null,-587.8482444444438,null,null,null
Sun Oct 11 04:00:00 UTC 2026,1.0978487,-415.2037999999993,null,-6123.479459824047,-6023.479459824047,null,null,null,-529.559355555555,null,null,null
Sun Oct 11 05:00:00 UTC 2026,1.0978487,-415.2037999999993,null,-6140.101160703813,-6040.101160703812,null,null,null,-471.27046666666627,null,null,null
Sun Oct 11 06:00:00 UTC 2026,1.0978487,-415.2037999999993,null,-6156.7228615835775,-6056.7228615835775,null,null,null,-412.98157777777726,null,null,null
Sun Oct 11 07:00:00 UTC 2026,1.0978487,-415.2037999999993,null,-6173.344562463342,-6073.344562463343,null,null,null,-354.69268888888837,null,null,null
Sun Oct 11 08:00:00 UTC 2026,1.0978487,-415.2037999999993,null,-6189.966263343109,-6089.966263343109,null,null,null,-296.4037999999996,null,null,null
Sun Oct 11 09:00:00 UTC 2026,1.0978487,-415.2037999999993,null,-6206.587964222874,-6106.587964222874,null,null,null,-238.1149111111106,null,null,null
Sun Oct 11 10:00:00 UTC 2026,1.0978487,-415.2037999999993,null,-6223.209665102639,-6123.2096651026395,null,null,null,-179.8260222222218,null,null,null
Sun Oct 11 11:00:00 UTC 2026,1.0978487,-415.2037999999993,null,-6239.831365982404,-6139.831365982404,null,null,null,-121.53713333333269,null,null,null
Sun Oct 11 12:00:00 UTC 2026,1.0978487,-415.2037999999993,null,-6256.45306686217,-6156.45306686217,null,null,null,-63.24824444444391,null,null,null
Sun Oct 11 13:00:00 UTC 2026,1.0978487,-415.2037999999993,null,-6273.074767741935,-6173.074767741935,null,null,null,-4.959355555555021,null,null,null
Sun Oct 11 14:00:00 UTC 2026,1.0978487,-415.2037999999993,null,-6289.696468621701,-6189.696468621701,null,null,null,53.329533333333984,null,null,null
Sun Oct 11 15:00:00 UTC 2026,1.0978487,-415.2037999999993,null,-6306.318169501466,-6206.318169501466,null,null,null,111.61842222222276,null,null,null
Sun Oct 11 16:00:00 UTC 2026,1.0978487,-415.2037999999993,null,-6322.939870381231,-6222.939870381232,null,null,null,169.90731111111165,null,null,null
Sun Oct 11 17:00:00 UTC 2026,1.0978487,-415.2037999999993,null,-6339.561571260997,-6239.561571260997,null,null,null,228.1962000000006,null,null,null
Sun Oct 11 18:00:00 UTC 2026,1.0978487,-415.2037999999993,null,-6356.183272140763,-6256.183272140763,null,null,null,286.4850888888895,null,null,null
Sun Oct 11 19:00:00 UTC 2026,1.0978487,-415.2037999999993,null,-6372.8049730205275,-6272.8049730205275,null,null,null,344.77397777777844,null,null,null
Sun Oct 11 20:00:00 UTC 2026,1.0978487,-415.2037999999993,null,-6389.426673900293,-6289.426673900293,null,null,null,403.06286666666733,null,null,null
Sun Oct 11 21:00:00 UTC 2026,1.0978487,-543.2037999999993,null,-6406.048374780059,-6306.048374780059,null,null,null,461.3517555555562,null,null,null
Sun Oct 11 22:00:00 UTC 2026,1.0978487,-874.2037999999993,null,-6422.670075659824,-6322.670075659824,null,null,null,519.6406444444451,null,null,null
Sun Oct 11 23:00:00 UTC 2026,1.0978487,-320.2037999999993,null,-6439.291776539589,-6339.291776539589,null,null,null,577.929533333334,null,null,null
Mon Oct 12 00:00:00 UTC 2026,1.0978487,-391.2037999999993,null,-6455.913477419355,-6355.913477419355,null,null,null,636.2184222222229,null,null,null
Mon Oct 12 01:00:00 UTC 2026,1.0978487,-51.20379999999932,null,-6472.53517829912,-6372.53517829912,null,null,null,694.5073111111118,null,null,null
Mon Oct 12 02:00:00 UTC 2026,1.0978487,152.79620000000068,null,-6489.156879178885,-6389.156879178885,null,null,null,752.7962000000007,null,null,null
Mon Oct 12 03:00:00 UTC 2026,1.0978487,-333.2037999999993,null,-6505.778580058651,-6405.778580058652,null,null,null,null,null,null,null
Mon Oct 12 04:00:00 UTC 2026,1.0978487,-163.20379999999932,null,-6522.4002809384165,-6422.4002809384165,null,null,null,null,null,null,null
Mon Oct 12 05:00:00 UTC 2026,1.0978487,-1033.2037999999993,null,-6539.021981818181,-6439.021981818181,null,null,null,null,null,null,null
Mon Oct 12 06:00:00 UTC 2026,1.0978487,-1080.2037999999993,null,-6555.643682697947,-6455.643682697947,null,null,null,null,null,null,null
Mon Oct 12 07:00:00 UTC 2026,1.0978487,-1397.2037999999993,null,-6572.265383577713,-6472.265383577713,null,null,null,null,null,null,null
Mon Oct 12 08:00:00 UTC 2026,1.0978487,-929.2037999999993,null,-6588.8870844574785,-6488.8870844574785,null,null,null,null,null,null,null
Mon Oct 12 09:00:00 UTC 2026,1.0978487,-957.2037999999993,null,-6605.508785337244,-6505.508785337244,null,null,null,null,null,null,null
Mon Oct 12 10:00:00 UTC 2026,1.0978487,-1259.2037999999993,null,-6622.130486217009,-6522.130486217009,null,null,null,null,null,null,null
Mon Oct 12 11:00:00 UTC 2026,1.0978487,-1461.2037999999993,null,-6638.752187096774,-6538.752187096775,null,null,null,null,null,null,null
Mon Oct 12 12:00:00 UTC 2026,1.0978487,-1145.2037999999993,null,-6655.373887976541,-6555.37388797654,null,null,null,null,null,null,null
Mon Oct 12 13:00:00 UTC 2026,1.0978487,-1432.2037999999993,null,-6671.995588856305,-6571.995588856305,null,null,null,null,null,null,null
Mon Oct 12 14:00:00 UTC 2026,1.0978487,-1434.2037999999993,null,-6688.61728973607,-6588.61728973607,null,null,null,null,null,null,null
Mon Oct 12 15:00:00 UTC 2026,1.0978487,-1404.2037999999993,null,-6705.238990615836,-6605.238990615836,null,null,null,null,null,null,null
Mon Oct 12 16:00:00 UTC 2026,1.0978487,-1659.2037999999993,null,-6721.860691495602,-6621.860691495602,null,null,null,-1059.2037999999993,null,null,null
Mon Oct 12 17:00:00 UTC 2026,1.0978487,-1629.2037999999993,null,-6738.4823923753665,-6638.4823923753665,null,null,null,-802.4345692307686,null,null,null
Mon Oct 12 18:00:00 UTC 2026,1.0978487,-1356.2037999999993,null,-6755.104093255132,-6655.104093255131,null,null,null,-545.6653384615377,null,null,null
Mon Oct 12 19:00:00 UTC 2026,1.0978487,-957.2037999999993,null,-6771.725794134897,-6671.725794134897,null,null,null,-288.89610769230706,null,null,null
Mon Oct 12 20:00:00 UTC 2026,1.0978487,-210.20379999999932,null,-6788.347495014663,-6688.347495014663,null,null,null,-32.126876923076225,null,null,null
Mon Oct 12 21:00:00 UTC 2026,1.0978487,-533.2037999999993,null,-6804.969195894428,-6704.969195894428,null,null,null,224.6423538461546,null,null,null
Mon Oct 12 22:00:00 UTC 2026,1.0978487,-491.2037999999993,null,-6821.5908967741925,-6721.590896774193,null,null,null,481.41158461538544,null,null,null
Mon Oct 12 23:00:00 UTC 2026,1.0978487,1113.7962000000007,null,-6838.212597653958,-6738.212597653958,null,null,null,738.1808153846159,null,null,null
Tue Oct 13 00:00:00 UTC 2026,1.0978487,1304.7962000000007,null,-6854.834298533724,-6754.834298533724,null,null,null,994.9500461538469,null,null,null
Tue Oct 13 01:00:00 UTC 2026,1.0978487,1188.7962000000007,null,-6871.455999413489,-6771.455999413489,null,null,null,1251.7192769230774,null,null,null
Tue Oct 13 02:00:00 UTC 2026,1.0978487,1494.7962000000007,null,-6888.077700293255,-6788.077700293255,null,null,null,1508.4885076923085,null,null,null
Tue Oct 13 03:00:00 UTC 2026,1.0978487,1551.7962000000007,null,-6904.69940117302,-6804.69940117302,null,null,null,1765.2577384615392,null,null,null
Tue Oct 13 04:00:00 UTC 2026,1.0978487,1612.7962000000007,null,-6921.321102052785,-6821.321102052785,null,null,null,2022.02696923077,null,null,null
Tue Oct 13 05:00:00 UTC 2026,1.0978487,1678.7962000000007,null,-6937.942802932551,-6837.94280293255,null,null,null,2278.7962000000007,null,null,null
Tue Oct 13 06:00:00 UTC 2026,1.0978487,1273.7962000000007,null,-6954.564503812317,-6854.564503812317,null,null,null,null,null,null,null
Tue Oct 13 07:00:00 UTC 2026,1.0978487,1130.7962000000007,null,-6971.186204692081,-6871.186204692081,null,null,null,null,null,null,null
Tue Oct 13 08:00:00 UTC 2026,1.0978487,-6930.203799999999,null,-6987.807905571848,-6887.807905571848,null,null,null,null,null,null,null
Tue Oct 13 09:00:00 UTC 2026,1.0978487,-7020.203799999999,null,-7004.429606451613,-6904.429606451613,null,null,null,null,null,null,null
Tue Oct 13 10:00:00 UTC 2026,1.0978487,-7004.203799999999,null,-7021.051307331378,-6921.051307331379,null,null,null,null,null,null,null
Tue Oct 13 11:00:00 UTC 2026,1.0978487,-7324.203799999999,null,-7037.6730082111435,-6937.6730082111435,null,null,null,null,null,null,null
Tue Oct 13 12:00:00 UTC 2026,1.0978487,-7260.203799999999,null,-7054.294709090909,-6954.294709090909,null,null,null,null,null,null,null
Tue Oct 13 13:00:00 UTC 2026,1.0978487,-7168.203799999999,null,-7070.916409970674,-6970.916409970674,null,null,null,null,null,null,null
Tue Oct 13 14:00:00 UTC 2026,1.0978487,-7025.203799999999,null,-7087.53811085044,-6987.53811085044,null,null,null,null,null,null,null
Tue Oct 13 15:00:00 UTC 2026,1.0978487,-6909.203799999999,null,-7104.159811730206,-7004.159811730206,null,null,null,null,null,null,null
Tue Oct 13 16:00:00 UTC 2026,1.0978487,-7091.203799999999,null,-7120.78151260997,-7020.78151260997,null,null,null,null,null,null,null
Tue Oct 13 17:00:00 UTC 2026,1.0978487,-6872.203799999999,null,-7137.403213489736,-7037.403213489735,null,null,null,null,null,null,null
Tue Oct 13 18:00:00 UTC 2026,1.0978487,-6782.203799999999,null,-7154.024914369502,-7054.024914369502,null,null,null,null,null,null,null
Tue Oct 13 19:00:00 UTC 2026,1.0978487,-6821.203799999999,null,-7170.646615249267,-7070.646615249267,null,null,null,null,null,null,null
Tue Oct 13 20:00:00 UTC 2026,1.0978487,-6943.203799999999,null,-7187.268316129032,-7087.2683161290315,null,null,null,null,null,null,null
Tue Oct 13 21:00:00 UTC 2026,1.0978487,-6993.203799999999,null,-7203.890017008797,-7103.890017008797,null,null,null,null,null,null,null
Tue Oct 13 22:00:00 UTC 2026,1.0978487,-6803.203799999999,null,-7220.511717888563,-7120.511717888563,null,null,null,null,null,null,null
Tue Oct 13 23:00:00 UTC 2026,1.0978487,-6789.203799999999,null,-7237.133418768328,-7137.133418768328,null,null,null,null,null,null,null
Wed Oct 14 00:00:00 UTC 2026,1.0978487,-6694.203799999999,null,-7253.7551196480945,-7153.755119648094,null,null,null,null,null,null,null
Wed Oct 14 01:00:00 UTC 2026,1.0978487,-6616.203799999999,null,-7270.376820527859,-7170.376820527859,null,null,null,null,null,null,null
Wed Oct 14 02:00:00 UTC 2026,1.0978487,-6591.203799999999,null,-7286.998521407624,-7186.998521407624,null,null,null,null,null,null,null
Wed Oct 14 03:00:00 UTC 2026,1.0978487,-6719.203799999999,null,-7303.620222287391,-7203.620222287391,null,null,null,null,null,null,null
Wed Oct 14 04:00:00 UTC 2026,1.0978487,-6669.203799999999,null,-7320.241923167156,-7220.241923167156,null,null,null,null,null,null,null
Wed Oct 14 05:00:00 UTC 2026,1.0978487,-6388.2038,null,-7336.863624046921,-7236.86362404692,null,null,null,null,null,null,null
Wed Oct 14 06:00:00 UTC 2026,1.0978487,-6632.203799999999,null,-7353.485324926686,-7253.485324926687,null,null,null,null,null,null,null
Wed Oct 14 07:00:00 UTC 2026,1.0978487,-6557.203799999999,null,-7370.107025806452,-7270.107025806452,null,null,null,null,null,null,null
Wed Oct 14 08:00:00 UTC 2026,1.0978487,-6574.203799999999,null,-7386.728726686217,-7286.728726686217,null,null,null,null,null,null,null
Wed Oct 14 09:00:00 UTC 2026,1.0978487,-6507.203799999999,null,-7403.350427565983,-7303.3504275659825,null,null,null,null,null,null,null
Wed Oct 14 10:00:00 UTC 2026,1.0978487,-6510.203799999999,null,-7419.972128445748,-7319.972128445748,null,null,null,null,null,null,null
Wed Oct 14 11:00:00 UTC 2026,1.0978487,-6540.203799999999,null,-7436.593829325513,-7336.593829325514,null,null,null,null,null,null,null
Wed Oct 14 12:00:00 UTC 2026,1.0978487,-6800.203799999999,null,-7453.215530205279,-7353.215530205279,null,null,null,null,null,null,null
Wed Oct 14 13:00:00 UTC 2026,1.0978487,-6588.203799999999,null,-7469.837231085045,-7369.837231085045,null,null,null,null,null,null,null
Wed Oct 14 14:00:00 UTC 2026,1.0978487,-6622.203799999999,null,-7486.458931964809,-7386.458931964809,null,null,null,null,null,null,null
Wed Oct 14 15:00:00 UTC 2026,1.0978487,-6678.203799999999,null,-7503.080632844574,-7403.080632844574,null,null,null,null,null,null,null
Wed Oct 14 16:00:00 UTC 2026,1.0978487,-6776.203799999999,null,-7519.702333724339,-7419.702333724339,null,null,null,null,null,null,null
Wed Oct 14 17:00:00 UTC 2026,1.0978487,-6794.203799999999,null,-7536.324034604106,-7436.324034604106,null,null,null,null,null,null,null
Wed Oct 14 18:00:00 UTC 2026,1.0978487,-6832.203799999999,null,-7552.9457354838705,-7452.9457354838705,null,null,null,null,null,null,null
Wed Oct 14 19:00:00 UTC 2026,1.0978487,-6773.203799999999,null,-7569.567436363635,-7469.567436363635,null,null,null,null,null,null,null
Wed Oct 14 20:00:00 UTC 2026,1.0978487,-6864.203799999999,null,-7586.189137243401,-7486.189137243401,null,null,null,null,null,null,null
Wed Oct 14 21:00:00 UTC 2026,1.0978487,-6857.203799999999,null,-7602.810838123167,-7502.810838123167,null,null,null,null,null,null,null
Wed Oct 14 22:00:00 UTC 2026,1.0978487,-6789.203799999999,null,-7619.432539002932,-7519.432539002933,null,null,null,null,null,null,null
Wed Oct 14 23:00:00 UTC 2026,1.0978487,-6825.203799999999,null,-7636.0542398826965,-7536.054239882697,null,null,null,null,null,null,null
Thu Oct 15 00:00:00 UTC 2026,1.0978487,-6766.203799999999,null,-7652.675940762463,-7552.675940762463,null,null,null,null,null,null,null
Thu Oct 15 01:00:00 UTC 2026,1.0978487,-6678.203799999999,null,-7669.297641642229,-7569.297641642229,null,null,null,null,null,null,null
Thu Oct 15 02:00:00 UTC 2026,1.0978487,-6725.203799999999,null,-7685.919342521994,-7585.919342521995,null,null,null,null,null,null,null
Thu Oct 15 03:00:00 UTC 2026,1.0978487,-6791.203799999999,null,-7702.541043401759,-7602.541043401759,null,null,null,null,null,null,null
Thu Oct 15 04:00:00 UTC 2026,1.0978487,-7164.203799999999,null,-7719.162744281524,-7619.162744281524,null,null,null,null,null,null,null
Thu Oct 15 05:00:00 UTC 2026,1.0978487,-7307.203799999999,null,-7735.784445161291,-7635.784445161289,null,null,null,null,null,null,null
Thu Oct 15 06:00:00 UTC 2026,1.0978487,-7563.203799999999,null,-7752.406146041056,-7652.406146041056,null,null,null,null,null,null,null
Thu Oct 15 07:00:00 UTC 2026,1.0978487,-7552.203799999999,null,-7769.027846920821,-7669.027846920821,null,null,null,null,null,null,null
Thu Oct 15 08:00:00 UTC 2026,1.0978487,-7492.203799999999,null,-7785.649547800585,-7685.649547800586,null,null,null,null,null,null,null
Thu Oct 15 09:00:00 UTC 2026,1.0978487,-7763.203799999999,null,-7802.271248680352,-7702.271248680352,null,null,null,null,null,null,null
Thu Oct 15 10:00:00 UTC 2026,1.0978487,-7837.203799999999,null,-7818.892949560117,-7718.892949560117,null,null,null,null,null,null,null
Thu Oct 15 11:00:00 UTC 2026,1.0978487,-7652.203799999999,null,-7835.514650439883,-7735.514650439883,null,null,null,null,null,null,null
Thu Oct 15 12:00:00 UTC 2026,1.0978487,-7552.203799999999,null,-7852.1363513196475,-7752.136351319648,null,null,null,null,null,null,null
Thu Oct 15 13:00:00 UTC 2026,1.0978487,-7588.203799999999,null,-7868.758052199413,-7768.758052199413,null,null,null,null,null,null,null
Thu Oct 15 14:00:00 UTC 2026,1.0978487,-7648.203799999999,null,-7885.379753079178,-7785.379753079178,null,null,null,null,null,null,null
Thu Oct 15 15:00:00 UTC 2026,1.0978487,-7496.203799999999,null,-7902.001453958945,-7802.001453958944,null,null,null,null,null,null,null
Thu Oct 15 16:00:00 UTC 2026,1.0978487,-7593.203799999999,null,-7918.6231548387095,-7818.6231548387095,null,null,null,null,null,null,null
Thu Oct 15 17:00:00 UTC 2026,1.0978487,-7570.203799999999,null,-7935.244855718475,-7835.244855718474,null,null,null,null,null,null,null
Thu Oct 15 18:00:00 UTC 2026,1.0978487,-7603.203799999999,null,-7951.86655659824,-7851.86655659824,null,null,null,null,null,null,null
Thu Oct 15 19:00:00 UTC 2026,1.0978487,-7714.203799999999,null,-7968.488257478006,-7868.488257478006,null,null,null,null,null,null,null
Thu Oct 15 20:00:00 UTC 2026,1.0978487,-7694.203799999999,null,-7985.109958357771,-7885.109958357771,null,null,null,null,null,null,null
Thu Oct 15 21:00:00 UTC 2026,1.0978487,-7801.203799999999,null,-8001.731659237537,-7901.7316592375355,null,null,null,null,null,null,null
Thu Oct 15 22:00:00 UTC 2026,1.0978487,-7811.203799999999,null,-8018.353360117301,-7918.353360117302,null,null,null,null,null,null,null
Thu Oct 15 23:00:00 UTC 2026,1.0978487,-7688.203799999999,null,-8034.975060997067,-7934.975060997067,null,null,null,null,null,null,null
Fri Oct 16 00:00:00 UTC 2026,1.0978487,-7913.203799999999,null,-8051.596761876832,-7951.596761876832,null,null,null,null,null,null,null
Fri Oct 16 01:00:00 UTC 2026,1.0978487,-7944.203799999999,null,-8068.218462756597,-7968.218462756598,null,null,null,null,null,null,null
Fri Oct 16 02:00:00 UTC 2026,1.0978487,-8078.203799999999,null,-8084.840163636363,-7984.840163636362,null,null,null,null,null,null,null
Fri Oct 16 03:00:00 UTC 2026,1.0978487,-7899.203799999999,null,-8101.461864516128,-8001.461864516128,null,null,null,null,null,null,null
Fri Oct 16 04:00:00 UTC 2026,1.0978487,-7757.203799999999,null,-8118.083565395894,-8018.083565395894,null,null,null,null,null,null,null
Fri Oct 16 05:00:00 UTC 2026,1.0978487,-7686.203799999999,null,-8134.705266275659,-8034.70526627566,null,null,null,null,null,null,null
Fri Oct 16 06:00:00 UTC 2026,1.0978487,-7630.203799999999,null,-8151.326967155424,-8051.326967155424,null,null,null,null,null,null,null
Fri Oct 16 07:00:00 UTC 2026,1.0978487,-7742.203799999999,null,-8167.948668035189,-8067.948668035189,null,null,null,null,null,null,null
Fri Oct 16 08:00:00 UTC 2026,1.0978487,-7896.203799999999,null,-8184.570368914956,-8084.570368914956,null,null,null,null,null,null,null
Fri Oct 16 09:00:00 UTC 2026,1.0978487,-7934.203799999999,null,-8201.192069794723,-8101.192069794722,null,null,null,null,null,null,null
Fri Oct 16 10:00:00 UTC 2026,1.0978487,-7982.203799999999,null,-8217.813770674487,-8117.813770674487,null,null,null,null,null,null,null
Fri Oct 16 11:00:00 UTC 2026,1.0978487,-7986.203799999999,null,-8234.435471554252,-8134.435471554252,null,null,null,null,null,null,null
Fri Oct 16 12:00:00 UTC 2026,1.0978487,-8110.203799999999,null,-8251.057172434019,-8151.057172434017,null,null,null,null,null,null,null
Fri Oct 16 13:00:00 UTC 2026,1.0978487,-8138.203799999999,null,-8267.678873313784,-8167.678873313784,null,null,null,null,null,null,null
Fri Oct 16 14:00:00 UTC 2026,1.0978487,-8194.2038,null,-8284.300574193549,-8184.3005741935485,null,null,null,null,null,null,null
Fri Oct 16 15:00:00 UTC 2026,1.0978487,-8154.203799999999,null,-8300.922275073313,-8200.922275073313,null,null,null,null,null,null,null
Fri Oct 16 16:00:00 UTC 2026,1.0978487,-8201.2038,null,-8317.54397595308,-8217.543975953078,null,null,null,null,null,null,null
Fri Oct 16 17:00:00 UTC 2026,1.0978487,-7972.203799999999,null,-8334.165676832845,-8234.165676832845,null,null,null,null,null,null,null
Fri Oct 16 18:00:00 UTC 2026,1.0978487,-7953.203799999999,null,-8350.78737771261,-8250.787377712611,null,null,null,null,null,null,null
Fri Oct 16 19:00:00 UTC 2026,1.0978487,-7973.203799999999,null,-8367.409078592374,-8267.409078592376,null,null,null,null,null,null,null
Fri Oct 16 20:00:00 UTC 2026,1.0978487,-8131.203799999999,null,-8384.030779472141,-8284.030779472141,null,null,null,null,null,null,null
Fri Oct 16 21:00:00 UTC 2026,1.0978487,-8131.203799999999,null,-8400.652480351906,-8300.652480351906,null,null,null,null,null,null,null
Fri Oct 16 22:00:00 UTC 2026,1.0978487,-8131.203799999999,null,-8417.27418123167,-8317.27418123167,null,null,null,null,null,null,null
Fri Oct 16 23:00:00 UTC 2026,1.0978487,-8131.203799999999,null,-8433.895882111436,-8333.895882111436,null,null,null,null,null,null,null
Sat Oct 17 00:00:00 UTC 2026,1.0978487,-8131.203799999999,null,-8450.517582991202,-8350.517582991202,null,null,null,null,null,null,null
Sat Oct 17 01:00:00 UTC 2026,1.0978487,-8131.203799999999,null,-8467.139283870967,-8367.139283870967,null,null,null,null,null,null,null
Sat Oct 17 02:00:00 UTC 2026,1.0978487,-8131.203799999999,null,-8483.760984750734,-8383.760984750734,null,null,null,null,null,null,null
Sat Oct 17 03:00:00 UTC 2026,1.0978487,-8131.203799999999,null,-8500.382685630499,-8400.382685630499,null,null,null,null,null,null,null
Sat Oct 17 04:00:00 UTC 2026,1.0978487,-8131.203799999999,null,-8517.004386510263,-8417.004386510263,null,null,null,null,null,null,null
Sat Oct 17 05:00:00 UTC 2026,1.0978487,-8131.203799999999,null,-8533.626087390028,-8433.62608739003,null,null,null,null,null,null,null
Sat Oct 17 06:00:00 UTC 2026,1.0978487,-8131.203799999999,null,-8550.247788269795,-8450.247788269795,null,null,null,null,null,null,null
Sat Oct 17 07:00:00 UTC 2026,1.0978487,-8131.203799999999,null,-8566.86948914956,-8466.86948914956,null,null,null,null,null,null,null
Sat Oct 17 08:00:00 UTC 2026,1.0978487,-8131.203799999999,null,-8583.491190029325,-8483.491190029325,null,null,null,null,null,null,null
Sat Oct 17 09:00:00 UTC 2026,1.0978487,-8131.203799999999,null,-8600.112890909091,-8500.11289090909,null,null,null,null,null,null,null
Sat Oct 17 10:00:00 UTC 2026,1.0978487,-8131.203799999999,null,-8616.734591788856,-8516.734591788856,null,null,null,null,null,null,null
Sat Oct 17 11:00:00 UTC 2026,1.0978487,-8131.203799999999,null,-8633.35629266862,-8533.35629266862,null,null,null,null,null,null,null
Sat Oct 17 12:00:00 UTC 2026,1.0978487,-8131.203799999999,null,-8649.977993548386,-8549.977993548388,null,null,null,null,null,null,null
Sat Oct 17 13:00:00 UTC 2026,1.0978487,-8131.203799999999,null,-8666.599694428152,-8566.599694428152,null,null,null,null,null,null,null
Sat Oct 17 14:00:00 UTC 2026,1.0978487,-8131.203799999999,null,-8683.221395307917,-8583.221395307917,null,null,null,null,null,null,null
Sat Oct 17 15:00:00 UTC 2026,1.0978487,-8131.203799999999,null,-8699.843096187684,-8599.843096187682,null,null,null,null,null,null,null
Sat Oct 17 16:00:00 UTC 2026,1.0978487,-8131.203799999999,null,-8716.464797067447,-8616.464797067449,null,null,null,null,null,null,null
Sat Oct 17 17:00:00 UTC 2026,1.0978487,-8131.203799999999,null,-8733.086497947214,-8633.086497947214,null,null,null,null,null,null,null
Sat Oct 17 18:00:00 UTC 2026,1.0978487,-8131.203799999999,null,-8749.708198826978,-8649.708198826978,null,null,null,null,null,null,null
Sat Oct 17 19:00:00 UTC 2026,1.0978487,-8131.203799999999,null,-8766.329899706745,-8666.329899706743,null,null,null,null,null,null,null
Sat Oct 17 20:00:00 UTC 2026,1.0978487,-8131.203799999999,null,-8782.95160058651,-8682.95160058651,null,null,null,null,null,null,null
Sat Oct 17 21:00:00 UTC 2026,1.0978487,-8131.203799999999,null,-8799.573301466275,-8699.573301466275,null,null,null,null,null,null,null
Sat Oct 17 22:00:00 UTC 2026,1.0978487,-8131.203799999999,null,-8816.19500234604,-8716.195002346041,null,null,null,null,null,null,null
Sat Oct 17 23:00:00 UTC 2026,1.0978487,-8131.203799999999,null,-8832.816703225806,-8732.816703225806,null,null,null,null,null,null,null
Sun Oct 18 00:00:00 UTC 2026,1.0978487,-8131.203799999999,null,-8849.438404105571,-8749.438404105571,null,null,null,null,null,null,null
Sun Oct 18 01:00:00 UTC 2026,1.0978487,-8131.203799999999,null,-8866.060104985336,-8766.060104985336,null,null,null,null,null,null,null
Sun Oct 18 02:00:00 UTC 2026,1.0978487,-8131.203799999999,null,-8882.6818058651,-8782.6818058651,null,null,null,null,null,null,null
Sun Oct 18 03:00:00 UTC 2026,1.0978487,-8131.203799999999,null,-8899.303506744869,-8799.303506744869,null,null,null,null,null,null,null
Sun Oct 18 04:00:00 UTC 2026,1.0978487,-8131.203799999999,null,-8915.925207624634,-8815.925207624634,null,null,null,null,null,null,null
Sun Oct 18 05:00:00 UTC 2026,1.0978487,-8131.203799999999,null,-8932.546908504399,-8832.546908504399,null,null,null,null,null,null,null
Sun Oct 18 06:00:00 UTC 2026,1.0978487,-8131.203799999999,null,-8949.168609384164,-8849.168609384164,null,null,null,null,null,null,null
Sun Oct 18 07:00:00 UTC 2026,1.0978487,-8131.203799999999,null,-8965.79031026393,-8865.79031026393,null,null,null,null,null,null,null
Sun Oct 18 08:00:00 UTC 2026,1.0978487,-8131.203799999999,null,-8982.412011143695,-8882.412011143695,null,null,null,null,null,null,null
Sun Oct 18 09:00:00 UTC 2026,1.0978487,-8131.203799999999,null,-8999.033712023462,-8899.03371202346,null,null,null,null,null,null,null
Sun Oct 18 10:00:00 UTC 2026,1.0978487,-8131.203799999999,null,-9015.655412903227,-8915.655412903227,null,null,null,null,null,null,null
Sun Oct 18 11:00:00 UTC 2026,1.0978487,-8131.203799999999,null,-9032.277113782991,-8932.277113782991,null,null,null,null,null,null,null
Sun Oct 18 12:00:00 UTC 2026,1.0978487,-8131.203799999999,null,-9048.898814662756,-8948.898814662756,null,null,null,null,null,null,null
Sun Oct 18 13:00:00 UTC 2026,1.0978487,-8131.203799999999,null,-9065.520515542523,-8965.520515542523,null,null,null,null,null,null,null
Sun Oct 18 14:00:00 UTC 2026,1.0978487,-8131.203799999999,null,-9082.142216422288,-8982.142216422288,null,null,null,null,null,null,null
Sun Oct 18 15:00:00 UTC 2026,1.0978487,-8131.203799999999,null,-9098.763917302053,-8998.763917302053,null,null,null,null,null,null,null
Sun Oct 18 16:00:00 UTC 2026,1.0978487,-8131.203799999999,null,-9115.385618181817,-9015.385618181817,null,null,null,null,null,null,null
Sun Oct 18 17:00:00 UTC 2026,1.0978487,-8131.203799999999,null,-9132.007319061584,-9032.007319061584,null,null,null,null,null,null,null
Sun Oct 18 18:00:00 UTC 2026,1.0978487,-8131.203799999999,null,-9148.629019941349,-9048.629019941349,null,null,null,null,null,null,null
Sun Oct 18 19:00:00 UTC 2026,1.0978487,-8131.203799999999,null,-9165.250720821114,-9065.250720821114,null,null,null,null,null,null,null
Sun Oct 18 20:00:00 UTC 2026,1.0978487,-8131.203799999999,null,-9181.872421700878,-9081.872421700878,null,null,null,null,null,null,null
Sun Oct 18 21:00:00 UTC 2026,1.0978487,-8231.2038,null,-9198.494122580645,-9098.494122580645,null,null,null,null,null,null,null
Sun Oct 18 22:00:00 UTC 2026,1.0978487,-8193.2038,null,-9215.11582346041,-9115.11582346041,null,null,null,null,null,null,null
Sun Oct 18 23:00:00 UTC 2026,1.0978487,-8150.203799999999,null,-9231.737524340175,-9131.737524340177,null,null,null,null,null,null,null
Mon Oct 19 00:00:00 UTC 2026,1.0978487,-8125.203799999999,null,-9248.359225219941,-9148.359225219941,null,null,null,null,null,null,null
Mon Oct 19 01:00:00 UTC 2026,1.0978487,-7931.203799999999,null,-9264.980926099706,-9164.980926099706,null,null,null,null,null,null,null
Mon Oct 19 02:00:00 UTC 2026,1.0978487,-7902.203799999999,null,-9281.602626979471,-9181.602626979471,null,null,null,null,null,null,null
Mon Oct 19 03:00:00 UTC 2026,1.0978487,-7924.203799999999,null,-9298.224327859236,-9198.224327859236,null,null,null,null,null,null,null
Mon Oct 19 04:00:00 UTC 2026,1.0978487,-7955.203799999999,null,-9314.846028739003,-9214.846028739003,null,null,null,null,null,null,null
Mon Oct 19 05:00:00 UTC 2026,1.0978487,-7861.203799999999,null,-9331.467729618767,-9231.467729618767,null,null,null,null,null,null,null
Mon Oct 19 06:00:00 UTC 2026,1.0978487,-7862.203799999999,null,-9348.089430498534,-9248.089430498534,null,null,null,null,null,null,null
Mon Oct 19 07:00:00 UTC 2026,1.0978487,-7896.203799999999,null,-9364.711131378299,-9264.711131378299,null,null,null,null,null,null,null
Mon Oct 19 08:00:00 UTC 2026,1.0978487,-7779.203799999999,null,-9381.332832258064,-9281.332832258064,null,null,null,null,null,null,null
Mon Oct 19 09:00:00 UTC 2026,1.0978487,-7688.203799999999,null,-9397.95453313783,-9297.95453313783,null,null,null,null,null,null,null
Mon Oct 19 10:00:00 UTC 2026,1.0978487,-7592.203799999999,null,-9414.576234017593,-9314.576234017593,null,null,null,null,null,null,null
Mon Oct 19 11:00:00 UTC 2026,1.0978487,-7603.203799999999,null,-9431.19793489736,-9331.19793489736,null,null,null,null,null,null,null
Mon Oct 19 12:00:00 UTC 2026,1.0978487,-7527.203799999999,null,-9447.819635777127,-9347.819635777127,null,null,null,null,null,null,null
Mon Oct 19 13:00:00 UTC 2026,1.0978487,-7432.203799999999,null,-9464.441336656892,-9364.441336656892,null,null,null,null,null,null,null
Mon Oct 19 14:00:00 UTC 2026,1.0978487,-7482.203799999999,null,-9481.063037536656,-9381.063037536656,null,null,null,null,null,null,null
Mon Oct 19 15:00:00 UTC 2026,1.0978487,-7626.203799999999,null,-9497.684738416421,-9397.684738416421,null,null,null,null,null,null,null
Mon Oct 19 16:00:00 UTC 2026,1.0978487,-7682.203799999999,null,-9514.306439296188,-9414.306439296186,null,null,null,null,null,null,null
Mon Oct 19 17:00:00 UTC 2026,1.0978487,-7563.203799999999,null,-9530.92814017595,-9430.92814017595,null,null,null,null,null,null,null
Mon Oct 19 18:00:00 UTC 2026,1.0978487,-7597.203799999999,null,-9547.549841055717,-9447.549841055717,null,null,null,null,null,null,null
Mon Oct 19 19:00:00 UTC 2026,1.0978487,-7728.203799999999,null,-9564.171541935482,-9464.171541935484,null,null,null,null,null,null,null
Mon Oct 19 20:00:00 UTC 2026,1.0978487,-7782.203799999999,null,-9580.793242815249,-9480.793242815247,null,null,null,null,null,null,null
Mon Oct 19 21:00:00 UTC 2026,1.0978487,-7851.203799999999,null,-9597.414943695012,-9497.414943695014,null,null,null,null,null,null,null
Mon Oct 19 22:00:00 UTC 2026,1.0978487,-7914.203799999999,null,-9614.03664457478,-9514.03664457478,null,null,null,null,null,null,null
Mon Oct 19 23:00:00 UTC 2026,1.0978487,-7744.203799999999,null,-9630.658345454547,-9530.658345454545,null,null,null,null,null,null,null
Tue Oct 20 00:00:00 UTC 2026,1.0978487,-7702.203799999999,null,-9647.28004633431,-9547.28004633431,null,null,null,null,null,null,null
Tue Oct 20 01:00:00 UTC 2026,1.0978487,-7861.203799999999,null,-9663.901747214077,-9563.901747214077,null,null,null,null,null,null,null
Tue Oct 20 02:00:00 UTC 2026,1.0978487,-7769.203799999999,null,-9680.523448093842,-9580.523448093842,null,null,null,null,null,null,null
Tue Oct 20 03:00:00 UTC 2026,1.0978487,-7830.203799999999,null,-9697.145148973608,-9597.145148973606,null,null,null,null,null,null,null
Tue Oct 20 04:00:00 UTC 2026,1.0978487,-7853.203799999999,null,-9713.766849853371,-9613.766849853373,null,null,null,null,null,null,null
Tue Oct 20 05:00:00 UTC 2026,1.0978487,-7746.203799999999,null,-9730.388550733138,-9630.388550733138,null,null,null,null,null,null,null
Tue Oct 20 06:00:00 UTC 2026,1.0978487,-7657.203799999999,null,-9747.010251612903,-9647.010251612903,null,null,null,null,null,null,null
Tue Oct 20 07:00:00 UTC 2026,1.0978487,-7621.203799999999,null,-9763.631952492668,-9663.631952492668,null,null,null,null,null,null,null
Tue Oct 20 08:00:00 UTC 2026,1.0978487,-10341.2038,null,-9780.253653372434,-9680.253653372434,null,null,null,null,null,null,null
Tue Oct 20 09:00:00 UTC 2026,1.0978487,-10341.2038,null,-9796.875354252199,-9696.875354252199,null,null,null,null,null,null,null
Tue Oct 20 10:00:00 UTC 2026,1.0978487,-10312.2038,null,-9813.497055131966,-9713.497055131964,null,null,null,null,null,null,null
Tue Oct 20 11:00:00 UTC 2026,1.0978487,-10304.2038,null,-9830.118756011729,-9730.11875601173,null,null,null,null,null,null,null
Tue Oct 20 12:00:00 UTC 2026,1.0978487,-10319.2038,null,-9846.740456891495,-9746.740456891495,null,null,null,null,null,null,null
Tue Oct 20 13:00:00 UTC 2026,1.0978487,-10329.2038,null,-9863.36215777126,-9763.36215777126,null,null,null,null,null,null,null
Tue Oct 20 14:00:00 UTC 2026,1.0978487,-10363.2038,null,-9879.983858651027,-9779.983858651027,null,null,null,null,null,null,null
Tue Oct 20 15:00:00 UTC 2026,1.0978487,-10391.2038,null,-9896.60555953079,-9796.605559530792,null,null,null,null,null,null,null
Tue Oct 20 16:00:00 UTC 2026,1.0978487,-10410.2038,null,-9913.227260410556,-9813.227260410556,null,null,null,null,null,null,null
Tue Oct 20 17:00:00 UTC 2026,1.0978487,-10461.2038,null,-9929.848961290323,-9829.848961290321,null,null,null,null,null,null,null
Tue Oct 20 18:00:00 UTC 2026,1.0978487,-10433.2038,null,-9946.470662170088,-9846.470662170088,null,null,null,null,null,null,null
Tue Oct 20 19:00:00 UTC 2026,1.0978487,-10426.2038,null,-9963.092363049853,-9863.092363049851,null,null,null,null,null,null,null
Tue Oct 20 20:00:00 UTC 2026,1.0978487,-10370.2038,null,-9979.714063929618,-9879.714063929618,null,null,null,null,null,null,null
Tue Oct 20 21:00:00 UTC 2026,1.0978487,-10404.2038,null,-9996.335764809384,-9896.335764809384,null,null,null,null,null,null,null
Tue Oct 20 22:00:00 UTC 2026,1.0978487,-10374.2038,null,-10012.95746568915,-9912.95746568915,null,null,null,null,null,null,null
Tue Oct 20 23:00:00 UTC 2026,1.0978487,-10402.2038,null,-10029.579166568914,-9929.579166568914,null,null,null,null,null,null,null
Wed Oct 21 00:00:00 UTC 2026,1.0978487,-10393.2038,null,-10046.200867448679,-9946.200867448679,null,null,null,null,null,null,null
Wed Oct 21 01:00:00 UTC 2026,1.0978487,-10413.2038,null,-10062.822568328445,-9962.822568328445,null,null,null,null,null,null,null
Wed Oct 21 02:00:00 UTC 2026,1.0978487,-10440.2038,null,-10079.444269208212,-9979.44426920821,null,null,null,null,null,null,null
Wed Oct 21 03:00:00 UTC 2026,1.0978487,-10432.2038,null,-10096.065970087975,-9996.065970087975,null,null,null,null,null,null,null
Wed Oct 21 04:00:00 UTC 2026,1.0978487,-10470.2038,null,-10112.687670967742,-10012.687670967742,null,null,null,null,null,null,null
Wed Oct 21 05:00:00 UTC 2026,1.0978487,-10444.2038,null,-10129.309371847507,-10029.309371847507,null,null,null,null,null,null,null
Wed Oct 21 06:00:00 UTC 2026,1.0978487,-10425.2038,null,-10145.931072727271,-10045.931072727271,null,null,null,null,null,null,null
Wed Oct 21 07:00:00 UTC 2026,1.0978487,-10445.2038,null,-10162.552773607036,-10062.552773607038,null,null,null,null,null,null,null
Wed Oct 21 08:00:00 UTC 2026,1.0978487,-10458.2038,null,-10179.174474486803,-10079.174474486803,null,null,null,null,null,null,null
Wed Oct 21 09:00:00 UTC 2026,1.0978487,-10446.2038,null,-10195.796175366568,-10095.796175366568,null,null,null,null,null,null,null
Wed Oct 21 10:00:00 UTC 2026,1.0978487,-10452.2038,null,-10212.417876246333,-10112.417876246333,null,null,null,null,null,null,null
Wed Oct 21 11:00:00 UTC 2026,1.0978487,-10456.2038,null,-10229.0395771261,-10129.0395771261,null,null,null,null,null,null,null
Wed Oct 21 12:00:00 UTC 2026,1.0978487,-10489.2038,null,-10245.661278005864,-10145.661278005864,null,null,null,null,null,null,null
Wed Oct 21 13:00:00 UTC 2026,1.0978487,-10500.2038,null,-10262.28297888563,-10162.282978885629,null,null,null,null,null,null,null
Wed Oct 21 14:00:00 UTC 2026,1.0978487,-10468.2038,null,-10278.904679765394,-10178.904679765395,null,null,null,null,null,null,null
Wed Oct 21 15:00:00 UTC 2026,1.0978487,-10477.2038,null,-10295.52638064516,-10195.52638064516,null,null,null,null,null,null,null
Wed Oct 21 16:00:00 UTC 2026,1.0978487,-10480.2038,null,-10312.148081524925,-10212.148081524927,null,null,null,null,null,null,null
Wed Oct 21 17:00:00 UTC 2026,1.0978487,-10508.2038,null,-10328.769782404692,-10228.769782404692,null,null,null,null,null,null,null
Wed Oct 21 18:00:00 UTC 2026,1.0978487,-10564.2038,null,-10345.391483284457,-10245.391483284458,null,null,null,null,null,null,null
Wed Oct 21 19:00:00 UTC 2026,1.0978487,-10555.2038,null,-10362.013184164223,-10262.013184164221,null,null,null,null,null,null,null
Wed Oct 21 20:00:00 UTC 2026,1.0978487,-10623.2038,null,-10378.634885043988,-10278.634885043988,null,null,null,null,null,null,null
Wed Oct 21 21:00:00 UTC 2026,1.0978487,-10696.2038,null,-10395.256585923753,-10295.256585923755,null,null,null,null,null,null,null
Wed Oct 21 22:00:00 UTC 2026,1.0978487,-10674.2038,null,-10411.87828680352,-10311.878286803518,null,null,null,null,null,null,null
Wed Oct 21 23:00:00 UTC 2026,1.0978487,-10606.2038,null,-10428.499987683284,-10328.499987683284,null,null,null,null,null,null,null
Thu Oct 22 00:00:00 UTC 2026,1.0978487,-10553.2038,null,-10445.12168856305,-10345.12168856305,null,null,null,null,null,null,null
Thu Oct 22 01:00:00 UTC 2026,1.0978487,-10590.2038,null,-10461.743389442814,-10361.743389442816,null,null,null,null,null,null,null
Thu Oct 22 02:00:00 UTC 2026,1.0978487,-10601.2038,null,-10478.36509032258,-10378.365090322579,null,null,null,null,null,null,null
Thu Oct 22 03:00:00 UTC 2026,1.0978487,-10610.2038,null,-10494.986791202346,-10394.986791202346,null,null,null,null,null,null,null
Thu Oct 22 04:00:00 UTC 2026,1.0978487,-10631.2038,null,-10511.60849208211,-10411.608492082112,null,null,null,null,null,null,null
Thu Oct 22 05:00:00 UTC 2026,1.0978487,-10664.2038,null,-10528.230192961877,-10428.230192961875,null,null,null,null,null,null,null
Thu Oct 22 06:00:00 UTC 2026,1.0978487,-10663.2038,null,-10544.851893841642,-10444.851893841642,null,null,null,null,null,null,null
Thu Oct 22 07:00:00 UTC 2026,1.0978487,-10661.2038,null,-10561.473594721409,-10461.473594721407,null,null,null,null,null,null,null
Thu Oct 22 08:00:00 UTC 2026,1.0978487,-10620.2038,null,-10578.095295601172,-10478.095295601172,null,null,null,null,null,null,null
Thu Oct 22 09:00:00 UTC 2026,1.0978487,-10646.2038,null,-10594.716996480938,-10494.716996480938,null,null,null,null,null,null,null
Thu Oct 22 10:00:00 UTC 2026,1.0978487,-10647.2038,null,-10611.338697360703,-10511.338697360703,null,null,null,null,null,null,null
Thu Oct 22 11:00:00 UTC 2026,1.0978487,-10692.2038,null,-10627.96039824047,-10527.96039824047,null,null,null,null,null,null,null
Thu Oct 22 12:00:00 UTC 2026,1.0978487,-10724.2038,null,-10644.582099120233,-10544.582099120233,null,null,null,null,null,null,null
Thu Oct 22 13:00:00 UTC 2026,1.0978487,-10761.2038,null,-10661.2038,-10561.2038,null,null,null,null,null,null,null
Thu Oct 22 14:00:00 UTC 2026,1.0978487,-10753.2038,null,null,null,null,null,null,null,null,null,null
Thu Oct 22 15:00:00 UTC 2026,1.0978487,-10750.2038,null,null,null,null,null,null,null,null,null,null
Thu Oct 22 16:00:00 UTC 2026,1.0978487,-10733.2038,null,null,null,null,null,null,null,null,null,null
Thu Oct 22 17:00:00 UTC 2026,1.0978487,-10676.2038,null,null,null,null,null,null,null,null,null,null
Thu Oct 22 18:00:00 UTC 2026,1.0978487,-10642.2038,null,null,null,null,null,null,null,null,null,null
Thu Oct 22 19:00:00 UTC 2026,1.0978487,-10682.2038,null,null,null,null,null,null,null,null,null,null
Thu Oct 22 20:00:00 UTC 2026,1.0978487,-10559.2038,null,null,null,null,null,null,null,null,null,null
Thu Oct 22 21:00:00 UTC 2026,1.0978487,-10595.2038,null,null,null,null,null,null,null,null,null,null
Thu Oct 22 22:00:00 UTC 2026,1.0978487,-10606.2038,null,null,null,null,null,null,null,null,null,null
Thu Oct 22 23:00:00 UTC 2026,1.0978487,-10612.2038,null,null,null,null,null,null,null,null,null,null
Fri Oct 23 00:00:00 UTC 2026,1.0978487,-10670.2038,null,null,null,null,null,null,null,null,null,null
Fri Oct 23 01:00:00 UTC 2026,1.0978487,-10632.2038,null,null,null,null,null,null,null,null,null,null
Fri Oct 23 02:00:00 UTC 2026,1.0978487,-10596.2038,null,null,null,null,null,null,null,null,null,null
Fri Oct 23 03:00:00 UTC 2026,1.0978487,-10611.2038,null,null,null,null,null,null,null,null,null,null
Fri Oct 23 04:00:00 UTC 2026,1.0978487,-10606.2038,null,null,null,null,null,null,null,null,null,null
Fri Oct 23 05:00:00 UTC 2026,1.0978487,-10572.2038,null,null,null,null,null,null,null,null,null,null
Fri Oct 23 06:00:00 UTC 2026,1.0978487,-10576.2038,null,null,null,null,null,null,null,null,null,null
Fri Oct 23 07:00:00 UTC 2026,1.0978487,-10563.2038,null,null,null,null,null,null,null,null,null,null
Fri Oct 23 08:00:00 UTC 2026,1.0978487,-10542.2038,null,null,null,null,null,null,null,null,null,null
Fri Oct 23 09:00:00 UTC 2026,1.0978487,-10601.2038,null,null,null,null,null,null,null,null,null,null
Fri Oct 23 10:00:00 UTC 2026,1.0978487,-10567.2038,null,null,null,null,null,null,null,null,null,null
Fri Oct 23 11:00:00 UTC 2026,1.0978487,-10560.2038,null,null,null,null,null,null,null,null,null,null
Fri Oct 23 12:00:00 UTC 2026,1.0978487,-10528.2038,null,null,null,null,null,null,null,null,null,null
Fri Oct 23 13:00:00 UTC 2026,1.0978487,-10552.2038,null,null,null,null,null,null,null,null,null,null
Fri Oct 23 14:00:00 UTC 2026,1.0978487,-10529.2038,null,null,null,null,null,null,null,null,null,null
Fri Oct 23 15:00:00 UTC 2026,1.0978487,-10496.2038,null,null,null,null,null,null,null,null,null,null
Fri Oct 23 16:00:00 UTC 2026,1.0978487,-10513.2038,null,null,null,null,null,null,null,null,null,null
Fri Oct 23 17:00:00 UTC 2026,1.0978487,-10504.2038,null,null,null,null,null,null,null,null,null,null
Fri Oct 23 18:00:00 UTC 2026,1.0978487,-10515.2038,null,null,null,null,null,null,null,null,null,null
Fri Oct 23 19:00:00 UTC 2026,1.0978487,-10486.2038,null,null,null,null,null,null,null,null,null,null
Fri Oct 23 20:00:00 UTC 2026,1.0978487,-10475.2038,null,null,null,null,null,null,null,null,null,null
Fri Oct 23 21:00:00 UTC 2026,1.0978487,-10420.2038,null,null,null,null,null,null,null,null,null,null
Fri Oct 23 22:00:00 UTC 2026,1.0978487,-10420.2038,null,null,null,null,null,null,null,null,null,null
Fri Oct 23 23:00:00 UTC 2026,1.0978487,-10420.2038,null,null,null,null,null,null,null,null,null,null
Sat Oct 24 00:00:00 UTC 2026,1.0978487,-10420.2038,null,null,null,null,null,null,null,null,null,null
Sat Oct 24 01:00:00 UTC 2026,1.0978487,-10420.2038,null,null,null,null,null,null,null,null,null,null
Sat Oct 24 02:00:00 UTC 2026,1.0978487,-10420.2038,null,null,null,null,null,null,null,null,null,null
Sat Oct 24 03:00:00 UTC 2026,1.0978487,-10420.2038,null,null,null,null,null,null,null,null,null,null
Sat Oct 24 04:00:00 UTC 2026,1.0978487,-10420.2038,null,null,null,null,null,null,null,null,null,null
Sat Oct 24 05:00:00 UTC 2026,1.0978487,-10420.2038,null,null,null,null,null,null,null,null,null,null
Sat Oct 24 06:00:00 UTC 2026,1.0978487,-10420.2038,null,null,null,null,null,null,null,null,null,null
Sat Oct 24 07:00:00 UTC 2026,1.0978487,-10420.2038,null,null,null,null,null,null,null,null,null,null
Sat Oct 24 08:00:00 UTC 2026,1.0978487,-10420.2038,null,null,null,null,null,null,null,null,null,null
Sat Oct 24 09:00:00 UTC 2026,1.0978487,-10420.2038,null,null,null,null,null,null,null,null,null,null
Sat Oct 24 10:00:00 UTC 2026,1.0978487,-10420.2038,null,null,null,null,null,null,null,null,null,null
Sat Oct 24 11:00:00 UTC 2026,1.0978487,-10420.2038,null,null,null,null,null,null,null,null,null,null
Sat Oct 24 12:00:00 UTC 2026,1.0978487,-10420.2038,null,null,null,null,null,null,null,null,null,null
Sat Oct 24 13:00:00 UTC 2026,1.0978487,-10420.2038,null,null,null,null,null,null,null,null,null,null
Sat Oct 24 14:00:00 UTC 2026,1.0978487,-10420.2038,null,null,null,null,null,null,null,null,null,null
Sat Oct 24 15:00:00 UTC 2026,1.0978487,-10420.2038,null,null,null,null,null,null,null,null,null,null
Sat Oct 24 16:00:00 UTC 2026,1.0978487,-10420.2038,null,null,null,null,null,null,null,null,null,null
Sat Oct 24 17:00:00 UTC 2026,1.0978487,-10420.2038,null,null,null,null,null,null,null,null,null,null
Sat Oct 24 18:00:00 UTC 2026,1.0978487,-10420.2038,null,null,null,null,null,null,null,null,null,null
Sat Oct 24 19:00:00 UTC 2026,1.0978487,-10420.2038,null,null,null,null,null,null,null,null,null,null
Sat Oct 24 20:00:00 UTC 2026,1.0978487,-10420.2038,null,null,null,null,null,null,null,null,null,null
Sat Oct 24 21:00:00 UTC 2026,1.0978487,-10420.2038,null,null,null,null,null,null,null,null,null,null
Sat Oct 24 22:00:00 UTC 2026,1.0978487,-10420.2038,null,null,null,null,null,null,null,null,null,null
Sat Oct 24 23:00:00 UTC 2026,1.0978487,-10420.2038,null,null,null,null,null,null,null,null,null,null
Sun Oct 25 00:00:00 UTC 2026,1.0978487,-10420.2038,null,null,null,null,null,null,null,null,null,null
Sun Oct 25 01:00:00 UTC 2026,1.0978487,-10420.2038,null,null,null,null,null,null,null,null,null,null
Sun Oct 25 02:00:00 UTC 2026,1.0978487,-10420.2038,null,null,null,null,null,null,null,null,null,null
Sun Oct 25 03:00:00 UTC 2026,1.0978487,-10420.2038,null,null,null,null,null,null,null,null,null,null
Sun Oct 25 04:00:00 UTC 2026,1.0978487,-10420.2038,null,null,null,null,null,null,null,null,null,null
Sun Oct 25 05:00:00 UTC 2026,1.0978487,-10420.2038,null,null,null,null,null,null,null,null,null,null
Sun Oct 25 06:00:00 UTC 2026,1.0978487,-10420.2038,null,null,null,null,null,null,null,null,null,null
Sun Oct 25 07:00:00 UTC 2026,1.0978487,-10420.2038,null,null,null,null,null,null,null,null,null,null
Sun Oct 25 08:00:00 UTC 2026,1.0978487,-10420.2038,null,null,null,null,null,null,null,null,null,null
Sun Oct 25 09:00:00 UTC 2026,1.0978487,-10420.2038,null,null,null,null,null,null,null,null,null,null
Sun Oct 25 10:00:00 UTC 2026,1.0978487,-10420.2038,null,null,null,null,null,null,null,null,null,null
Sun Oct 25 11:00:00 UTC 2026,1.0978487,-10420.2038,null,null,null,null,null,null,null,null,null,null
Sun Oct 25 12:00:00 UTC 2026,1.0978487,-10420.2038,null,null,null,null,null,null,null,null,null,null
Sun Oct 25 13:00:00 UTC 2026,1.0978487,-10420.2038,null,null,null,null,null,null,null,null,null,null
Sun Oct 25 14:00:00 UTC 2026,1.0978487,-10420.2038,null,null,null,null,null,null,null,null,null,null
Sun Oct 25 15:00:00 UTC 2026,1.0978487,-10420.2038,null,null,null,null,null,null,null,null,null,null
Sun Oct 25 16:00:00 UTC 2026,1.0978487,-10420.2038,null,null,null,null,null,null,null,null,null,null
Sun Oct 25 17:00:00 UTC 2026,1.0978487,-10420.2038,null,null,null,null,null,null,null,null,null,null
Sun Oct 25 18:00:00 UTC 2026,1.0978487,-10420.2038,null,null,null,null,null,null,null,null,null,null
Sun Oct 25 19:00:00 UTC 2026,1.0978487,-10420.2038,null,null,null,null,null,null,null,null,null,null
Sun Oct 25 20:00:00 UTC 2026,1.0978487,-10420.2038,null,null,null,null,null,null,null,null,null,null
Sun Oct 25 21:00:00 UTC 2026,1.0978487,-10439.2038,null,null,null,null,null,null,null,null,null,null
Sun Oct 25 22:00:00 UTC 2026,1.0978487,-10426.2038,null,null,null,null,null,null,null,null,null,null
Sun Oct 25 23:00:00 UTC 2026,1.0978487,-10283.2038,null,null,null,null,null,null,null,null,null,null
Mon Oct 26 00:00:00 UTC 2026,1.0978487,-10269.2038,null,null,null,null,null,null,null,null,null,null
Mon Oct 26 01:00:00 UTC 2026,1.0978487,-10286.2038,null,null,null,null,null,null,null,null,null,null
Mon Oct 26 02:00:00 UTC 2026,1.0978487,-10347.2038,null,null,null,null,null,null,null,null,null,null
Mon Oct 26 03:00:00 UTC 2026,1.0978487,-10345.2038,null,null,null,null,null,null,null,null,null,null
Mon Oct 26 04:00:00 UTC 2026,1.0978487,-10338.2038,null,null,null,null,null,null,null,null,null,null
Mon Oct 26 05:00:00 UTC 2026,1.0978487,-10337.2038,null,null,null,null,null,null,null,null,null,null
Mon Oct 26 06:00:00 UTC 2026,1.0978487,-10350.2038,null,null,null,null,null,null,null,null,null,null
Mon Oct 26 07:00:00 UTC 2026,1.0978487,-10307.2038,null,null,null,null,null,null,null,null,null,null
Mon Oct 26 08:00:00 UTC 2026,1.0978487,-10300.2038,null,null,null,null,null,null,null,null,null,null
Mon Oct 26 09:00:00 UTC 2026,1.0978487,-10287.2038,null,null,null,null,null,null,null,null,null,null
Mon Oct 26 10:00:00 UTC 2026,1.0978487,-10291.2038,null,null,null,null,null,null,null,null,null,null
Mon Oct 26 11:00:00 UTC 2026,1.0978487,-10311.2038,null,null,null,null,null,null,null,null,null,null
Mon Oct 26 12:00:00 UTC 2026,1.0978487,-10312.2038,null,null,null,null,null,null,null,null,null,null
Mon Oct 26 13:00:00 UTC 2026,1.0978487,-10291.2038,null,null,null,null,null,null,null,null,null,null
Mon Oct 26 14:00:00 UTC 2026,1.0978487,-10285.2038,null,null,null,null,null,null,null,null,null,null
Mon Oct 26 15:00:00 UTC 2026,1.0978487,-10287.2038,null,null,null,null,null,null,null,null,null,null
Mon Oct 26 16:00:00 UTC 2026,1.0978487,-10292.2038,null,null,null,null,null,null,null,null,null,null
Mon Oct 26 17:00:00 UTC 2026,1.0978487,-10199.2038,null,null,null,null,null,null,null,null,null,null
Mon Oct 26 18:00:00 UTC 2026,1.0978487,-10207.2038,null,null,null,null,null,null,null,null,null,null
Mon Oct 26 19:00:00 UTC 2026,1.0978487,-10214.2038,null,null,null,null,null,null,null,null,null,null
Mon Oct 26 20:00:00 UTC 2026,1.0978487,-10234.2038,null,null,null,null,null,null,null,null,null,null
Mon Oct 26 21:00:00 UTC 2026,1.0978487,-10229.2038,null,null,null,null,null,null,null,null,null,null
Mon Oct 26 22:00:00 UTC 2026,1.0978487,-10202.2038,null,null,null,null,null,null,null,null,null,null
Mon Oct 26 23:00:00 UTC 2026,1.0978487,-10232.2038,null,null,null,null,null,null,null,null,null,null
Tue Oct 27 00:00:00 UTC 2026,1.0978487,-10244.2038,null,null,null,null,null,null,null,null,null,null
Tue Oct 27 01:00:00 UTC 2026,1.0978487,-10243.2038,null,null,null,null,null,null,null,null,null,null
Tue Oct 27 02:00:00 UTC 2026,1.0978487,-10252.2038,null,null,null,null,null,null,null,null,null,null
Tue Oct 27 03:00:00 UTC 2026,1.0978487,-10257.2038,null,null,null,null,null,null,null,null,null,null
Tue Oct 27 04:00:00 UTC 2026,1.0978487,-10265.2038,null,null,null,null,null,null,null,null,null,null
Tue Oct 27 05:00:00 UTC 2026,1.0978487,-10306.2038,null,null,null,null,null,null,null,null,null,null
Tue Oct 27 06:00:00 UTC 2026,1.0978487,-10277.2038,null,null,null,null,null,null,null,null,null,null
Tue Oct 27 07:00:00 UTC 2026,1.0978487,-10311.2038,null,null,null,null,null,null,null,null,null,null
Tue Oct 27 08:00:00 UTC 2026,1.0978487,-10589.2038,null,null,null,null,null,null,null,null,null,null
Tue Oct 27 09:00:00 UTC 2026,1.0978487,-10590.2038,null,null,null,null,null,null,null,null,null,null
Tue Oct 27 10:00:00 UTC 2026,1.0978487,-10589.2038,null,null,null,null,null,null,null,null,null,null
Tue Oct 27 11:00:00 UTC 2026,1.0978487,-10590.2038,null,null,null,null,null,null,null,null,null,null
Tue Oct 27 12:00:00 UTC 2026,1.0978487,-10591.2038,null,null,null,null,null,null,null,null,null,null
Tue Oct 27 13:00:00 UTC 2026,1.0978487,-10591.2038,null,null,null,null,null,null,null,null,null,null
Tue Oct 27 14:00:00 UTC 2026,1.0978487,-10590.2038,null,null,null,null,null,null,null,null,null,null
Tue Oct 27 15:00:00 UTC 2026,1.0978487,-10591.2038,null,null,null,null,null,null,null,null,null,null
Tue Oct 27 16:00:00 UTC 2026,1.0978487,-10590.2038,null,null,null,null,null,null,null,null,null,null
Tue Oct 27 17:00:00 UTC 2026,1.0978487,-10592.2038,null,null,null,null,null,null,null,null,null,null
Tue Oct 27 18:00:00 UTC 2026,1.0978487,-10591.2038,null,null,null,null,null,null,null,null,null,null
Tue Oct 27 19:00:00 UTC 2026,1.0978487,-10591.2038,null,null,null,null,null,null,null,null,null,null
Tue Oct 27 20:00:00 UTC 2026,1.0978487,-10590.2038,null,null,null,null,null,null,null,null,null,null
Tue Oct 27 21:00:00 UTC 2026,1.0978487,-10592.2038,null,null,null,null,null,null,null,null,null,null
Tue Oct 27 22:00:00 UTC 2026,1.0978487,-10591.2038,null,null,null,null,null,null,null,null,null,null
Tue Oct 27 23:00:00 UTC 2026,1.0978487,-10590.2038,null,null,null,null,null,null,null,null,null,null
Wed Oct 28 00:00:00 UTC 2026,1.0978487,-10588.2038,null,null,null,null,null,null,null,null,null,null
Wed Oct 28 01:00:00 UTC 2026,1.0978487,-10590.2038,null,null,null,null,null,null,null,null,null,null
Wed Oct 28 02:00:00 UTC 2026,1.0978487,-10589.2038,null,null,null,null,null,null,null,null,null,null
Wed Oct 28 03:00:00 UTC 2026,1.0978487,-10589.2038,null,null,null,null,null,null,null,null,null,null
Wed Oct 28 04:00:00 UTC 2026,1.0978487,-10589.2038,null,null,null,null,null,null,null,null,null,null
Wed Oct 28 05:00:00 UTC 2026,1.0978487,-10589.2038,null,null,null,null,null,null,null,null,null,null
Wed Oct 28 06:00:00 UTC 2026,1.0978487,-10590.2038,null,null,null,null,null,null,null,null,null,null
Wed Oct 28 07:00:00 UTC 2026,1.0978487,-10591.2038,null,null,null,null,null,null,null,null,null,null
Wed Oct 28 08:00:00 UTC 2026,1.0978487,-10590.2038,null,null,null,null,null,null,null,null,null,null
Wed Oct 28 09:00:00 UTC 2026,1.0978487,-10591.2038,null,null,null,null,null,null,null,null,null,null
Wed Oct 28 10:00:00 UTC 2026,1.0978487,-10592.2038,null,null,null,null,null,null,null,null,null,null
Wed Oct 28 11:00:00 UTC 2026,1.0978487,-10590.2038,null,null,null,null,null,null,null,null,null,null
Wed Oct 28 12:00:00 UTC 2026,1.0978487,-10590.2038,null,null,null,null,null,null,null,null,null,null
Wed Oct 28 13:00:00 UTC 2026,1.0978487,-10591.2038,null,null,null,null,null,null,null,null,null,null
Wed Oct 28 14:00:00 UTC 2026,1.0978487,-10591.2038,null,null,null,null,null,null,null,null,null,null
Wed Oct 28 15:00:00 UTC 2026,1.0978487,-10591.2038,null,null,null,null,null,null,null,null,null,null
Wed Oct 28 16:00:00 UTC 2026,1.0978487,-10590.2038,null,null,null,null,null,null,null,null,null,null
Wed Oct 28 17:00:00 UTC 2026,1.0978487,-10590.2038,null,null,null,null,null,null,null,null,null,null
Wed Oct 28 18:00:00 UTC 2026,1.0978487,-10590.2038,null,null,null,null,null,null,null,null,null,null
Wed Oct 28 19:00:00 UTC 2026,1.0978487,-10590.2038,null,null,null,null,null,null,null,null,null,null
Wed Oct 28 20:00:00 UTC 2026,1.0978487,-10590.2038,null,null,null,null,null,null,null,null,null,null
Wed Oct 28 21:00:00 UTC 2026,1.0978487,-10591.2038,null,null,null,null,null,null,null,null,null,null
Wed Oct 28 22:00:00 UTC 2026,1.0978487,-10592.2038,null,null,null,null,null,null,null,null,null,null
Wed Oct 28 23:00:00 UTC 2026,1.0978487,-10591.2038,null,null,null,null,null,null,null,null,null,null
Thu Oct 29 00:00:00 UTC 2026,1.0978487,-10591.2038,null,null,null,null,null,null,null,null,null,null
Thu Oct 29 01:00:00 UTC 2026,1.0978487,-10591.2038,null,null,null,null,null,null,null,null,null,null
Thu Oct 29 02:00:00 UTC 2026,1.0978487,-10591.2038,null,null,null,null,null,null,null,null,null,null
Thu Oct 29 03:00:00 UTC 2026,1.0978487,-10591.2038,null,null,null,null,null,null,null,null,null,null
Thu Oct 29 04:00:00 UTC 2026,1.0978487,-10590.2038,null,null,null,null,null,null,null,null,null,null
Thu Oct 29 05:00:00 UTC 2026,1.0978487,-10590.2038,null,null,null,null,null,null,null,null,null,null
Thu Oct 29 06:00:00 UTC 2026,1.0978487,-10589.2038,null,null,null,null,null,null,null,null,null,null
Thu Oct 29 07:00:00 UTC 2026,1.0978487,-10589.2038,null,null,null,null,null,null,null,null,null,null
Thu Oct 29 08:00:00 UTC 2026,1.0978487,-10589.2038,null,null,null,null,null,null,null,null,null,null
Thu Oct 29 09:00:00 UTC 2026,1.0978487,-10588.2038,null,null,null,null,null,null,null,null,null,null
Thu Oct 29 10:00:00 UTC 2026,1.0978487,-10588.2038,null,null,null,null,null,null,null,null,null,null
Thu Oct 29 11:00:00 UTC 2026,1.0978487,-10589.2038,null,null,null,null,null,null,null,null,null,null
Thu Oct 29 12:00:00 UTC 2026,1.0978487,-10587.2038,null,null,null,null,null,null,null,null,null,null
Thu Oct 29 13:00:00 UTC 2026,1.0978487,-10587.2038,null,null,null,null,null,null,null,null,null,null
Thu Oct 29 14:00:00 UTC 2026,1.0978487,-10588.2038,null,null,null,null,null,null,null,null,null,null
Thu Oct 29 15:00:00 UTC 2026,1.0978487,-10587.2038,null,null,null,null,null,null,null,null,null,null
Thu Oct 29 16:00:00 UTC 2026,1.0978487,-10587.2038,null,null,null,null,null,null,null,null,null,null
Thu Oct 29 17:00:00 UTC 2026,1.0978487,-10587.2038,null,null,null,null,null,null,null,null,null,null
Thu Oct 29 18:00:00 UTC 2026,1.0978487,-10585.2038,null,null,null,null,null,null,null,null,null,null
Thu Oct 29 19:00:00 UTC 2026,1.0978487,-10585.2038,null,null,null,null,null,null,null,null,null,null
Thu Oct 29 20:00:00 UTC 2026,1.0978487,-10585.2038,null,null,null,null,null,null,null,null,null,null
Thu Oct 29 21:00:00 UTC 2026,1.0978487,-10585.2038,null,null,null,null,null,null,null,null,null,null
Thu Oct 29 22:00:00 UTC 2026,1.0978487,-10585.2038,null,null,null,null,null,null,null,null,null,null
Thu Oct 29 23:00:00 UTC 2026,1.0978487,-10585.2038,null,null,null,null,null,null,null,null,null,null
Fri Oct 30 00:00:00 UTC 2026,1.0978487,-10585.2038,null,null,null,null,null,null,null,null,null,null
Fri Oct 30 01:00:00 UTC 2026,1.0978487,-10584.2038,null,null,null,null,null,null,null,null,null,null
Fri Oct 30 02:00:00 UTC 2026,1.0978487,-10584.2038,null,null,null,null,null,null,null,null,null,null
Fri Oct 30 03:00:00 UTC 2026,1.0978487,-10584.2038,null,null,null,null,null,null,null,null,null,null
Fri Oct 30 04:00:00 UTC 2026,1.0978487,-10584.2038,null,null,null,null,null,null,null,null,null,null
Fri Oct 30 05:00:00 UTC 2026,1.0978487,-10584.2038,null,null,null,null,null,null,null,null,null,null
Fri Oct 30 06:00:00 UTC 2026,1.0978487,-10583.2038,null,null,null,null,null,null,null,null,null,null
Fri Oct 30 07:00:00 UTC 2026,1.0978487,-10583.2038,null,null,null,null,null,null,null,null,null,null
Fri Oct 30 08:00:00 UTC 2026,1.0978487,-10582.2038,null,null,null,null,null,null,null,null,null,null
Fri Oct 30 09:00:00 UTC 2026,1.0978487,-10582.2038,null,null,null,null,null,null,null,null,null,null
Fri Oct 30 10:00:00 UTC 2026,1.0978487,-10582.2038,null,null,null,null,null,null,null,null,null,null
Fri Oct 30 11:00:00 UTC 2026,1.0978487,-10584.2038,null,null,null,null,null,null,null,null,null,null
Fri Oct 30 12:00:00 UTC 2026,1.0978487,-10583.2038,null,null,null,null,null,null,null,null,null,null
Fri Oct 30 13:00:00 UTC 2026,1.0978487,-10584.2038,null,null,null,null,null,null,null,null,null,null
Fri Oct 30 14:00:00 UTC 2026,1.0978487,-10583.2038,null,null,null,null,null,null,null,null,null,null
Fri Oct 30 15:00:00 UTC 2026,1.0978487,-10584.2038,null,null,null,null,null,null,null,null,null,null
Fri Oct 30 16:00:00 UTC 2026,1.0978487,-10582.2038,null,null,null,null,null,null,null,null,null,null
Fri Oct 30 17:00:00 UTC 2026,1.0978487,-10582.2038,null,null,null,null,null,null,null,null,null,null
Fri Oct 30 18:00:00 UTC 2026,1.0978487,-10581.2038,null,null,null,null,null,null,null,null,null,null
Fri Oct 30 19:00:00 UTC 2026,1.0978487,-10580.2038,null,null,null,null,null,null,null,null,null,null
Fri Oct 30 20:00:00 UTC 2026,1.0978487,-10581.2038,null,null,null,null,null,null,null,null,null,null
Fri Oct 30 21:00:00 UTC 2026,1.0978487,-10581.2038,null,null,null,null,null,null,null,null,null,null
Fri Oct 30 22:00:00 UTC 2026,1.0978487,-10581.2038,null,null,null,null,null,null,null,null,null,null
Fri Oct 30 23:00:00 UTC 2026,1.0978487,-10581.2038,null,null,null,null,null,null,null,null,null,null
Sat Oct 31 00:00:00 UTC 2026,1.0978487,-10581.2038,null,null,null,null,null,null,null,null,null,null
Sat Oct 31 01:00:00 UTC 2026,1.0978487,-10581.2038,null,null,null,null,null,null,null,null,null,null
Sat Oct 31 02:00:00 UTC 2026,1.0978487,-10581.2038,null,null,null,null,null,null,null,null,null,null
Sat Oct 31 03:00:00 UTC 2026,1.0978487,-10581.2038,null,null,null,null,null,null,null,null,null,null
Sat Oct 31 04:00:00 UTC 2026,1.0978487,-10581.2038,null,null,null,null,null,null,null,null,null,null
Sat Oct 31 05:00:00 UTC 2026,1.0978487,-10581.2038,null,null,null,null,null,null,null,null,null,null
Sat Oct 31 06:00:00 UTC 2026,1.0978487,-10581.2038,null,null,null,null,null,null,null,null,null,null
Sat Oct 31 07:00:00 UTC 2026,1.0978487,-10581.2038,null,null,null,null,null,null,null,null,null,null
Sat Oct 31 08:00:00 UTC 2026,1.0978487,-10581.2038,null,null,null,null,null,null,null,null,null,null
Sat Oct 31 09:00:00 UTC 2026,1.0978487,-10581.2038,null,null,null,null,null,null,null,null,null,null
Sat Oct 31 10:00:00 UTC 2026,1.0978487,-10581.2038,null,null,null,null,null,null,null,null,null,null
Sat Oct 31 11:00:00 UTC 2026,1.0978487,-10581.2038,null,null,null,null,null,null,null,null,null,null
Sat Oct 31 12:00:00 UTC 2026,1.0978487,-10581.2038,null,null,null,null,null,null,null,null,null,null
Sat Oct 31 13:00:00 UTC 2026,1.0978487,-10581.2038,null,null,null,null,null,null,null,null,null,null
Sat Oct 31 14:00:00 UTC 2026,1.0978487,-10581.2038,null,null,null,null,null,null,null,null,null,null
Sat Oct 31 15:00:00 UTC 2026,1.0978487,-10581.2038,null,null,null,null,null,null,null,null,null,null
Sat Oct 31 16:00:00 UTC 2026,1.0978487,-10581.2038,null,null,null,null,null,null,null,null,null,null
Sat Oct 31 17:00:00 UTC 2026,1.0978487,-10581.2038,null,null,null,null,null,null,null,null,null,null
Sat Oct 31 18:00:00 UTC 2026,1.0978487,-10581.2038,null,null,null,null,null,null,null,null,null,null
Sat Oct 31 19:00:00 UTC 2026,1.0978487,-10581.2038,null,null,null,null,null,null,null,null,null,null
Sat Oct 31 20:00:00 UTC 2026,1.0978487,-10581.2038,null,null,null,null,null,null,null,null,null,null
Sat Oct 31 21:00:00 UTC 2026,1.0978487,-10581.2038,null,null,null,null,null,null,null,null,null,null
Sat Oct 31 22:00:00 UTC 2026,1.0978487,-10581.2038,null,null,null,null,null,null,null,null,null,null
Sat Oct 31 23:00:00 UTC 2026,1.0978487,-10581.2038,null,null,null,null,null,null,null,null,null,null
Sun Nov 01 00:00:00 UTC 2026,1.0978487,-10581.2038,null,null,null,null,null,null,null,null,null,null
Sun Nov 01 01:00:00 UTC 2026,1.0978487,-10581.2038,null,null,null,null,null,null,null,null,null,null
Sun Nov 01 02:00:00 UTC 2026,1.0978487,-10581.2038,null,null,null,null,null,null,null,null,null,null
