date,P_Kweek_34_Kday_12_ETE_65_ORD_62_EXT_72_E2Ekor_74_EXTkor_64_DIFF_25,a,b,c,d,e,f,g,h,i,j
Mon Sep 28 18:00:00 UTC 2026,-43.20104439709212,1.2715500000000475,59.55726428571427,null,259.5572642857142,359.55726428571427,559.5572642857142,null,759.5572642857142,859.5572642857142
Mon Sep 28 19:00:00 UTC 2026,62.40187886720719,-33.72844999999995,14.985835714285713,null,214.98583571428566,314.9858357142856,514.9858357142857,null,714.9858357142857,814.9858357142857
Mon Sep 28 20:00:00 UTC 2026,47.617469610247554,-190.72844999999995,-29.585592857142842,null,170.4144071428571,270.41440714285716,470.41440714285704,null,670.414407142857,770.414407142857
Mon Sep 28 21:00:00 UTC 2026,30.7210018879407,-106.72844999999995,-74.15702142857145,null,125.84297857142849,225.8429785714285,425.8429785714285,null,625.8429785714285,725.8429785714285
Mon Sep 28 22:00:00 UTC 2026,41.28129421434733,-83.72844999999995,-118.72845000000001,null,81.27154999999993,181.27154999999993,381.27154999999993,null,581.2715499999999,681.2715499999999
Mon Sep 28 23:00:00 UTC 2026,-32.64075207063888,-50.72844999999995,-163.29987857142856,null,36.70012142857138,136.70012142857138,336.7001214285714,null,536.7001214285715,636.7001214285714
Tue Sep 29 00:00:00 UTC 2026,24.38482649208754,-134.72844999999995,-207.87130714285718,null,-7.871307142857177,92.12869285714282,292.1286928571428,null,492.1286928571429,592.1286928571428
Tue Sep 29 01:00:00 UTC 2026,163.78068520095349,-253.72844999999995,-252.4427357142858,null,-52.44273571428579,47.55726428571421,247.55726428571427,null,447.55726428571427,547.5572642857143
Tue Sep 29 02:00:00 UTC 2026,-115.01103221682524,-267.72844999999995,-297.0141642857143,null,-97.01416428571434,2.985835714285656,202.9858357142856,null,402.98583571428566,502.9858357142856
Tue Sep 29 03:00:00 UTC 2026,-218.50189701582485,-174.72844999999995,-341.58559285714284,null,-141.58559285714284,-41.5855928571429,158.41440714285716,null,358.41440714285716,458.4144071428571
Tue Sep 29 04:00:00 UTC 2026,-203.71748775881815,-287.72844999999995,-386.15702142857145,null,-186.1570214285714,-86.1570214285714,113.84297857142849,null,313.84297857142855,413.8429785714286
Tue Sep 29 05:00:00 UTC 2026,-150.9160261266918,-431.72844999999995,-430.72845000000007,null,-230.72845000000007,-130.72845000000007,69.27154999999993,null,269.27154999999993,369.27154999999993
Tue Sep 29 06:00:00 UTC 2026,-163.58837691839835,-520.7284500000001,-475.2998785714286,null,-275.29987857142874,-175.29987857142874,24.70012142857132,null,224.70012142857132,324.70012142857126
Tue Sep 29 07:00:00 UTC 2026,-155.14014305724504,-381.72844999999995,-519.8713071428572,null,-319.87130714285723,-219.8713071428573,-19.87130714285729,null,180.12869285714277,280.12869285714277
Tue Sep 29 08:00:00 UTC 2026,-66.43368751525213,-383.72844999999995,-564.4427357142857,null,-364.4427357142858,-264.44273571428573,-64.44273571428579,null,135.55726428571427,235.55726428571415
Tue Sep 29 09:00:00 UTC 2026,-159.36425998784534,-343.72844999999995,-609.0141642857143,null,-409.01416428571434,-309.01416428571434,-109.01416428571434,null,90.98583571428566,190.9858357142856
Tue Sep 29 10:00:00 UTC 2026,-9.408108952525936,-380.72844999999995,-653.585592857143,null,-453.585592857143,-353.58559285714296,-153.58559285714296,null,46.414407142857044,146.41440714285704
Tue Sep 29 11:00:00 UTC 2026,-55.873395188798895,-258.72844999999995,-698.1570214285715,null,-498.1570214285715,-398.15702142857157,-198.1570214285715,null,1.842978571428489,101.84297857142849
Tue Sep 29 12:00:00 UTC 2026,-127.68338300853179,-320.72844999999995,-742.72845,null,-542.7284500000001,-442.72845,-242.72845000000007,null,-42.728450000000066,57.271549999999934
Tue Sep 29 13:00:00 UTC 2026,-366.3459895858912,-629.7284500000001,-787.2998785714285,null,-587.2998785714286,-487.2998785714286,-287.2998785714286,null,-87.29987857142856,12.700121428571379
Tue Sep 29 14:00:00 UTC 2026,-205.82954622411808,-582.7284500000001,-831.8713071428572,null,-631.8713071428573,-531.8713071428573,-331.87130714285723,null,-131.87130714285723,-31.871307142857233
Tue Sep 29 15:00:00 UTC 2026,267.27154999999993,-690.7284500000001,-876.4427357142858,null,-676.4427357142858,-576.4427357142858,-376.4427357142858,null,-176.4427357142858,-76.44273571428579
Tue Sep 29 16:00:00 UTC 2026,-719.0597532886562,-775.7284500000001,-921.0141642857144,null,-721.0141642857143,-621.0141642857143,-421.0141642857144,null,-221.01416428571434,-121.01416428571434
Tue Sep 29 17:00:00 UTC 2026,-419.1474512180173,-827.7284500000001,-965.585592857143,null,-765.5855928571428,-665.585592857143,-465.58559285714296,null,-265.58559285714296,-165.58559285714296
Tue Sep 29 18:00:00 UTC 2026,-535.3106668087704,-946.7284500000001,-1010.1570214285715,null,-810.1570214285715,-710.1570214285715,-510.1570214285715,null,-310.1570214285715,-210.15702142857154
Tue Sep 29 19:00:00 UTC 2026,-410.6992173568642,-898.7284500000001,-1054.72845,null,-854.7284500000001,-754.7284500000002,-554.7284500000001,null,-354.7284500000001,-254.72845000000007
Tue Sep 29 20:00:00 UTC 2026,-389.5786327040041,-1194.72845,-1099.2998785714285,null,-899.2998785714286,-799.2998785714285,-599.2998785714286,null,-399.2998785714286,-299.2998785714286
Tue Sep 29 21:00:00 UTC 2026,-374.79422344699765,-1160.72845,-1143.8713071428572,null,-943.8713071428572,-843.8713071428572,-643.8713071428572,null,-443.8713071428572,-343.87130714285723
Tue Sep 29 22:00:00 UTC 2026,-212.16572161997146,-1143.72845,-1188.4427357142856,null,-988.4427357142857,-888.4427357142858,-688.4427357142858,null,-488.4427357142858,-388.4427357142858
Tue Sep 29 23:00:00 UTC 2026,-362.1218726552911,-1087.72845,-1233.0141642857143,null,-1033.0141642857145,-933.0141642857144,-733.0141642857144,null,-533.0141642857144,-433.0141642857144
Wed Sep 30 00:00:00 UTC 2026,-218.50189701582485,-1051.72845,-1277.585592857143,null,-1077.5855928571427,-977.5855928571428,-777.585592857143,null,-577.585592857143,-477.58559285714284
Wed Sep 30 01:00:00 UTC 2026,-17.85634281363241,-1257.72845,-1322.1570214285714,null,-1122.1570214285716,-1022.1570214285714,-822.1570214285715,null,-622.1570214285714,-522.1570214285715
Wed Sep 30 02:00:00 UTC 2026,-60.09751211935213,-1466.72845,-1366.72845,null,-1166.72845,-1066.72845,-866.7284500000001,null,-666.7284500000001,-566.7284500000001
Wed Sep 30 03:00:00 UTC 2026,-199.49337082826491,-1318.72845,null,null,null,null,null,null,null,null
Wed Sep 30 04:00:00 UTC 2026,-178.37278617540505,-1306.72845,null,null,null,null,null,null,null,null
Wed Sep 30 05:00:00 UTC 2026,-231.17424780757824,-1149.72845,null,null,null,null,null,null,null,null
Wed Sep 30 06:00:00 UTC 2026,-62.209570584652056,-980.7284500000001,null,null,null,null,null,null,null,null
Wed Sep 30 07:00:00 UTC 2026,-150.9160261266918,-1019.7284500000001,null,null,null,null,null,null,null,null
Wed Sep 30 08:00:00 UTC 2026,-138.24367533498526,-784.7284500000001,null,null,null,null,null,null,null,null
Wed Sep 30 09:00:00 UTC 2026,106.75510663822706,-805.7284500000001,null,null,null,null,null,null,null,null
Wed Sep 30 10:00:00 UTC 2026,28.608943422640777,-799.7284500000001,null,null,null,null,null,null,null,null
Wed Sep 30 11:00:00 UTC 2026,-36.86486900123896,-719.7284500000001,null,null,null,null,null,null,null,null
Wed Sep 30 12:00:00 UTC 2026,-1018.9720553592949,-863.7284500000001,null,null,null,null,null,null,null,null
Wed Sep 30 13:00:00 UTC 2026,-833.1109104141091,-682.7284500000001,null,null,null,null,null,null,null,null
Wed Sep 30 14:00:00 UTC 2026,-902.808839768589,-471.72845000000007,null,null,null,null,null,null,null,null
Wed Sep 30 15:00:00 UTC 2026,-638.8015316078167,-823.7284500000001,null,null,null,null,null,null,null,null
Wed Sep 30 16:00:00 UTC 2026,-873.2400212545757,-991.7284500000001,null,null,null,null,null,null,null,null
Wed Sep 30 17:00:00 UTC 2026,-1171.0402648599145,-873.7284500000001,null,null,null,null,null,null,null,null
Wed Sep 30 18:00:00 UTC 2026,-1031.6444061510483,-832.7284500000001,null,null,null,null,null,null,null,null
Wed Sep 30 19:00:00 UTC 2026,-1147.8076217417545,-883.7284500000001,null,null,null,null,null,null,null,null
Wed Sep 30 20:00:00 UTC 2026,-1228.065843422641,-983.7284500000001,null,null,null,null,null,null,null,null
Wed Sep 30 21:00:00 UTC 2026,-1033.7564646163016,-1013.7284500000001,null,null,null,null,null,null,null,null
Wed Sep 30 22:00:00 UTC 2026,-1018.9720553592949,-761.7284500000001,null,null,null,null,null,null,null,null
Wed Sep 30 23:00:00 UTC 2026,-1122.4629201583414,-722.7284500000001,null,null,null,null,null,null,null,null
Thu Oct 01 00:00:00 UTC 2026,-1443.49580688184,-871.7284500000001,null,null,null,null,null,null,null,null
Thu Oct 01 01:00:00 UTC 2026,-1466.72845,-973.7284500000001,null,null,null,null,null,null,null,null
Thu Oct 01 02:00:00 UTC 2026,-1363.2375852009536,-918.7284500000001,null,null,null,null,null,null,null,null
Thu Oct 01 03:00:00 UTC 2026,-1162.5920309987612,-718.7284500000001,null,null,null,null,null,null,null,null
Thu Oct 01 04:00:00 UTC 2026,-1204.833200304528,-821.7284500000001,null,null,null,null,null,null,null,null
Thu Oct 01 05:00:00 UTC 2026,-1225.9537849573878,-677.7284500000001,null,null,null,null,null,null,null,null
Thu Oct 01 06:00:00 UTC 2026,-1287.2034804506675,-415.72844999999995,null,null,null,null,null,null,null,null
Thu Oct 01 07:00:00 UTC 2026,-1342.1170005480938,-452.72845000000007,null,null,null,null,null,null,null,null
Thu Oct 01 08:00:00 UTC 2026,-1350.565234409247,-385.72844999999995,null,null,null,null,null,null,null,null
Thu Oct 01 09:00:00 UTC 2026,-1236.5140772837942,-519.7284500000001,null,null,null,null,null,null,null,null
Thu Oct 01 10:00:00 UTC 2026,-1342.1170005480938,-530.7284500000001,null,null,null,null,null,null,null,null
Thu Oct 01 11:00:00 UTC 2026,-1435.0475730206867,-665.7284500000001,null,null,null,null,null,null,null,null
Thu Oct 01 12:00:00 UTC 2026,-966.1705937271687,-662.7284500000001,null,null,null,null,null,null,null,null
Thu Oct 01 13:00:00 UTC 2026,-833.1109104141091,-358.72844999999995,null,null,null,null,null,null,null,null
Thu Oct 01 14:00:00 UTC 2026,-666.2582916565299,-269.72844999999995,null,null,null,null,null,null,null,null
Thu Oct 01 15:00:00 UTC 2026,-740.1803379415161,48.27155000000005,null,null,null,null,null,null,null,null
Thu Oct 01 16:00:00 UTC 2026,-562.7674268574834,-94.72844999999995,null,null,null,null,null,null,null,null
Thu Oct 01 17:00:00 UTC 2026,-427.59568507917083,-133.72844999999995,null,null,null,null,null,null,null,null
Thu Oct 01 18:00:00 UTC 2026,-469.83685438489056,-150.72844999999995,null,null,null,null,null,null,null,null
Thu Oct 01 19:00:00 UTC 2026,-423.37156814861737,218.27155,null,null,null,null,null,null,null,1118.27155
Thu Oct 01 20:00:00 UTC 2026,-233.28630627283155,-9.728449999999953,null,null,null,null,null,null,null,1037.89655
Thu Oct 01 21:00:00 UTC 2026,-319.88070334957115,-36.72844999999995,null,null,null,null,null,null,null,957.5215499999999
Thu Oct 01 22:00:00 UTC 2026,-387.46657423875104,-121.72844999999995,null,null,null,null,null,null,null,877.1465499999999
Thu Oct 01 23:00:00 UTC 2026,-201.60542929356507,-166.72844999999995,null,null,null,null,null,null,null,796.7715499999999
Fri Oct 02 00:00:00 UTC 2026,-336.777171071878,-48.72844999999995,null,null,null,null,null,null,null,716.3965499999999
Fri Oct 02 01:00:00 UTC 2026,-890.1364889768355,-51.72844999999995,null,null,null,null,null,null,null,636.02155
Fri Oct 02 02:00:00 UTC 2026,-1027.4202892204485,-407.72844999999995,null,null,null,null,null,null,null,555.64655
Fri Oct 02 03:00:00 UTC 2026,-917.5932490255956,-424.72844999999995,null,null,null,null,175.27155000000005,null,375.27155000000005,475.27155000000005
Fri Oct 02 04:00:00 UTC 2026,-742.2923964068162,-309.72844999999995,null,null,null,null,200.11245909090914,null,400.1124590909091,null
Fri Oct 02 05:00:00 UTC 2026,-664.1462331912298,-219.72844999999995,null,null,null,null,224.95336818181823,null,424.95336818181823,null
Fri Oct 02 06:00:00 UTC 2026,-607.1206546285034,-159.72844999999995,null,null,null,null,249.7942772727273,null,449.7942772727273,null
Fri Oct 02 07:00:00 UTC 2026,-518.4141990864637,-393.72844999999995,null,null,null,null,274.6351863636364,null,474.6351863636364,null
Fri Oct 02 08:00:00 UTC 2026,-771.8612149208294,-172.72844999999995,null,null,null,null,299.4760954545455,null,499.4760954545455,null
Fri Oct 02 09:00:00 UTC 2026,-528.9744914129171,-72.72844999999995,null,null,null,null,324.31700454545455,null,524.3170045454546,null
Fri Oct 02 10:00:00 UTC 2026,-446.60421126673066,-19.728449999999953,null,null,null,null,349.1579136363637,null,549.1579136363637,null
Fri Oct 02 11:00:00 UTC 2026,-406.47510042631075,-59.72844999999995,null,null,null,null,373.9988227272728,null,573.9988227272727,null
Fri Oct 02 12:00:00 UTC 2026,-577.5518361144901,244.27155,null,null,null,null,398.83973181818186,null,598.8397318181819,null
Fri Oct 02 13:00:00 UTC 2026,-659.9221162606766,194.27155,null,null,null,null,423.6806409090909,null,623.6806409090909,null
Fri Oct 02 14:00:00 UTC 2026,-649.3618239342233,267.27155,null,null,null,null,448.52155000000005,null,648.52155,null
Fri Oct 02 15:00:00 UTC 2026,-809.878267295996,183.27155,null,null,null,null,473.36245909090906,null,673.3624590909092,null
Fri Oct 02 16:00:00 UTC 2026,-809.878267295996,251.27155,null,null,null,null,498.2033681818183,null,698.2033681818182,null
Fri Oct 02 17:00:00 UTC 2026,-809.878267295996,241.27155,null,null,null,null,523.0442772727273,null,723.0442772727273,null
Fri Oct 02 18:00:00 UTC 2026,1.23528,88.27154999999999,null,null,null,null,null,null,547.8851863636364,null,747.8851863636364,null
Fri Oct 02 19:00:00 UTC 2026,1.23528,285.27155,null,null,null,null,null,null,572.7260954545454,null,772.7260954545454,null
Fri Oct 02 20:00:00 UTC 2026,1.23528,937.2715499999999,null,null,null,null,null,null,597.5670045454546,null,797.5670045454546,null
Fri Oct 02 21:00:00 UTC 2026,1.23528,937.2715499999999,null,null,null,null,null,null,622.4079136363637,null,822.4079136363637,null
Fri Oct 02 22:00:00 UTC 2026,1.23528,937.2715499999999,null,null,null,null,null,null,647.2488227272727,null,847.2488227272728,null
Fri Oct 02 23:00:00 UTC 2026,1.23528,937.2715499999999,null,null,null,null,null,null,672.0897318181818,null,872.0897318181819,null
Sat Oct 03 00:00:00 UTC 2026,1.23528,937.2715499999999,null,null,null,null,null,null,696.9306409090909,null,896.9306409090909,null
Sat Oct 03 01:00:00 UTC 2026,1.23528,937.2715499999999,null,null,null,null,null,null,721.77155,null,921.77155,null
Sat Oct 03 02:00:00 UTC 2026,1.23528,937.2715499999999,null,null,null,null,null,null,746.612459090909,null,946.612459090909,null
Sat Oct 03 03:00:00 UTC 2026,1.23528,937.2715499999999,null,null,null,null,null,null,771.4533681818182,null,971.4533681818182,null
Sat Oct 03 04:00:00 UTC 2026,1.23528,937.2715499999999,null,null,null,null,null,null,796.2942772727273,null,996.2942772727274,null
Sat Oct 03 05:00:00 UTC 2026,1.23528,937.2715499999999,null,null,null,null,null,null,821.1351863636364,null,1021.1351863636364,null
Sat Oct 03 06:00:00 UTC 2026,1.23528,937.2715499999999,null,null,null,null,null,null,845.9760954545455,null,1045.9760954545454,null
Sat Oct 03 07:00:00 UTC 2026,1.23528,937.2715499999999,null,null,null,null,null,null,870.8170045454546,null,1070.8170045454544,null
Sat Oct 03 08:00:00 UTC 2026,1.23528,937.2715499999999,null,null,null,null,null,null,895.6579136363637,null,1095.6579136363637,null
Sat Oct 03 09:00:00 UTC 2026,1.23528,937.2715499999999,null,null,null,null,null,null,920.4988227272727,null,1120.4988227272727,null
Sat Oct 03 10:00:00 UTC 2026,1.23528,937.2715499999999,null,null,null,null,null,null,945.3397318181818,null,1145.339731818182,null
Sat Oct 03 11:00:00 UTC 2026,1.23528,937.2715499999999,null,null,null,null,null,null,970.1806409090909,null,1170.180640909091,null
Sat Oct 03 12:00:00 UTC 2026,1.23528,937.2715499999999,null,null,null,null,null,null,995.02155,null,1195.02155,null
Sat Oct 03 13:00:00 UTC 2026,1.23528,937.2715499999999,null,null,null,null,null,null,1019.8624590909092,null,1219.8624590909092,null
Sat Oct 03 14:00:00 UTC 2026,1.23528,937.2715499999999,null,null,null,null,null,null,1044.7033681818182,null,1244.7033681818182,null
Sat Oct 03 15:00:00 UTC 2026,1.23528,937.2715499999999,null,null,null,null,null,null,1069.5442772727274,null,1269.5442772727272,null
Sat Oct 03 16:00:00 UTC 2026,1.23528,937.2715499999999,null,null,null,null,null,null,1094.3851863636364,null,1294.3851863636364,null
Sat Oct 03 17:00:00 UTC 2026,1.23528,937.2715499999999,null,null,null,null,null,null,1119.2260954545454,null,1319.2260954545457,null
Sat Oct 03 18:00:00 UTC 2026,1.23528,937.2715499999999,null,null,null,null,null,null,1144.0670045454547,null,1344.0670045454544,null
Sat Oct 03 19:00:00 UTC 2026,1.23528,937.2715499999999,null,null,null,null,null,null,1168.9079136363634,null,1368.9079136363637,null
Sat Oct 03 20:00:00 UTC 2026,1.23528,937.2715499999999,null,null,null,null,null,null,1193.7488227272727,null,1393.7488227272725,null
Sat Oct 03 21:00:00 UTC 2026,1.23528,937.2715499999999,null,null,null,null,null,null,1218.589731818182,null,1418.589731818182,null
Sat Oct 03 22:00:00 UTC 2026,1.23528,937.2715499999999,null,null,null,null,null,null,1243.430640909091,null,1443.430640909091,null
Sat Oct 03 23:00:00 UTC 2026,1.23528,937.2715499999999,null,null,null,null,null,null,1268.27155,null,1468.27155,null
Sun Oct 04 00:00:00 UTC 2026,1.23528,937.2715499999999,null,null,null,null,null,null,1293.1124590909092,null,1493.1124590909092,null
Sun Oct 04 01:00:00 UTC 2026,1.23528,937.2715499999999,null,null,null,null,null,null,1317.9533681818182,null,1517.953368181818,null
Sun Oct 04 02:00:00 UTC 2026,1.23528,937.2715499999999,null,null,null,null,null,null,1342.7942772727272,null,1542.7942772727272,null
Sun Oct 04 03:00:00 UTC 2026,1.23528,937.2715499999999,null,null,null,null,null,null,1367.6351863636362,null,1567.6351863636364,null
Sun Oct 04 04:00:00 UTC 2026,1.23528,937.2715499999999,null,null,null,null,null,null,1392.4760954545454,null,1592.4760954545452,null
Sun Oct 04 05:00:00 UTC 2026,1.23528,937.2715499999999,null,null,null,null,null,null,1417.3170045454544,null,1617.3170045454547,null
Sun Oct 04 06:00:00 UTC 2026,1.23528,937.2715499999999,null,null,null,null,null,null,1442.1579136363637,null,1642.157913636364,null
Sun Oct 04 07:00:00 UTC 2026,1.23528,937.2715499999999,null,null,null,null,null,null,1466.998822727273,null,1666.9988227272727,null
Sun Oct 04 08:00:00 UTC 2026,1.23528,937.2715499999999,null,null,null,null,null,null,1491.839731818182,null,1691.839731818182,null
Sun Oct 04 09:00:00 UTC 2026,1.23528,937.2715499999999,null,null,null,null,null,null,1516.680640909091,null,1716.680640909091,null
Sun Oct 04 10:00:00 UTC 2026,1.23528,937.2715499999999,null,null,null,null,null,null,1541.52155,null,1741.52155,null
Sun Oct 04 11:00:00 UTC 2026,1.23528,937.2715499999999,null,null,null,null,null,null,1566.3624590909092,null,1766.362459090909,null
Sun Oct 04 12:00:00 UTC 2026,1.23528,937.2715499999999,null,null,null,null,null,null,1591.203368181818,null,1791.2033681818182,null
Sun Oct 04 13:00:00 UTC 2026,1.23528,937.2715499999999,null,null,null,null,null,null,1616.0442772727272,null,1816.0442772727272,null
Sun Oct 04 14:00:00 UTC 2026,1.23528,937.2715499999999,null,null,null,null,null,null,1640.8851863636362,null,1840.8851863636362,null
Sun Oct 04 15:00:00 UTC 2026,1.23528,937.2715499999999,null,null,null,null,null,null,1665.7260954545452,null,1865.7260954545452,null
Sun Oct 04 16:00:00 UTC 2026,1.23528,937.2715499999999,null,null,null,null,null,null,1690.5670045454547,null,1890.5670045454547,null
Sun Oct 04 17:00:00 UTC 2026,1.23528,937.2715499999999,null,null,null,null,null,null,1715.4079136363637,null,1915.4079136363637,null
Sun Oct 04 18:00:00 UTC 2026,1.23528,937.2715499999999,null,null,null,null,null,null,1740.248822727273,null,1940.248822727273,null
Sun Oct 04 19:00:00 UTC 2026,1.23528,937.2715499999999,null,null,null,null,null,null,1765.0897318181817,null,1965.0897318181817,null
Sun Oct 04 20:00:00 UTC 2026,1.23528,937.2715499999999,null,null,null,null,null,null,1789.930640909091,null,1989.930640909091,null
Sun Oct 04 21:00:00 UTC 2026,1.23528,689.27155,null,null,null,null,null,null,1814.7715500000002,null,2014.7715500000002,null
Sun Oct 04 22:00:00 UTC 2026,1.23528,960.2715499999999,null,null,null,null,null,null,1839.612459090909,null,2039.612459090909,null
Sun Oct 04 23:00:00 UTC 2026,1.23528,965.2715499999999,null,null,null,null,null,null,1864.4533681818182,null,2064.453368181818,null
Mon Oct 05 00:00:00 UTC 2026,1.23528,974.2715499999999,null,null,null,null,null,null,1889.2942772727272,null,2089.294277272727,null
Mon Oct 05 01:00:00 UTC 2026,1.23528,889.2715499999999,null,null,null,null,null,null,1914.1351863636362,null,2114.1351863636364,null
Mon Oct 05 02:00:00 UTC 2026,1.23528,1019.2715499999999,null,null,null,null,null,null,1938.9760954545452,null,2138.9760954545454,null
Mon Oct 05 03:00:00 UTC 2026,1.23528,1131.27155,null,null,null,null,null,null,1963.8170045454547,null,2163.8170045454544,null
Mon Oct 05 04:00:00 UTC 2026,1.23528,908.2715499999999,null,null,null,null,null,null,1988.657913636364,null,2188.6579136363634,null
Mon Oct 05 05:00:00 UTC 2026,1.23528,814.2715499999999,null,null,null,null,null,null,2013.4988227272727,null,2213.498822727273,null
Mon Oct 05 06:00:00 UTC 2026,1.23528,871.2715499999999,null,null,null,null,null,null,2038.339731818182,null,2238.339731818182,null
Mon Oct 05 07:00:00 UTC 2026,1.23528,830.2715499999999,null,null,null,null,null,null,2063.180640909091,null,2263.180640909091,null
Mon Oct 05 08:00:00 UTC 2026,1.23528,1108.27155,null,null,null,null,null,null,2088.02155,null,2288.02155,null
Mon Oct 05 09:00:00 UTC 2026,1.23528,1111.27155,null,null,null,null,null,null,2112.8624590909094,null,2312.862459090909,null
Mon Oct 05 10:00:00 UTC 2026,1.23528,1387.27155,null,null,null,null,null,null,2137.703368181818,null,2337.703368181818,null
Mon Oct 05 11:00:00 UTC 2026,1.23528,1320.27155,null,null,null,null,null,null,2162.544277272727,null,2362.5442772727274,null
Mon Oct 05 12:00:00 UTC 2026,1.23528,1551.27155,null,null,null,null,null,null,2187.385186363636,null,2387.3851863636364,null
Mon Oct 05 13:00:00 UTC 2026,1.23528,1498.27155,null,null,null,null,null,null,2212.2260954545454,null,2412.226095454545,null
Mon Oct 05 14:00:00 UTC 2026,1.23528,1578.27155,null,null,null,null,null,null,2237.067004545455,null,2437.0670045454544,null
Mon Oct 05 15:00:00 UTC 2026,1.23528,1688.27155,null,null,null,null,null,null,2261.907913636364,null,2461.907913636364,null
Mon Oct 05 16:00:00 UTC 2026,1.23528,1737.27155,null,null,null,null,null,null,2286.7488227272725,null,2486.748822727273,null
Mon Oct 05 17:00:00 UTC 2026,1.23528,1707.27155,null,null,null,null,null,null,2311.5897318181815,null,2511.5897318181815,null
Mon Oct 05 18:00:00 UTC 2026,1.23528,1634.27155,null,null,null,null,null,null,2336.430640909091,null,2536.430640909091,null
Mon Oct 05 19:00:00 UTC 2026,1.23528,1761.27155,null,1861.27155,null,null,null,null,2361.27155,null,2561.27155,null
Mon Oct 05 20:00:00 UTC 2026,1.23528,1657.27155,null,1851.3356525641027,null,null,null,null,null,null,null,null
Mon Oct 05 21:00:00 UTC 2026,1.23528,1397.27155,null,1841.399755128205,null,null,null,null,null,null,null,null
Mon Oct 05 22:00:00 UTC 2026,1.23528,1498.27155,null,1831.4638576923076,null,null,null,null,null,null,null,null
Mon Oct 05 23:00:00 UTC 2026,1.23528,1370.27155,null,1821.52796025641,null,null,null,null,null,null,null,null
Tue Oct 06 00:00:00 UTC 2026,1.23528,1384.27155,null,1811.5920628205129,null,null,null,null,null,null,null,null
Tue Oct 06 01:00:00 UTC 2026,1.23528,1334.27155,null,1801.6561653846154,null,null,null,null,null,null,null,null
Tue Oct 06 02:00:00 UTC 2026,1.23528,1133.27155,null,1791.720267948718,null,null,null,null,null,null,null,null
Tue Oct 06 03:00:00 UTC 2026,1.23528,1209.27155,null,1781.7843705128203,null,null,null,null,null,null,null,null
Tue Oct 06 04:00:00 UTC 2026,1.23528,1012.2715499999999,null,1771.848473076923,null,null,null,null,null,null,null,null
Tue Oct 06 05:00:00 UTC 2026,1.23528,964.2715499999999,null,1761.9125756410258,null,null,null,null,null,null,null,null
Tue Oct 06 06:00:00 UTC 2026,1.23528,991.2715499999999,null,1751.976678205128,null,null,null,null,null,null,null,null
Tue Oct 06 07:00:00 UTC 2026,1.23528,1000.2715499999999,null,1742.0407807692309,null,null,null,null,null,null,null,null
Tue Oct 06 08:00:00 UTC 2026,1.23528,926.2715499999999,null,1732.1048833333332,null,null,null,null,null,null,null,null
Tue Oct 06 09:00:00 UTC 2026,1.23528,908.2715499999999,null,1722.168985897436,null,null,null,null,null,null,null,null
Tue Oct 06 10:00:00 UTC 2026,1.23528,816.2715499999999,null,1712.2330884615383,null,null,null,null,null,null,null,null
Tue Oct 06 11:00:00 UTC 2026,1.23528,1017.2715499999999,null,1702.297191025641,null,null,null,null,null,null,null,null
Tue Oct 06 12:00:00 UTC 2026,1.23528,823.2715499999999,null,1692.3612935897436,null,null,null,null,null,null,null,null
Tue Oct 06 13:00:00 UTC 2026,1.23528,644.27155,null,1682.4253961538461,null,null,null,null,null,null,null,null
Tue Oct 06 14:00:00 UTC 2026,1.23528,672.27155,null,1672.4894987179487,null,null,null,null,null,null,null,null
Tue Oct 06 15:00:00 UTC 2026,1.23528,515.27155,null,1662.5536012820512,null,null,null,null,null,null,null,null
Tue Oct 06 16:00:00 UTC 2026,1.23528,418.27155,null,1652.617703846154,null,null,null,null,1018.2715499999999,null,null,null
Tue Oct 06 17:00:00 UTC 2026,1.23528,619.27155,null,1642.6818064102563,null,null,null,null,1048.0771055555556,null,null,null
Tue Oct 06 18:00:00 UTC 2026,1.23528,723.2715499999999,null,1632.7459089743588,null,null,null,null,1077.882661111111,null,null,null
Tue Oct 06 19:00:00 UTC 2026,1.23528,820.2715499999999,null,1622.8100115384614,null,null,null,null,1107.6882166666664,null,null,null
Tue Oct 06 20:00:00 UTC 2026,1.23528,757.2715499999999,null,1612.8741141025641,null,null,null,null,1137.493772222222,null,null,null
Tue Oct 06 21:00:00 UTC 2026,1.23528,668.27155,null,1602.9382166666667,null,null,null,null,1167.2993277777778,null,null,null
Tue Oct 06 22:00:00 UTC 2026,1.23528,486.27155,null,1593.002319230769,null,null,null,null,1197.1048833333334,null,null,null
Tue Oct 06 23:00:00 UTC 2026,1.23528,539.27155,null,1583.0664217948715,null,null,null,null,1226.9104388888888,null,null,null
Wed Oct 07 00:00:00 UTC 2026,1.23528,537.27155,null,1573.1305243589743,null,null,null,null,1256.7159944444443,null,null,null
Wed Oct 07 01:00:00 UTC 2026,1.23528,427.27155,null,1563.194626923077,null,null,null,null,1286.52155,null,null,null
Wed Oct 07 02:00:00 UTC 2026,1.23528,691.27155,null,1553.2587294871794,null,null,null,null,1316.3271055555556,null,null,null
Wed Oct 07 03:00:00 UTC 2026,1.23528,963.2715499999999,null,1543.322832051282,null,null,null,null,1346.132661111111,null,null,null
Wed Oct 07 04:00:00 UTC 2026,1.23528,1098.27155,null,1533.3869346153845,null,null,null,null,1375.9382166666664,null,null,null
Wed Oct 07 05:00:00 UTC 2026,1.23528,950.2715499999999,null,1523.4510371794872,null,null,null,null,1405.743772222222,null,null,null
Wed Oct 07 06:00:00 UTC 2026,1.23528,1067.27155,null,1513.5151397435895,null,null,null,null,1435.5493277777778,null,null,null
Wed Oct 07 07:00:00 UTC 2026,1.23528,1062.27155,null,1503.5792423076923,null,null,null,null,1465.3548833333334,null,null,null
Wed Oct 07 08:00:00 UTC 2026,1.23528,1089.27155,null,1493.6433448717946,null,null,null,null,1495.1604388888888,null,null,null
Wed Oct 07 09:00:00 UTC 2026,1.23528,1053.27155,null,1483.7074474358974,null,null,null,null,1524.9659944444443,null,null,null
Wed Oct 07 10:00:00 UTC 2026,1.23528,1072.27155,null,1473.7715500000002,null,null,null,null,1554.77155,null,null,null
Wed Oct 07 11:00:00 UTC 2026,1.23528,1051.27155,null,1463.8356525641025,null,null,null,null,1584.5771055555556,null,null,null
Wed Oct 07 12:00:00 UTC 2026,1.23528,1073.27155,null,1453.8997551282052,null,null,null,null,1614.382661111111,null,null,null
Wed Oct 07 13:00:00 UTC 2026,1.23528,899.2715499999999,null,1443.9638576923076,null,null,null,null,1644.1882166666667,null,null,null
Wed Oct 07 14:00:00 UTC 2026,1.23528,835.2715499999999,null,1434.0279602564103,null,null,null,null,1673.993772222222,null,null,null
Wed Oct 07 15:00:00 UTC 2026,1.23528,786.2715499999999,null,1424.0920628205126,null,null,null,null,1703.7993277777775,null,null,null
Wed Oct 07 16:00:00 UTC 2026,1.23528,780.2715499999999,null,1414.1561653846154,null,null,null,null,1733.6048833333332,null,null,null
Wed Oct 07 17:00:00 UTC 2026,1.23528,731.2715499999999,null,1404.220267948718,null,null,null,null,1763.4104388888886,null,null,null
Wed Oct 07 18:00:00 UTC 2026,1.23528,768.2715499999999,null,1394.2843705128205,null,null,null,null,1793.2159944444443,null,null,null
Wed Oct 07 19:00:00 UTC 2026,1.23528,879.2715499999999,null,1384.348473076923,null,null,null,null,1823.02155,null,null,null
Wed Oct 07 20:00:00 UTC 2026,1.23528,1066.27155,null,1374.4125756410256,null,null,null,null,1852.8271055555556,null,null,null
Wed Oct 07 21:00:00 UTC 2026,1.23528,1005.2715499999999,null,1364.4766782051283,null,null,null,null,1882.6326611111112,null,null,null
Wed Oct 07 22:00:00 UTC 2026,1.23528,1082.27155,null,1354.5407807692309,null,null,null,null,1912.4382166666667,null,null,null
Wed Oct 07 23:00:00 UTC 2026,1.23528,1226.27155,null,1344.6048833333332,null,null,null,null,1942.2437722222223,null,null,null
Thu Oct 08 00:00:00 UTC 2026,1.23528,1146.27155,null,1334.6689858974357,null,null,null,null,1972.0493277777778,null,null,null
Thu Oct 08 01:00:00 UTC 2026,1.23528,1152.27155,null,1324.7330884615385,null,null,null,null,2001.8548833333332,null,null,null
Thu Oct 08 02:00:00 UTC 2026,1.23528,1189.27155,null,1314.797191025641,null,null,null,null,2031.6604388888888,null,null,null
Thu Oct 08 03:00:00 UTC 2026,1.23528,1336.27155,null,1304.8612935897436,null,null,null,null,2061.4659944444443,null,null,null
Thu Oct 08 04:00:00 UTC 2026,1.23528,1491.27155,null,1294.9253961538461,null,null,null,null,2091.27155,null,null,null
Thu Oct 08 05:00:00 UTC 2026,1.23528,1341.27155,null,1284.9894987179487,null,null,null,null,null,null,null,null
Thu Oct 08 06:00:00 UTC 2026,1.23528,1303.27155,null,1275.0536012820514,null,null,null,null,null,null,null,null
Thu Oct 08 07:00:00 UTC 2026,1.23528,1445.27155,null,1265.1177038461537,null,null,null,null,null,null,null,null
Thu Oct 08 08:00:00 UTC 2026,1.23528,1419.27155,null,1255.1818064102563,null,null,null,null,null,null,null,null
Thu Oct 08 09:00:00 UTC 2026,1.23528,1254.27155,null,1245.2459089743588,null,null,null,null,null,null,null,null
Thu Oct 08 10:00:00 UTC 2026,1.23528,1303.27155,null,1235.3100115384616,null,null,null,null,null,null,null,null
Thu Oct 08 11:00:00 UTC 2026,1.23528,1419.27155,null,1225.374114102564,null,null,null,null,null,null,null,null
Thu Oct 08 12:00:00 UTC 2026,1.23528,1456.27155,null,1215.4382166666667,null,null,null,null,null,null,null,null
Thu Oct 08 13:00:00 UTC 2026,1.23528,1479.27155,null,1205.502319230769,null,null,null,null,null,null,null,null
Thu Oct 08 14:00:00 UTC 2026,1.23528,1383.27155,null,1195.5664217948718,null,null,null,null,null,null,null,null
Thu Oct 08 15:00:00 UTC 2026,1.23528,1428.27155,null,1185.6305243589743,null,null,null,null,null,null,null,null
Thu Oct 08 16:00:00 UTC 2026,1.23528,1116.27155,null,1175.6946269230768,null,null,null,null,null,null,null,null
Thu Oct 08 17:00:00 UTC 2026,1.23528,994.2715499999999,null,1165.7587294871796,null,null,null,null,null,null,null,null
Thu Oct 08 18:00:00 UTC 2026,1.23528,975.2715499999999,null,1155.822832051282,null,null,null,null,null,null,null,null
Thu Oct 08 19:00:00 UTC 2026,1.23528,1130.27155,null,1145.8869346153845,null,null,null,null,null,null,null,null
Thu Oct 08 20:00:00 UTC 2026,1.23528,984.2715499999999,null,1135.951037179487,null,null,null,null,null,null,null,null
Thu Oct 08 21:00:00 UTC 2026,1.23528,904.2715499999999,null,1126.0151397435898,null,null,null,null,null,null,null,null
Thu Oct 08 22:00:00 UTC 2026,1.23528,1008.2715499999999,null,1116.0792423076923,null,null,null,null,null,null,null,null
Thu Oct 08 23:00:00 UTC 2026,1.23528,1123.27155,null,1106.1433448717949,null,null,null,null,null,null,null,null
Fri Oct 09 00:00:00 UTC 2026,1.23528,1158.27155,null,1096.2074474358974,null,null,null,null,null,null,null,null
Fri Oct 09 01:00:00 UTC 2026,1.23528,1431.27155,null,1086.27155,null,null,null,null,null,null,null,null
Fri Oct 09 02:00:00 UTC 2026,1.23528,1390.27155,null,1076.3356525641025,null,null,null,null,null,null,null,null
Fri Oct 09 03:00:00 UTC 2026,1.23528,1426.27155,null,1066.399755128205,null,null,null,null,null,null,null,null
Fri Oct 09 04:00:00 UTC 2026,1.23528,1397.27155,null,1056.4638576923078,null,null,null,null,null,null,null,null
Fri Oct 09 05:00:00 UTC 2026,1.23528,1500.27155,null,1046.52796025641,null,null,null,null,null,null,null,null
Fri Oct 09 06:00:00 UTC 2026,1.23528,1374.27155,null,1036.5920628205129,null,null,null,null,null,null,null,null
Fri Oct 09 07:00:00 UTC 2026,1.23528,1233.27155,null,1026.6561653846154,null,null,null,null,null,null,null,null
Fri Oct 09 08:00:00 UTC 2026,1.23528,1420.27155,null,1016.720267948718,null,null,null,null,null,null,null,null
Fri Oct 09 09:00:00 UTC 2026,1.23528,1514.27155,null,1006.7843705128205,null,null,null,null,null,null,null,null
Fri Oct 09 10:00:00 UTC 2026,1.23528,1424.27155,null,996.848473076923,null,null,null,null,null,null,null,null
Fri Oct 09 11:00:00 UTC 2026,1.23528,1293.27155,null,986.9125756410256,null,null,null,null,null,null,null,null
Fri Oct 09 12:00:00 UTC 2026,1.23528,1278.27155,null,976.9766782051281,null,null,null,null,null,null,null,null
Fri Oct 09 13:00:00 UTC 2026,1.23528,1326.27155,null,967.0407807692307,null,null,null,null,null,null,null,null
Fri Oct 09 14:00:00 UTC 2026,1.23528,1361.27155,null,957.1048833333334,null,null,null,null,null,null,null,null
Fri Oct 09 15:00:00 UTC 2026,1.23528,1185.27155,null,947.1689858974358,null,null,null,null,null,null,null,null
Fri Oct 09 16:00:00 UTC 2026,1.23528,976.2715499999999,null,937.2330884615385,null,null,null,null,null,null,null,null
Fri Oct 09 17:00:00 UTC 2026,1.23528,1189.27155,null,927.2971910256409,null,null,null,null,null,null,null,null
Fri Oct 09 18:00:00 UTC 2026,1.23528,1086.27155,null,917.3612935897436,null,null,null,null,null,null,null,null
Fri Oct 09 19:00:00 UTC 2026,1.23528,1023.2715499999999,null,907.4253961538461,null,null,null,null,null,null,null,null
Fri Oct 09 20:00:00 UTC 2026,1.23528,788.2715499999999,null,897.4894987179487,null,null,null,null,null,null,null,null
Fri Oct 09 21:00:00 UTC 2026,1.23528,788.2715499999999,null,887.5536012820512,null,null,null,null,null,null,null,null
Fri Oct 09 22:00:00 UTC 2026,1.23528,788.2715499999999,null,877.6177038461537,null,null,null,null,null,null,null,null
Fri Oct 09 23:00:00 UTC 2026,1.23528,788.2715499999999,null,867.6818064102564,null,null,null,null,null,null,null,null
Sat Oct 10 00:00:00 UTC 2026,1.23528,788.2715499999999,null,857.745908974359,null,null,null,null,null,null,null,null
Sat Oct 10 01:00:00 UTC 2026,1.23528,788.2715499999999,null,847.8100115384615,null,null,null,null,null,null,null,null
Sat Oct 10 02:00:00 UTC 2026,1.23528,788.2715499999999,null,837.8741141025641,null,null,null,null,null,null,null,null
Sat Oct 10 03:00:00 UTC 2026,1.23528,788.2715499999999,null,827.9382166666666,null,null,null,null,null,null,null,null
Sat Oct 10 04:00:00 UTC 2026,1.23528,788.2715499999999,null,818.0023192307692,null,null,null,null,null,null,null,null
Sat Oct 10 05:00:00 UTC 2026,1.23528,788.2715499999999,null,808.0664217948718,null,null,null,null,null,null,null,null
Sat Oct 10 06:00:00 UTC 2026,1.23528,788.2715499999999,null,798.1305243589743,null,null,null,null,null,null,null,null
Sat Oct 10 07:00:00 UTC 2026,1.23528,788.2715499999999,null,788.1946269230768,null,null,null,null,null,null,null,null
Sat Oct 10 08:00:00 UTC 2026,1.23528,788.2715499999999,null,778.2587294871794,null,null,null,null,null,null,null,null
Sat Oct 10 09:00:00 UTC 2026,1.23528,788.2715499999999,null,768.322832051282,null,null,null,null,null,null,null,null
Sat Oct 10 10:00:00 UTC 2026,1.23528,788.2715499999999,null,758.3869346153846,null,null,null,null,null,null,null,null
Sat Oct 10 11:00:00 UTC 2026,1.23528,788.2715499999999,null,748.4510371794871,null,null,null,null,null,null,null,null
Sat Oct 10 12:00:00 UTC 2026,1.23528,788.2715499999999,null,738.5151397435898,null,null,null,null,null,null,null,null
Sat Oct 10 13:00:00 UTC 2026,1.23528,788.2715499999999,null,728.5792423076923,null,null,null,null,null,null,null,null
Sat Oct 10 14:00:00 UTC 2026,1.23528,788.2715499999999,null,718.6433448717949,null,null,null,null,null,null,null,null
Sat Oct 10 15:00:00 UTC 2026,1.23528,788.2715499999999,null,708.7074474358974,null,null,null,null,null,null,null,null
Sat Oct 10 16:00:00 UTC 2026,1.23528,788.2715499999999,null,698.7715499999999,null,null,null,null,null,null,null,null
Sat Oct 10 17:00:00 UTC 2026,1.23528,788.2715499999999,null,688.8356525641025,null,null,null,null,null,null,null,null
Sat Oct 10 18:00:00 UTC 2026,1.23528,788.2715499999999,null,678.899755128205,null,null,null,null,null,null,null,null
Sat Oct 10 19:00:00 UTC 2026,1.23528,788.2715499999999,null,668.9638576923077,null,null,null,null,null,null,null,null
Sat Oct 10 20:00:00 UTC 2026,1.23528,788.2715499999999,null,659.0279602564102,null,null,null,null,null,null,null,null
Sat Oct 10 21:00:00 UTC 2026,1.23528,788.2715499999999,null,649.0920628205129,null,null,null,null,null,null,null,null
Sat Oct 10 22:00:00 UTC 2026,1.23528,788.2715499999999,null,639.1561653846154,null,null,null,null,null,null,null,null
Sat Oct 10 23:00:00 UTC 2026,1.23528,788.2715499999999,null,629.220267948718,null,null,null,null,null,null,null,null
Sun Oct 11 00:00:00 UTC 2026,1.23528,788.2715499999999,null,619.2843705128205,null,null,null,null,null,null,null,null
Sun Oct 11 01:00:00 UTC 2026,1.23528,788.2715499999999,null,609.348473076923,null,null,null,null,null,null,null,null
Sun Oct 11 02:00:00 UTC 2026,1.23528,788.2715499999999,null,599.4125756410256,null,null,null,null,null,null,null,null
Sun Oct 11 03:00:00 UTC 2026,1.23528,788.2715499999999,null,589.4766782051281,null,null,null,null,null,null,null,null
Sun Oct 11 04:00:00 UTC 2026,1.23528,788.2715499999999,null,579.5407807692307,null,null,null,null,null,null,null,null
Sun Oct 11 05:00:00 UTC 2026,1.23528,788.2715499999999,null,569.6048833333333,null,null,null,null,null,null,null,null
Sun Oct 11 06:00:00 UTC 2026,1.23528,788.2715499999999,null,559.668985897436,null,null,null,null,null,null,null,null
Sun Oct 11 07:00:00 UTC 2026,1.23528,788.2715499999999,null,549.7330884615385,null,null,null,null,null,null,null,null
Sun Oct 11 08:00:00 UTC 2026,1.23528,788.2715499999999,null,539.797191025641,null,null,null,null,null,null,null,null
Sun Oct 11 09:00:00 UTC 2026,1.23528,788.2715499999999,null,529.8612935897436,null,null,null,null,null,null,null,null
Sun Oct 11 10:00:00 UTC 2026,1.23528,788.2715499999999,null,519.9253961538461,null,null,null,null,null,null,null,null
Sun Oct 11 11:00:00 UTC 2026,1.23528,788.2715499999999,null,509.98949871794866,null,null,null,null,null,null,null,null
Sun Oct 11 12:00:00 UTC 2026,1.23528,788.2715499999999,null,500.05360128205126,null,null,null,null,null,null,null,null
Sun Oct 11 13:00:00 UTC 2026,1.23528,788.2715499999999,null,490.11770384615386,null,null,null,null,null,null,null,null
Sun Oct 11 14:00:00 UTC 2026,1.23528,788.2715499999999,null,480.1818064102564,null,null,null,null,null,null,null,null
Sun Oct 11 15:00:00 UTC 2026,1.23528,788.2715499999999,null,470.24590897435894,null,null,null,null,null,null,null,null
Sun Oct 11 16:00:00 UTC 2026,1.23528,788.2715499999999,null,460.31001153846154,null,null,null,null,null,null,null,null
Sun Oct 11 17:00:00 UTC 2026,1.23528,788.2715499999999,null,450.3741141025641,null,null,null,null,null,null,null,null
Sun Oct 11 18:00:00 UTC 2026,1.23528,788.2715499999999,null,440.4382166666666,null,null,null,null,null,null,null,null
Sun Oct 11 19:00:00 UTC 2026,1.23528,788.2715499999999,null,430.5023192307692,null,null,null,null,null,null,null,null
Sun Oct 11 20:00:00 UTC 2026,1.23528,788.2715499999999,null,420.56642179487176,null,null,null,null,null,null,null,null
Sun Oct 11 21:00:00 UTC 2026,1.23528,673.27155,null,410.63052435897436,null,null,null,null,null,null,null,null
Sun Oct 11 22:00:00 UTC 2026,1.23528,697.27155,null,400.6946269230769,null,null,null,null,null,null,null,null
Sun Oct 11 23:00:00 UTC 2026,1.23528,651.27155,null,390.75872948717944,null,null,null,null,null,null,null,null
Mon Oct 12 00:00:00 UTC 2026,1.23528,584.27155,null,380.82283205128203,null,null,null,null,null,null,null,null
Mon Oct 12 01:00:00 UTC 2026,1.23528,718.2715499999999,null,370.88693461538463,null,null,null,null,null,null,null,null
Mon Oct 12 02:00:00 UTC 2026,1.23528,725.2715499999999,null,360.9510371794872,null,null,null,null,null,null,null,null
Mon Oct 12 03:00:00 UTC 2026,1.23528,405.27155,null,351.0151397435897,null,null,null,null,null,null,null,null
Mon Oct 12 04:00:00 UTC 2026,1.23528,415.27155,null,341.07924230769225,null,null,null,null,null,null,null,null
Mon Oct 12 05:00:00 UTC 2026,1.23528,360.27155,null,331.1433448717949,null,null,null,null,null,null,null,null
Mon Oct 12 06:00:00 UTC 2026,1.23528,326.27155,null,321.20744743589745,null,null,null,null,null,null,null,null
Mon Oct 12 07:00:00 UTC 2026,1.23528,211.27155,null,311.27155,null,null,null,null,811.2715499999999,null,null,null
Mon Oct 12 08:00:00 UTC 2026,1.23528,468.27155,null,null,null,null,null,null,870.2715499999999,null,null,null
Mon Oct 12 09:00:00 UTC 2026,1.23528,671.27155,null,null,null,null,null,null,929.27155,null,null,null
Mon Oct 12 10:00:00 UTC 2026,1.23528,740.2715499999999,null,null,null,null,null,null,988.2715499999999,null,null,null
Mon Oct 12 11:00:00 UTC 2026,1.23528,660.27155,null,null,null,null,null,null,1047.27155,null,null,null
Mon Oct 12 12:00:00 UTC 2026,1.23528,816.2715499999999,null,null,null,null,null,null,1106.27155,null,null,null
Mon Oct 12 13:00:00 UTC 2026,1.23528,819.2715499999999,null,null,null,null,null,null,1165.27155,null,null,null
Mon Oct 12 14:00:00 UTC 2026,1.23528,1186.27155,null,null,null,null,null,null,1224.27155,null,null,null
Mon Oct 12 15:00:00 UTC 2026,1.23528,968.2715499999999,null,null,null,null,null,null,1283.27155,null,null,null
Mon Oct 12 16:00:00 UTC 2026,1.23528,798.2715499999999,null,null,null,null,null,null,1342.27155,null,null,null
Mon Oct 12 17:00:00 UTC 2026,1.23528,663.27155,null,null,null,null,null,null,1401.27155,null,null,null
Mon Oct 12 18:00:00 UTC 2026,1.23528,835.2715499999999,null,null,null,null,null,null,1460.27155,null,null,null
Mon Oct 12 19:00:00 UTC 2026,1.23528,943.2715499999999,null,null,null,null,null,null,1519.27155,null,null,null
Mon Oct 12 20:00:00 UTC 2026,1.23528,986.2715499999999,null,null,null,null,null,null,1578.27155,null,null,null
Mon Oct 12 21:00:00 UTC 2026,1.23528,804.2715499999999,null,null,null,null,null,null,1637.27155,null,null,null
Mon Oct 12 22:00:00 UTC 2026,1.23528,803.2715499999999,null,null,null,null,null,null,1696.27155,null,null,null
Mon Oct 12 23:00:00 UTC 2026,1.23528,1021.2715499999999,null,null,null,null,null,null,1755.27155,null,null,null
Tue Oct 13 00:00:00 UTC 2026,1.23528,747.2715499999999,null,null,null,null,null,null,1814.27155,null,null,null
Tue Oct 13 01:00:00 UTC 2026,1.23528,903.2715499999999,null,null,null,null,null,null,1873.2715499999997,null,null,null
Tue Oct 13 02:00:00 UTC 2026,1.23528,1308.27155,null,null,null,null,null,null,1932.2715500000002,null,null,null
Tue Oct 13 03:00:00 UTC 2026,1.23528,1184.27155,null,null,null,null,null,null,1991.27155,null,null,null
Tue Oct 13 04:00:00 UTC 2026,1.23528,1090.27155,null,null,null,null,null,null,2050.27155,null,null,null
Tue Oct 13 05:00:00 UTC 2026,1.23528,1186.27155,null,null,null,null,null,null,2109.27155,null,null,null
Tue Oct 13 06:00:00 UTC 2026,1.23528,1126.27155,null,null,null,null,null,null,2168.27155,null,null,null
Tue Oct 13 07:00:00 UTC 2026,1.23528,1107.27155,null,null,null,null,null,null,2227.27155,null,null,null
Tue Oct 13 08:00:00 UTC 2026,1.23528,918.2715499999999,null,null,null,null,null,null,2286.27155,null,null,null
Tue Oct 13 09:00:00 UTC 2026,1.23528,845.2715499999999,null,null,null,null,null,null,2345.27155,null,null,null
Tue Oct 13 10:00:00 UTC 2026,1.23528,807.2715499999999,null,null,null,null,null,null,2404.2715500000004,null,null,null
Tue Oct 13 11:00:00 UTC 2026,1.23528,1038.27155,null,null,null,null,null,null,2463.27155,null,null,null
Tue Oct 13 12:00:00 UTC 2026,1.23528,906.2715499999999,null,null,null,null,null,null,2522.27155,null,null,null
Tue Oct 13 13:00:00 UTC 2026,1.23528,1005.2715499999999,null,null,null,null,null,null,2581.27155,null,null,null
Tue Oct 13 14:00:00 UTC 2026,1.23528,947.2715499999999,null,null,null,null,null,null,2640.27155,null,null,null
Tue Oct 13 15:00:00 UTC 2026,1.23528,2085.27155,null,null,null,null,null,null,2699.2715500000004,null,null,null
Tue Oct 13 16:00:00 UTC 2026,1.23528,2158.27155,null,null,null,null,null,null,2758.27155,null,null,null
Tue Oct 13 17:00:00 UTC 2026,1.23528,2152.27155,null,null,null,null,null,null,null,null,null,null
Tue Oct 13 18:00:00 UTC 2026,1.23528,2044.27155,null,null,null,null,null,null,null,null,null,null
Tue Oct 13 19:00:00 UTC 2026,1.23528,2031.27155,null,null,null,null,null,null,null,null,null,null
Tue Oct 13 20:00:00 UTC 2026,1.23528,2082.27155,null,null,null,null,null,null,null,null,null,null
Tue Oct 13 21:00:00 UTC 2026,1.23528,2068.27155,null,null,null,null,null,null,null,null,null,null
Tue Oct 13 22:00:00 UTC 2026,1.23528,2120.27155,null,null,null,null,null,null,null,null,null,null
Tue Oct 13 23:00:00 UTC 2026,1.23528,2053.27155,null,null,null,null,null,null,null,null,null,null
Wed Oct 14 00:00:00 UTC 2026,1.23528,2141.27155,null,null,null,null,null,null,null,null,null,null
Wed Oct 14 01:00:00 UTC 2026,1.23528,2058.27155,null,null,null,null,null,null,null,null,null,null
Wed Oct 14 02:00:00 UTC 2026,1.23528,1901.27155,null,null,null,null,null,null,null,null,null,null
Wed Oct 14 03:00:00 UTC 2026,1.23528,1959.27155,null,null,null,null,null,null,null,null,null,null
Wed Oct 14 04:00:00 UTC 2026,1.23528,2007.27155,null,null,null,null,null,null,null,null,null,null
Wed Oct 14 05:00:00 UTC 2026,1.23528,2005.27155,null,null,null,null,null,null,null,null,null,null
Wed Oct 14 06:00:00 UTC 2026,1.23528,2035.27155,null,null,null,null,null,null,null,null,null,null
Wed Oct 14 07:00:00 UTC 2026,1.23528,2130.27155,null,null,null,null,null,null,null,null,null,null
Wed Oct 14 08:00:00 UTC 2026,1.23528,2093.27155,null,null,null,null,null,null,null,null,null,null
Wed Oct 14 09:00:00 UTC 2026,1.23528,2040.27155,null,null,null,null,null,null,null,null,null,null
Wed Oct 14 10:00:00 UTC 2026,1.23528,1993.27155,null,null,null,null,null,null,null,null,null,null
Wed Oct 14 11:00:00 UTC 2026,1.23528,1979.27155,null,null,null,null,null,null,null,null,null,null
Wed Oct 14 12:00:00 UTC 2026,1.23528,2042.27155,null,null,null,null,null,null,null,null,null,null
Wed Oct 14 13:00:00 UTC 2026,1.23528,1837.27155,null,null,null,null,null,null,null,null,null,null
Wed Oct 14 14:00:00 UTC 2026,1.23528,1862.27155,null,null,null,null,null,null,null,null,null,null
Wed Oct 14 15:00:00 UTC 2026,1.23528,1793.27155,null,null,null,null,null,null,null,null,null,null
Wed Oct 14 16:00:00 UTC 2026,1.23528,1883.27155,null,null,null,null,null,null,null,null,null,null
Wed Oct 14 17:00:00 UTC 2026,1.23528,2005.27155,null,null,null,null,null,null,null,null,null,null
Wed Oct 14 18:00:00 UTC 2026,1.23528,2003.27155,null,null,null,null,null,null,null,null,null,null
Wed Oct 14 19:00:00 UTC 2026,1.23528,2054.27155,null,null,null,null,null,null,null,null,null,null
Wed Oct 14 20:00:00 UTC 2026,1.23528,1944.27155,null,null,null,null,null,null,null,null,null,null
Wed Oct 14 21:00:00 UTC 2026,1.23528,1869.27155,null,null,null,null,null,null,null,null,null,null
Wed Oct 14 22:00:00 UTC 2026,1.23528,1605.27155,null,null,null,null,null,null,null,null,null,null
Wed Oct 14 23:00:00 UTC 2026,1.23528,1586.27155,null,null,null,null,null,null,2186.27155,null,null,null
Thu Oct 15 00:00:00 UTC 2026,1.23528,1761.27155,null,null,null,null,null,null,2248.581894827586,null,null,null
Thu Oct 15 01:00:00 UTC 2026,1.23528,1773.27155,null,null,null,null,null,null,2310.8922396551725,null,null,null
Thu Oct 15 02:00:00 UTC 2026,1.23528,1841.27155,null,null,null,null,null,null,2373.2025844827585,null,null,null
Thu Oct 15 03:00:00 UTC 2026,1.23528,1797.27155,null,null,null,null,null,null,2435.5129293103446,null,null,null
Thu Oct 15 04:00:00 UTC 2026,1.23528,1857.27155,null,null,null,null,null,null,2497.823274137931,null,null,null
Thu Oct 15 05:00:00 UTC 2026,1.23528,1929.27155,null,null,null,null,null,null,2560.133618965517,null,null,null
Thu Oct 15 06:00:00 UTC 2026,1.23528,1895.27155,null,null,null,null,null,null,2622.443963793103,null,null,null
Thu Oct 15 07:00:00 UTC 2026,1.23528,1952.27155,null,null,null,null,null,null,2684.7543086206897,null,null,null
Thu Oct 15 08:00:00 UTC 2026,1.23528,2160.27155,null,null,null,null,null,null,2747.0646534482757,null,null,null
Thu Oct 15 09:00:00 UTC 2026,1.23528,2260.27155,null,null,null,null,null,null,2809.374998275862,null,null,null
Thu Oct 15 10:00:00 UTC 2026,1.23528,2254.27155,null,null,null,null,null,null,2871.685343103448,null,null,null
Thu Oct 15 11:00:00 UTC 2026,1.23528,2449.27155,null,null,null,null,null,null,2933.995687931034,null,null,null
Thu Oct 15 12:00:00 UTC 2026,1.23528,2423.27155,null,null,null,null,null,null,2996.306032758621,null,null,null
Thu Oct 15 13:00:00 UTC 2026,1.23528,2288.27155,null,null,null,null,null,null,3058.616377586207,null,null,null
Thu Oct 15 14:00:00 UTC 2026,1.23528,2279.27155,null,null,null,null,null,null,3120.926722413793,null,null,null
Thu Oct 15 15:00:00 UTC 2026,1.23528,2398.27155,null,null,null,null,null,null,3183.237067241379,null,null,null
Thu Oct 15 16:00:00 UTC 2026,1.23528,2376.27155,null,null,null,null,null,null,3245.547412068965,null,null,null
Thu Oct 15 17:00:00 UTC 2026,1.23528,2375.27155,null,null,null,null,null,null,3307.857756896552,null,null,null
Thu Oct 15 18:00:00 UTC 2026,1.23528,2364.27155,null,null,null,null,null,null,3370.168101724138,null,null,null
Thu Oct 15 19:00:00 UTC 2026,1.23528,2709.27155,null,null,null,null,null,null,3432.4784465517246,null,null,null
Thu Oct 15 20:00:00 UTC 2026,1.23528,2782.27155,null,null,null,null,null,null,3494.7887913793106,null,null,null
Thu Oct 15 21:00:00 UTC 2026,1.23528,2717.27155,null,null,null,null,null,null,3557.099136206896,null,null,null
Thu Oct 15 22:00:00 UTC 2026,1.23528,3233.27155,null,null,null,null,null,null,3619.4094810344827,null,null,null
Thu Oct 15 23:00:00 UTC 2026,1.23528,3243.27155,null,null,null,null,null,null,3681.719825862069,null,null,null
Fri Oct 16 00:00:00 UTC 2026,1.23528,3213.27155,null,null,null,null,null,null,3744.030170689655,null,null,null
Fri Oct 16 01:00:00 UTC 2026,1.23528,3190.27155,null,null,null,null,null,null,3806.3405155172413,null,null,null
Fri Oct 16 02:00:00 UTC 2026,1.23528,3315.27155,null,null,null,null,null,null,3868.6508603448274,null,null,null
Fri Oct 16 03:00:00 UTC 2026,1.23528,3258.27155,null,null,null,null,null,null,3930.961205172414,null,null,null
Fri Oct 16 04:00:00 UTC 2026,1.23528,3393.27155,null,null,null,null,null,null,3993.27155,null,null,null
Fri Oct 16 05:00:00 UTC 2026,1.23528,3334.27155,null,null,null,null,null,null,null,null,null,null
Fri Oct 16 06:00:00 UTC 2026,1.23528,3381.27155,null,null,null,null,null,null,null,null,null,null
Fri Oct 16 07:00:00 UTC 2026,1.23528,3129.27155,null,null,null,null,null,null,null,null,null,null
Fri Oct 16 08:00:00 UTC 2026,1.23528,3065.27155,null,null,null,null,null,null,null,null,null,null
Fri Oct 16 09:00:00 UTC 2026,1.23528,3089.27155,null,null,null,null,null,null,null,null,null,null
Fri Oct 16 10:00:00 UTC 2026,1.23528,3025.27155,null,null,null,null,null,null,null,null,null,null
Fri Oct 16 11:00:00 UTC 2026,1.23528,2982.27155,null,null,null,null,null,null,null,null,null,null
Fri Oct 16 12:00:00 UTC 2026,1.23528,3021.27155,null,null,null,null,null,null,null,null,null,null
Fri Oct 16 13:00:00 UTC 2026,1.23528,2807.27155,null,null,null,null,null,null,null,null,null,null
Fri Oct 16 14:00:00 UTC 2026,1.23528,3061.27155,null,null,null,null,null,null,null,null,null,null
Fri Oct 16 15:00:00 UTC 2026,1.23528,3117.27155,null,null,null,null,null,null,null,null,null,null
Fri Oct 16 16:00:00 UTC 2026,1.23528,2968.27155,null,null,null,null,null,null,null,null,null,null
Fri Oct 16 17:00:00 UTC 2026,1.23528,3030.27155,null,null,null,null,null,null,null,null,null,null
Fri Oct 16 18:00:00 UTC 2026,1.23528,3085.27155,null,null,null,null,null,null,null,null,null,null
Fri Oct 16 19:00:00 UTC 2026,1.23528,3207.27155,null,null,null,null,null,null,null,null,null,null
Fri Oct 16 20:00:00 UTC 2026,1.23528,3047.27155,null,null,null,null,null,null,null,null,null,null
Fri Oct 16 21:00:00 UTC 2026,1.23528,3047.27155,null,null,null,null,null,null,null,null,null,null
Fri Oct 16 22:00:00 UTC 2026,1.23528,3047.27155,null,null,null,null,null,null,null,null,null,null
Fri Oct 16 23:00:00 UTC 2026,1.23528,3047.27155,null,null,null,null,null,null,null,null,null,null
Sat Oct 17 00:00:00 UTC 2026,1.23528,3047.27155,null,null,null,null,null,null,null,null,null,null
Sat Oct 17 01:00:00 UTC 2026,1.23528,3047.27155,null,null,null,null,null,null,null,null,null,null
Sat Oct 17 02:00:00 UTC 2026,1.23528,3047.27155,null,null,null,null,null,null,null,null,null,null
Sat Oct 17 03:00:00 UTC 2026,1.23528,3047.27155,null,null,null,null,null,null,null,null,null,null
Sat Oct 17 04:00:00 UTC 2026,1.23528,3047.27155,null,null,null,null,null,null,null,null,null,null
Sat Oct 17 05:00:00 UTC 2026,1.23528,3047.27155,null,null,null,null,null,null,null,null,null,null
Sat Oct 17 06:00:00 UTC 2026,1.23528,3047.27155,null,null,null,null,null,null,null,null,null,null
Sat Oct 17 07:00:00 UTC 2026,1.23528,3047.27155,null,null,null,null,null,null,null,null,null,null
Sat Oct 17 08:00:00 UTC 2026,1.23528,3047.27155,null,null,null,null,null,null,null,null,null,null
Sat Oct 17 09:00:00 UTC 2026,1.23528,3047.27155,null,null,null,null,null,null,null,null,null,null
Sat Oct 17 10:00:00 UTC 2026,1.23528,3047.27155,null,null,null,null,null,null,null,null,null,null
Sat Oct 17 11:00:00 UTC 2026,1.23528,3047.27155,null,null,null,null,null,null,null,null,null,null
Sat Oct 17 12:00:00 UTC 2026,1.23528,3047.27155,null,null,null,null,null,null,null,null,null,null
Sat Oct 17 13:00:00 UTC 2026,1.23528,3047.27155,null,null,null,null,null,null,null,null,null,null
Sat Oct 17 14:00:00 UTC 2026,1.23528,3047.27155,null,null,null,null,null,null,null,null,null,null
Sat Oct 17 15:00:00 UTC 2026,1.23528,3047.27155,null,null,null,null,null,null,null,null,null,null
Sat Oct 17 16:00:00 UTC 2026,1.23528,3047.27155,null,null,null,null,null,null,null,null,null,null
Sat Oct 17 17:00:00 UTC 2026,1.23528,3047.27155,null,null,null,null,null,null,null,null,null,null
Sat Oct 17 18:00:00 UTC 2026,1.23528,3047.27155,null,null,null,null,null,null,null,null,null,null
Sat Oct 17 19:00:00 UTC 2026,1.23528,3047.27155,null,null,null,null,null,null,null,null,null,null
Sat Oct 17 20:00:00 UTC 2026,1.23528,3047.27155,null,null,null,null,null,null,null,null,null,null
Sat Oct 17 21:00:00 UTC 2026,1.23528,3047.27155,null,null,null,null,null,null,null,null,null,null
Sat Oct 17 22:00:00 UTC 2026,1.23528,3047.27155,null,null,null,null,null,null,null,null,null,null
Sat Oct 17 23:00:00 UTC 2026,1.23528,3047.27155,null,null,null,null,null,null,null,null,null,null
Sun Oct 18 00:00:00 UTC 2026,1.23528,3047.27155,null,null,null,null,null,null,null,null,null,null
Sun Oct 18 01:00:00 UTC 2026,1.23528,3047.27155,null,null,null,null,null,null,null,null,null,null
Sun Oct 18 02:00:00 UTC 2026,1.23528,3047.27155,null,null,null,null,null,null,null,null,null,null
Sun Oct 18 03:00:00 UTC 2026,1.23528,3047.27155,null,null,null,null,null,null,null,null,null,null
Sun Oct 18 04:00:00 UTC 2026,1.23528,3047.27155,null,null,null,null,null,null,null,null,null,null
Sun Oct 18 05:00:00 UTC 2026,1.23528,3047.27155,null,null,null,null,null,null,null,null,null,null
Sun Oct 18 06:00:00 UTC 2026,1.23528,3047.27155,null,null,null,null,null,null,null,null,null,null
Sun Oct 18 07:00:00 UTC 2026,1.23528,3047.27155,null,null,null,null,null,null,null,null,null,null
Sun Oct 18 08:00:00 UTC 2026,1.23528,3047.27155,null,null,null,null,null,null,null,null,null,null
Sun Oct 18 09:00:00 UTC 2026,1.23528,3047.27155,null,null,null,null,null,null,null,null,null,null
Sun Oct 18 10:00:00 UTC 2026,1.23528,3047.27155,null,null,null,null,null,null,null,null,null,null
Sun Oct 18 11:00:00 UTC 2026,1.23528,3047.27155,null,null,null,null,null,null,null,null,null,null
Sun Oct 18 12:00:00 UTC 2026,1.23528,3047.27155,null,null,null,null,null,null,null,null,null,null
Sun Oct 18 13:00:00 UTC 2026,1.23528,3047.27155,null,null,null,null,null,null,null,null,null,null
Sun Oct 18 14:00:00 UTC 2026,1.23528,3047.27155,null,null,null,null,null,null,null,null,null,null
Sun Oct 18 15:00:00 UTC 2026,1.23528,3047.27155,null,null,null,null,null,null,null,null,null,null
Sun Oct 18 16:00:00 UTC 2026,1.23528,3047.27155,null,null,null,null,null,null,null,null,null,null
Sun Oct 18 17:00:00 UTC 2026,1.23528,3047.27155,null,null,null,null,null,null,null,null,null,null
Sun Oct 18 18:00:00 UTC 2026,1.23528,3047.27155,null,null,null,null,null,null,null,null,null,null
Sun Oct 18 19:00:00 UTC 2026,1.23528,3047.27155,null,null,null,null,null,null,null,null,null,null
Sun Oct 18 20:00:00 UTC 2026,1.23528,3047.27155,null,null,null,null,null,null,null,null,null,null
Sun Oct 18 21:00:00 UTC 2026,1.23528,3155.27155,null,null,null,null,null,null,null,null,null,null
Sun Oct 18 22:00:00 UTC 2026,1.23528,3216.27155,null,null,null,null,null,null,null,null,null,null
Sun Oct 18 23:00:00 UTC 2026,1.23528,3260.27155,null,null,null,null,null,null,null,null,null,null
Mon Oct 19 00:00:00 UTC 2026,1.23528,3486.27155,null,null,null,null,null,null,null,null,null,null
Mon Oct 19 01:00:00 UTC 2026,1.23528,3392.27155,null,null,null,null,null,null,null,null,null,null
Mon Oct 19 02:00:00 UTC 2026,1.23528,3297.27155,null,null,null,null,null,null,null,null,null,null
Mon Oct 19 03:00:00 UTC 2026,1.23528,3281.27155,null,null,null,null,null,null,null,null,null,null
Mon Oct 19 04:00:00 UTC 2026,1.23528,3387.27155,null,null,null,null,null,null,null,null,null,null
Mon Oct 19 05:00:00 UTC 2026,1.23528,3379.27155,null,null,null,null,null,null,null,null,null,null
Mon Oct 19 06:00:00 UTC 2026,1.23528,3330.27155,null,null,null,null,null,null,null,null,null,null
Mon Oct 19 07:00:00 UTC 2026,1.23528,3228.27155,null,null,null,null,null,null,null,null,null,null
Mon Oct 19 08:00:00 UTC 2026,1.23528,3371.27155,null,null,null,null,null,null,null,null,null,null
Mon Oct 19 09:00:00 UTC 2026,1.23528,3302.27155,null,null,null,null,null,null,null,null,null,null
Mon Oct 19 10:00:00 UTC 2026,1.23528,3358.27155,null,null,null,null,null,null,null,null,null,null
Mon Oct 19 11:00:00 UTC 2026,1.23528,3409.27155,null,null,null,null,null,null,null,null,null,null
Mon Oct 19 12:00:00 UTC 2026,1.23528,3521.27155,null,null,null,null,null,null,null,null,null,null
Mon Oct 19 13:00:00 UTC 2026,1.23528,3667.27155,null,3767.27155,null,null,null,null,null,null,null,null
Mon Oct 19 14:00:00 UTC 2026,1.23528,3513.27155,null,3755.6480205882353,null,null,null,null,null,null,null,null
Mon Oct 19 15:00:00 UTC 2026,1.23528,3325.27155,null,3744.0244911764707,null,null,null,null,null,null,null,null
Mon Oct 19 16:00:00 UTC 2026,1.23528,3264.27155,null,3732.400961764706,null,null,null,null,null,null,null,null
Mon Oct 19 17:00:00 UTC 2026,1.23528,3384.27155,null,3720.777432352941,null,null,null,null,null,null,null,null
Mon Oct 19 18:00:00 UTC 2026,1.23528,3301.27155,null,3709.1539029411765,null,null,null,null,null,null,null,null
Mon Oct 19 19:00:00 UTC 2026,1.23528,3226.27155,null,3697.530373529412,null,null,null,null,null,null,null,null
Mon Oct 19 20:00:00 UTC 2026,1.23528,3143.27155,null,3685.9068441176473,null,null,null,null,null,null,null,null
Mon Oct 19 21:00:00 UTC 2026,1.23528,3132.27155,null,3674.2833147058823,null,null,null,null,null,null,null,null
Mon Oct 19 22:00:00 UTC 2026,1.23528,3157.27155,null,3662.6597852941177,null,null,null,null,null,null,null,null
Mon Oct 19 23:00:00 UTC 2026,1.23528,3020.27155,null,3651.0362558823526,null,null,null,null,null,null,null,null
Tue Oct 20 00:00:00 UTC 2026,1.23528,3140.27155,null,3639.412726470588,null,null,null,null,null,null,null,null
Tue Oct 20 01:00:00 UTC 2026,1.23528,3151.27155,null,3627.789197058823,null,null,null,null,null,null,null,null
Tue Oct 20 02:00:00 UTC 2026,1.23528,3011.27155,null,3616.1656676470584,null,null,null,null,null,null,null,null
Tue Oct 20 03:00:00 UTC 2026,1.23528,3218.27155,null,3604.542138235294,null,null,null,null,null,null,null,null
Tue Oct 20 04:00:00 UTC 2026,1.23528,3334.27155,null,3592.918608823529,null,null,null,null,null,null,null,null
Tue Oct 20 05:00:00 UTC 2026,1.23528,3321.27155,null,3581.2950794117646,null,null,null,null,null,null,null,null
Tue Oct 20 06:00:00 UTC 2026,1.23528,3261.27155,null,3569.67155,null,null,null,null,null,null,null,null
Tue Oct 20 07:00:00 UTC 2026,1.23528,3125.27155,null,3558.0480205882354,null,null,null,null,null,null,null,null
Tue Oct 20 08:00:00 UTC 2026,1.23528,1798.27155,null,3546.424491176471,null,null,null,null,null,null,null,null
Tue Oct 20 09:00:00 UTC 2026,1.23528,1835.27155,null,3534.800961764706,null,null,null,null,null,null,null,null
Tue Oct 20 10:00:00 UTC 2026,1.23528,1850.27155,null,3523.177432352941,null,null,null,null,null,null,null,null
Tue Oct 20 11:00:00 UTC 2026,1.23528,1878.27155,null,3511.5539029411766,null,null,null,null,null,null,null,null
Tue Oct 20 12:00:00 UTC 2026,1.23528,1889.27155,null,3499.9303735294116,null,null,null,null,null,null,null,null
Tue Oct 20 13:00:00 UTC 2026,1.23528,1877.27155,null,3488.306844117647,null,null,null,null,null,null,null,null
Tue Oct 20 14:00:00 UTC 2026,1.23528,1826.27155,null,3476.6833147058824,null,null,null,null,null,null,null,null
Tue Oct 20 15:00:00 UTC 2026,1.23528,1849.27155,null,3465.059785294118,null,null,null,null,null,null,null,null
Tue Oct 20 16:00:00 UTC 2026,1.23528,1839.27155,null,3453.436255882353,null,null,null,null,null,null,null,null
Tue Oct 20 17:00:00 UTC 2026,1.23528,1856.27155,null,3441.812726470588,null,null,null,null,null,null,null,null
Tue Oct 20 18:00:00 UTC 2026,1.23528,1634.27155,null,3430.189197058823,null,null,null,null,null,null,null,null
Tue Oct 20 19:00:00 UTC 2026,1.23528,1655.27155,null,3418.5656676470585,null,null,null,null,null,null,null,null
Tue Oct 20 20:00:00 UTC 2026,1.23528,1673.27155,null,3406.942138235294,null,null,null,null,null,null,null,null
Tue Oct 20 21:00:00 UTC 2026,1.23528,1610.27155,null,3395.3186088235293,null,null,null,null,null,null,null,null
Tue Oct 20 22:00:00 UTC 2026,1.23528,1669.27155,null,3383.6950794117647,null,null,null,null,null,null,null,null
Tue Oct 20 23:00:00 UTC 2026,1.23528,1759.27155,null,3372.07155,null,null,null,null,null,null,null,null
Wed Oct 21 00:00:00 UTC 2026,1.23528,1702.27155,null,3360.4480205882355,null,null,null,null,null,null,null,null
Wed Oct 21 01:00:00 UTC 2026,1.23528,1715.27155,null,3348.8244911764705,null,null,null,null,null,null,null,null
Wed Oct 21 02:00:00 UTC 2026,1.23528,1708.27155,null,3337.200961764706,null,null,null,null,null,null,null,null
Wed Oct 21 03:00:00 UTC 2026,1.23528,1670.27155,null,3325.577432352941,null,null,null,null,null,null,null,null
Wed Oct 21 04:00:00 UTC 2026,1.23528,1752.27155,null,3313.9539029411762,null,null,null,null,null,null,null,null
Wed Oct 21 05:00:00 UTC 2026,1.23528,1865.27155,null,3302.3303735294116,null,null,null,null,null,null,null,null
Wed Oct 21 06:00:00 UTC 2026,1.23528,1955.27155,null,3290.706844117647,null,null,null,null,null,null,null,null
Wed Oct 21 07:00:00 UTC 2026,1.23528,1914.27155,null,3279.0833147058825,null,null,null,null,null,null,null,null
Wed Oct 21 08:00:00 UTC 2026,1.23528,1898.27155,null,3267.459785294118,null,null,null,null,null,null,null,null
Wed Oct 21 09:00:00 UTC 2026,1.23528,1834.27155,null,3255.836255882353,null,null,null,null,null,null,null,null
Wed Oct 21 10:00:00 UTC 2026,1.23528,1800.27155,null,3244.212726470588,null,null,null,null,null,null,null,null
Wed Oct 21 11:00:00 UTC 2026,1.23528,1767.27155,null,3232.5891970588236,null,null,null,null,null,null,null,null
Wed Oct 21 12:00:00 UTC 2026,1.23528,1713.27155,null,3220.9656676470586,null,null,null,null,null,null,null,null
Wed Oct 21 13:00:00 UTC 2026,1.23528,1692.27155,null,3209.342138235294,null,null,null,null,null,null,null,null
Wed Oct 21 14:00:00 UTC 2026,1.23528,1724.27155,null,3197.7186088235294,null,null,null,null,null,null,null,null
Wed Oct 21 15:00:00 UTC 2026,1.23528,1696.27155,null,3186.095079411765,null,null,null,null,null,null,null,null
Wed Oct 21 16:00:00 UTC 2026,1.23528,1642.27155,null,3174.47155,null,null,null,null,null,null,null,null
Wed Oct 21 17:00:00 UTC 2026,1.23528,1685.27155,null,3162.848020588235,null,null,null,null,null,null,null,null
Wed Oct 21 18:00:00 UTC 2026,1.23528,1709.27155,null,3151.22449117647,null,null,null,null,null,null,null,null
Wed Oct 21 19:00:00 UTC 2026,1.23528,1723.27155,null,3139.6009617647055,null,null,null,null,null,null,null,null
Wed Oct 21 20:00:00 UTC 2026,1.23528,1648.27155,null,3127.977432352941,null,null,null,null,null,null,null,null
Wed Oct 21 21:00:00 UTC 2026,1.23528,1644.27155,null,3116.3539029411763,null,null,null,null,null,null,null,null
Wed Oct 21 22:00:00 UTC 2026,1.23528,1694.27155,null,3104.7303735294117,null,null,null,null,null,null,null,null
Wed Oct 21 23:00:00 UTC 2026,1.23528,1664.27155,null,3093.106844117647,null,null,null,null,null,null,null,null
Thu Oct 22 00:00:00 UTC 2026,1.23528,1723.27155,null,3081.4833147058825,null,null,null,null,null,null,null,null
Thu Oct 22 01:00:00 UTC 2026,1.23528,1672.27155,null,3069.8597852941175,null,null,null,null,null,null,null,null
Thu Oct 22 02:00:00 UTC 2026,1.23528,1595.27155,null,3058.236255882353,null,null,null,null,null,null,null,null
Thu Oct 22 03:00:00 UTC 2026,1.23528,1544.27155,null,3046.6127264705883,null,null,null,null,null,null,null,null
Thu Oct 22 04:00:00 UTC 2026,1.23528,1510.27155,null,3034.9891970588237,null,null,null,null,null,null,null,null
Thu Oct 22 05:00:00 UTC 2026,1.23528,1489.27155,null,3023.365667647059,null,null,null,null,null,null,null,null
Thu Oct 22 06:00:00 UTC 2026,1.23528,1544.27155,null,3011.742138235294,null,null,null,null,null,null,null,null
Thu Oct 22 07:00:00 UTC 2026,1.23528,1593.27155,null,3000.11860882353,null,null,null,null,null,null,null,null
Thu Oct 22 08:00:00 UTC 2026,1.23528,1692.27155,null,2988.495079411765,null,null,null,null,null,null,null,null
Thu Oct 22 09:00:00 UTC 2026,1.23528,1724.27155,null,2976.87155,null,null,null,null,null,null,null,null
Thu Oct 22 10:00:00 UTC 2026,1.23528,1692.27155,null,2965.248020588235,null,null,null,null,null,null,null,null
Thu Oct 22 11:00:00 UTC 2026,1.23528,1727.27155,null,2953.62449117647,null,null,null,null,null,null,null,null
Thu Oct 22 12:00:00 UTC 2026,1.23528,1721.27155,null,2942.0009617647056,null,null,null,null,null,null,null,null
Thu Oct 22 13:00:00 UTC 2026,1.23528,1689.27155,null,2930.377432352941,null,null,null,null,null,null,null,null
Thu Oct 22 14:00:00 UTC 2026,1.23528,1676.27155,null,2918.7539029411764,null,null,null,null,null,null,null,null
Thu Oct 22 15:00:00 UTC 2026,1.23528,1666.27155,null,2907.130373529412,null,null,null,null,null,null,null,null
Thu Oct 22 16:00:00 UTC 2026,1.23528,1623.27155,null,2895.5068441176472,null,null,null,null,null,null,null,null
Thu Oct 22 17:00:00 UTC 2026,1.23528,1668.27155,null,2883.883314705882,null,null,null,null,null,null,null,null
Thu Oct 22 18:00:00 UTC 2026,1.23528,1676.27155,null,2872.2597852941176,null,null,null,null,null,null,null,null
Thu Oct 22 19:00:00 UTC 2026,1.23528,1657.27155,null,2860.636255882353,null,null,null,null,null,null,null,null
Thu Oct 22 20:00:00 UTC 2026,1.23528,1655.27155,null,2849.0127264705884,null,null,null,null,null,null,null,null
Thu Oct 22 21:00:00 UTC 2026,1.23528,1524.27155,null,2837.389197058824,null,null,null,null,null,null,null,null
Thu Oct 22 22:00:00 UTC 2026,1.23528,1488.27155,null,2825.765667647059,null,null,null,null,null,null,null,null
Thu Oct 22 23:00:00 UTC 2026,1.23528,1489.27155,null,2814.1421382352946,null,null,null,null,null,null,null,null
Fri Oct 23 00:00:00 UTC 2026,1.23528,1531.27155,null,2802.5186088235296,null,null,null,null,null,null,null,null
Fri Oct 23 01:00:00 UTC 2026,1.23528,1541.27155,null,2790.8950794117645,null,null,null,null,null,null,null,null
Fri Oct 23 02:00:00 UTC 2026,1.23528,1570.27155,null,2779.2715499999995,null,null,null,null,null,null,null,null
Fri Oct 23 03:00:00 UTC 2026,1.23528,1624.27155,null,2767.648020588235,null,null,null,null,null,null,null,null
Fri Oct 23 04:00:00 UTC 2026,1.23528,1584.27155,null,2756.0244911764703,null,null,null,null,null,null,null,null
Fri Oct 23 05:00:00 UTC 2026,1.23528,1622.27155,null,2744.4009617647057,null,null,null,null,null,null,null,null
Fri Oct 23 06:00:00 UTC 2026,1.23528,1650.27155,null,2732.777432352941,null,null,null,null,null,null,null,null
Fri Oct 23 07:00:00 UTC 2026,1.23528,1577.27155,null,2721.1539029411765,null,null,null,null,null,null,null,null
Fri Oct 23 08:00:00 UTC 2026,1.23528,1546.27155,null,2709.530373529412,null,null,null,null,null,null,null,null
Fri Oct 23 09:00:00 UTC 2026,1.23528,1577.27155,null,2697.906844117647,null,null,null,null,null,null,null,null
Fri Oct 23 10:00:00 UTC 2026,1.23528,1567.27155,null,2686.2833147058823,null,null,null,null,null,null,null,null
Fri Oct 23 11:00:00 UTC 2026,1.23528,1596.27155,null,2674.6597852941177,null,null,null,null,null,null,null,null
Fri Oct 23 12:00:00 UTC 2026,1.23528,1613.27155,null,2663.036255882353,null,null,null,null,null,null,null,null
Fri Oct 23 13:00:00 UTC 2026,1.23528,1569.27155,null,2651.4127264705885,null,null,null,null,null,null,null,null
Fri Oct 23 14:00:00 UTC 2026,1.23528,1511.27155,null,2639.789197058824,null,null,null,null,null,null,null,null
Fri Oct 23 15:00:00 UTC 2026,1.23528,1548.27155,null,2628.165667647059,null,null,null,null,null,null,null,null
Fri Oct 23 16:00:00 UTC 2026,1.23528,1578.27155,null,2616.5421382352943,null,null,null,null,null,null,null,null
Fri Oct 23 17:00:00 UTC 2026,1.23528,1589.27155,null,2604.918608823529,null,null,null,null,null,null,null,null
Fri Oct 23 18:00:00 UTC 2026,1.23528,1651.27155,null,2593.295079411764,null,null,null,null,null,null,null,null
Fri Oct 23 19:00:00 UTC 2026,1.23528,1688.27155,null,2581.67155,null,null,null,null,null,null,null,null
Fri Oct 23 20:00:00 UTC 2026,1.23528,1739.27155,null,2570.048020588235,null,null,null,null,null,null,null,null
Fri Oct 23 21:00:00 UTC 2026,1.23528,1739.27155,null,2558.4244911764704,null,null,null,null,null,null,null,null
Fri Oct 23 22:00:00 UTC 2026,1.23528,1739.27155,null,2546.800961764706,null,null,null,null,null,null,null,null
Fri Oct 23 23:00:00 UTC 2026,1.23528,1739.27155,null,2535.177432352941,null,null,null,null,null,null,null,null
Sat Oct 24 00:00:00 UTC 2026,1.23528,1739.27155,null,2523.5539029411766,null,null,null,null,null,null,null,null
Sat Oct 24 01:00:00 UTC 2026,1.23528,1739.27155,null,2511.9303735294116,null,null,null,null,null,null,null,null
Sat Oct 24 02:00:00 UTC 2026,1.23528,1739.27155,null,2500.306844117647,null,null,null,null,null,null,null,null
Sat Oct 24 03:00:00 UTC 2026,1.23528,1739.27155,null,2488.6833147058824,null,null,null,null,null,null,null,null
Sat Oct 24 04:00:00 UTC 2026,1.23528,1739.27155,null,2477.059785294118,null,null,null,null,null,null,null,null
Sat Oct 24 05:00:00 UTC 2026,1.23528,1739.27155,null,2465.436255882353,null,null,null,null,null,null,null,null
Sat Oct 24 06:00:00 UTC 2026,1.23528,1739.27155,null,2453.812726470588,null,null,null,null,null,null,null,null
Sat Oct 24 07:00:00 UTC 2026,1.23528,1739.27155,null,2442.1891970588235,null,null,null,null,null,null,null,null
Sat Oct 24 08:00:00 UTC 2026,1.23528,1739.27155,null,2430.565667647059,null,null,null,null,null,null,null,null
Sat Oct 24 09:00:00 UTC 2026,1.23528,1739.27155,null,2418.942138235294,null,null,null,null,null,null,null,null
Sat Oct 24 10:00:00 UTC 2026,1.23528,1739.27155,null,2407.3186088235293,null,null,null,null,null,null,null,null
Sat Oct 24 11:00:00 UTC 2026,1.23528,1739.27155,null,2395.6950794117647,null,null,null,null,null,null,null,null
Sat Oct 24 12:00:00 UTC 2026,1.23528,1739.27155,null,2384.07155,null,null,null,null,null,null,null,null
Sat Oct 24 13:00:00 UTC 2026,1.23528,1739.27155,null,2372.4480205882355,null,null,null,null,null,null,null,null
Sat Oct 24 14:00:00 UTC 2026,1.23528,1739.27155,null,2360.8244911764705,null,null,null,null,null,null,null,null
Sat Oct 24 15:00:00 UTC 2026,1.23528,1739.27155,null,2349.2009617647063,null,null,null,null,null,null,null,null
Sat Oct 24 16:00:00 UTC 2026,1.23528,1739.27155,null,2337.5774323529413,null,null,null,null,null,null,null,null
Sat Oct 24 17:00:00 UTC 2026,1.23528,1739.27155,null,2325.9539029411762,null,null,null,null,null,null,null,null
Sat Oct 24 18:00:00 UTC 2026,1.23528,1739.27155,null,2314.3303735294116,null,null,null,null,null,null,null,null
Sat Oct 24 19:00:00 UTC 2026,1.23528,1739.27155,null,2302.706844117647,null,null,null,null,null,null,null,null
Sat Oct 24 20:00:00 UTC 2026,1.23528,1739.27155,null,2291.0833147058825,null,null,null,null,null,null,null,null
Sat Oct 24 21:00:00 UTC 2026,1.23528,1739.27155,null,2279.459785294118,null,null,null,null,null,null,null,null
Sat Oct 24 22:00:00 UTC 2026,1.23528,1739.27155,null,2267.836255882353,null,null,null,null,null,null,null,null
Sat Oct 24 23:00:00 UTC 2026,1.23528,1739.27155,null,2256.212726470588,null,null,null,null,null,null,null,null
Sun Oct 25 00:00:00 UTC 2026,1.23528,1739.27155,null,2244.5891970588236,null,null,null,null,null,null,null,null
Sun Oct 25 01:00:00 UTC 2026,1.23528,1739.27155,null,2232.9656676470586,null,null,null,null,null,null,null,null
Sun Oct 25 02:00:00 UTC 2026,1.23528,1739.27155,null,2221.342138235294,null,null,null,null,null,null,null,null
Sun Oct 25 03:00:00 UTC 2026,1.23528,1739.27155,null,2209.7186088235294,null,null,null,null,null,null,null,null
Sun Oct 25 04:00:00 UTC 2026,1.23528,1739.27155,null,2198.095079411765,null,null,null,null,null,null,null,null
Sun Oct 25 05:00:00 UTC 2026,1.23528,1739.27155,null,2186.47155,null,null,null,null,null,null,null,null
Sun Oct 25 06:00:00 UTC 2026,1.23528,1739.27155,null,2174.8480205882356,null,null,null,null,null,null,null,null
Sun Oct 25 07:00:00 UTC 2026,1.23528,1739.27155,null,2163.2244911764706,null,null,null,null,null,null,null,null
Sun Oct 25 08:00:00 UTC 2026,1.23528,1739.27155,null,2151.6009617647055,null,null,null,null,null,null,null,null
Sun Oct 25 09:00:00 UTC 2026,1.23528,1739.27155,null,2139.977432352941,null,null,null,null,null,null,null,null
Sun Oct 25 10:00:00 UTC 2026,1.23528,1739.27155,null,2128.353902941177,null,null,null,null,null,null,null,null
Sun Oct 25 11:00:00 UTC 2026,1.23528,1739.27155,null,2116.7303735294117,null,null,null,null,null,null,null,null
Sun Oct 25 12:00:00 UTC 2026,1.23528,1739.27155,null,2105.106844117647,null,null,null,null,null,null,null,null
Sun Oct 25 13:00:00 UTC 2026,1.23528,1739.27155,null,2093.4833147058825,null,null,null,null,null,null,null,null
Sun Oct 25 14:00:00 UTC 2026,1.23528,1739.27155,null,2081.859785294118,null,null,null,null,null,null,null,null
Sun Oct 25 15:00:00 UTC 2026,1.23528,1739.27155,null,2070.236255882353,null,null,null,null,null,null,null,null
Sun Oct 25 16:00:00 UTC 2026,1.23528,1739.27155,null,2058.6127264705883,null,null,null,null,null,null,null,null
Sun Oct 25 17:00:00 UTC 2026,1.23528,1739.27155,null,2046.9891970588235,null,null,null,null,null,null,null,null
Sun Oct 25 18:00:00 UTC 2026,1.23528,1739.27155,null,2035.365667647059,null,null,null,null,null,null,null,null
Sun Oct 25 19:00:00 UTC 2026,1.23528,1739.27155,null,2023.742138235294,null,null,null,null,null,null,null,null
Sun Oct 25 20:00:00 UTC 2026,1.23528,1739.27155,null,2012.1186088235295,null,null,null,null,null,null,null,null
Sun Oct 25 21:00:00 UTC 2026,1.23528,1768.27155,null,2000.495079411765,null,null,null,null,null,null,null,null
Sun Oct 25 22:00:00 UTC 2026,1.23528,1851.27155,null,1988.8715500000003,null,null,null,null,null,null,null,null
Sun Oct 25 23:00:00 UTC 2026,1.23528,1825.27155,null,1977.248020588235,null,null,null,null,null,null,null,null
Mon Oct 26 00:00:00 UTC 2026,1.23528,1763.27155,null,1965.6244911764704,null,null,null,null,null,null,null,null
Mon Oct 26 01:00:00 UTC 2026,1.23528,1936.27155,null,1954.0009617647058,null,null,null,null,null,null,null,null
Mon Oct 26 02:00:00 UTC 2026,1.23528,1895.27155,null,1942.3774323529412,null,null,null,null,null,null,null,null
Mon Oct 26 03:00:00 UTC 2026,1.23528,1958.27155,null,1930.7539029411764,null,null,null,null,null,null,null,null
Mon Oct 26 04:00:00 UTC 2026,1.23528,1928.27155,null,1919.1303735294118,null,null,null,null,null,null,null,null
Mon Oct 26 05:00:00 UTC 2026,1.23528,1939.27155,null,1907.5068441176472,null,null,null,null,null,null,null,null
Mon Oct 26 06:00:00 UTC 2026,1.23528,1930.27155,null,1895.8833147058826,null,null,null,null,null,null,null,null
Mon Oct 26 07:00:00 UTC 2026,1.23528,1983.27155,null,1884.2597852941176,null,null,null,null,null,null,null,null
Mon Oct 26 08:00:00 UTC 2026,1.23528,1911.27155,null,1872.6362558823528,null,null,null,null,null,null,null,null
Mon Oct 26 09:00:00 UTC 2026,1.23528,1924.27155,null,1861.0127264705884,null,null,null,null,null,null,null,null
Mon Oct 26 10:00:00 UTC 2026,1.23528,1903.27155,null,1849.3891970588238,null,null,null,null,null,null,null,null
Mon Oct 26 11:00:00 UTC 2026,1.23528,1903.27155,null,1837.7656676470588,null,null,null,null,null,null,null,null
Mon Oct 26 12:00:00 UTC 2026,1.23528,1877.27155,null,1826.1421382352942,null,null,null,null,null,null,null,null
Mon Oct 26 13:00:00 UTC 2026,1.23528,1795.27155,null,1814.5186088235296,null,null,null,null,null,null,null,null
Mon Oct 26 14:00:00 UTC 2026,1.23528,1758.27155,null,1802.8950794117645,null,null,null,null,null,null,null,null
Mon Oct 26 15:00:00 UTC 2026,1.23528,1757.27155,null,1791.27155,null,null,null,null,null,null,null,null
Mon Oct 26 16:00:00 UTC 2026,1.23528,1721.27155,null,1779.6480205882353,null,null,null,null,null,null,null,null
Mon Oct 26 17:00:00 UTC 2026,1.23528,1720.27155,null,1768.0244911764707,null,null,null,null,null,null,null,null
Mon Oct 26 18:00:00 UTC 2026,1.23528,1727.27155,null,1756.4009617647062,null,null,null,null,null,null,null,null
Mon Oct 26 19:00:00 UTC 2026,1.23528,1686.27155,null,1744.777432352941,null,null,null,null,null,null,null,null
Mon Oct 26 20:00:00 UTC 2026,1.23528,1670.27155,null,1733.1539029411765,null,null,null,null,null,null,null,null
Mon Oct 26 21:00:00 UTC 2026,1.23528,1661.27155,null,1721.530373529412,null,null,null,null,null,null,null,null
Mon Oct 26 22:00:00 UTC 2026,1.23528,1665.27155,null,1709.906844117647,null,null,null,null,null,null,null,null
Mon Oct 26 23:00:00 UTC 2026,1.23528,1712.27155,null,1698.2833147058823,null,null,null,null,null,null,null,null
Tue Oct 27 00:00:00 UTC 2026,1.23528,1692.27155,null,1686.6597852941177,null,null,null,null,null,null,null,null
Tue Oct 27 01:00:00 UTC 2026,1.23528,1676.27155,null,1675.036255882353,null,null,null,null,null,null,null,null
Tue Oct 27 02:00:00 UTC 2026,1.23528,1697.27155,null,1663.4127264705885,null,null,null,null,null,null,null,null
Tue Oct 27 03:00:00 UTC 2026,1.23528,1716.27155,null,1651.7891970588234,null,null,null,null,null,null,null,null
Tue Oct 27 04:00:00 UTC 2026,1.23528,1636.27155,null,1640.1656676470589,null,null,null,null,null,null,null,null
Tue Oct 27 05:00:00 UTC 2026,1.23528,1650.27155,null,1628.542138235294,null,null,null,null,null,null,null,null
Tue Oct 27 06:00:00 UTC 2026,1.23528,1658.27155,null,1616.9186088235294,null,null,null,null,null,null,null,null
Tue Oct 27 07:00:00 UTC 2026,1.23528,1661.27155,null,1605.2950794117646,null,null,null,null,null,null,null,null
Tue Oct 27 08:00:00 UTC 2026,1.23528,850.2715499999999,null,1593.67155,null,null,null,null,null,null,null,null
Tue Oct 27 09:00:00 UTC 2026,1.23528,836.2715499999999,null,1582.0480205882354,null,null,null,null,null,null,null,null
Tue Oct 27 10:00:00 UTC 2026,1.23528,859.2715499999999,null,1570.4244911764708,null,null,null,null,null,null,null,null
Tue Oct 27 11:00:00 UTC 2026,1.23528,855.2715499999999,null,1558.8009617647058,null,null,null,null,null,null,null,null
Tue Oct 27 12:00:00 UTC 2026,1.23528,868.2715499999999,null,1547.1774323529412,null,null,null,null,null,null,null,null
Tue Oct 27 13:00:00 UTC 2026,1.23528,872.2715499999999,null,1535.5539029411766,null,null,null,null,null,null,null,null
Tue Oct 27 14:00:00 UTC 2026,1.23528,848.2715499999999,null,1523.9303735294118,null,null,null,null,null,null,null,null
Tue Oct 27 15:00:00 UTC 2026,1.23528,841.2715499999999,null,1512.306844117647,null,null,null,null,null,null,null,null
Tue Oct 27 16:00:00 UTC 2026,1.23528,846.2715499999999,null,1500.6833147058824,null,null,null,null,null,null,null,null
Tue Oct 27 17:00:00 UTC 2026,1.23528,844.2715499999999,null,1489.0597852941178,null,null,null,null,null,null,null,null
Tue Oct 27 18:00:00 UTC 2026,1.23528,830.2715499999999,null,1477.436255882353,null,null,null,null,null,null,null,null
Tue Oct 27 19:00:00 UTC 2026,1.23528,840.2715499999999,null,1465.8127264705881,null,null,null,null,null,null,null,null
Tue Oct 27 20:00:00 UTC 2026,1.23528,838.2715499999999,null,1454.1891970588235,null,null,null,null,null,null,null,null
Tue Oct 27 21:00:00 UTC 2026,1.23528,827.2715499999999,null,1442.565667647059,null,null,null,null,null,null,null,null
Tue Oct 27 22:00:00 UTC 2026,1.23528,839.2715499999999,null,1430.942138235294,null,null,null,null,null,null,null,null
Tue Oct 27 23:00:00 UTC 2026,1.23528,820.2715499999999,null,1419.3186088235293,null,null,null,null,null,null,null,null
Wed Oct 28 00:00:00 UTC 2026,1.23528,819.2715499999999,null,1407.6950794117647,null,null,null,null,null,null,null,null
Wed Oct 28 01:00:00 UTC 2026,1.23528,834.2715499999999,null,1396.0715500000001,null,null,null,null,null,null,null,null
Wed Oct 28 02:00:00 UTC 2026,1.23528,827.2715499999999,null,1384.4480205882353,null,null,null,null,null,null,null,null
Wed Oct 28 03:00:00 UTC 2026,1.23528,849.2715499999999,null,1372.8244911764707,null,null,null,null,null,null,null,null
Wed Oct 28 04:00:00 UTC 2026,1.23528,866.2715499999999,null,1361.2009617647059,null,null,null,null,null,null,null,null
Wed Oct 28 05:00:00 UTC 2026,1.23528,862.2715499999999,null,1349.5774323529413,null,null,null,null,null,null,null,null
Wed Oct 28 06:00:00 UTC 2026,1.23528,858.2715499999999,null,1337.9539029411765,null,null,null,null,null,null,null,null
Wed Oct 28 07:00:00 UTC 2026,1.23528,859.2715499999999,null,1326.3303735294116,null,null,null,null,null,null,null,null
Wed Oct 28 08:00:00 UTC 2026,1.23528,836.2715499999999,null,1314.706844117647,null,null,null,null,null,null,null,null
Wed Oct 28 09:00:00 UTC 2026,1.23528,844.2715499999999,null,1303.0833147058825,null,null,null,null,null,null,null,null
Wed Oct 28 10:00:00 UTC 2026,1.23528,827.2715499999999,null,1291.4597852941176,null,null,null,null,null,null,null,null
Wed Oct 28 11:00:00 UTC 2026,1.23528,817.2715499999999,null,1279.836255882353,null,null,null,null,null,null,null,null
Wed Oct 28 12:00:00 UTC 2026,1.23528,777.2715499999999,null,1268.2127264705882,null,null,null,null,null,null,null,null
Wed Oct 28 13:00:00 UTC 2026,1.23528,757.2715499999999,null,1256.5891970588236,null,null,null,null,null,null,null,null
Wed Oct 28 14:00:00 UTC 2026,1.23528,739.2715499999999,null,1244.9656676470588,null,null,null,null,null,null,null,null
Wed Oct 28 15:00:00 UTC 2026,1.23528,728.2715499999999,null,1233.3421382352942,null,null,null,null,null,null,null,null
Wed Oct 28 16:00:00 UTC 2026,1.23528,739.2715499999999,null,1221.7186088235294,null,null,null,null,null,null,null,null
Wed Oct 28 17:00:00 UTC 2026,1.23528,746.2715499999999,null,1210.0950794117648,null,null,null,null,null,null,null,null
Wed Oct 28 18:00:00 UTC 2026,1.23528,753.2715499999999,null,1198.4715500000002,null,null,null,null,null,null,null,null
Wed Oct 28 19:00:00 UTC 2026,1.23528,759.2715499999999,null,1186.8480205882354,null,null,null,null,null,null,null,null
Wed Oct 28 20:00:00 UTC 2026,1.23528,743.2715499999999,null,1175.2244911764706,null,null,null,null,null,null,null,null
Wed Oct 28 21:00:00 UTC 2026,1.23528,733.2715499999999,null,1163.600961764706,null,null,null,null,null,null,null,null
Wed Oct 28 22:00:00 UTC 2026,1.23528,766.2715499999999,null,1151.9774323529412,null,null,null,null,null,null,null,null
Wed Oct 28 23:00:00 UTC 2026,1.23528,783.2715499999999,null,1140.3539029411763,null,null,null,null,null,null,null,null
Thu Oct 29 00:00:00 UTC 2026,1.23528,776.2715499999999,null,1128.7303735294117,null,null,null,null,null,null,null,null
Thu Oct 29 01:00:00 UTC 2026,1.23528,780.2715499999999,null,1117.1068441176471,null,null,null,null,null,null,null,null
Thu Oct 29 02:00:00 UTC 2026,1.23528,764.2715499999999,null,1105.4833147058825,null,null,null,null,null,null,null,null
Thu Oct 29 03:00:00 UTC 2026,1.23528,806.2715499999999,null,1093.8597852941175,null,null,null,null,null,null,null,null
Thu Oct 29 04:00:00 UTC 2026,1.23528,812.2715499999999,null,1082.236255882353,null,null,null,null,null,null,null,null
Thu Oct 29 05:00:00 UTC 2026,1.23528,795.2715499999999,null,1070.6127264705883,null,null,null,null,null,null,null,null
Thu Oct 29 06:00:00 UTC 2026,1.23528,775.2715499999999,null,1058.9891970588237,null,null,null,null,null,null,null,null
Thu Oct 29 07:00:00 UTC 2026,1.23528,778.2715499999999,null,1047.3656676470587,null,null,null,null,null,null,null,null
Thu Oct 29 08:00:00 UTC 2026,1.23528,797.2715499999999,null,1035.742138235294,null,null,null,null,null,null,null,null
Thu Oct 29 09:00:00 UTC 2026,1.23528,794.2715499999999,null,1024.1186088235295,null,null,null,null,null,null,null,null
Thu Oct 29 10:00:00 UTC 2026,1.23528,793.2715499999999,null,1012.4950794117648,null,null,null,null,null,null,null,null
Thu Oct 29 11:00:00 UTC 2026,1.23528,756.2715499999999,null,1000.8715500000001,null,null,null,null,null,null,null,null
Thu Oct 29 12:00:00 UTC 2026,1.23528,770.2715499999999,null,989.2480205882352,null,null,null,null,null,null,null,null
Thu Oct 29 13:00:00 UTC 2026,1.23528,763.2715499999999,null,977.6244911764707,null,null,null,null,null,null,null,null
Thu Oct 29 14:00:00 UTC 2026,1.23528,730.2715499999999,null,966.000961764706,null,null,null,null,null,null,null,null
Thu Oct 29 15:00:00 UTC 2026,1.23528,752.2715499999999,null,954.3774323529412,null,null,null,null,null,null,null,null
Thu Oct 29 16:00:00 UTC 2026,1.23528,738.2715499999999,null,942.7539029411764,null,null,null,null,null,null,null,null
Thu Oct 29 17:00:00 UTC 2026,1.23528,726.2715499999999,null,931.1303735294118,null,null,null,null,null,null,null,null
Thu Oct 29 18:00:00 UTC 2026,1.23528,713.27155,null,919.5068441176471,null,null,null,null,null,null,null,null
Thu Oct 29 19:00:00 UTC 2026,1.23528,717.2715499999999,null,907.8833147058824,null,null,null,null,null,null,null,null
Thu Oct 29 20:00:00 UTC 2026,1.23528,708.27155,null,896.2597852941177,null,null,null,null,null,null,null,null
Thu Oct 29 21:00:00 UTC 2026,1.23528,715.2715499999999,null,884.6362558823529,null,null,null,null,null,null,null,null
Thu Oct 29 22:00:00 UTC 2026,1.23528,712.27155,null,873.0127264705883,null,null,null,null,null,null,null,null
Thu Oct 29 23:00:00 UTC 2026,1.23528,720.2715499999999,null,861.3891970588236,null,null,null,null,null,null,null,null
Fri Oct 30 00:00:00 UTC 2026,1.23528,724.2715499999999,null,849.7656676470588,null,null,null,null,null,null,null,null
Fri Oct 30 01:00:00 UTC 2026,1.23528,718.2715499999999,null,838.1421382352942,null,null,null,null,null,null,null,null
Fri Oct 30 02:00:00 UTC 2026,1.23528,722.2715499999999,null,826.5186088235296,null,null,null,null,null,null,null,null
Fri Oct 30 03:00:00 UTC 2026,1.23528,711.27155,null,814.8950794117648,null,null,null,null,null,null,null,null
Fri Oct 30 04:00:00 UTC 2026,1.23528,703.27155,null,803.27155,null,null,null,null,null,null,null,null
Fri Oct 30 05:00:00 UTC 2026,1.23528,742.2715499999999,null,null,null,null,null,null,null,null,null,null
Fri Oct 30 06:00:00 UTC 2026,1.23528,729.2715499999999,null,null,null,null,null,null,null,null,null,null
Fri Oct 30 07:00:00 UTC 2026,1.23528,730.2715499999999,null,null,null,null,null,null,null,null,null,null
Fri Oct 30 08:00:00 UTC 2026,1.23528,725.2715499999999,null,null,null,null,null,null,null,null,null,null
Fri Oct 30 09:00:00 UTC 2026,1.23528,725.2715499999999,null,null,null,null,null,null,null,null,null,null
Fri Oct 30 10:00:00 UTC 2026,1.23528,755.2715499999999,null,null,null,null,null,null,null,null,null,null
Fri Oct 30 11:00:00 UTC 2026,1.23528,760.2715499999999,null,null,null,null,null,null,null,null,null,null
Fri Oct 30 12:00:00 UTC 2026,1.23528,731.2715499999999,null,null,null,null,null,null,null,null,null,null
Fri Oct 30 13:00:00 UTC 2026,1.23528,726.2715499999999,null,null,null,null,null,null,null,null,null,null
Fri Oct 30 14:00:00 UTC 2026,1.23528,728.2715499999999,null,null,null,null,null,null,null,null,null,null
Fri Oct 30 15:00:00 UTC 2026,1.23528,735.2715499999999,null,null,null,null,null,null,null,null,null,null
Fri Oct 30 16:00:00 UTC 2026,1.23528,731.2715499999999,null,null,null,null,null,null,null,null,null,null
Fri Oct 30 17:00:00 UTC 2026,1.23528,733.2715499999999,null,null,null,null,null,null,null,null,null,null
