date,P_Kweek_60_Kday_-58_ETE_55_ORD_52_EXT_59_E2Ekor_62_EXTkor_55_DIFF_29853,a,b,c,d,e,f,g,h,i,j
Sun Sep 27 11:00:00 UTC 2026,2860078.004427213,0.9148100018501282,-1.1722847854420766E7,null,null,null,-829223.9313438444,-829123.9313438442,-829023.9313438442,-828923.9313438442
Sun Sep 27 12:00:00 UTC 2026,3664810.8590720072,0.9148100018501282,-1.1997737531343844E7,null,null,null,-943309.5851899984,-943209.5851899984,-943109.5851899981,-943009.5851899984
Sun Sep 27 13:00:00 UTC 2026,2860078.004427213,0.9148100018501282,-1.2272627208266921E7,null,null,null,-1057395.2390361517,-1057295.239036152,-1057195.239036152,-1057095.2390361521
Sun Sep 27 14:00:00 UTC 2026,2860078.004427213,0.9148100018501282,-1.2547516885189997E7,null,null,null,-1171480.8928823057,-1171380.8928823057,-1171280.8928823057,-1171180.8928823057
Sun Sep 27 15:00:00 UTC 2026,2969814.3027881794,0.9148100018501282,-1.2822406562113076E7,null,null,null,-1285566.5467284597,-1285466.5467284597,-1285366.5467284597,-1285266.5467284597
Sun Sep 27 16:00:00 UTC 2026,3042971.8350282833,0.9148100018501282,-1.3097296239036152E7,null,null,null,-1399652.2005746136,-1399552.2005746136,-1399452.2005746136,-1399352.2005746136
Sun Sep 27 17:00:00 UTC 2026,4615858.7781978175,0.9148100018501282,-1.3372185915959228E7,null,null,null,-1513737.8544207676,-1513637.8544207676,-1513537.8544207676,-1513437.8544207672
Sun Sep 27 18:00:00 UTC 2026,5201119.036121488,0.9148100018501282,-1.3647075592882305E7,null,null,null,-1627823.5082669214,-1627723.5082669212,-1627623.5082669212,-1627523.5082669212
Sun Sep 27 19:00:00 UTC 2026,5859536.826285262,0.9148100018501282,-1.3921965269805383E7,null,null,null,-1741909.1621130751,-1741809.162113075,-1741709.1621130751,-1741609.1621130754
Sun Sep 27 20:00:00 UTC 2026,6444797.084208932,0.9148100018501282,-1.4196854946728459E7,null,null,null,-1855994.8159592291,-1855894.815959229,-1855794.8159592291,-1855694.815959229
Sun Sep 27 21:00:00 UTC 2026,3225865.665629357,1652657.9148100019,-1.4471744623651538E7,null,null,null,-1970080.4698053827,-1969980.469805383,-1969880.4698053827,-1969780.4698053824
Sun Sep 27 22:00:00 UTC 2026,2860078.004427213,24904.91481000185,-1.4746634300574612E7,null,null,null,-2084166.1236515364,-2084066.1236515366,-2083966.1236515366,-2083866.1236515364
Sun Sep 27 23:00:00 UTC 2026,3555074.560711447,-1050646.0851899981,-1.502152397749769E7,null,null,null,-2198251.77749769,-2198151.77749769,-2198051.7774976906,-2197951.7774976906
Mon Sep 28 00:00:00 UTC 2026,6627690.914810002,-990292.0851899981,-1.5296413654420767E7,null,null,null,-2312337.431343844,-2312237.431343844,-2312137.4313438446,-2312037.4313438446
Mon Sep 28 01:00:00 UTC 2026,3152708.133389253,-2427023.085189998,-1.5571303331343845E7,null,null,null,-2426423.085189998,-2426323.085189998,-2426223.085189998,-2426123.085189998
Mon Sep 28 02:00:00 UTC 2026,3591653.3268319033,-1294512.0851899981,-1.5846193008266918E7,null,null,null,null,null,null,null
Mon Sep 28 03:00:00 UTC 2026,2860078.004427213,421863.91481000185,-1.612108268519E7,null,null,null,null,null,null,null
Mon Sep 28 04:00:00 UTC 2026,3481917.028470937,-182226.08518999815,-1.6395972362113073E7,null,null,null,null,null,null,null
Mon Sep 28 05:00:00 UTC 2026,2896656.770547673,-28982.08518999815,-1.6670862039036155E7,null,null,null,null,null,null,null
Mon Sep 28 06:00:00 UTC 2026,2677184.173826143,-621431.0851899981,-1.694575171595923E7,null,null,null,null,null,null,null
Mon Sep 28 07:00:00 UTC 2026,-688062.3092336394,552473.9148100019,-1.7220641392882306E7,null,null,null,null,null,null,null
Mon Sep 28 08:00:00 UTC 2026,-358853.4141519554,384797.91481000185,-1.749553106980538E7,null,null,null,null,null,null,null
Mon Sep 28 09:00:00 UTC 2026,-2553579.3813648,-871256.0851899981,-1.777042074672846E7,null,null,null,null,null,null,null
Mon Sep 28 10:00:00 UTC 2026,-3211997.171528984,5746664.914810002,-1.8045310423651535E7,null,null,null,null,null,null,null
Mon Sep 28 11:00:00 UTC 2026,-249117.1157913953,5222917.914810002,-1.8320200100574616E7,null,null,null,null,null,null,null
Mon Sep 28 12:00:00 UTC 2026,445879.4404928349,5256341.914810002,-1.859508977749769E7,null,null,null,null,null,null,null
Mon Sep 28 13:00:00 UTC 2026,1470084.8918591589,6597769.914810002,-1.8869979454420768E7,null,null,null,null,null,null,null
Mon Sep 28 14:00:00 UTC 2026,2823499.238307163,4177675.914810002,-1.914486913134384E7,null,null,null,null,null,null,null
Mon Sep 28 15:00:00 UTC 2026,3335601.9639903232,4860068.914810002,-1.9419758808266923E7,null,null,null,null,null,null,null
Mon Sep 28 16:00:00 UTC 2026,1616399.956339769,4004029.914810002,-1.9694648485189997E7,null,null,null,null,null,null,null
Mon Sep 28 17:00:00 UTC 2026,-175959.58355088532,4647422.914810002,-1.9969538162113078E7,null,null,null,null,null,null,null
Mon Sep 28 18:00:00 UTC 2026,884824.6339354888,6597533.914810002,-2.024442783903615E7,null,null,null,null,null,null,null
Mon Sep 28 19:00:00 UTC 2026,-249117.1157913953,5038773.914810002,-2.051931751595923E7,null,null,null,null,null,null,null
Mon Sep 28 20:00:00 UTC 2026,-1419637.6316383295,3458751.914810002,-2.0794207192882303E7,null,null,null,null,null,null,null
Mon Sep 28 21:00:00 UTC 2026,-1785425.2928404696,4069635.914810002,-2.1069096869805384E7,null,null,null,null,null,null,null
Mon Sep 28 22:00:00 UTC 2026,811667.1016949788,5909746.914810002,-2.134398654672846E7,null,null,null,null,null,null,null
Mon Sep 28 23:00:00 UTC 2026,2640605.407706093,6627690.914810002,-2.161887622365154E7,null,null,null,6628290.914810002,null,6628490.914810002,6628590.914810002
Tue Sep 29 00:00:00 UTC 2026,2165081.448143389,6136544.914810002,-2.1893765900574613E7,null,null,null,4866734.546388948,null,4866934.546388948,4867034.546388948
Tue Sep 29 01:00:00 UTC 2026,43513.01317064464,4118384.914810002,-2.216865557749769E7,null,null,null,3105178.1779678967,null,3105378.177967897,3105478.177967897
Tue Sep 29 02:00:00 UTC 2026,519036.9727333449,5427725.914810002,-2.2443545254420765E7,null,null,null,1343621.809546844,null,1343821.809546844,1343921.809546844
Tue Sep 29 03:00:00 UTC 2026,2713762.9399465993,6276565.914810002,-2.2718434931343846E7,null,null,null,-417934.5588742085,null,-417734.5588742085,-417634.5588742085
Tue Sep 29 04:00:00 UTC 2026,3628232.0929519534,1088141.9148100019,-2.299332460826692E7,null,null,null,-2179490.927295261,null,-2179290.927295262,-2179190.927295261
Tue Sep 29 05:00:00 UTC 2026,1287191.061258085,3128999.914810002,-2.326821428519E7,null,null,null,-3941047.2957163127,null,-3940847.2957163127,-3940747.2957163127
Tue Sep 29 06:00:00 UTC 2026,262985.6098917648,2625001.914810002,-2.3543103962113075E7,null,null,null,-5702603.664137365,null,-5702403.664137366,-5702303.664137365
Tue Sep 29 07:00:00 UTC 2026,-175959.58355088532,4121463.914810002,-2.3817993639036153E7,null,null,null,-7464160.032558419,null,-7463960.032558419,-7463860.032558418
Tue Sep 29 08:00:00 UTC 2026,738509.5694548748,-2.500856608519E7,-2.4092883315959226E7,null,null,null,-9225716.400979472,null,-9225516.400979472,-9225416.40097947
Tue Sep 29 09:00:00 UTC 2026,-395432.1802720092,-2.483273208519E7,-2.4367772992882308E7,null,null,null,-1.0987272769400522E7,null,-1.0987072769400526E7,-1.0986972769400524E7
Tue Sep 29 10:00:00 UTC 2026,-651483.5431135893,-2.574078708519E7,-2.4642662669805385E7,null,null,null,-1.2748829137821577E7,null,-1.2748629137821577E7,-1.2748529137821577E7
Tue Sep 29 11:00:00 UTC 2026,-2407264.3168841936,-2.470349008519E7,-2.4917552346728463E7,null,null,null,-1.4510385506242627E7,null,-1.451018550624263E7,-1.4510085506242627E7
Tue Sep 29 12:00:00 UTC 2026,-724641.0753540993,-2.424176408519E7,-2.5192442023651537E7,null,null,null,-1.6271941874663685E7,null,-1.627174187466368E7,-1.6271641874663683E7
Tue Sep 29 13:00:00 UTC 2026,-980692.4381956793,-2.545150408519E7,-2.5467331700574614E7,null,null,null,-1.8033498243084732E7,null,-1.8033298243084732E7,-1.8033198243084732E7
Tue Sep 29 14:00:00 UTC 2026,-2480421.8491247,-2.519959708519E7,-2.5742221377497688E7,null,null,null,-1.979505461150579E7,null,-1.9794854611505788E7,-1.9794754611505788E7
Tue Sep 29 15:00:00 UTC 2026,-1090428.7365562394,-2.492384408519E7,-2.601711105442077E7,null,null,null,-2.155661097992684E7,null,-2.155641097992684E7,-2.155631097992684E7
Tue Sep 29 16:00:00 UTC 2026,-1.16616921452991E7,-2.454298008519E7,-2.6292000731343847E7,null,null,null,-2.331816734834789E7,null,-2.331796734834789E7,-2.331786734834789E7
Tue Sep 29 17:00:00 UTC 2026,-8662233.323441457,-2.588588108519E7,-2.6566890408266924E7,null,null,null,-2.5079723716768946E7,null,-2.5079523716768946E7,-2.5079423716768943E7
Tue Sep 29 18:00:00 UTC 2026,-1.0418014097211657E7,-2.684188008519E7,-2.684178008519E7,null,null,null,-2.684128008519E7,null,-2.684108008519E7,-2.684098008519E7
Tue Sep 29 19:00:00 UTC 2026,-1.0052226436009515E7,-2.486469608519E7,null,null,null,null,null,null,null,null
Tue Sep 29 20:00:00 UTC 2026,-1.2905370193386542E7,-2.386027008519E7,null,null,null,null,null,null,null,null
Tue Sep 29 21:00:00 UTC 2026,-7199082.678632487,-2.433936308519E7,null,null,null,null,null,null,null,null
Tue Sep 29 22:00:00 UTC 2026,-5809089.566064429,-2.453995508519E7,null,null,null,null,null,null,null,null
Tue Sep 29 23:00:00 UTC 2026,-9723017.540927831,-2.519115308519E7,null,null,null,null,null,null,null,null
Wed Sep 30 00:00:00 UTC 2026,-9174336.049124617,-2.412101608519E7,null,null,null,null,null,null,null,null
Wed Sep 30 01:00:00 UTC 2026,-1.103985312125538E7,-2.430910108519E7,null,null,null,null,null,null,null,null
Wed Sep 30 02:00:00 UTC 2026,-1.4734308499397654E7,-2.532806408519E7,null,null,null,null,null,null,null,null
Wed Sep 30 03:00:00 UTC 2026,-1.8538500175900087E7,-2.514836608519E7,null,null,null,null,null,null,null,null
Wed Sep 30 04:00:00 UTC 2026,-1.7806924853495806E7,-2.649009308519E7,null,null,null,null,null,null,null,null
Wed Sep 30 05:00:00 UTC 2026,-1.155195584693854E7,-2.606885808519E7,null,null,null,null,null,null,null,null
Wed Sep 30 06:00:00 UTC 2026,-1.147879831469803E7,-2.539229108519E7,null,null,null,null,null,null,null,null
Wed Sep 30 07:00:00 UTC 2026,-1.1259325717976905E7,-2.557221908519E7,null,null,null,null,null,null,null,null
Wed Sep 30 08:00:00 UTC 2026,-1.0125383968250025E7,-2.431141008519E7,null,null,null,null,null,null,null,null
Wed Sep 30 09:00:00 UTC 2026,-1.1954322274261137E7,-2.440323208519E7,null,null,null,null,null,null,null,null
Wed Sep 30 10:00:00 UTC 2026,-1.0600907927813133E7,-2.658880308519E7,null,null,null,null,null,null,null,null
Wed Sep 30 11:00:00 UTC 2026,-1.0381435331091605E7,-2.505922808519E7,null,null,null,null,null,null,null,null
Wed Sep 30 12:00:00 UTC 2026,-1.923349673218432E7,-2.378741008519E7,null,null,null,null,null,null,null,null
Wed Sep 30 13:00:00 UTC 2026,-1.7148507063332032E7,-2.449857208519E7,null,null,null,null,null,null,null,null
Wed Sep 30 14:00:00 UTC 2026,-1.7770346087375753E7,-2.478043608519E7,null,null,null,null,null,null,null,null
Wed Sep 30 15:00:00 UTC 2026,-1.7258243361692593E7,-2.499205308519E7,null,null,null,null,null,null,null,null
Wed Sep 30 16:00:00 UTC 2026,-1.5173253692840306E7,-2.414768108519E7,null,null,null,null,null,null,null,null
Wed Sep 30 17:00:00 UTC 2026,-1.6892455700490452E7,-2.530825508519E7,null,null,null,null,null,null,null,null
Wed Sep 30 18:00:00 UTC 2026,-1.5648777652403008E7,-2.408529508519E7,null,null,null,null,null,null,null,null
Wed Sep 30 19:00:00 UTC 2026,-1.531956875732092E7,-2.631824908519E7,null,null,null,null,null,null,null,null
Wed Sep 30 20:00:00 UTC 2026,-1.7367979660053156E7,-2.506917308519E7,null,null,null,null,null,null,null,null
Wed Sep 30 21:00:00 UTC 2026,-1.6636404337648872E7,-2.619886908519E7,null,null,null,null,null,null,null,null
Wed Sep 30 22:00:00 UTC 2026,-1.8538500175900087E7,-2.446813808519E7,null,null,null,null,null,null,null,null
Wed Sep 30 23:00:00 UTC 2026,-1.5026938628359286E7,-2.368439608519E7,null,null,null,null,null,null,null,null
Thu Oct 01 00:00:00 UTC 2026,-2.1940325425080735E7,-2.408107408519E7,null,null,null,null,null,null,null,null
Thu Oct 01 01:00:00 UTC 2026,-2.2379270618523385E7,-2.446431408519E7,null,null,null,null,null,null,null,null
Thu Oct 01 02:00:00 UTC 2026,-2.4573996585736234E7,-2.467296208519E7,null,null,null,null,null,null,null,null
Thu Oct 01 03:00:00 UTC 2026,-2.4647154117976744E7,-2.311699208519E7,null,null,null,null,null,null,null,null
Thu Oct 01 04:00:00 UTC 2026,-2.5159256843659904E7,-2.319522208519E7,null,null,null,null,null,null,null,null
Thu Oct 01 05:00:00 UTC 2026,-2.5049520545298938E7,-2.218607608519E7,null,null,null,null,null,null,null,null
Thu Oct 01 06:00:00 UTC 2026,-2.684188008519E7,-2.129558608519E7,null,null,null,null,null,null,null,null
Thu Oct 01 07:00:00 UTC 2026,-2.676872255294949E7,-2.114553708519E7,null,null,null,null,null,null,null,null
Thu Oct 01 08:00:00 UTC 2026,-2.676872255294949E7,-2.218320208519E7,null,null,null,null,null,null,null,null
Thu Oct 01 09:00:00 UTC 2026,-2.676872255294949E7,-2.335362808519E7,null,null,null,null,null,null,null,null
Thu Oct 01 10:00:00 UTC 2026,-2.676872255294949E7,-2.335458108519E7,null,null,null,null,null,null,null,null
Thu Oct 01 11:00:00 UTC 2026,0.69446,-2.249878308519E7,null,null,null,null,null,null,null,null,null,null
Thu Oct 01 12:00:00 UTC 2026,0.69446,-2.388500508519E7,null,null,null,null,null,null,null,null,null,null
Thu Oct 01 13:00:00 UTC 2026,0.69446,-2.106025508519E7,null,null,null,null,null,null,null,null,null,null
Thu Oct 01 14:00:00 UTC 2026,0.69446,-2.211630108519E7,null,null,null,null,null,null,null,null,null,null
Thu Oct 01 15:00:00 UTC 2026,0.69446,-2.302690408519E7,null,null,null,null,null,null,null,null,null,null
Thu Oct 01 16:00:00 UTC 2026,0.69446,-2.195622808519E7,null,null,null,null,null,null,null,null,null,null
Thu Oct 01 17:00:00 UTC 2026,0.69446,-2.107253108519E7,null,null,null,null,null,null,null,null,null,null
Thu Oct 01 18:00:00 UTC 2026,0.69446,-2.027406608519E7,null,null,null,null,null,null,null,null,null,null
Thu Oct 01 19:00:00 UTC 2026,0.69446,-1.990117308519E7,null,null,null,null,null,null,null,null,null,null
Thu Oct 01 20:00:00 UTC 2026,0.69446,-2.044539408519E7,null,null,null,null,null,null,null,null,null,null
Thu Oct 01 21:00:00 UTC 2026,0.69446,-1.894629508519E7,null,null,null,null,null,null,null,null,null,null
Thu Oct 01 22:00:00 UTC 2026,0.69446,-2.005185608519E7,null,null,null,null,null,null,null,null,null,null
Thu Oct 01 23:00:00 UTC 2026,0.69446,-2.111542608519E7,null,null,null,null,null,null,null,null,null,null
Fri Oct 02 00:00:00 UTC 2026,0.69446,-1.854915808519E7,null,null,null,null,null,null,null,null,null,null
Fri Oct 02 01:00:00 UTC 2026,0.69446,-1.932657208519E7,null,null,null,null,null,null,null,null,null,null
Fri Oct 02 02:00:00 UTC 2026,0.69446,4247572.914810002,null,null,null,null,null,null,null,null,null,null
Fri Oct 02 03:00:00 UTC 2026,0.69446,3399922.914810002,null,null,null,null,null,null,null,null,null,null
Fri Oct 02 04:00:00 UTC 2026,0.69446,1.765502891481E7,null,null,null,null,null,null,null,null,null,null
Fri Oct 02 05:00:00 UTC 2026,0.69446,2.132793491481E7,null,null,null,null,null,null,2.132853491481E7,null,2.132873491481E7,null
Fri Oct 02 06:00:00 UTC 2026,0.69446,1.829948291481E7,null,null,null,null,null,null,2.0732552014810003E7,null,2.0732752014810003E7,null
Fri Oct 02 07:00:00 UTC 2026,0.69446,1.488359091481E7,null,null,null,null,null,null,2.013656911481E7,null,2.013676911481E7,null
Fri Oct 02 08:00:00 UTC 2026,0.69446,1.572049191481E7,null,null,null,null,null,null,1.954058621481E7,null,1.954078621481E7,null
Fri Oct 02 09:00:00 UTC 2026,0.69446,1.730235891481E7,null,null,null,null,null,null,1.894460331481E7,null,1.894480331481E7,null
Fri Oct 02 10:00:00 UTC 2026,0.69446,1.722619091481E7,null,null,null,null,null,null,1.834862041481E7,null,1.834882041481E7,null
Fri Oct 02 11:00:00 UTC 2026,0.69446,1.656490691481E7,null,null,null,null,null,null,1.775263751481E7,null,1.775283751481E7,null
Fri Oct 02 12:00:00 UTC 2026,0.69446,1.837597991481E7,null,null,null,null,null,null,1.715665461481E7,null,1.715685461481E7,null
Fri Oct 02 13:00:00 UTC 2026,0.69446,2.008617091481E7,null,null,null,null,null,null,1.6560671714810003E7,null,1.6560871714810003E7,null
Fri Oct 02 14:00:00 UTC 2026,0.69446,1.545320891481E7,null,null,null,null,null,null,1.596468881481E7,null,1.596488881481E7,null
Fri Oct 02 15:00:00 UTC 2026,0.69446,1.536810591481E7,null,null,null,null,null,null,1.536870591481E7,null,1.536890591481E7,null
Fri Oct 02 16:00:00 UTC 2026,0.69446,1.695268691481E7,null,null,null,null,null,null,null,null,null,null
Fri Oct 02 17:00:00 UTC 2026,0.69446,1.630255991481E7,null,null,null,null,null,null,null,null,null,null
Fri Oct 02 18:00:00 UTC 2026,0.69446,1.627938391481E7,null,null,null,null,null,null,null,null,null,null
Fri Oct 02 19:00:00 UTC 2026,0.69446,1.588182291481E7,null,null,null,null,null,null,null,null,null,null
Fri Oct 02 20:00:00 UTC 2026,0.69446,1.607150591481E7,null,null,null,null,null,null,null,null,null,null
Fri Oct 02 21:00:00 UTC 2026,0.69446,1.718588991481E7,null,null,null,null,null,null,null,null,null,null
Fri Oct 02 22:00:00 UTC 2026,0.69446,1.718588991481E7,null,null,null,null,null,null,null,null,null,null
Fri Oct 02 23:00:00 UTC 2026,0.69446,1.718588991481E7,null,null,null,null,null,null,null,null,null,null
Sat Oct 03 00:00:00 UTC 2026,0.69446,1.718588991481E7,null,null,null,null,null,null,null,null,null,null
Sat Oct 03 01:00:00 UTC 2026,0.69446,1.718588991481E7,null,null,null,null,null,null,null,null,null,null
Sat Oct 03 02:00:00 UTC 2026,0.69446,1.718588991481E7,null,null,null,null,null,null,null,null,null,null
Sat Oct 03 03:00:00 UTC 2026,0.69446,1.718588991481E7,null,null,null,null,null,null,null,null,null,null
Sat Oct 03 04:00:00 UTC 2026,0.69446,1.718588991481E7,null,null,null,null,null,null,null,null,null,null
Sat Oct 03 05:00:00 UTC 2026,0.69446,1.718588991481E7,null,null,null,null,null,null,null,null,null,null
Sat Oct 03 06:00:00 UTC 2026,0.69446,1.718588991481E7,null,null,null,null,null,null,null,null,null,null
Sat Oct 03 07:00:00 UTC 2026,0.69446,1.718588991481E7,null,null,null,null,null,null,null,null,null,null
Sat Oct 03 08:00:00 UTC 2026,0.69446,1.718588991481E7,null,null,null,null,null,null,null,null,null,null
Sat Oct 03 09:00:00 UTC 2026,0.69446,1.718588991481E7,null,null,null,null,null,null,null,null,null,null
Sat Oct 03 10:00:00 UTC 2026,0.69446,1.718588991481E7,null,null,null,null,null,null,null,null,null,null
Sat Oct 03 11:00:00 UTC 2026,0.69446,1.718588991481E7,null,null,null,null,null,null,null,null,null,null
Sat Oct 03 12:00:00 UTC 2026,0.69446,1.718588991481E7,null,null,null,null,null,null,null,null,null,null
Sat Oct 03 13:00:00 UTC 2026,0.69446,1.718588991481E7,null,null,null,null,null,null,null,null,null,null
Sat Oct 03 14:00:00 UTC 2026,0.69446,1.718588991481E7,null,null,null,null,null,null,null,null,null,null
Sat Oct 03 15:00:00 UTC 2026,0.69446,1.718588991481E7,null,null,null,null,null,null,null,null,null,null
Sat Oct 03 16:00:00 UTC 2026,0.69446,1.718588991481E7,null,null,null,null,null,null,null,null,null,null
Sat Oct 03 17:00:00 UTC 2026,0.69446,1.718588991481E7,null,null,null,null,null,null,null,null,null,null
Sat Oct 03 18:00:00 UTC 2026,0.69446,1.718588991481E7,null,null,null,null,null,null,null,null,null,null
Sat Oct 03 19:00:00 UTC 2026,0.69446,1.718588991481E7,null,null,null,null,null,null,null,null,null,null
Sat Oct 03 20:00:00 UTC 2026,0.69446,1.718588991481E7,null,null,null,null,null,null,null,null,null,null
Sat Oct 03 21:00:00 UTC 2026,0.69446,1.718588991481E7,null,null,null,null,null,null,null,null,null,null
Sat Oct 03 22:00:00 UTC 2026,0.69446,1.718588991481E7,null,null,null,null,null,null,null,null,null,null
Sat Oct 03 23:00:00 UTC 2026,0.69446,1.718588991481E7,null,null,null,null,null,null,null,null,null,null
Sun Oct 04 00:00:00 UTC 2026,0.69446,1.718588991481E7,null,null,null,null,null,null,null,null,null,null
Sun Oct 04 01:00:00 UTC 2026,0.69446,1.718588991481E7,null,null,null,null,null,null,null,null,null,null
Sun Oct 04 02:00:00 UTC 2026,0.69446,1.718588991481E7,null,null,null,null,null,null,null,null,null,null
Sun Oct 04 03:00:00 UTC 2026,0.69446,1.718588991481E7,null,null,null,null,null,null,null,null,null,null
Sun Oct 04 04:00:00 UTC 2026,0.69446,1.718588991481E7,null,null,null,null,null,null,null,null,null,null
Sun Oct 04 05:00:00 UTC 2026,0.69446,1.718588991481E7,null,null,null,null,null,null,null,null,null,null
Sun Oct 04 06:00:00 UTC 2026,0.69446,1.718588991481E7,null,null,null,null,null,null,null,null,null,null
Sun Oct 04 07:00:00 UTC 2026,0.69446,1.718588991481E7,null,null,null,null,null,null,null,null,null,null
Sun Oct 04 08:00:00 UTC 2026,0.69446,1.718588991481E7,null,null,null,null,null,null,null,null,null,null
Sun Oct 04 09:00:00 UTC 2026,0.69446,1.718588991481E7,null,null,null,null,null,null,null,null,null,null
Sun Oct 04 10:00:00 UTC 2026,0.69446,1.718588991481E7,null,null,null,null,null,null,null,null,null,null
Sun Oct 04 11:00:00 UTC 2026,0.69446,1.718588991481E7,null,null,null,null,null,null,null,null,null,null
Sun Oct 04 12:00:00 UTC 2026,0.69446,1.718588991481E7,null,null,null,null,null,null,null,null,null,null
Sun Oct 04 13:00:00 UTC 2026,0.69446,1.718588991481E7,null,null,null,null,null,null,null,null,null,null
Sun Oct 04 14:00:00 UTC 2026,0.69446,1.718588991481E7,null,null,null,null,null,null,null,null,null,null
Sun Oct 04 15:00:00 UTC 2026,0.69446,1.718588991481E7,null,null,null,null,null,null,null,null,null,null
Sun Oct 04 16:00:00 UTC 2026,0.69446,1.718588991481E7,null,null,null,null,null,null,null,null,null,null
Sun Oct 04 17:00:00 UTC 2026,0.69446,1.718588991481E7,null,null,null,null,null,null,null,null,null,null
Sun Oct 04 18:00:00 UTC 2026,0.69446,1.718588991481E7,null,null,null,null,null,null,null,null,null,null
Sun Oct 04 19:00:00 UTC 2026,0.69446,1.718588991481E7,null,null,null,null,null,null,null,null,null,null
Sun Oct 04 20:00:00 UTC 2026,0.69446,1.718588991481E7,null,null,null,null,null,null,null,null,null,null
Sun Oct 04 21:00:00 UTC 2026,0.69446,1.706176491481E7,null,null,null,null,null,null,null,null,null,null
Sun Oct 04 22:00:00 UTC 2026,0.69446,1.899182891481E7,null,null,null,null,null,null,null,null,null,null
Sun Oct 04 23:00:00 UTC 2026,0.69446,1.571746791481E7,null,null,null,null,null,null,null,null,null,null
Mon Oct 05 00:00:00 UTC 2026,0.69446,1.964387191481E7,null,null,null,null,null,null,null,null,null,null
Mon Oct 05 01:00:00 UTC 2026,0.69446,1.796837791481E7,null,null,null,null,null,null,null,null,null,null
Mon Oct 05 02:00:00 UTC 2026,0.69446,1.909887691481E7,null,null,null,null,null,null,null,null,null,null
Mon Oct 05 03:00:00 UTC 2026,0.69446,1.919056591481E7,null,null,null,null,null,null,null,null,null,null
Mon Oct 05 04:00:00 UTC 2026,0.69446,1.886955391481E7,null,null,null,null,null,null,null,null,null,null
Mon Oct 05 05:00:00 UTC 2026,0.69446,2.001727691481E7,null,null,null,null,null,null,null,null,null,null
Mon Oct 05 06:00:00 UTC 2026,0.69446,2.015263691481E7,null,null,null,null,null,null,null,null,null,null
Mon Oct 05 07:00:00 UTC 2026,0.69446,1.977263291481E7,null,null,null,null,null,null,null,null,null,null
Mon Oct 05 08:00:00 UTC 2026,0.69446,2.089830891481E7,null,null,null,null,null,null,null,null,null,null
Mon Oct 05 09:00:00 UTC 2026,0.69446,2.407488291481E7,null,null,null,null,null,null,null,null,null,null
Mon Oct 05 10:00:00 UTC 2026,0.69446,2.311033691481E7,null,null,null,null,null,null,null,null,null,null
Mon Oct 05 11:00:00 UTC 2026,0.69446,2.136658291481E7,null,null,null,null,null,null,null,null,null,null
Mon Oct 05 12:00:00 UTC 2026,0.69446,2.168780791481E7,null,null,null,null,null,null,null,null,null,null
Mon Oct 05 13:00:00 UTC 2026,0.69446,2.280082191481E7,null,null,null,null,null,null,null,null,null,null
Mon Oct 05 14:00:00 UTC 2026,0.69446,2.058923391481E7,null,null,null,null,null,null,null,null,null,null
Mon Oct 05 15:00:00 UTC 2026,0.69446,2.022260691481E7,null,null,null,null,null,null,null,null,null,null
Mon Oct 05 16:00:00 UTC 2026,0.69446,2.363081791481E7,null,null,null,null,null,null,null,null,null,null
Mon Oct 05 17:00:00 UTC 2026,0.69446,2.650381391481E7,null,null,null,null,null,null,null,null,null,null
Mon Oct 05 18:00:00 UTC 2026,0.69446,2.546122891481E7,null,null,null,null,null,null,null,null,null,null
Mon Oct 05 19:00:00 UTC 2026,0.69446,2.285766991481E7,null,null,null,null,null,null,null,null,null,null
Mon Oct 05 20:00:00 UTC 2026,0.69446,2.431625691481E7,null,null,null,null,null,null,null,null,null,null
Mon Oct 05 21:00:00 UTC 2026,0.69446,2.803318191481E7,null,2.803328191481E7,null,null,null,null,2.803378191481E7,null,null,null
Mon Oct 05 22:00:00 UTC 2026,0.69446,2.627983091481E7,null,2.5689628831476666E7,null,null,null,null,2.569012883147667E7,null,null,null
Mon Oct 05 23:00:00 UTC 2026,0.69446,2.708129791481E7,null,2.3345975748143338E7,null,null,null,null,2.3346475748143334E7,null,null,null
Tue Oct 06 00:00:00 UTC 2026,0.69446,2.680894891481E7,null,2.100232266481E7,null,null,null,null,2.100282266481E7,null,null,null
Tue Oct 06 01:00:00 UTC 2026,0.69446,2.569883991481E7,null,1.8658669581476666E7,null,null,null,null,1.865916958147667E7,null,null,null
Tue Oct 06 02:00:00 UTC 2026,0.69446,2.588241791481E7,null,1.6315016498143336E7,null,null,null,null,1.6315516498143338E7,null,null,null
Tue Oct 06 03:00:00 UTC 2026,0.69446,2.462338591481E7,null,1.3971363414810002E7,null,null,null,null,1.3971863414810002E7,null,null,null
Tue Oct 06 04:00:00 UTC 2026,0.69446,2.179183691481E7,null,1.162771033147667E7,null,null,null,null,1.1628210331476668E7,null,null,null
Tue Oct 06 05:00:00 UTC 2026,0.69446,2.251222191481E7,null,9284057.248143334,null,null,null,null,9284557.248143336,null,null,null
Tue Oct 06 06:00:00 UTC 2026,0.69446,2.119131791481E7,null,6940404.164810002,null,null,null,null,6940904.164810002,null,null,null
Tue Oct 06 07:00:00 UTC 2026,0.69446,2.144187891481E7,null,4596751.081476668,null,null,null,null,4597251.081476669,null,null,null
Tue Oct 06 08:00:00 UTC 2026,0.69446,590494.9148100019,null,2253097.998143335,null,null,null,null,2253597.9981433353,null,null,null
Tue Oct 06 09:00:00 UTC 2026,0.69446,-90655.08518999815,null,-90555.08518999815,null,null,null,null,-90055.08518999815,null,null,null
Tue Oct 06 10:00:00 UTC 2026,0.69446,1266459.9148100019,null,null,null,null,null,null,null,null,null,null
Tue Oct 06 11:00:00 UTC 2026,0.69446,2521380.914810002,null,null,null,null,null,null,null,null,null,null
Tue Oct 06 12:00:00 UTC 2026,0.69446,1251843.9148100019,null,null,null,null,null,null,null,null,null,null
Tue Oct 06 13:00:00 UTC 2026,0.69446,2887966.914810002,null,null,null,null,null,null,null,null,null,null
Tue Oct 06 14:00:00 UTC 2026,0.69446,3631693.914810002,null,null,null,null,null,null,null,null,null,null
Tue Oct 06 15:00:00 UTC 2026,0.69446,6800836.914810002,null,null,null,null,null,null,null,null,null,null
Tue Oct 06 16:00:00 UTC 2026,0.69446,6150660.914810002,null,null,null,null,null,null,null,null,null,null
Tue Oct 06 17:00:00 UTC 2026,0.69446,6979292.914810002,null,null,null,null,null,null,null,null,null,null
Tue Oct 06 18:00:00 UTC 2026,0.69446,1.0775114914810002E7,null,null,null,null,null,null,null,null,null,null
Tue Oct 06 19:00:00 UTC 2026,0.69446,1.0714305914810002E7,null,null,null,null,null,null,null,null,null,null
Tue Oct 06 20:00:00 UTC 2026,0.69446,9851493.914810002,null,null,null,null,null,null,null,null,null,null
Tue Oct 06 21:00:00 UTC 2026,0.69446,9529500.914810002,null,null,null,null,null,null,null,null,null,null
Tue Oct 06 22:00:00 UTC 2026,0.69446,9473494.914810002,null,null,null,null,null,null,null,null,null,null
Tue Oct 06 23:00:00 UTC 2026,0.69446,1.0996485914810002E7,null,null,null,null,null,null,null,null,null,null
Wed Oct 07 00:00:00 UTC 2026,0.69446,1.237048691481E7,null,null,null,null,null,null,null,null,null,null
Wed Oct 07 01:00:00 UTC 2026,0.69446,1.311736891481E7,null,null,null,null,null,null,null,null,null,null
Wed Oct 07 02:00:00 UTC 2026,0.69446,1.416803891481E7,null,null,null,null,null,null,null,null,null,null
Wed Oct 07 03:00:00 UTC 2026,0.69446,1.411124391481E7,null,null,null,null,null,null,null,null,null,null
Wed Oct 07 04:00:00 UTC 2026,0.69446,1.1821835914810002E7,null,null,null,null,null,null,null,null,null,null
Wed Oct 07 05:00:00 UTC 2026,0.69446,1.207995191481E7,null,null,null,null,null,null,null,null,null,null
Wed Oct 07 06:00:00 UTC 2026,0.69446,1.0774303914810002E7,null,null,null,null,null,null,null,null,null,null
Wed Oct 07 07:00:00 UTC 2026,0.69446,1.271842891481E7,null,null,null,null,null,null,null,null,null,null
Wed Oct 07 08:00:00 UTC 2026,0.69446,1.1560173914810002E7,null,null,null,null,null,null,null,null,null,null
Wed Oct 07 09:00:00 UTC 2026,0.69446,8649835.914810002,null,null,null,null,null,null,null,null,null,null
Wed Oct 07 10:00:00 UTC 2026,0.69446,1.0787885914810002E7,null,null,null,null,null,null,null,null,null,null
Wed Oct 07 11:00:00 UTC 2026,0.69446,1.0661591914810002E7,null,null,null,null,null,null,null,null,null,null
Wed Oct 07 12:00:00 UTC 2026,0.69446,1.339159791481E7,null,null,null,null,null,null,null,null,null,null
Wed Oct 07 13:00:00 UTC 2026,0.69446,1.418775991481E7,null,null,null,null,null,null,null,null,null,null
Wed Oct 07 14:00:00 UTC 2026,0.69446,1.287509691481E7,null,null,null,null,null,null,null,null,null,null
Wed Oct 07 15:00:00 UTC 2026,0.69446,1.318748491481E7,null,null,null,null,null,null,null,null,null,null
Wed Oct 07 16:00:00 UTC 2026,0.69446,1.796644091481E7,null,null,null,null,null,null,null,null,null,null
Wed Oct 07 17:00:00 UTC 2026,0.69446,1.822510191481E7,null,null,null,null,null,null,1.822570191481E7,null,null,null
Wed Oct 07 18:00:00 UTC 2026,0.69446,1.339619891481E7,null,null,null,null,null,null,1.4985656914810002E7,null,null,null
Wed Oct 07 19:00:00 UTC 2026,0.69446,1.1745011914810002E7,null,null,null,null,null,null,1.1745611914810002E7,null,null,null
Wed Oct 07 20:00:00 UTC 2026,0.69446,1.499210791481E7,null,null,null,null,null,null,null,null,null,null
Wed Oct 07 21:00:00 UTC 2026,0.69446,1.496850891481E7,null,null,null,null,null,null,null,null,null,null
Wed Oct 07 22:00:00 UTC 2026,0.69446,1.376129291481E7,null,null,null,null,null,null,null,null,null,null
Wed Oct 07 23:00:00 UTC 2026,0.69446,1.374801091481E7,null,null,null,null,null,null,null,null,null,null
Thu Oct 08 00:00:00 UTC 2026,0.69446,1.374818091481E7,null,null,null,null,null,null,null,null,null,null
Thu Oct 08 01:00:00 UTC 2026,0.69446,1.495838991481E7,null,null,null,null,null,null,null,null,null,null
Thu Oct 08 02:00:00 UTC 2026,0.69446,1.537855591481E7,null,null,null,null,null,null,null,null,null,null
Thu Oct 08 03:00:00 UTC 2026,0.69446,1.422161291481E7,null,null,null,null,null,null,null,null,null,null
Thu Oct 08 04:00:00 UTC 2026,0.69446,1.449518091481E7,null,null,null,null,null,null,null,null,null,null
Thu Oct 08 05:00:00 UTC 2026,0.69446,1.458916191481E7,null,null,null,null,null,null,null,null,null,null
Thu Oct 08 06:00:00 UTC 2026,0.69446,1.258584291481E7,null,null,null,null,null,null,null,null,null,null
Thu Oct 08 07:00:00 UTC 2026,0.69446,1.210902691481E7,null,null,null,null,null,null,null,null,null,null
Thu Oct 08 08:00:00 UTC 2026,0.69446,1.264984991481E7,null,null,null,null,null,null,null,null,null,null
Thu Oct 08 09:00:00 UTC 2026,0.69446,1.659997491481E7,null,null,null,null,null,null,null,null,null,null
Thu Oct 08 10:00:00 UTC 2026,0.69446,1.571616891481E7,null,null,null,null,null,null,null,null,null,null
Thu Oct 08 11:00:00 UTC 2026,0.69446,1.480368791481E7,null,null,null,null,null,null,null,null,null,null
Thu Oct 08 12:00:00 UTC 2026,0.69446,1.659655691481E7,null,null,null,null,null,null,null,null,null,null
Thu Oct 08 13:00:00 UTC 2026,0.69446,1.797435291481E7,null,null,null,null,null,null,null,null,null,null
Thu Oct 08 14:00:00 UTC 2026,0.69446,1.789391591481E7,null,null,null,null,null,null,null,null,null,null
Thu Oct 08 15:00:00 UTC 2026,0.69446,1.611113491481E7,null,null,null,null,null,null,null,null,null,null
Thu Oct 08 16:00:00 UTC 2026,0.69446,1.567961391481E7,null,null,null,null,null,null,null,null,null,null
Thu Oct 08 17:00:00 UTC 2026,0.69446,1.424050191481E7,null,null,null,null,null,null,null,null,null,null
Thu Oct 08 18:00:00 UTC 2026,0.69446,1.516338291481E7,null,null,null,null,null,null,null,null,null,null
Thu Oct 08 19:00:00 UTC 2026,0.69446,1.876847391481E7,null,null,null,null,null,null,null,null,null,null
Thu Oct 08 20:00:00 UTC 2026,0.69446,1.834543791481E7,null,null,null,null,null,null,null,null,null,null
Thu Oct 08 21:00:00 UTC 2026,0.69446,1.932859291481E7,null,null,null,null,null,null,null,null,null,null
Thu Oct 08 22:00:00 UTC 2026,0.69446,1.779021291481E7,null,null,null,null,null,null,null,null,null,null
Thu Oct 08 23:00:00 UTC 2026,0.69446,1.898242091481E7,null,null,null,null,null,null,null,null,null,null
Fri Oct 09 00:00:00 UTC 2026,0.69446,1.949225791481E7,null,null,null,null,null,null,null,null,null,null
Fri Oct 09 01:00:00 UTC 2026,0.69446,2.015253791481E7,null,null,null,null,null,null,null,null,null,null
Fri Oct 09 02:00:00 UTC 2026,0.69446,2.006673191481E7,null,null,null,null,null,null,null,null,null,null
Fri Oct 09 03:00:00 UTC 2026,0.69446,1.889428191481E7,null,null,null,null,null,null,null,null,null,null
Fri Oct 09 04:00:00 UTC 2026,0.69446,1.909157491481E7,null,null,null,null,null,null,null,null,null,null
Fri Oct 09 05:00:00 UTC 2026,0.69446,1.898281691481E7,null,null,null,null,null,null,null,null,null,null
Fri Oct 09 06:00:00 UTC 2026,0.69446,1.659677491481E7,null,null,null,null,null,null,null,null,null,null
Fri Oct 09 07:00:00 UTC 2026,0.69446,1.760468391481E7,null,null,null,null,null,null,null,null,null,null
Fri Oct 09 08:00:00 UTC 2026,0.69446,1.813283591481E7,null,null,null,null,null,null,null,null,null,null
Fri Oct 09 09:00:00 UTC 2026,0.69446,1.955687291481E7,null,null,null,null,null,null,null,null,null,null
Fri Oct 09 10:00:00 UTC 2026,0.69446,2.032199291481E7,null,null,null,null,null,null,2.032259291481E7,2.032269291481E7,null,null
Fri Oct 09 11:00:00 UTC 2026,0.69446,1.904217691481E7,null,null,null,null,null,null,2.0123117122127075E7,2.0123217122127075E7,null,null
Fri Oct 09 12:00:00 UTC 2026,0.69446,1.818214291481E7,null,null,null,null,null,null,1.9923641329444148E7,1.9923741329444148E7,null,null
Fri Oct 09 13:00:00 UTC 2026,0.69446,1.504291191481E7,null,null,null,null,null,null,1.972416553676122E7,1.972426553676122E7,null,null
Fri Oct 09 14:00:00 UTC 2026,0.69446,1.513880191481E7,null,null,null,null,null,null,1.9524689744078293E7,1.9524789744078293E7,null,null
Fri Oct 09 15:00:00 UTC 2026,0.69446,1.551524591481E7,null,null,null,null,null,null,1.9325213951395366E7,1.9325313951395366E7,null,null
Fri Oct 09 16:00:00 UTC 2026,0.69446,1.392806091481E7,null,null,null,null,null,null,1.9125738158712443E7,1.9125838158712443E7,null,null
Fri Oct 09 17:00:00 UTC 2026,0.69446,1.329666391481E7,null,null,null,null,null,null,1.8926262366029516E7,1.8926362366029516E7,null,null
Fri Oct 09 18:00:00 UTC 2026,0.69446,1.1417018914810002E7,null,null,null,null,null,null,1.872678657334659E7,1.872688657334659E7,null,null
Fri Oct 09 19:00:00 UTC 2026,0.69446,9726794.914810002,null,null,null,null,null,null,1.8527310780663658E7,1.852741078066366E7,null,null
Fri Oct 09 20:00:00 UTC 2026,0.69446,9031062.914810002,null,null,null,null,null,null,1.832783498798073E7,1.8327934987980735E7,null,null
Fri Oct 09 21:00:00 UTC 2026,0.69446,8929713.914810002,null,null,null,null,null,null,1.8128359195297807E7,1.8128459195297804E7,null,null
Fri Oct 09 22:00:00 UTC 2026,0.69446,8929713.914810002,null,null,null,null,null,null,1.792888340261488E7,1.7928983402614877E7,null,null
Fri Oct 09 23:00:00 UTC 2026,0.69446,8929713.914810002,null,null,null,null,null,null,1.7729407609931953E7,1.772950760993195E7,null,null
Sat Oct 10 00:00:00 UTC 2026,0.69446,8929713.914810002,null,null,null,null,null,null,1.7529931817249026E7,1.7530031817249022E7,null,null
Sat Oct 10 01:00:00 UTC 2026,0.69446,8929713.914810002,null,null,null,null,null,null,1.73304560245661E7,1.73305560245661E7,null,null
Sat Oct 10 02:00:00 UTC 2026,0.69446,8929713.914810002,null,null,null,null,null,null,1.7130980231883172E7,1.7131080231883172E7,null,null
Sat Oct 10 03:00:00 UTC 2026,0.69446,8929713.914810002,null,null,null,null,null,null,1.693150443920025E7,1.6931604439200245E7,null,null
Sat Oct 10 04:00:00 UTC 2026,0.69446,8929713.914810002,null,null,null,null,null,null,1.673202864651732E7,1.673212864651732E7,null,null
Sat Oct 10 05:00:00 UTC 2026,0.69446,8929713.914810002,null,null,null,null,null,null,1.6532552853834393E7,1.6532652853834393E7,null,null
Sat Oct 10 06:00:00 UTC 2026,0.69446,8929713.914810002,null,null,null,null,null,null,1.6333077061151465E7,1.6333177061151465E7,null,null
Sat Oct 10 07:00:00 UTC 2026,0.69446,8929713.914810002,null,null,null,null,null,null,1.6133601268468538E7,1.6133701268468538E7,null,null
Sat Oct 10 08:00:00 UTC 2026,0.69446,8929713.914810002,null,null,null,null,null,null,1.5934125475785613E7,1.5934225475785611E7,null,null
Sat Oct 10 09:00:00 UTC 2026,0.69446,8929713.914810002,null,null,null,null,null,null,1.5734649683102684E7,1.5734749683102684E7,null,null
Sat Oct 10 10:00:00 UTC 2026,0.69446,8929713.914810002,null,null,null,null,null,null,1.5535173890419757E7,1.5535273890419757E7,null,null
Sat Oct 10 11:00:00 UTC 2026,0.69446,8929713.914810002,null,null,null,null,null,null,1.5335698097736832E7,1.533579809773683E7,null,null
Sat Oct 10 12:00:00 UTC 2026,0.69446,8929713.914810002,null,null,null,null,null,null,1.5136222305053905E7,1.5136322305053905E7,null,null
Sat Oct 10 13:00:00 UTC 2026,0.69446,8929713.914810002,null,null,null,null,null,null,1.493674651237098E7,1.4936846512370978E7,null,null
Sat Oct 10 14:00:00 UTC 2026,0.69446,8929713.914810002,null,null,null,null,null,null,1.473727071968805E7,1.473737071968805E7,null,null
Sat Oct 10 15:00:00 UTC 2026,0.69446,8929713.914810002,null,null,null,null,null,null,1.4537794927005123E7,1.4537894927005123E7,null,null
Sat Oct 10 16:00:00 UTC 2026,0.69446,8929713.914810002,null,null,null,null,null,null,1.4338319134322198E7,1.4338419134322196E7,null,null
Sat Oct 10 17:00:00 UTC 2026,0.69446,8929713.914810002,null,null,null,null,null,null,1.413884334163927E7,1.413894334163927E7,null,null
Sat Oct 10 18:00:00 UTC 2026,0.69446,8929713.914810002,null,null,null,null,null,null,1.3939367548956342E7,1.3939467548956344E7,null,null
Sat Oct 10 19:00:00 UTC 2026,0.69446,8929713.914810002,null,null,null,null,null,null,1.3739891756273417E7,1.3739991756273417E7,null,null
Sat Oct 10 20:00:00 UTC 2026,0.69446,8929713.914810002,null,null,null,null,null,null,1.3540415963590488E7,1.354051596359049E7,null,null
Sat Oct 10 21:00:00 UTC 2026,0.69446,8929713.914810002,null,null,null,null,null,null,1.3340940170907563E7,1.3341040170907563E7,null,null
Sat Oct 10 22:00:00 UTC 2026,0.69446,8929713.914810002,null,null,null,null,null,null,1.3141464378224637E7,1.3141564378224637E7,null,null
Sat Oct 10 23:00:00 UTC 2026,0.69446,8929713.914810002,null,null,null,null,null,null,1.294198858554171E7,1.294208858554171E7,null,null
Sun Oct 11 00:00:00 UTC 2026,0.69446,8929713.914810002,null,null,null,null,null,null,1.2742512792858783E7,1.2742612792858783E7,null,null
Sun Oct 11 01:00:00 UTC 2026,0.69446,8929713.914810002,null,null,null,null,null,null,1.2543037000175856E7,1.2543137000175856E7,null,null
Sun Oct 11 02:00:00 UTC 2026,0.69446,8929713.914810002,null,null,null,null,null,null,1.2343561207492929E7,1.2343661207492929E7,null,null
Sun Oct 11 03:00:00 UTC 2026,0.69446,8929713.914810002,null,null,null,null,null,null,1.2144085414810002E7,1.2144185414810002E7,null,null
Sun Oct 11 04:00:00 UTC 2026,0.69446,8929713.914810002,null,null,null,null,null,null,1.1944609622127075E7,1.1944709622127075E7,null,null
Sun Oct 11 05:00:00 UTC 2026,0.69446,8929713.914810002,null,null,null,null,null,null,1.1745133829444148E7,1.1745233829444148E7,null,null
Sun Oct 11 06:00:00 UTC 2026,0.69446,8929713.914810002,null,null,null,null,null,null,1.1545658036761222E7,1.1545758036761222E7,null,null
Sun Oct 11 07:00:00 UTC 2026,0.69446,8929713.914810002,null,null,null,null,null,null,1.1346182244078295E7,1.1346282244078295E7,null,null
Sun Oct 11 08:00:00 UTC 2026,0.69446,8929713.914810002,null,null,null,null,null,null,1.1146706451395366E7,1.1146806451395368E7,null,null
Sun Oct 11 09:00:00 UTC 2026,0.69446,8929713.914810002,null,null,null,null,null,null,1.0947230658712441E7,1.094733065871244E7,null,null
Sun Oct 11 10:00:00 UTC 2026,0.69446,8929713.914810002,null,null,null,null,null,null,1.0747754866029512E7,1.0747854866029512E7,null,null
Sun Oct 11 11:00:00 UTC 2026,0.69446,8929713.914810002,null,null,null,null,null,null,1.0548279073346587E7,1.0548379073346587E7,null,null
Sun Oct 11 12:00:00 UTC 2026,0.69446,8929713.914810002,null,null,null,null,null,null,1.0348803280663662E7,1.0348903280663662E7,null,null
Sun Oct 11 13:00:00 UTC 2026,0.69446,8929713.914810002,null,null,null,null,null,null,1.0149327487980735E7,1.0149427487980735E7,null,null
Sun Oct 11 14:00:00 UTC 2026,0.69446,8929713.914810002,null,null,null,null,null,null,9949851.695297807,9949951.695297807,null,null
Sun Oct 11 15:00:00 UTC 2026,0.69446,8929713.914810002,null,null,null,null,null,null,9750375.90261488,9750475.90261488,null,null
Sun Oct 11 16:00:00 UTC 2026,0.69446,8929713.914810002,null,null,null,null,null,null,9550900.109931953,9551000.109931953,null,null
Sun Oct 11 17:00:00 UTC 2026,0.69446,8929713.914810002,null,null,null,null,null,null,9351424.317249026,9351524.317249026,null,null
Sun Oct 11 18:00:00 UTC 2026,0.69446,8929713.914810002,null,null,null,null,null,null,9151948.524566099,9152048.524566099,null,null
Sun Oct 11 19:00:00 UTC 2026,0.69446,8929713.914810002,null,null,null,null,null,null,8952472.731883172,8952572.731883172,null,null
Sun Oct 11 20:00:00 UTC 2026,0.69446,8929713.914810002,null,null,null,null,null,null,8752996.939200245,8753096.939200245,null,null
Sun Oct 11 21:00:00 UTC 2026,0.69446,1.0174717914810002E7,null,null,null,null,null,null,8553521.14651732,8553621.14651732,null,null
Sun Oct 11 22:00:00 UTC 2026,0.69446,8827408.914810002,null,null,null,null,null,null,8354045.3538343925,8354145.3538343925,null,null
Sun Oct 11 23:00:00 UTC 2026,0.69446,7314532.914810002,null,null,null,null,null,null,8154569.561151465,8154669.561151465,null,null
Mon Oct 12 00:00:00 UTC 2026,0.69446,7529187.914810002,null,null,null,null,null,null,7955093.768468538,7955193.768468538,null,null
Mon Oct 12 01:00:00 UTC 2026,0.69446,4974753.914810002,null,null,null,null,null,null,7755617.975785612,7755717.975785612,null,null
Mon Oct 12 02:00:00 UTC 2026,0.69446,5245918.914810002,null,null,null,null,null,null,7556142.183102684,7556242.183102686,null,null
Mon Oct 12 03:00:00 UTC 2026,0.69446,6800500.914810002,null,null,null,null,null,null,7356666.390419758,7356766.390419757,null,null
Mon Oct 12 04:00:00 UTC 2026,0.69446,5935132.914810002,null,null,null,null,null,null,7157190.597736832,7157290.597736832,null,null
Mon Oct 12 05:00:00 UTC 2026,0.69446,7996000.914810002,null,null,null,null,null,null,6957714.805053905,6957814.805053905,null,null
Mon Oct 12 06:00:00 UTC 2026,0.69446,7638154.914810002,null,null,null,null,null,null,6758239.012370978,6758339.012370978,null,null
Mon Oct 12 07:00:00 UTC 2026,0.69446,7688703.914810002,null,null,null,null,null,null,6558763.21968805,6558863.21968805,null,null
Mon Oct 12 08:00:00 UTC 2026,0.69446,6406460.914810002,null,null,null,null,null,null,6359287.427005123,6359387.427005123,null,null
Mon Oct 12 09:00:00 UTC 2026,0.69446,6384148.914810002,null,null,null,null,null,null,6159811.634322197,6159911.634322197,null,null
Mon Oct 12 10:00:00 UTC 2026,0.69446,7733606.914810002,null,null,null,null,null,null,5960335.84163927,5960435.84163927,null,null
Mon Oct 12 11:00:00 UTC 2026,0.69446,9423303.914810002,null,null,null,null,null,null,5760860.048956343,5760960.048956344,null,null
Mon Oct 12 12:00:00 UTC 2026,0.69446,7531333.914810002,null,null,null,null,null,null,5561384.256273417,5561484.256273417,null,null
Mon Oct 12 13:00:00 UTC 2026,0.69446,7923884.914810002,null,null,null,null,null,null,5361908.46359049,5362008.46359049,null,null
Mon Oct 12 14:00:00 UTC 2026,0.69446,7145332.914810002,null,null,null,null,null,null,5162432.670907563,5162532.670907563,null,null
Mon Oct 12 15:00:00 UTC 2026,0.69446,5946007.914810002,null,null,null,null,null,null,4962956.8782246355,4963056.8782246355,null,null
Mon Oct 12 16:00:00 UTC 2026,0.69446,8696247.914810002,null,null,null,null,null,null,4763481.085541709,4763581.085541709,null,null
Mon Oct 12 17:00:00 UTC 2026,0.69446,8401351.914810002,null,null,null,null,null,null,4564005.292858782,4564105.292858782,null,null
Mon Oct 12 18:00:00 UTC 2026,0.69446,7901730.914810002,null,null,null,null,null,null,4364529.500175856,4364629.500175855,null,null
Mon Oct 12 19:00:00 UTC 2026,0.69446,5882782.914810002,null,null,null,null,null,null,4165053.7074929285,4165153.707492929,null,null
Mon Oct 12 20:00:00 UTC 2026,0.69446,3964977.914810002,null,null,null,null,null,null,3965577.914810002,3965677.914810002,null,null
Mon Oct 12 21:00:00 UTC 2026,0.69446,5425283.914810002,null,null,null,null,null,null,null,null,null,null
Mon Oct 12 22:00:00 UTC 2026,0.69446,5534173.914810002,null,null,null,null,null,null,null,null,null,null
Mon Oct 12 23:00:00 UTC 2026,0.69446,6763001.914810002,null,null,null,null,null,null,null,null,null,null
Tue Oct 13 00:00:00 UTC 2026,0.69446,6586741.914810002,null,null,null,null,null,null,null,null,null,null
Tue Oct 13 01:00:00 UTC 2026,0.69446,7558519.914810002,null,null,null,null,null,null,null,null,null,null
Tue Oct 13 02:00:00 UTC 2026,0.69446,8554188.914810002,null,null,null,null,null,null,null,null,null,null
Tue Oct 13 03:00:00 UTC 2026,0.69446,8821902.914810002,null,null,null,null,null,null,null,null,null,null
Tue Oct 13 04:00:00 UTC 2026,0.69446,1.1120635914810002E7,null,null,null,null,null,null,null,null,null,null
Tue Oct 13 05:00:00 UTC 2026,0.69446,9966354.914810002,null,null,null,null,null,null,null,null,null,null
Tue Oct 13 06:00:00 UTC 2026,0.69446,1.0382160914810002E7,null,null,null,null,null,null,null,null,null,null
Tue Oct 13 07:00:00 UTC 2026,0.69446,1.1319973914810002E7,null,null,null,null,null,null,null,null,null,null
Tue Oct 13 08:00:00 UTC 2026,0.69446,1.1795606914810002E7,null,null,null,null,null,null,null,null,null,null
Tue Oct 13 09:00:00 UTC 2026,0.69446,1.0148765914810002E7,null,null,null,null,null,null,null,null,null,null
Tue Oct 13 10:00:00 UTC 2026,0.69446,1.1467389914810002E7,null,null,null,null,null,null,null,null,null,null
Tue Oct 13 11:00:00 UTC 2026,0.69446,1.218435491481E7,null,null,null,null,null,null,null,null,null,null
Tue Oct 13 12:00:00 UTC 2026,0.69446,1.245094791481E7,null,null,null,null,null,null,null,null,null,null
Tue Oct 13 13:00:00 UTC 2026,0.69446,1.286262191481E7,null,null,null,null,null,null,null,null,null,null
Tue Oct 13 14:00:00 UTC 2026,0.69446,1.201310691481E7,null,null,null,null,null,null,null,null,null,null
Tue Oct 13 15:00:00 UTC 2026,0.69446,1.294664091481E7,null,null,null,null,null,null,null,null,null,null
Tue Oct 13 16:00:00 UTC 2026,0.69446,1.480102391481E7,null,null,null,null,null,null,null,null,null,null
Tue Oct 13 17:00:00 UTC 2026,0.69446,1.544176091481E7,null,null,null,null,null,null,null,null,null,null
Tue Oct 13 18:00:00 UTC 2026,0.69446,1.361186191481E7,null,null,null,null,null,null,null,null,null,null
Tue Oct 13 19:00:00 UTC 2026,0.69446,1.391519791481E7,null,null,null,null,null,null,null,null,null,null
Tue Oct 13 20:00:00 UTC 2026,0.69446,1.586826791481E7,null,null,null,null,null,null,null,null,null,null
Tue Oct 13 21:00:00 UTC 2026,0.69446,1.638736191481E7,null,null,null,null,null,null,null,null,null,null
Tue Oct 13 22:00:00 UTC 2026,0.69446,1.605276091481E7,null,null,null,null,null,null,null,null,null,null
Tue Oct 13 23:00:00 UTC 2026,0.69446,1.580325491481E7,null,null,null,null,null,null,null,null,null,null
Wed Oct 14 00:00:00 UTC 2026,0.69446,1.463576991481E7,null,null,null,null,null,null,null,null,null,null
Wed Oct 14 01:00:00 UTC 2026,0.69446,1.443802991481E7,null,null,null,null,null,null,null,null,null,null
Wed Oct 14 02:00:00 UTC 2026,0.69446,1.481951591481E7,null,null,null,null,null,null,null,null,null,null
Wed Oct 14 03:00:00 UTC 2026,0.69446,1.439238691481E7,null,null,null,null,null,null,null,null,null,null
Wed Oct 14 04:00:00 UTC 2026,0.69446,1.457067891481E7,null,null,null,null,null,null,null,null,null,null
Wed Oct 14 05:00:00 UTC 2026,0.69446,1.439146791481E7,null,null,null,null,null,null,null,null,null,null
Wed Oct 14 06:00:00 UTC 2026,0.69446,1.477612991481E7,null,null,null,null,null,null,null,null,null,null
Wed Oct 14 07:00:00 UTC 2026,0.69446,1.553016991481E7,null,null,null,null,null,null,null,null,null,null
Wed Oct 14 08:00:00 UTC 2026,0.69446,1.525994891481E7,null,null,null,null,null,null,null,null,null,null
Wed Oct 14 09:00:00 UTC 2026,0.69446,1.495073291481E7,null,null,null,null,null,null,null,null,null,null
Wed Oct 14 10:00:00 UTC 2026,0.69446,1.533182791481E7,null,null,null,null,null,null,null,null,null,null
Wed Oct 14 11:00:00 UTC 2026,0.69446,1.554310691481E7,null,null,null,null,null,null,null,null,null,null
Wed Oct 14 12:00:00 UTC 2026,0.69446,1.497983091481E7,null,null,null,null,null,null,null,null,null,null
Wed Oct 14 13:00:00 UTC 2026,0.69446,1.551618291481E7,null,null,null,null,null,null,null,null,null,null
Wed Oct 14 14:00:00 UTC 2026,0.69446,1.651185091481E7,null,null,null,null,null,null,null,null,null,null
Wed Oct 14 15:00:00 UTC 2026,0.69446,1.679816291481E7,null,null,null,null,null,null,1.679876291481E7,null,null,null
Wed Oct 14 16:00:00 UTC 2026,0.69446,1.568509291481E7,null,null,null,null,null,null,1.6402998977310002E7,null,null,null
Wed Oct 14 17:00:00 UTC 2026,0.69446,1.605420191481E7,null,null,null,null,null,null,1.6007235039810002E7,null,null,null
Wed Oct 14 18:00:00 UTC 2026,0.69446,1.585242191481E7,null,null,null,null,null,null,1.5611471102310002E7,null,null,null
Wed Oct 14 19:00:00 UTC 2026,0.69446,1.482410591481E7,null,null,null,null,null,null,1.5215707164810002E7,null,null,null
Wed Oct 14 20:00:00 UTC 2026,0.69446,1.482839591481E7,null,null,null,null,null,null,1.4819943227310002E7,null,null,null
Wed Oct 14 21:00:00 UTC 2026,0.69446,1.485836491481E7,null,null,null,null,null,null,1.4424179289810002E7,null,null,null
Wed Oct 14 22:00:00 UTC 2026,0.69446,1.423977991481E7,null,null,null,null,null,null,1.4028415352310002E7,null,null,null
Wed Oct 14 23:00:00 UTC 2026,0.69446,1.263831691481E7,null,null,null,null,null,null,1.3632651414810002E7,null,null,null
Thu Oct 15 00:00:00 UTC 2026,0.69446,1.346752591481E7,null,null,null,null,null,null,1.3236887477310002E7,null,null,null
Thu Oct 15 01:00:00 UTC 2026,0.69446,1.234817991481E7,null,null,null,null,null,null,1.2841123539810002E7,null,null,null
Thu Oct 15 02:00:00 UTC 2026,0.69446,1.403117791481E7,null,null,null,null,null,null,1.2445359602310002E7,null,null,null
Thu Oct 15 03:00:00 UTC 2026,0.69446,1.464829391481E7,null,null,null,null,null,null,1.2049595664810002E7,null,null,null
Thu Oct 15 04:00:00 UTC 2026,0.69446,1.447435891481E7,null,null,null,null,null,null,1.1653831727310002E7,null,null,null
Thu Oct 15 05:00:00 UTC 2026,0.69446,1.241028491481E7,null,null,null,null,null,null,1.1258067789810002E7,null,null,null
Thu Oct 15 06:00:00 UTC 2026,0.69446,1.210321091481E7,null,null,null,null,null,null,1.0862303852310002E7,null,null,null
Thu Oct 15 07:00:00 UTC 2026,0.69446,1.0465939914810002E7,null,null,null,null,null,null,1.0466539914810002E7,null,null,null
Thu Oct 15 08:00:00 UTC 2026,0.69446,1.199309191481E7,null,null,null,null,null,null,null,null,null,null
Thu Oct 15 09:00:00 UTC 2026,0.69446,1.297856991481E7,null,null,null,null,null,null,null,null,null,null
Thu Oct 15 10:00:00 UTC 2026,0.69446,1.344548191481E7,null,null,null,null,null,null,null,null,null,null
Thu Oct 15 11:00:00 UTC 2026,0.69446,1.341591191481E7,null,null,null,null,null,null,null,null,null,null
Thu Oct 15 12:00:00 UTC 2026,0.69446,1.234922291481E7,null,null,null,null,null,null,null,null,null,null
Thu Oct 15 13:00:00 UTC 2026,0.69446,1.314766991481E7,null,null,null,null,null,null,null,null,null,null
Thu Oct 15 14:00:00 UTC 2026,0.69446,1.337940391481E7,null,null,null,null,null,null,null,null,null,null
Thu Oct 15 15:00:00 UTC 2026,0.69446,1.1485728914810002E7,null,null,null,null,null,null,null,null,null,null
Thu Oct 15 16:00:00 UTC 2026,0.69446,1.298081091481E7,null,null,null,null,null,null,null,null,null,null
Thu Oct 15 17:00:00 UTC 2026,0.69446,1.350405591481E7,null,null,null,null,null,null,null,null,null,null
Thu Oct 15 18:00:00 UTC 2026,0.69446,1.435982191481E7,null,null,null,null,null,null,null,null,null,null
Thu Oct 15 19:00:00 UTC 2026,0.69446,1.459715991481E7,null,null,null,null,null,null,null,null,null,null
Thu Oct 15 20:00:00 UTC 2026,0.69446,1.561981291481E7,null,null,null,null,null,null,null,null,null,null
Thu Oct 15 21:00:00 UTC 2026,0.69446,1.431694091481E7,null,null,null,null,null,null,null,null,null,null
Thu Oct 15 22:00:00 UTC 2026,0.69446,1.521064491481E7,null,null,null,null,null,null,null,null,null,null
Thu Oct 15 23:00:00 UTC 2026,0.69446,1.365862091481E7,null,null,null,null,null,null,null,null,null,null
Fri Oct 16 00:00:00 UTC 2026,0.69446,1.529282191481E7,null,null,null,null,null,null,null,null,null,null
Fri Oct 16 01:00:00 UTC 2026,0.69446,1.546061191481E7,null,null,null,null,null,null,null,null,null,null
Fri Oct 16 02:00:00 UTC 2026,0.69446,1.536406691481E7,null,null,null,null,null,null,null,null,null,null
Fri Oct 16 03:00:00 UTC 2026,0.69446,1.516248991481E7,null,null,null,null,null,null,null,null,null,null
Fri Oct 16 04:00:00 UTC 2026,0.69446,1.547879691481E7,null,null,null,null,null,null,null,null,null,null
Fri Oct 16 05:00:00 UTC 2026,0.69446,1.503450091481E7,null,null,null,null,null,null,null,null,null,null
Fri Oct 16 06:00:00 UTC 2026,0.69446,1.522481291481E7,null,null,null,null,null,null,null,null,null,null
Fri Oct 16 07:00:00 UTC 2026,0.69446,1.511656491481E7,null,null,null,null,null,null,null,null,null,null
Fri Oct 16 08:00:00 UTC 2026,0.69446,1.514609091481E7,null,null,null,null,null,null,null,null,null,null
Fri Oct 16 09:00:00 UTC 2026,0.69446,1.587045891481E7,null,null,null,null,null,null,null,null,null,null
Fri Oct 16 10:00:00 UTC 2026,0.69446,1.655928491481E7,null,null,null,null,null,null,null,null,null,null
Fri Oct 16 11:00:00 UTC 2026,0.69446,1.594827191481E7,null,null,null,null,null,null,null,null,null,null
Fri Oct 16 12:00:00 UTC 2026,0.69446,1.645590391481E7,null,null,null,null,null,null,null,null,null,null
Fri Oct 16 13:00:00 UTC 2026,0.69446,1.588361291481E7,null,null,null,null,null,null,null,null,null,null
Fri Oct 16 14:00:00 UTC 2026,0.69446,1.659471991481E7,null,null,null,null,null,null,null,null,null,null
Fri Oct 16 15:00:00 UTC 2026,0.69446,1.757454291481E7,null,null,null,null,null,null,null,null,null,null
Fri Oct 16 16:00:00 UTC 2026,0.69446,1.745422791481E7,null,null,null,null,null,null,null,null,null,null
Fri Oct 16 17:00:00 UTC 2026,0.69446,1.712279591481E7,null,null,null,null,null,null,null,null,null,null
Fri Oct 16 18:00:00 UTC 2026,0.69446,1.730321091481E7,null,null,null,null,null,null,null,null,null,null
Fri Oct 16 19:00:00 UTC 2026,0.69446,1.825317491481E7,null,null,null,null,null,null,null,null,null,null
Fri Oct 16 20:00:00 UTC 2026,0.69446,1.851937891481E7,null,null,null,null,null,null,null,null,null,null
Fri Oct 16 21:00:00 UTC 2026,0.69446,1.851937891481E7,null,null,null,null,null,null,null,null,null,null
Fri Oct 16 22:00:00 UTC 2026,0.69446,1.851937891481E7,null,null,null,null,null,null,null,null,null,null
Fri Oct 16 23:00:00 UTC 2026,0.69446,1.851937891481E7,null,null,null,null,null,null,null,null,null,null
Sat Oct 17 00:00:00 UTC 2026,0.69446,1.851937891481E7,null,null,null,null,null,null,null,null,null,null
Sat Oct 17 01:00:00 UTC 2026,0.69446,1.851937891481E7,null,null,null,null,null,null,null,null,null,null
Sat Oct 17 02:00:00 UTC 2026,0.69446,1.851937891481E7,null,null,null,null,null,null,null,null,null,null
Sat Oct 17 03:00:00 UTC 2026,0.69446,1.851937891481E7,null,null,null,null,null,null,null,null,null,null
Sat Oct 17 04:00:00 UTC 2026,0.69446,1.851937891481E7,null,null,null,null,null,null,null,null,null,null
Sat Oct 17 05:00:00 UTC 2026,0.69446,1.851937891481E7,null,null,null,null,null,null,null,null,null,null
Sat Oct 17 06:00:00 UTC 2026,0.69446,1.851937891481E7,null,null,null,null,null,null,null,null,null,null
Sat Oct 17 07:00:00 UTC 2026,0.69446,1.851937891481E7,null,null,null,null,null,null,null,null,null,null
Sat Oct 17 08:00:00 UTC 2026,0.69446,1.851937891481E7,null,null,null,null,null,null,null,null,null,null
Sat Oct 17 09:00:00 UTC 2026,0.69446,1.851937891481E7,null,null,null,null,null,null,null,null,null,null
Sat Oct 17 10:00:00 UTC 2026,0.69446,1.851937891481E7,null,null,null,null,null,null,null,null,null,null
Sat Oct 17 11:00:00 UTC 2026,0.69446,1.851937891481E7,null,null,null,null,null,null,null,null,null,null
Sat Oct 17 12:00:00 UTC 2026,0.69446,1.851937891481E7,null,null,null,null,null,null,null,null,null,null
Sat Oct 17 13:00:00 UTC 2026,0.69446,1.851937891481E7,null,null,null,null,null,null,null,null,null,null
Sat Oct 17 14:00:00 UTC 2026,0.69446,1.851937891481E7,null,null,null,null,null,null,null,null,null,null
Sat Oct 17 15:00:00 UTC 2026,0.69446,1.851937891481E7,null,null,null,null,null,null,null,null,null,null
Sat Oct 17 16:00:00 UTC 2026,0.69446,1.851937891481E7,null,null,null,null,null,null,null,null,null,null
Sat Oct 17 17:00:00 UTC 2026,0.69446,1.851937891481E7,null,null,null,null,null,null,null,null,null,null
Sat Oct 17 18:00:00 UTC 2026,0.69446,1.851937891481E7,null,null,null,null,null,null,null,null,null,null
Sat Oct 17 19:00:00 UTC 2026,0.69446,1.851937891481E7,null,null,null,null,null,null,null,null,null,null
Sat Oct 17 20:00:00 UTC 2026,0.69446,1.851937891481E7,null,null,null,null,null,null,null,null,null,null
Sat Oct 17 21:00:00 UTC 2026,0.69446,1.851937891481E7,null,null,null,null,null,null,null,null,null,null
Sat Oct 17 22:00:00 UTC 2026,0.69446,1.851937891481E7,null,null,null,null,null,null,null,null,null,null
Sat Oct 17 23:00:00 UTC 2026,0.69446,1.851937891481E7,null,null,null,null,null,null,null,null,null,null
Sun Oct 18 00:00:00 UTC 2026,0.69446,1.851937891481E7,null,null,null,null,null,null,null,null,null,null
Sun Oct 18 01:00:00 UTC 2026,0.69446,1.851937891481E7,null,null,null,null,null,null,null,null,null,null
Sun Oct 18 02:00:00 UTC 2026,0.69446,1.851937891481E7,null,null,null,null,null,null,null,null,null,null
Sun Oct 18 03:00:00 UTC 2026,0.69446,1.851937891481E7,null,null,null,null,null,null,null,null,null,null
Sun Oct 18 04:00:00 UTC 2026,0.69446,1.851937891481E7,null,null,null,null,null,null,null,null,null,null
Sun Oct 18 05:00:00 UTC 2026,0.69446,1.851937891481E7,null,null,null,null,null,null,null,null,null,null
Sun Oct 18 06:00:00 UTC 2026,0.69446,1.851937891481E7,null,null,null,null,null,null,null,null,null,null
Sun Oct 18 07:00:00 UTC 2026,0.69446,1.851937891481E7,null,null,null,null,null,null,null,null,null,null
Sun Oct 18 08:00:00 UTC 2026,0.69446,1.851937891481E7,null,null,null,null,null,null,null,null,null,null
Sun Oct 18 09:00:00 UTC 2026,0.69446,1.851937891481E7,null,null,null,null,null,null,null,null,null,null
Sun Oct 18 10:00:00 UTC 2026,0.69446,1.851937891481E7,null,null,null,null,null,null,null,null,null,null
Sun Oct 18 11:00:00 UTC 2026,0.69446,1.851937891481E7,null,null,null,null,null,null,null,null,null,null
Sun Oct 18 12:00:00 UTC 2026,0.69446,1.851937891481E7,null,null,null,null,null,null,null,null,null,null
Sun Oct 18 13:00:00 UTC 2026,0.69446,1.851937891481E7,null,null,null,null,null,null,null,null,null,null
Sun Oct 18 14:00:00 UTC 2026,0.69446,1.851937891481E7,null,null,null,null,null,null,null,null,null,null
Sun Oct 18 15:00:00 UTC 2026,0.69446,1.851937891481E7,null,null,null,null,null,null,null,null,null,null
Sun Oct 18 16:00:00 UTC 2026,0.69446,1.851937891481E7,null,null,null,null,null,null,null,null,null,null
Sun Oct 18 17:00:00 UTC 2026,0.69446,1.851937891481E7,null,null,null,null,null,null,null,null,null,null
Sun Oct 18 18:00:00 UTC 2026,0.69446,1.851937891481E7,null,null,null,null,null,null,null,null,null,null
Sun Oct 18 19:00:00 UTC 2026,0.69446,1.851937891481E7,null,null,null,null,null,null,null,null,null,null
Sun Oct 18 20:00:00 UTC 2026,0.69446,1.851937891481E7,null,null,null,null,null,null,null,null,null,null
Sun Oct 18 21:00:00 UTC 2026,0.69446,1.800473191481E7,null,null,null,null,null,null,null,null,null,null
Sun Oct 18 22:00:00 UTC 2026,0.69446,1.824933891481E7,null,null,null,null,null,null,null,null,null,null
Sun Oct 18 23:00:00 UTC 2026,0.69446,1.889667791481E7,null,null,null,null,null,null,null,null,null,null
Mon Oct 19 00:00:00 UTC 2026,0.69446,2.009644491481E7,null,null,null,null,null,null,null,null,null,null
Mon Oct 19 01:00:00 UTC 2026,0.69446,1.964804191481E7,null,null,null,null,null,null,null,null,null,null
Mon Oct 19 02:00:00 UTC 2026,0.69446,1.940419991481E7,null,null,null,null,null,null,null,null,null,null
Mon Oct 19 03:00:00 UTC 2026,0.69446,1.906440391481E7,null,null,null,null,null,null,null,null,null,null
Mon Oct 19 04:00:00 UTC 2026,0.69446,1.903059691481E7,null,null,null,null,null,null,null,null,null,null
Mon Oct 19 05:00:00 UTC 2026,0.69446,1.880025691481E7,null,null,null,null,null,null,null,null,null,null
Mon Oct 19 06:00:00 UTC 2026,0.69446,1.890749391481E7,null,null,null,null,null,null,null,null,null,null
Mon Oct 19 07:00:00 UTC 2026,0.69446,1.850484991481E7,null,null,null,null,null,null,null,null,null,null
Mon Oct 19 08:00:00 UTC 2026,0.69446,1.912759991481E7,null,null,null,null,null,null,null,null,null,null
Mon Oct 19 09:00:00 UTC 2026,0.69446,1.949366691481E7,null,null,null,null,null,null,null,null,null,null
Mon Oct 19 10:00:00 UTC 2026,0.69446,1.979367791481E7,null,null,null,null,null,null,null,null,null,null
Mon Oct 19 11:00:00 UTC 2026,0.69446,1.986601891481E7,null,null,null,null,null,null,null,null,null,null
Mon Oct 19 12:00:00 UTC 2026,0.69446,2.029664391481E7,null,null,null,null,null,null,null,null,null,null
Mon Oct 19 13:00:00 UTC 2026,0.69446,2.094420791481E7,null,null,null,null,null,null,null,null,null,null
Mon Oct 19 14:00:00 UTC 2026,0.69446,2.101663291481E7,null,null,null,null,null,null,null,null,null,null
Mon Oct 19 15:00:00 UTC 2026,0.69446,2.140900591481E7,null,null,null,null,null,null,null,null,null,null
Mon Oct 19 16:00:00 UTC 2026,0.69446,2.070494791481E7,null,null,null,null,null,null,null,null,null,null
Mon Oct 19 17:00:00 UTC 2026,0.69446,2.058320491481E7,null,null,null,null,null,null,null,null,null,null
Mon Oct 19 18:00:00 UTC 2026,0.69446,2.047859891481E7,null,null,null,null,null,null,null,null,null,null
Mon Oct 19 19:00:00 UTC 2026,0.69446,2.123605791481E7,null,null,null,null,null,null,null,null,null,null
Mon Oct 19 20:00:00 UTC 2026,0.69446,2.075658891481E7,null,null,null,null,null,null,null,null,null,null
Mon Oct 19 21:00:00 UTC 2026,0.69446,2.056721091481E7,null,null,null,null,null,null,null,null,null,null
Mon Oct 19 22:00:00 UTC 2026,0.69446,2.060829691481E7,null,null,null,null,null,null,null,null,null,null
Mon Oct 19 23:00:00 UTC 2026,0.69446,2.063436191481E7,null,null,null,null,null,null,null,null,null,null
Tue Oct 20 00:00:00 UTC 2026,0.69446,2.035648391481E7,null,null,null,null,null,null,null,null,null,null
Tue Oct 20 01:00:00 UTC 2026,0.69446,2.059095091481E7,null,null,null,null,null,null,null,null,null,null
Tue Oct 20 02:00:00 UTC 2026,0.69446,2.045662591481E7,null,null,null,null,null,null,null,null,null,null
Tue Oct 20 03:00:00 UTC 2026,0.69446,2.088886591481E7,null,null,null,null,null,null,null,null,null,null
Tue Oct 20 04:00:00 UTC 2026,0.69446,2.057378391481E7,null,null,null,null,null,null,null,null,null,null
Tue Oct 20 05:00:00 UTC 2026,0.69446,1.995601991481E7,null,null,null,null,null,null,null,null,null,null
Tue Oct 20 06:00:00 UTC 2026,0.69446,1.893699991481E7,null,null,null,null,null,null,null,null,null,null
Tue Oct 20 07:00:00 UTC 2026,0.69446,1.719483191481E7,null,null,null,null,null,null,null,null,null,null
Tue Oct 20 08:00:00 UTC 2026,0.69446,2.245412191481E7,null,null,null,null,null,null,null,null,null,null
Tue Oct 20 09:00:00 UTC 2026,0.69446,3.016841891481E7,null,null,null,null,null,null,null,null,null,null
Tue Oct 20 10:00:00 UTC 2026,0.69446,3.013703691481E7,null,null,null,null,null,null,null,null,null,null
Tue Oct 20 11:00:00 UTC 2026,0.69446,3.013571991481E7,null,null,null,null,null,null,null,null,null,null
Tue Oct 20 12:00:00 UTC 2026,0.69446,3.010785891481E7,null,null,null,null,null,null,null,null,null,null
Tue Oct 20 13:00:00 UTC 2026,0.69446,3.009890891481E7,null,null,null,null,null,null,null,null,null,null
Tue Oct 20 14:00:00 UTC 2026,0.69446,3.004464691481E7,null,null,null,null,null,null,null,null,null,null
Tue Oct 20 15:00:00 UTC 2026,0.69446,2.993554491481E7,null,null,null,null,null,null,null,null,null,null
Tue Oct 20 16:00:00 UTC 2026,0.69446,3.027230991481E7,null,null,null,null,null,null,null,null,null,null
Tue Oct 20 17:00:00 UTC 2026,0.69446,2.995452091481E7,null,null,null,null,null,null,null,null,null,null
Tue Oct 20 18:00:00 UTC 2026,0.69446,2.996126991481E7,null,null,null,null,null,null,null,null,null,null
Tue Oct 20 19:00:00 UTC 2026,0.69446,3.038134891481E7,null,null,null,null,null,null,null,null,null,null
Tue Oct 20 20:00:00 UTC 2026,0.69446,3.064304191481E7,null,null,null,null,null,null,null,null,null,null
Tue Oct 20 21:00:00 UTC 2026,0.69446,3.069254991481E7,null,null,null,null,null,null,null,null,null,null
Tue Oct 20 22:00:00 UTC 2026,0.69446,3.074471191481E7,null,null,null,null,null,null,null,null,null,null
Tue Oct 20 23:00:00 UTC 2026,0.69446,3.079298991481E7,null,null,null,null,null,null,null,null,null,null
Wed Oct 21 00:00:00 UTC 2026,0.69446,3.098118291481E7,null,null,null,null,null,null,null,null,null,null
Wed Oct 21 01:00:00 UTC 2026,0.69446,3.077847591481E7,null,null,null,null,null,null,null,null,null,null
Wed Oct 21 02:00:00 UTC 2026,0.69446,3.049263991481E7,null,null,null,null,null,null,null,null,null,null
Wed Oct 21 03:00:00 UTC 2026,0.69446,3.045274791481E7,null,null,null,null,null,null,null,null,null,null
Wed Oct 21 04:00:00 UTC 2026,0.69446,3.009287591481E7,null,null,null,null,null,null,null,null,null,null
Wed Oct 21 05:00:00 UTC 2026,0.69446,3.037045091481E7,null,null,null,null,null,null,null,null,null,null
Wed Oct 21 06:00:00 UTC 2026,0.69446,3.065469991481E7,null,null,null,null,null,null,null,null,null,null
Wed Oct 21 07:00:00 UTC 2026,0.69446,3.075310091481E7,null,null,null,null,null,null,null,null,null,null
Wed Oct 21 08:00:00 UTC 2026,0.69446,3.077535291481E7,null,null,null,null,null,null,null,null,null,null
Wed Oct 21 09:00:00 UTC 2026,0.69446,3.080876191481E7,null,null,null,null,null,null,null,null,null,null
Wed Oct 21 10:00:00 UTC 2026,0.69446,3.076356391481E7,null,null,null,null,null,null,null,null,null,null
Wed Oct 21 11:00:00 UTC 2026,0.69446,3.062706291481E7,null,null,null,null,null,null,null,null,null,null
Wed Oct 21 12:00:00 UTC 2026,0.69446,3.071170191481E7,null,null,null,null,null,null,null,null,null,null
Wed Oct 21 13:00:00 UTC 2026,0.69446,3.059192091481E7,null,null,null,null,null,null,null,null,null,null
Wed Oct 21 14:00:00 UTC 2026,0.69446,3.062812791481E7,null,null,null,null,null,null,null,null,null,null
Wed Oct 21 15:00:00 UTC 2026,0.69446,3.058178191481E7,null,null,null,null,null,null,null,null,null,null
Wed Oct 21 16:00:00 UTC 2026,0.69446,3.129630591481E7,null,null,null,null,null,null,null,null,null,null
Wed Oct 21 17:00:00 UTC 2026,0.69446,3.148623891481E7,null,null,null,null,null,null,null,null,null,null
Wed Oct 21 18:00:00 UTC 2026,0.69446,3.126076391481E7,null,null,null,null,null,null,null,null,null,null
Wed Oct 21 19:00:00 UTC 2026,0.69446,3.136982991481E7,null,null,null,null,null,null,null,null,null,null
Wed Oct 21 20:00:00 UTC 2026,0.69446,3.150549791481E7,null,null,null,null,null,null,null,null,null,null
Wed Oct 21 21:00:00 UTC 2026,0.69446,3.114179291481E7,null,null,null,null,null,null,null,null,null,null
Wed Oct 21 22:00:00 UTC 2026,0.69446,3.135905591481E7,null,null,null,null,null,null,null,null,null,null
Wed Oct 21 23:00:00 UTC 2026,0.69446,3.146135891481E7,null,null,null,null,null,null,null,null,null,null
Thu Oct 22 00:00:00 UTC 2026,0.69446,3.199196491481E7,null,null,null,null,null,null,null,null,null,null
Thu Oct 22 01:00:00 UTC 2026,0.69446,3.185986291481E7,null,null,null,null,null,null,null,null,null,null
Thu Oct 22 02:00:00 UTC 2026,0.69446,3.164313891481E7,null,null,null,null,null,null,null,null,null,null
Thu Oct 22 03:00:00 UTC 2026,0.69446,3.131923391481E7,null,null,null,null,null,null,null,null,null,null
Thu Oct 22 04:00:00 UTC 2026,0.69446,3.143137691481E7,null,null,null,null,null,null,null,null,null,null
Thu Oct 22 05:00:00 UTC 2026,0.69446,3.131088991481E7,null,null,null,null,null,null,null,null,null,null
Thu Oct 22 06:00:00 UTC 2026,0.69446,3.131066291481E7,null,null,null,null,null,null,null,null,null,null
Thu Oct 22 07:00:00 UTC 2026,0.69446,3.188362391481E7,null,null,null,null,null,null,null,null,null,null
Thu Oct 22 08:00:00 UTC 2026,0.69446,3.166109791481E7,null,null,null,null,null,null,null,null,null,null
Thu Oct 22 09:00:00 UTC 2026,0.69446,3.131459191481E7,null,null,null,null,null,null,null,null,null,null
Thu Oct 22 10:00:00 UTC 2026,0.69446,3.134789691481E7,null,null,null,null,null,null,null,null,null,null
Thu Oct 22 11:00:00 UTC 2026,0.69446,3.136354791481E7,null,null,null,null,null,null,null,null,null,null
Thu Oct 22 12:00:00 UTC 2026,0.69446,3.147478091481E7,null,null,null,null,null,null,null,null,null,null
Thu Oct 22 13:00:00 UTC 2026,0.69446,3.108564691481E7,null,null,null,null,null,null,null,null,null,null
Thu Oct 22 14:00:00 UTC 2026,0.69446,3.179883991481E7,null,null,null,null,null,null,null,null,null,null
Thu Oct 22 15:00:00 UTC 2026,0.69446,3.209630891481E7,null,null,null,null,null,null,null,null,null,null
Thu Oct 22 16:00:00 UTC 2026,0.69446,3.239591091481E7,null,null,null,null,null,null,null,null,null,null
Thu Oct 22 17:00:00 UTC 2026,0.69446,3.289601791481E7,null,null,null,null,null,null,null,null,null,null
Thu Oct 22 18:00:00 UTC 2026,0.69446,3.287676991481E7,null,null,null,null,null,null,null,null,null,null
Thu Oct 22 19:00:00 UTC 2026,0.69446,3.296321691481E7,null,null,null,null,null,null,null,null,null,null
Thu Oct 22 20:00:00 UTC 2026,0.69446,3.272431091481E7,null,null,null,null,null,null,null,null,null,null
Thu Oct 22 21:00:00 UTC 2026,0.69446,3.262285691481E7,null,null,null,null,null,null,null,null,null,null
Thu Oct 22 22:00:00 UTC 2026,0.69446,3.282881491481E7,null,null,null,null,null,null,null,null,null,null
Thu Oct 22 23:00:00 UTC 2026,0.69446,3.281604891481E7,null,null,null,null,null,null,null,null,null,null
Fri Oct 23 00:00:00 UTC 2026,0.69446,3.242586091481E7,null,null,null,null,null,null,null,null,null,null
Fri Oct 23 01:00:00 UTC 2026,0.69446,3.239229891481E7,null,null,null,null,null,null,null,null,null,null
Fri Oct 23 02:00:00 UTC 2026,0.69446,3.220703091481E7,null,null,null,null,null,null,null,null,null,null
Fri Oct 23 03:00:00 UTC 2026,0.69446,3.208062391481E7,null,null,null,null,null,null,null,null,null,null
Fri Oct 23 04:00:00 UTC 2026,0.69446,3.202452391481E7,null,null,null,null,null,null,null,null,null,null
Fri Oct 23 05:00:00 UTC 2026,0.69446,3.193346691481E7,null,null,null,null,null,null,null,null,null,null
Fri Oct 23 06:00:00 UTC 2026,0.69446,3.207823191481E7,null,null,null,null,null,null,null,null,null,null
Fri Oct 23 07:00:00 UTC 2026,0.69446,3.210359291481E7,null,null,null,null,null,null,null,null,null,null
Fri Oct 23 08:00:00 UTC 2026,0.69446,3.210089191481E7,null,null,null,null,null,null,null,null,null,null
Fri Oct 23 09:00:00 UTC 2026,0.69446,3.192398691481E7,null,null,null,null,null,null,null,null,null,null
Fri Oct 23 10:00:00 UTC 2026,0.69446,3.169639691481E7,null,null,null,null,null,null,null,null,null,null
Fri Oct 23 11:00:00 UTC 2026,0.69446,3.186196391481E7,null,null,null,null,null,null,null,null,null,null
Fri Oct 23 12:00:00 UTC 2026,0.69446,3.185900391481E7,null,null,null,null,null,null,null,null,null,null
Fri Oct 23 13:00:00 UTC 2026,0.69446,3.206753491481E7,null,null,null,null,null,null,null,null,null,null
Fri Oct 23 14:00:00 UTC 2026,0.69446,3.184237391481E7,null,null,null,null,null,null,null,null,null,null
Fri Oct 23 15:00:00 UTC 2026,0.69446,3.170030891481E7,null,null,null,null,null,null,null,null,null,null
Fri Oct 23 16:00:00 UTC 2026,0.69446,3.189167291481E7,null,null,null,null,null,null,null,null,null,null
Fri Oct 23 17:00:00 UTC 2026,0.69446,3.197869791481E7,null,null,null,null,null,null,null,null,null,null
Fri Oct 23 18:00:00 UTC 2026,0.69446,3.183660391481E7,null,null,null,null,null,null,null,null,null,null
Fri Oct 23 19:00:00 UTC 2026,0.69446,3.190249991481E7,null,null,null,null,null,null,null,null,null,null
Fri Oct 23 20:00:00 UTC 2026,0.69446,3.183227391481E7,null,null,null,null,null,null,null,null,null,null
Fri Oct 23 21:00:00 UTC 2026,0.69446,3.183227391481E7,null,null,null,null,null,null,null,null,null,null
Fri Oct 23 22:00:00 UTC 2026,0.69446,3.183227391481E7,null,null,null,null,null,null,null,null,null,null
Fri Oct 23 23:00:00 UTC 2026,0.69446,3.183227391481E7,null,null,null,null,null,null,null,null,null,null
Sat Oct 24 00:00:00 UTC 2026,0.69446,3.183227391481E7,null,null,null,null,null,null,null,null,null,null
Sat Oct 24 01:00:00 UTC 2026,0.69446,3.183227391481E7,null,null,null,null,null,null,null,null,null,null
Sat Oct 24 02:00:00 UTC 2026,0.69446,3.183227391481E7,null,null,null,null,null,null,null,null,null,null
Sat Oct 24 03:00:00 UTC 2026,0.69446,3.183227391481E7,null,null,null,null,null,null,null,null,null,null
Sat Oct 24 04:00:00 UTC 2026,0.69446,3.183227391481E7,null,null,null,null,null,null,null,null,null,null
Sat Oct 24 05:00:00 UTC 2026,0.69446,3.183227391481E7,null,null,null,null,null,null,null,null,null,null
Sat Oct 24 06:00:00 UTC 2026,0.69446,3.183227391481E7,null,null,null,null,null,null,null,null,null,null
Sat Oct 24 07:00:00 UTC 2026,0.69446,3.183227391481E7,null,null,null,null,null,null,null,null,null,null
Sat Oct 24 08:00:00 UTC 2026,0.69446,3.183227391481E7,null,null,null,null,null,null,null,null,null,null
Sat Oct 24 09:00:00 UTC 2026,0.69446,3.183227391481E7,null,null,null,null,null,null,null,null,null,null
Sat Oct 24 10:00:00 UTC 2026,0.69446,3.183227391481E7,null,null,null,null,null,null,null,null,null,null
Sat Oct 24 11:00:00 UTC 2026,0.69446,3.183227391481E7,null,null,null,null,null,null,null,null,null,null
Sat Oct 24 12:00:00 UTC 2026,0.69446,3.183227391481E7,null,null,null,null,null,null,null,null,null,null
Sat Oct 24 13:00:00 UTC 2026,0.69446,3.183227391481E7,null,null,null,null,null,null,null,null,null,null
Sat Oct 24 14:00:00 UTC 2026,0.69446,3.183227391481E7,null,null,null,null,null,null,null,null,null,null
Sat Oct 24 15:00:00 UTC 2026,0.69446,3.183227391481E7,null,null,null,null,null,null,null,null,null,null
Sat Oct 24 16:00:00 UTC 2026,0.69446,3.183227391481E7,null,null,null,null,null,null,null,null,null,null
Sat Oct 24 17:00:00 UTC 2026,0.69446,3.183227391481E7,null,null,null,null,null,null,null,null,null,null
Sat Oct 24 18:00:00 UTC 2026,0.69446,3.183227391481E7,null,null,null,null,null,null,null,null,null,null
Sat Oct 24 19:00:00 UTC 2026,0.69446,3.183227391481E7,null,null,null,null,null,null,null,null,null,null
Sat Oct 24 20:00:00 UTC 2026,0.69446,3.183227391481E7,null,null,null,null,null,null,null,null,null,null
Sat Oct 24 21:00:00 UTC 2026,0.69446,3.183227391481E7,null,null,null,null,null,null,null,null,null,null
Sat Oct 24 22:00:00 UTC 2026,0.69446,3.183227391481E7,null,null,null,null,null,null,null,null,null,null
Sat Oct 24 23:00:00 UTC 2026,0.69446,3.183227391481E7,null,null,null,null,null,null,null,null,null,null
Sun Oct 25 00:00:00 UTC 2026,0.69446,3.183227391481E7,null,null,null,null,null,null,null,null,null,null
Sun Oct 25 01:00:00 UTC 2026,0.69446,3.183227391481E7,null,null,null,null,null,null,null,null,null,null
Sun Oct 25 02:00:00 UTC 2026,0.69446,3.183227391481E7,null,null,null,null,null,null,null,null,null,null
Sun Oct 25 03:00:00 UTC 2026,0.69446,3.183227391481E7,null,null,null,null,null,null,null,null,null,null
Sun Oct 25 04:00:00 UTC 2026,0.69446,3.183227391481E7,null,null,null,null,null,null,null,null,null,null
Sun Oct 25 05:00:00 UTC 2026,0.69446,3.183227391481E7,null,null,null,null,null,null,null,null,null,null
Sun Oct 25 06:00:00 UTC 2026,0.69446,3.183227391481E7,null,null,null,null,null,null,null,null,null,null
Sun Oct 25 07:00:00 UTC 2026,0.69446,3.183227391481E7,null,null,null,null,null,null,null,null,null,null
Sun Oct 25 08:00:00 UTC 2026,0.69446,3.183227391481E7,null,null,null,null,null,null,null,null,null,null
Sun Oct 25 09:00:00 UTC 2026,0.69446,3.183227391481E7,null,null,null,null,null,null,null,null,null,null
Sun Oct 25 10:00:00 UTC 2026,0.69446,3.183227391481E7,null,null,null,null,null,null,null,null,null,null
Sun Oct 25 11:00:00 UTC 2026,0.69446,3.183227391481E7,null,null,null,null,null,null,null,null,null,null
Sun Oct 25 12:00:00 UTC 2026,0.69446,3.183227391481E7,null,null,null,null,null,null,null,null,null,null
Sun Oct 25 13:00:00 UTC 2026,0.69446,3.183227391481E7,null,null,null,null,null,null,null,null,null,null
Sun Oct 25 14:00:00 UTC 2026,0.69446,3.183227391481E7,null,null,null,null,null,null,null,null,null,null
Sun Oct 25 15:00:00 UTC 2026,0.69446,3.183227391481E7,null,null,null,null,null,null,null,null,null,null
Sun Oct 25 16:00:00 UTC 2026,0.69446,3.183227391481E7,null,null,null,null,null,null,null,null,null,null
Sun Oct 25 17:00:00 UTC 2026,0.69446,3.183227391481E7,null,null,null,null,null,null,null,null,null,null
Sun Oct 25 18:00:00 UTC 2026,0.69446,3.183227391481E7,null,null,null,null,null,null,null,null,null,null
Sun Oct 25 19:00:00 UTC 2026,0.69446,3.183227391481E7,null,null,null,null,null,null,null,null,null,null
Sun Oct 25 20:00:00 UTC 2026,0.69446,3.183227391481E7,null,null,null,null,null,null,null,null,null,null
Sun Oct 25 21:00:00 UTC 2026,0.69446,3.184073591481E7,null,null,null,null,null,null,null,null,null,null
Sun Oct 25 22:00:00 UTC 2026,0.69446,3.189747791481E7,null,null,null,null,null,null,null,null,null,null
Sun Oct 25 23:00:00 UTC 2026,0.69446,3.215116891481E7,null,null,null,null,null,null,null,null,null,null
Mon Oct 26 00:00:00 UTC 2026,0.69446,3.205313491481E7,null,null,null,null,null,null,null,null,null,null
Mon Oct 26 01:00:00 UTC 2026,0.69446,3.196626191481E7,null,null,null,null,null,null,null,null,null,null
Mon Oct 26 02:00:00 UTC 2026,0.69446,3.173489291481E7,null,null,null,null,null,null,null,null,null,null
Mon Oct 26 03:00:00 UTC 2026,0.69446,3.172571391481E7,null,null,null,null,null,null,null,null,null,null
Mon Oct 26 04:00:00 UTC 2026,0.69446,3.167728191481E7,null,null,null,null,null,null,null,null,null,null
Mon Oct 26 05:00:00 UTC 2026,0.69446,3.191702891481E7,null,null,null,null,null,null,null,null,null,null
Mon Oct 26 06:00:00 UTC 2026,0.69446,3.164467191481E7,null,null,null,null,null,null,null,null,null,null
Mon Oct 26 07:00:00 UTC 2026,0.69446,3.179392891481E7,null,null,null,null,null,null,null,null,null,null
Mon Oct 26 08:00:00 UTC 2026,0.69446,3.245424691481E7,null,null,null,null,null,null,null,null,null,null
Mon Oct 26 09:00:00 UTC 2026,0.69446,3.193343291481E7,null,null,null,null,null,null,null,null,null,null
Mon Oct 26 10:00:00 UTC 2026,0.69446,3.200934991481E7,null,null,null,null,null,null,null,null,null,null
Mon Oct 26 11:00:00 UTC 2026,0.69446,3.213111291481E7,null,null,null,null,null,null,null,null,null,null
Mon Oct 26 12:00:00 UTC 2026,0.69446,3.218866591481E7,null,null,null,null,null,null,null,null,null,null
Mon Oct 26 13:00:00 UTC 2026,0.69446,3.180841491481E7,null,null,null,null,null,null,null,null,null,null
Mon Oct 26 14:00:00 UTC 2026,0.69446,3.188304791481E7,null,null,null,null,null,null,null,null,null,null
Mon Oct 26 15:00:00 UTC 2026,0.69446,3.156977991481E7,null,null,null,null,null,null,null,null,null,null
Mon Oct 26 16:00:00 UTC 2026,0.69446,3.137875291481E7,null,null,null,null,null,null,null,null,null,null
Mon Oct 26 17:00:00 UTC 2026,0.69446,3.192032491481E7,null,null,null,null,null,null,null,null,null,null
Mon Oct 26 18:00:00 UTC 2026,0.69446,3.196674591481E7,null,null,null,null,null,null,null,null,null,null
Mon Oct 26 19:00:00 UTC 2026,0.69446,3.204425291481E7,null,null,null,null,null,null,null,null,null,null
Mon Oct 26 20:00:00 UTC 2026,0.69446,3.176412591481E7,null,null,null,null,null,null,null,null,null,null
Mon Oct 26 21:00:00 UTC 2026,0.69446,3.193308391481E7,null,null,null,null,null,null,null,null,null,null
Mon Oct 26 22:00:00 UTC 2026,0.69446,3.191362291481E7,null,null,null,null,null,null,null,null,null,null
Mon Oct 26 23:00:00 UTC 2026,0.69446,3.158568291481E7,null,null,null,null,null,null,null,null,null,null
Tue Oct 27 00:00:00 UTC 2026,0.69446,3.155532291481E7,null,null,null,null,null,null,null,null,null,null
Tue Oct 27 01:00:00 UTC 2026,0.69446,3.154636491481E7,null,null,null,null,null,null,null,null,null,null
Tue Oct 27 02:00:00 UTC 2026,0.69446,3.139290191481E7,null,null,null,null,null,null,null,null,null,null
Tue Oct 27 03:00:00 UTC 2026,0.69446,3.139466791481E7,null,null,null,null,null,null,null,null,null,null
Tue Oct 27 04:00:00 UTC 2026,0.69446,3.166757491481E7,null,null,null,null,null,null,null,null,null,null
Tue Oct 27 05:00:00 UTC 2026,0.69446,3.180649991481E7,null,null,null,null,null,null,null,null,null,null
Tue Oct 27 06:00:00 UTC 2026,0.69446,3.212634791481E7,null,null,null,null,null,null,null,null,null,null
Tue Oct 27 07:00:00 UTC 2026,0.69446,3.193744991481E7,null,null,null,null,null,null,null,null,null,null
Tue Oct 27 08:00:00 UTC 2026,0.69446,2.971611691481E7,null,null,null,null,null,null,null,null,null,null
Tue Oct 27 09:00:00 UTC 2026,0.69446,2.977354591481E7,null,null,null,null,null,null,null,null,null,null
Tue Oct 27 10:00:00 UTC 2026,0.69446,2.977178591481E7,null,null,null,null,null,null,null,null,null,null
Tue Oct 27 11:00:00 UTC 2026,0.69446,2.985716591481E7,null,null,null,null,null,null,null,null,null,null
Tue Oct 27 12:00:00 UTC 2026,0.69446,2.992753991481E7,null,null,null,null,null,null,null,null,null,null
Tue Oct 27 13:00:00 UTC 2026,0.69446,2.994732391481E7,null,null,null,null,null,null,null,null,null,null
Tue Oct 27 14:00:00 UTC 2026,0.69446,3.004446591481E7,null,null,null,null,null,null,null,null,null,null
Tue Oct 27 15:00:00 UTC 2026,0.69446,3.009986491481E7,null,null,null,null,null,null,null,null,null,null
Tue Oct 27 16:00:00 UTC 2026,0.69446,3.015672391481E7,null,null,null,null,null,null,null,null,null,null
Tue Oct 27 17:00:00 UTC 2026,0.69446,3.023909891481E7,null,null,null,null,null,null,null,null,null,null
Tue Oct 27 18:00:00 UTC 2026,0.69446,3.026311191481E7,null,null,null,null,null,null,null,null,null,null
Tue Oct 27 19:00:00 UTC 2026,0.69446,3.027322891481E7,null,null,null,null,null,null,null,null,null,null
Tue Oct 27 20:00:00 UTC 2026,0.69446,3.031621391481E7,null,null,null,null,null,null,null,null,null,null
Tue Oct 27 21:00:00 UTC 2026,0.69446,3.026199291481E7,null,null,null,null,null,null,null,null,null,null
Tue Oct 27 22:00:00 UTC 2026,0.69446,3.043412691481E7,null,null,null,null,null,null,null,null,null,null
Tue Oct 27 23:00:00 UTC 2026,0.69446,3.040205491481E7,null,null,null,null,null,null,null,null,null,null
Wed Oct 28 00:00:00 UTC 2026,0.69446,3.040185591481E7,null,null,null,null,null,null,null,null,null,null
Wed Oct 28 01:00:00 UTC 2026,0.69446,3.044861891481E7,null,null,null,null,null,null,null,null,null,null
Wed Oct 28 02:00:00 UTC 2026,0.69446,3.046444391481E7,null,null,null,null,null,null,null,null,null,null
Wed Oct 28 03:00:00 UTC 2026,0.69446,3.051971491481E7,null,null,null,null,null,null,null,null,null,null
Wed Oct 28 04:00:00 UTC 2026,0.69446,3.050942491481E7,null,null,null,null,null,null,null,null,null,null
Wed Oct 28 05:00:00 UTC 2026,0.69446,3.044925491481E7,null,null,null,null,null,null,null,null,null,null
Wed Oct 28 06:00:00 UTC 2026,0.69446,3.048099191481E7,null,null,null,null,null,null,null,null,null,null
Wed Oct 28 07:00:00 UTC 2026,0.69446,3.045192991481E7,null,null,null,null,null,null,null,null,null,null
Wed Oct 28 08:00:00 UTC 2026,0.69446,3.050821991481E7,null,null,null,null,null,null,null,null,null,null
Wed Oct 28 09:00:00 UTC 2026,0.69446,3.057653791481E7,null,null,null,null,null,null,null,null,null,null
Wed Oct 28 10:00:00 UTC 2026,0.69446,3.052688191481E7,null,null,null,null,null,null,null,null,null,null
Wed Oct 28 11:00:00 UTC 2026,0.69446,3.056895191481E7,null,null,null,null,null,null,null,null,null,null
Wed Oct 28 12:00:00 UTC 2026,0.69446,3.050423391481E7,null,null,null,null,null,null,null,null,null,null
Wed Oct 28 13:00:00 UTC 2026,0.69446,3.044132591481E7,null,null,null,null,null,null,null,null,null,null
Wed Oct 28 14:00:00 UTC 2026,0.69446,3.015336791481E7,null,null,null,null,null,null,null,null,null,null
Wed Oct 28 15:00:00 UTC 2026,0.69446,3.030846791481E7,null,null,null,null,null,null,null,null,null,null
Wed Oct 28 16:00:00 UTC 2026,0.69446,3.044146291481E7,null,null,null,null,null,null,null,null,null,null
Wed Oct 28 17:00:00 UTC 2026,0.69446,3.059640291481E7,null,null,null,null,null,null,null,null,null,null
Wed Oct 28 18:00:00 UTC 2026,0.69446,3.073940091481E7,null,null,null,null,null,null,null,null,null,null
Wed Oct 28 19:00:00 UTC 2026,0.69446,3.052463291481E7,null,null,null,null,null,null,null,null,null,null
Wed Oct 28 20:00:00 UTC 2026,0.69446,3.059353191481E7,null,null,null,null,null,null,null,null,null,null
Wed Oct 28 21:00:00 UTC 2026,0.69446,3.063224891481E7,null,null,null,null,null,null,null,null,null,null
Wed Oct 28 22:00:00 UTC 2026,0.69446,3.064834091481E7,null,null,null,null,null,null,null,null,null,null
Wed Oct 28 23:00:00 UTC 2026,0.69446,3.064041791481E7,null,null,null,null,null,null,null,null,null,null
Thu Oct 29 00:00:00 UTC 2026,0.69446,3.073726991481E7,null,null,null,null,null,null,null,null,null,null
Thu Oct 29 01:00:00 UTC 2026,0.69446,3.069605591481E7,null,null,null,null,null,null,null,null,null,null
Thu Oct 29 02:00:00 UTC 2026,0.69446,3.068246591481E7,null,null,null,null,null,null,null,null,null,null
Thu Oct 29 03:00:00 UTC 2026,0.69446,3.066354791481E7,null,null,null,null,null,null,null,null,null,null
Thu Oct 29 04:00:00 UTC 2026,0.69446,3.060225291481E7,null,null,null,null,null,null,null,null,null,null
Thu Oct 29 05:00:00 UTC 2026,0.69446,3.056042791481E7,null,null,null,null,null,null,null,null,null,null
Thu Oct 29 06:00:00 UTC 2026,0.69446,3.036079091481E7,null,null,null,null,null,null,null,null,null,null
Thu Oct 29 07:00:00 UTC 2026,0.69446,3.043448491481E7,null,null,null,null,null,null,null,null,null,null
Thu Oct 29 08:00:00 UTC 2026,0.69446,3.041495791481E7,null,null,null,null,null,null,null,null,null,null
Thu Oct 29 09:00:00 UTC 2026,0.69446,3.047127291481E7,null,null,null,null,null,null,null,null,null,null
Thu Oct 29 10:00:00 UTC 2026,0.69446,3.045394191481E7,null,null,null,null,null,null,null,null,null,null
