date,P_Kweek_-51_Kday_0_ETE_57_ORD_49_EXT_65_E2Ekor_67_EXTkor_60_DIFF_28826,a,b,c,d,e,f,g,h,i,j
Wed Sep 30 16:00:00 UTC 2026,3780628.026799026,0.9624100029468536,null,null,null,null,null,null,null,null
Wed Sep 30 17:00:00 UTC 2026,2777119.5064310273,-1132087.037589997,null,null,null,null,null,null,null,null
Wed Sep 30 18:00:00 UTC 2026,3285390.0557082957,-1353591.037589997,null,null,null,null,null,null,null,null
Wed Sep 30 19:00:00 UTC 2026,2868347.553737222,-2890338.037589997,null,null,null,null,null,null,null,null
Wed Sep 30 20:00:00 UTC 2026,2125490.597101126,-2619771.037589997,null,null,null,null,null,null,null,null
Wed Sep 30 21:00:00 UTC 2026,2216718.644407321,-3190094.037589997,null,null,null,null,null,null,null,null
Wed Sep 30 22:00:00 UTC 2026,1695415.5169435153,-1876319.037589997,null,null,null,null,null,null,null,null
Wed Sep 30 23:00:00 UTC 2026,2255816.378967222,-1775314.037589997,null,null,null,null,null,null,null,null
Thu Oct 01 00:00:00 UTC 2026,-155210.58555316785,-1828400.037589997,null,null,null,null,null,null,null,null
Thu Oct 01 01:00:00 UTC 2026,900428.2475611251,-3085023.037589997,null,null,null,null,null,null,null,null
Thu Oct 01 02:00:00 UTC 2026,1082884.342173515,-3219763.037589997,null,null,null,null,null,null,null,null
Thu Oct 01 03:00:00 UTC 2026,1656317.7823837586,-3230899.037589997,null,null,null,null,null,null,null,null
Thu Oct 01 04:00:00 UTC 2026,1943034.5024888813,-3167146.037589997,null,null,null,null,null,null,null,null
Thu Oct 01 05:00:00 UTC 2026,2438272.4735794673,-3182893.037589997,null,null,null,null,null,null,null,null
Thu Oct 01 06:00:00 UTC 2026,1773610.9860630278,-2372800.037589997,null,null,null,null,null,null,null,null
Thu Oct 01 07:00:00 UTC 2026,1877871.611555905,-2509251.037589997,null,null,null,null,null,null,null,null
Thu Oct 01 08:00:00 UTC 2026,1982132.237048638,-1289067.037589997,null,null,null,null,null,null,null,null
Thu Oct 01 09:00:00 UTC 2026,2229751.222594003,-1548676.037589997,null,null,null,null,null,null,null,null
Thu Oct 01 10:00:00 UTC 2026,2334011.8480867343,-880972.037589997,null,null,null,null,null,null,null,null
Thu Oct 01 11:00:00 UTC 2026,2099425.4407280516,-1371745.037589997,null,null,null,null,null,null,null,null
Thu Oct 01 12:00:00 UTC 2026,2594663.4118186375,-2303632.037589997,null,null,null,null,null,null,null,null
Thu Oct 01 13:00:00 UTC 2026,3324487.7902680524,-709763.037589997,null,null,null,null,null,null,null,null
Thu Oct 01 14:00:00 UTC 2026,4262833.419703076,503783.96241000295,null,null,null,null,null,null,null,null
Thu Oct 01 15:00:00 UTC 2026,3207194.586588639,1333883.962410003,null,null,null,null,null,null,null,null
Thu Oct 01 16:00:00 UTC 2026,3884888.652291759,2053932.962410003,null,null,null,null,null,null,null,null
Thu Oct 01 17:00:00 UTC 2026,4041279.590530929,3384869.962410003,null,null,null,null,null,null,null,null
Thu Oct 01 18:00:00 UTC 2026,2190653.4880342465,2786124.962410003,null,null,null,null,null,null,null,null
Thu Oct 01 19:00:00 UTC 2026,1682382.9387569772,4394654.962410003,null,null,null,null,null,null,null,null
Thu Oct 01 20:00:00 UTC 2026,2373109.582646491,4623275.962410003,null,null,null,null,null,null,null,null
Thu Oct 01 21:00:00 UTC 2026,3389650.6812010277,5838003.962410003,null,null,null,null,null,null,null,null
Thu Oct 01 22:00:00 UTC 2026,4288898.576076295,5479161.962410003,null,null,null,null,null,null,null,null
Thu Oct 01 23:00:00 UTC 2026,4067344.7469041487,4016924.962410003,null,null,null,null,null,null,null,null
Fri Oct 02 00:00:00 UTC 2026,3650302.24493293,3890390.962410003,null,null,null,null,null,null,null,null
Fri Oct 02 01:00:00 UTC 2026,-246438.63285936322,3913960.962410003,null,null,null,null,null,null,null,null
Fri Oct 02 02:00:00 UTC 2026,-2501074.659140582,5156364.962410003,null,null,null,null,null,null,null,null
Fri Oct 02 03:00:00 UTC 2026,-3022377.786604388,4607408.962410003,null,null,null,null,null,null,null,null
Fri Oct 02 04:00:00 UTC 2026,-2566237.5500735585,4967468.962410003,null,null,null,null,null,null,null,null
Fri Oct 02 05:00:00 UTC 2026,-1640924.4988252164,4696715.962410003,null,null,null,null,null,null,null,null
Fri Oct 02 06:00:00 UTC 2026,-1380272.9350933137,4749974.962410003,null,null,null,null,null,null,null,null
Fri Oct 02 07:00:00 UTC 2026,-1575761.6078922409,4376089.962410003,null,null,null,null,null,null,null,null
Fri Oct 02 08:00:00 UTC 2026,-2110097.3135427283,4754162.962410003,null,null,null,null,null,null,null,null
Fri Oct 02 09:00:00 UTC 2026,-1862478.327997363,5234581.962410003,null,null,null,null,null,null,null,null
Fri Oct 02 10:00:00 UTC 2026,-2188292.7826622413,4578986.962410003,null,null,null,null,null,null,null,null
Fri Oct 02 11:00:00 UTC 2026,-3230899.037589997,5016847.962410003,null,null,null,null,null,null,null,null
Fri Oct 02 12:00:00 UTC 2026,-3139670.990283802,6415515.962410003,null,null,null,null,null,null,null,null
Fri Oct 02 13:00:00 UTC 2026,-2579270.12826024,5552841.962410003,null,null,null,null,null,null,null,null
Fri Oct 02 14:00:00 UTC 2026,-1588794.1860787782,5843638.962410003,null,null,null,null,null,null,null,null
Fri Oct 02 15:00:00 UTC 2026,-1875510.9061839,5403265.962410003,null,null,null,null,null,null,null,null
Fri Oct 02 16:00:00 UTC 2026,-1484533.560586046,5268311.962410003,null,null,null,null,null,null,null,null
Fri Oct 02 17:00:00 UTC 2026,-546187.9311511675,5396759.962410003,null,null,null,null,null,null,null,null
Fri Oct 02 18:00:00 UTC 2026,665841.840202441,6486667.962410003,null,null,null,null,null,null,null,null
Fri Oct 02 19:00:00 UTC 2026,1604187.4696373204,6675515.962410003,null,null,null,null,null,null,null,null
Fri Oct 02 20:00:00 UTC 2026,1408698.7968383934,6686892.962410003,null,null,null,null,null,null,null,null
Fri Oct 02 21:00:00 UTC 2026,926493.4039343442,6686892.962410003,null,null,null,null,null,null,null,null
Fri Oct 02 22:00:00 UTC 2026,2216718.644407321,6686892.962410003,null,null,null,null,null,null,null,null
Fri Oct 02 23:00:00 UTC 2026,4771103.968980344,6686892.962410003,null,null,null,null,null,null,null,null
Sat Oct 03 00:00:00 UTC 2026,6673860.384223465,6686892.962410003,null,null,null,null,null,null,null,null
Sat Oct 03 01:00:00 UTC 2026,6686892.962410003,6686892.962410003,null,null,null,null,null,null,null,null
Sat Oct 03 02:00:00 UTC 2026,5383635.143750345,6686892.962410003,null,null,null,null,null,null,null,null
Sat Oct 03 03:00:00 UTC 2026,5044788.110898783,6686892.962410003,null,null,null,null,null,null,null,null
Sat Oct 03 04:00:00 UTC 2026,4797169.125353418,6686892.962410003,null,null,null,null,null,null,null,null
Sat Oct 03 05:00:00 UTC 2026,5383635.143750345,6686892.962410003,null,null,null,null,null,null,null,null
Sat Oct 03 06:00:00 UTC 2026,6335013.351371905,6686892.962410003,null,null,null,null,null,null,null,null
Sat Oct 03 07:00:00 UTC 2026,5605188.972922491,6686892.962410003,null,null,null,null,null,null,null,null
Sat Oct 03 08:00:00 UTC 2026,3259324.899335076,6686892.962410003,null,null,null,null,null,null,null,null
Sat Oct 03 09:00:00 UTC 2026,3611204.510373174,6686892.962410003,null,null,null,null,null,null,null,null
Sat Oct 03 10:00:00 UTC 2026,3402683.259387709,6686892.962410003,null,null,null,null,null,null,null,null
Sat Oct 03 11:00:00 UTC 2026,5500928.347429758,6686892.962410003,null,null,null,null,null,null,null,null
Sat Oct 03 12:00:00 UTC 2026,5487895.769243076,6686892.962410003,null,null,null,null,null,null,null,null
Sat Oct 03 13:00:00 UTC 2026,5422732.878310101,6686892.962410003,null,null,null,null,null,null,null,null
Sat Oct 03 14:00:00 UTC 2026,5540026.081989516,6686892.962410003,null,null,null,null,null,null,null,null
Sat Oct 03 15:00:00 UTC 2026,5553058.660176054,6686892.962410003,null,null,null,null,null,null,null,null
Sat Oct 03 16:00:00 UTC 2026,5553058.660176054,6686892.962410003,null,null,null,null,null,null,null,null
Sat Oct 03 17:00:00 UTC 2026,5526993.503802832,6686892.962410003,null,null,null,null,null,null,null,null
Sat Oct 03 18:00:00 UTC 2026,5422732.878310101,6686892.962410003,null,null,null,null,null,null,null,null
Sat Oct 03 19:00:00 UTC 2026,5526993.503802832,6686892.962410003,null,null,null,null,null,null,null,null
Sat Oct 03 20:00:00 UTC 2026,5553058.660176054,6686892.962410003,null,null,null,null,null,null,null,null
Sat Oct 03 21:00:00 UTC 2026,5553058.660176054,6686892.962410003,null,null,null,null,null,null,null,null
Sat Oct 03 22:00:00 UTC 2026,5461830.612869859,6686892.962410003,null,null,null,null,null,null,null,null
Sat Oct 03 23:00:00 UTC 2026,5031755.532712247,6686892.962410003,null,null,null,null,null,null,null,null
Sun Oct 04 00:00:00 UTC 2026,5461830.612869859,6686892.962410003,null,null,null,null,null,null,null,null
Sun Oct 04 01:00:00 UTC 2026,5331504.831003906,6686892.962410003,null,null,null,null,null,null,null,null
Sun Oct 04 03:00:00 UTC 2026,4666843.343487467,6686892.962410003,null,null,null,null,null,null,null,null
Sun Oct 04 04:00:00 UTC 2026,5188146.470951417,6686892.962410003,null,null,null,null,null,null,null,null
Sun Oct 04 05:00:00 UTC 2026,3598171.932186637,6686892.962410003,null,null,null,null,null,null,null,null
Sun Oct 04 06:00:00 UTC 2026,5344537.409190588,6686892.962410003,null,null,null,null,null,null,null,null
Sun Oct 04 07:00:00 UTC 2026,4732006.234420443,6686892.962410003,null,null,null,null,null,null,null,null
Sun Oct 04 08:00:00 UTC 2026,4614713.030741174,6686892.962410003,null,null,null,null,null,null,null,null
Sun Oct 04 09:00:00 UTC 2026,5422732.878310101,6686892.962410003,null,null,null,null,null,null,null,null
Sun Oct 04 10:00:00 UTC 2026,5474863.19105654,6686892.962410003,null,null,null,null,null,null,null,null
Sun Oct 04 11:00:00 UTC 2026,5461830.612869859,6686892.962410003,null,null,null,null,null,null,null,null
Sun Oct 04 12:00:00 UTC 2026,5487895.769243076,6686892.962410003,null,null,null,null,null,null,null,null
Sun Oct 04 13:00:00 UTC 2026,3676367.4013061505,6686892.962410003,null,null,null,null,null,null,null,null
Sun Oct 04 14:00:00 UTC 2026,3676367.4013061505,6686892.962410003,null,null,null,null,null,null,null,null
Sun Oct 04 15:00:00 UTC 2026,3676367.4013061505,6686892.962410003,null,null,null,null,null,null,null,null
Sun Oct 04 16:00:00 UTC 2026,3676367.4013061505,6686892.962410003,null,null,null,null,null,null,null,null
Sun Oct 04 17:00:00 UTC 2026,0.98976,6686892.962410003,null,null,null,null,null,null,null,null,null,null
Sun Oct 04 18:00:00 UTC 2026,0.98976,6686892.962410003,null,null,null,null,null,null,null,null,null,null
Sun Oct 04 19:00:00 UTC 2026,0.98976,6686892.962410003,null,null,null,null,null,null,null,null,null,null
Sun Oct 04 20:00:00 UTC 2026,0.98976,6686892.962410003,null,null,null,null,null,null,null,null,null,null
Sun Oct 04 21:00:00 UTC 2026,0.98976,3946016.962410003,null,null,null,null,null,null,null,null,null,null
Sun Oct 04 22:00:00 UTC 2026,0.98976,3804392.962410003,null,null,null,null,null,null,null,null,null,null
Sun Oct 04 23:00:00 UTC 2026,0.98976,5845565.962410003,null,null,null,null,null,null,null,null,null,null
Mon Oct 05 00:00:00 UTC 2026,0.98976,5827330.962410003,null,null,null,null,null,null,null,null,null,null
Mon Oct 05 01:00:00 UTC 2026,0.98976,7019404.962410003,null,null,null,null,null,null,null,null,null,null
Mon Oct 05 02:00:00 UTC 2026,0.98976,6624791.962410003,null,null,null,null,null,null,null,null,null,null
Mon Oct 05 03:00:00 UTC 2026,0.98976,6430101.962410003,null,null,null,null,null,null,null,null,null,null
Mon Oct 05 04:00:00 UTC 2026,0.98976,6932995.962410003,null,null,null,null,null,null,null,null,null,null
Mon Oct 05 05:00:00 UTC 2026,0.98976,5739681.962410003,null,null,null,null,null,null,null,null,null,null
Mon Oct 05 06:00:00 UTC 2026,0.98976,5524780.962410003,null,null,null,null,null,null,null,null,null,null
Mon Oct 05 07:00:00 UTC 2026,0.98976,5787252.962410003,null,null,null,null,null,null,null,null,null,null
Mon Oct 05 08:00:00 UTC 2026,0.98976,6061853.962410003,null,null,null,null,null,null,null,null,null,null
Mon Oct 05 09:00:00 UTC 2026,0.98976,6150087.962410003,null,null,null,null,null,null,null,null,null,null
Mon Oct 05 10:00:00 UTC 2026,0.98976,6555227.962410003,null,null,null,null,null,null,null,null,null,null
Mon Oct 05 11:00:00 UTC 2026,0.98976,6118310.962410003,null,null,null,null,null,null,null,null,null,null
Mon Oct 05 12:00:00 UTC 2026,0.98976,5994512.962410003,null,null,null,null,null,null,null,null,null,null
Mon Oct 05 13:00:00 UTC 2026,0.98976,5621405.962410003,null,null,null,null,null,null,null,null,null,null
Mon Oct 05 14:00:00 UTC 2026,0.98976,6439489.962410003,null,null,null,null,null,null,null,null,null,null
Mon Oct 05 15:00:00 UTC 2026,0.98976,6820010.962410003,null,null,null,null,null,null,null,null,null,null
Mon Oct 05 16:00:00 UTC 2026,0.98976,5976414.962410003,null,null,null,null,null,null,null,null,null,null
Mon Oct 05 17:00:00 UTC 2026,0.98976,5580922.962410003,null,null,null,null,null,null,null,null,null,null
Mon Oct 05 18:00:00 UTC 2026,0.98976,6657453.962410003,null,null,null,null,null,null,null,null,null,null
Mon Oct 05 19:00:00 UTC 2026,0.98976,6731315.962410003,null,null,null,null,null,null,null,null,null,null
Mon Oct 05 20:00:00 UTC 2026,0.98976,7384637.962410003,null,null,null,null,null,null,null,null,null,null
Mon Oct 05 21:00:00 UTC 2026,0.98976,5672224.962410003,null,null,null,null,null,null,null,null,null,null
Mon Oct 05 22:00:00 UTC 2026,0.98976,7731175.962410003,null,7731275.962410003,null,null,null,null,null,null,null,null
Mon Oct 05 23:00:00 UTC 2026,0.98976,4091295.962410003,null,7588201.008232105,null,null,null,null,null,null,null,null
Tue Oct 06 00:00:00 UTC 2026,0.98976,4223708.962410003,null,7445126.054054207,null,null,null,null,null,null,null,null
Tue Oct 06 01:00:00 UTC 2026,0.98976,3992340.962410003,null,7302051.099876311,null,null,null,null,null,null,null,null
Tue Oct 06 02:00:00 UTC 2026,0.98976,3867715.962410003,null,7158976.145698413,null,null,null,null,null,null,null,null
Tue Oct 06 03:00:00 UTC 2026,0.98976,2975679.962410003,null,7015901.191520515,null,null,null,null,null,null,null,null
Tue Oct 06 04:00:00 UTC 2026,0.98976,1899885.962410003,null,6872826.2373426175,null,null,null,null,null,null,null,null
Tue Oct 06 05:00:00 UTC 2026,0.98976,2045901.962410003,null,6729751.283164719,null,null,null,null,null,null,null,null
Tue Oct 06 06:00:00 UTC 2026,0.98976,1742114.962410003,null,6586676.328986823,null,null,null,null,null,null,null,null
Tue Oct 06 07:00:00 UTC 2026,0.98976,2313824.962410003,null,6443601.374808925,null,null,null,null,null,null,null,null
Tue Oct 06 08:00:00 UTC 2026,0.98976,-9364152.037589997,null,6300526.420631027,null,null,null,null,null,null,null,null
Tue Oct 06 09:00:00 UTC 2026,0.98976,-8955363.037589997,null,6157451.466453129,null,null,null,null,null,null,null,null
Tue Oct 06 10:00:00 UTC 2026,0.98976,-9008417.037589997,null,6014376.512275232,null,null,null,null,null,null,null,null
Tue Oct 06 11:00:00 UTC 2026,0.98976,-1.0227910037589997E7,null,5871301.5580973355,null,null,null,null,null,null,null,null
Tue Oct 06 12:00:00 UTC 2026,0.98976,-8415031.037589997,null,5728226.603919437,null,null,null,null,null,null,null,null
Tue Oct 06 13:00:00 UTC 2026,0.98976,-8498463.037589997,null,5585151.649741539,null,null,null,null,null,null,null,null
Tue Oct 06 14:00:00 UTC 2026,0.98976,-9460083.037589997,null,5442076.695563641,null,null,null,null,null,null,null,null
Tue Oct 06 15:00:00 UTC 2026,0.98976,-1.0441291037589997E7,null,5299001.741385743,null,null,null,null,null,null,null,null
Tue Oct 06 16:00:00 UTC 2026,0.98976,-1.1160736037589997E7,null,5155926.787207847,null,null,null,null,null,null,null,null
Tue Oct 06 17:00:00 UTC 2026,0.98976,-1.0443427037589997E7,null,5012851.833029949,null,null,null,null,null,null,null,null
Tue Oct 06 18:00:00 UTC 2026,0.98976,-1.0815564037589997E7,null,4869776.878852051,null,null,null,null,null,null,null,null
Tue Oct 06 19:00:00 UTC 2026,0.98976,-9888740.037589997,null,4726701.924674153,null,null,null,null,null,null,null,null
Tue Oct 06 20:00:00 UTC 2026,0.98976,-1.1147544037589997E7,null,4583626.970496256,null,null,null,null,null,null,null,null
Tue Oct 06 21:00:00 UTC 2026,0.98976,-1.0063645037589997E7,null,4440552.016318359,null,null,null,null,null,null,null,null
Tue Oct 06 22:00:00 UTC 2026,0.98976,-1.0226730037589997E7,null,4297477.062140461,null,null,null,null,null,null,null,null
Tue Oct 06 23:00:00 UTC 2026,0.98976,-9453526.037589997,null,4154402.107962564,null,null,null,null,null,null,null,null
Wed Oct 07 00:00:00 UTC 2026,0.98976,-9109383.037589997,null,4011327.1537846657,null,null,null,null,null,null,null,null
Wed Oct 07 01:00:00 UTC 2026,0.98976,-9474202.037589997,null,3868252.1996067674,null,null,null,null,null,null,null,null
Wed Oct 07 02:00:00 UTC 2026,0.98976,-8893087.037589997,null,3725177.2454288714,null,null,null,null,null,null,null,null
Wed Oct 07 03:00:00 UTC 2026,0.98976,-9426824.037589997,null,3582102.291250973,null,null,null,null,null,null,null,null
Wed Oct 07 04:00:00 UTC 2026,0.98976,-8925130.037589997,null,3439027.337073076,null,null,null,null,null,null,null,null
Wed Oct 07 05:00:00 UTC 2026,0.98976,-1.0281390037589997E7,null,3295952.3828951777,null,null,null,null,null,null,null,null
Wed Oct 07 06:00:00 UTC 2026,0.98976,-9993990.037589997,null,3152877.4287172803,null,null,null,null,null,null,null,null
Wed Oct 07 07:00:00 UTC 2026,0.98976,-1.0660946037589997E7,null,3009802.4745393833,null,null,null,null,null,null,null,null
Wed Oct 07 08:00:00 UTC 2026,0.98976,-1.1099495037589997E7,null,2866727.520361485,null,null,null,null,null,null,null,null
Wed Oct 07 09:00:00 UTC 2026,0.98976,-1.150096003759E7,null,2723652.5661835875,null,null,null,null,-1.150036003759E7,null,null,null
Wed Oct 07 10:00:00 UTC 2026,0.98976,-1.1303973037589997E7,null,2580577.61200569,null,null,null,null,-1.1002081492135456E7,null,null,null
Wed Oct 07 11:00:00 UTC 2026,0.98976,-1.0729884037589997E7,null,2437502.6578277927,null,null,null,null,-1.0503802946680909E7,null,null,null
Wed Oct 07 12:00:00 UTC 2026,0.98976,-8525655.037589997,null,2294427.7036498953,null,null,null,null,-1.0005524401226364E7,null,null,null
Wed Oct 07 13:00:00 UTC 2026,0.98976,-9689660.037589997,null,2151352.749471998,null,null,null,null,-9507245.855771817,null,null,null
Wed Oct 07 14:00:00 UTC 2026,0.98976,-9365241.037589997,null,2008277.7952940995,null,null,null,null,-9008967.310317272,null,null,null
Wed Oct 07 15:00:00 UTC 2026,0.98976,-8836724.037589997,null,1865202.841116202,null,null,null,null,-8510688.764862726,null,null,null
Wed Oct 07 16:00:00 UTC 2026,0.98976,-8907390.037589997,null,1722127.8869383046,null,null,null,null,-8012410.219408181,null,null,null
Wed Oct 07 17:00:00 UTC 2026,0.98976,-8667037.037589997,null,1579052.9327604072,null,null,null,null,-7514131.673953635,null,null,null
Wed Oct 07 18:00:00 UTC 2026,0.98976,-7224147.037589997,null,1435977.9785825098,null,null,null,null,-7015853.128499089,null,null,null
Wed Oct 07 19:00:00 UTC 2026,0.98976,-6039803.037589997,null,1292903.0244046114,null,null,null,null,-6517574.583044543,null,null,null
Wed Oct 07 20:00:00 UTC 2026,0.98976,-6019896.037589997,null,1149828.070226714,null,null,null,null,-6019296.037589997,null,null,null
Wed Oct 07 21:00:00 UTC 2026,0.98976,-7570033.037589997,null,1006753.1160488175,null,null,null,null,null,null,null,null
Wed Oct 07 22:00:00 UTC 2026,0.98976,-7750066.037589997,null,863678.1618709192,null,null,null,null,null,null,null,null
Wed Oct 07 23:00:00 UTC 2026,0.98976,-7364220.037589997,null,720603.2076930227,null,null,null,null,null,null,null,null
Thu Oct 08 00:00:00 UTC 2026,0.98976,-7587073.037589997,null,577528.2535151243,null,null,null,null,null,null,null,null
Thu Oct 08 01:00:00 UTC 2026,0.98976,-6864570.037589997,null,434453.29933722597,null,null,null,null,null,null,null,null
Thu Oct 08 02:00:00 UTC 2026,0.98976,-6890222.037589997,null,291378.3451593295,null,null,null,null,null,null,null,null
Thu Oct 08 03:00:00 UTC 2026,0.98976,-6999571.037589997,null,148303.39098143205,null,null,null,null,null,null,null,null
Thu Oct 08 04:00:00 UTC 2026,0.98976,-7360714.037589997,null,5228.436803533696,null,null,null,null,null,null,null,null
Thu Oct 08 05:00:00 UTC 2026,0.98976,-7903927.037589997,null,-137846.51737436373,null,null,null,null,null,null,null,null
Thu Oct 08 06:00:00 UTC 2026,0.98976,-9448241.037589997,null,-280921.47155226115,null,null,null,null,null,null,null,null
Thu Oct 08 07:00:00 UTC 2026,0.98976,-9690377.037589997,null,-423996.4257301595,null,null,null,null,null,null,null,null
Thu Oct 08 08:00:00 UTC 2026,0.98976,-9588110.037589997,null,-567071.379908056,null,null,null,null,null,null,null,null
Thu Oct 08 09:00:00 UTC 2026,0.98976,-9982460.037589997,null,-710146.3340859534,null,null,null,null,null,null,null,null
Thu Oct 08 10:00:00 UTC 2026,0.98976,-1.0699792037589997E7,null,-853221.2882638518,null,null,null,null,null,null,null,null
Thu Oct 08 11:00:00 UTC 2026,0.98976,-1.0583238037589997E7,null,-996296.2424417492,null,null,null,null,null,null,null,null
Thu Oct 08 12:00:00 UTC 2026,0.98976,-1.0724592037589997E7,null,-1139371.1966196466,null,null,null,null,null,null,null,null
Thu Oct 08 13:00:00 UTC 2026,0.98976,-1.0353036037589997E7,null,-1282446.150797543,null,null,null,null,null,null,null,null
Thu Oct 08 14:00:00 UTC 2026,0.98976,-1.0540559037589997E7,null,-1425521.1049754424,null,null,null,null,null,null,null,null
Thu Oct 08 15:00:00 UTC 2026,0.98976,-1.0865564037589997E7,null,-1568596.059153339,null,null,null,null,null,null,null,null
Thu Oct 08 16:00:00 UTC 2026,0.98976,-1.1128182037589997E7,null,-1711671.0133312372,null,null,null,null,null,null,null,null
Thu Oct 08 17:00:00 UTC 2026,0.98976,-1.156428703759E7,null,-1854745.9675091347,null,null,null,null,null,null,null,null
Thu Oct 08 18:00:00 UTC 2026,0.98976,-1.0251389037589997E7,null,-1997820.921687032,null,null,null,null,null,null,null,null
Thu Oct 08 19:00:00 UTC 2026,0.98976,-1.1077735037589997E7,null,-2140895.8758649295,null,null,null,null,null,null,null,null
Thu Oct 08 20:00:00 UTC 2026,0.98976,-1.0888947037589997E7,null,-2283970.830042828,null,null,null,null,null,null,null,null
Thu Oct 08 21:00:00 UTC 2026,0.98976,-1.1048434037589997E7,null,-2427045.7842207253,null,null,null,null,null,null,null,null
Thu Oct 08 22:00:00 UTC 2026,0.98976,-1.1116150037589997E7,null,-2570120.738398622,null,null,null,null,null,null,null,null
Thu Oct 08 23:00:00 UTC 2026,0.98976,-1.0671065037589997E7,null,-2713195.6925765183,null,null,null,null,null,null,null,null
Fri Oct 09 00:00:00 UTC 2026,0.98976,-1.1249034037589997E7,null,-2856270.6467544176,null,null,null,null,null,null,null,null
Fri Oct 09 01:00:00 UTC 2026,0.98976,-1.146978803759E7,null,-2999345.600932314,null,null,null,null,null,null,null,null
Fri Oct 09 02:00:00 UTC 2026,0.98976,-1.173115403759E7,null,-3142420.5551102133,null,null,null,null,null,null,null,null
Fri Oct 09 03:00:00 UTC 2026,0.98976,-1.1143059037589997E7,null,-3285495.509288111,null,null,null,null,null,null,null,null
Fri Oct 09 04:00:00 UTC 2026,0.98976,-1.181228203759E7,null,-3428570.463466008,null,null,null,null,null,null,null,null
Fri Oct 09 05:00:00 UTC 2026,0.98976,-1.182012803759E7,null,-3571645.4176439056,null,null,null,null,null,null,null,null
Fri Oct 09 06:00:00 UTC 2026,0.98976,-1.143932603759E7,null,-3714720.371821804,null,null,null,null,null,null,null,null
Fri Oct 09 07:00:00 UTC 2026,0.98976,-1.142221803759E7,null,-3857795.3259997014,null,null,null,null,null,null,null,null
Fri Oct 09 08:00:00 UTC 2026,0.98976,-1.242140503759E7,null,-4000870.280177597,null,null,null,null,null,null,null,null
Fri Oct 09 09:00:00 UTC 2026,0.98976,-1.246322403759E7,null,-4143945.2343554962,null,null,null,null,null,null,null,null
Fri Oct 09 10:00:00 UTC 2026,0.98976,-1.290021503759E7,null,-4287020.188533393,null,null,null,null,null,null,null,null
Fri Oct 09 11:00:00 UTC 2026,0.98976,-1.288579803759E7,null,-4430095.14271129,null,null,null,null,null,null,null,null
Fri Oct 09 12:00:00 UTC 2026,0.98976,-1.392754003759E7,null,-4573170.096889189,null,null,null,null,null,null,null,null
Fri Oct 09 13:00:00 UTC 2026,0.98976,-1.361235303759E7,null,-4716245.051067085,null,null,null,null,null,null,null,null
Fri Oct 09 14:00:00 UTC 2026,0.98976,-1.422738303759E7,null,-4859320.005244984,null,null,null,null,null,null,null,null
Fri Oct 09 15:00:00 UTC 2026,0.98976,-1.497286403759E7,null,-5002394.959422881,null,null,null,null,null,null,null,null
Fri Oct 09 16:00:00 UTC 2026,0.98976,-1.434723603759E7,null,-5145469.91360078,null,null,null,null,null,null,null,null
Fri Oct 09 17:00:00 UTC 2026,0.98976,-1.429438603759E7,null,-5288544.867778677,null,null,null,null,null,null,null,null
Fri Oct 09 18:00:00 UTC 2026,0.98976,-1.434123203759E7,null,-5431619.821956573,null,null,null,null,null,null,null,null
Fri Oct 09 19:00:00 UTC 2026,0.98976,-1.450579003759E7,null,-5574694.7761344705,null,null,null,null,null,null,null,null
Fri Oct 09 20:00:00 UTC 2026,0.98976,-1.370199403759E7,null,-5717769.730312367,null,null,null,null,null,null,null,null
Fri Oct 09 21:00:00 UTC 2026,0.98976,-1.511536903759E7,null,-5860844.684490268,null,null,null,null,null,null,null,null
Fri Oct 09 22:00:00 UTC 2026,0.98976,-1.511536903759E7,null,-6003919.638668165,null,null,null,null,null,null,null,null
Fri Oct 09 23:00:00 UTC 2026,0.98976,-1.511536903759E7,null,-6146994.592846061,null,null,null,null,null,null,null,null
Sat Oct 10 00:00:00 UTC 2026,0.98976,-1.511536903759E7,null,-6290069.5470239585,null,null,null,null,null,null,null,null
Sat Oct 10 01:00:00 UTC 2026,0.98976,-1.511536903759E7,null,-6433144.501201857,null,null,null,null,null,null,null,null
Sat Oct 10 02:00:00 UTC 2026,0.98976,-1.511536903759E7,null,-6576219.455379754,null,null,null,null,null,null,null,null
Sat Oct 10 03:00:00 UTC 2026,0.98976,-1.511536903759E7,null,-6719294.409557653,null,null,null,null,null,null,null,null
Sat Oct 10 04:00:00 UTC 2026,0.98976,-1.511536903759E7,null,-6862369.363735551,null,null,null,null,null,null,null,null
Sat Oct 10 05:00:00 UTC 2026,0.98976,-1.511536903759E7,null,-7005444.3179134475,null,null,null,null,null,null,null,null
Sat Oct 10 06:00:00 UTC 2026,0.98976,-1.511536903759E7,null,-7148519.272091345,null,null,null,null,null,null,null,null
Sat Oct 10 07:00:00 UTC 2026,0.98976,-1.511536903759E7,null,-7291594.226269242,null,null,null,null,null,null,null,null
Sat Oct 10 08:00:00 UTC 2026,0.98976,-1.511536903759E7,null,-7434669.180447139,null,null,null,null,null,null,null,null
Sat Oct 10 09:00:00 UTC 2026,0.98976,-1.511536903759E7,null,-7577744.134625037,null,null,null,null,null,null,null,null
Sat Oct 10 10:00:00 UTC 2026,0.98976,-1.511536903759E7,null,-7720819.088802936,null,null,null,null,null,null,null,null
Sat Oct 10 11:00:00 UTC 2026,0.98976,-1.511536903759E7,null,-7863894.042980833,null,null,null,null,null,null,null,null
Sat Oct 10 12:00:00 UTC 2026,0.98976,-1.511536903759E7,null,-8006968.9971587295,null,null,null,null,null,null,null,null
Sat Oct 10 13:00:00 UTC 2026,0.98976,-1.511536903759E7,null,-8150043.951336629,null,null,null,null,null,null,null,null
Sat Oct 10 14:00:00 UTC 2026,0.98976,-1.511536903759E7,null,-8293118.905514525,null,null,null,null,null,null,null,null
Sat Oct 10 15:00:00 UTC 2026,0.98976,-1.511536903759E7,null,-8436193.85969242,null,null,null,null,null,null,null,null
Sat Oct 10 16:00:00 UTC 2026,0.98976,-1.511536903759E7,null,-8579268.813870322,null,null,null,null,null,null,null,null
Sat Oct 10 17:00:00 UTC 2026,0.98976,-1.511536903759E7,null,-8722343.76804822,null,null,null,null,null,null,null,null
Sat Oct 10 18:00:00 UTC 2026,0.98976,-1.511536903759E7,null,-8865418.722226117,null,null,null,null,null,null,null,null
Sat Oct 10 19:00:00 UTC 2026,0.98976,-1.511536903759E7,null,-9008493.676404012,null,null,null,null,null,null,null,null
Sat Oct 10 20:00:00 UTC 2026,0.98976,-1.511536903759E7,null,-9151568.63058191,null,null,null,null,null,null,null,null
Sat Oct 10 21:00:00 UTC 2026,0.98976,-1.511536903759E7,null,-9294643.584759807,null,null,null,null,null,null,null,null
Sat Oct 10 22:00:00 UTC 2026,0.98976,-1.511536903759E7,null,-9437718.538937707,null,null,null,null,null,null,null,null
Sat Oct 10 23:00:00 UTC 2026,0.98976,-1.511536903759E7,null,-9580793.493115604,null,null,null,null,null,null,null,null
Sun Oct 11 00:00:00 UTC 2026,0.98976,-1.511536903759E7,null,-9723868.447293501,null,null,null,null,null,null,null,null
Sun Oct 11 01:00:00 UTC 2026,0.98976,-1.511536903759E7,null,-9866943.401471399,null,null,null,null,null,null,null,null
Sun Oct 11 02:00:00 UTC 2026,0.98976,-1.511536903759E7,null,-1.0010018355649296E7,null,null,null,null,null,null,null,null
Sun Oct 11 03:00:00 UTC 2026,0.98976,-1.511536903759E7,null,-1.0153093309827194E7,null,null,null,null,null,null,null,null
Sun Oct 11 04:00:00 UTC 2026,0.98976,-1.511536903759E7,null,-1.0296168264005091E7,null,null,null,null,null,null,null,null
Sun Oct 11 05:00:00 UTC 2026,0.98976,-1.511536903759E7,null,-1.043924321818299E7,null,null,null,null,null,null,null,null
Sun Oct 11 06:00:00 UTC 2026,0.98976,-1.511536903759E7,null,-1.0582318172360888E7,null,null,null,null,null,null,null,null
Sun Oct 11 07:00:00 UTC 2026,0.98976,-1.511536903759E7,null,-1.0725393126538783E7,null,null,null,null,null,null,null,null
Sun Oct 11 08:00:00 UTC 2026,0.98976,-1.511536903759E7,null,-1.086846808071668E7,null,null,null,null,null,null,null,null
Sun Oct 11 09:00:00 UTC 2026,0.98976,-1.511536903759E7,null,-1.1011543034894578E7,null,null,null,null,null,null,null,null
Sun Oct 11 10:00:00 UTC 2026,0.98976,-1.511536903759E7,null,-1.1154617989072476E7,null,null,null,null,null,null,null,null
Sun Oct 11 11:00:00 UTC 2026,0.98976,-1.511536903759E7,null,-1.1297692943250373E7,null,null,null,null,null,null,null,null
Sun Oct 11 12:00:00 UTC 2026,0.98976,-1.511536903759E7,null,-1.1440767897428272E7,null,null,null,null,null,null,null,null
Sun Oct 11 13:00:00 UTC 2026,0.98976,-1.511536903759E7,null,-1.158384285160617E7,null,null,null,null,null,null,null,null
Sun Oct 11 14:00:00 UTC 2026,0.98976,-1.511536903759E7,null,-1.1726917805784069E7,null,null,null,null,null,null,null,null
Sun Oct 11 15:00:00 UTC 2026,0.98976,-1.511536903759E7,null,-1.1869992759961965E7,null,null,null,null,null,null,null,null
Sun Oct 11 16:00:00 UTC 2026,0.98976,-1.511536903759E7,null,-1.2013067714139862E7,null,null,null,null,null,null,null,null
Sun Oct 11 17:00:00 UTC 2026,0.98976,-1.511536903759E7,null,-1.2156142668317758E7,null,null,null,null,null,null,null,null
Sun Oct 11 18:00:00 UTC 2026,0.98976,-1.511536903759E7,null,-1.2299217622495659E7,null,null,null,null,null,null,null,null
Sun Oct 11 19:00:00 UTC 2026,0.98976,-1.511536903759E7,null,-1.2442292576673556E7,null,null,null,null,null,null,null,null
Sun Oct 11 20:00:00 UTC 2026,0.98976,-1.511536903759E7,null,-1.2585367530851454E7,null,null,null,null,null,null,null,null
Sun Oct 11 21:00:00 UTC 2026,0.98976,-1.535420603759E7,null,-1.272844248502935E7,null,null,null,null,null,null,null,null
Sun Oct 11 22:00:00 UTC 2026,0.98976,-1.552116303759E7,null,-1.2871517439207247E7,null,null,null,null,null,null,null,null
Sun Oct 11 23:00:00 UTC 2026,0.98976,-1.563337403759E7,null,-1.3014592393385144E7,null,null,null,null,null,null,null,null
Mon Oct 12 00:00:00 UTC 2026,0.98976,-1.540586403759E7,null,-1.315766734756304E7,null,null,null,null,null,null,null,null
Mon Oct 12 01:00:00 UTC 2026,0.98976,-1.619137203759E7,null,-1.330074230174094E7,null,null,null,null,null,null,null,null
Mon Oct 12 02:00:00 UTC 2026,0.98976,-1.599223303759E7,null,-1.3443817255918838E7,null,null,null,null,null,null,null,null
Mon Oct 12 03:00:00 UTC 2026,0.98976,-1.876711403759E7,null,-1.3586892210096736E7,null,null,null,null,null,null,null,null
Mon Oct 12 04:00:00 UTC 2026,0.98976,-2.263836303759E7,null,-1.3729967164274633E7,null,null,null,null,null,null,null,null
Mon Oct 12 05:00:00 UTC 2026,0.98976,-2.214745203759E7,null,-1.387304211845253E7,null,null,null,null,null,null,null,null
Mon Oct 12 06:00:00 UTC 2026,0.98976,-2.309402603759E7,null,-1.4016117072630428E7,null,null,null,null,null,null,null,null
Mon Oct 12 07:00:00 UTC 2026,0.98976,-2.300795803759E7,null,-1.4159192026808325E7,null,null,null,null,null,null,null,null
Mon Oct 12 08:00:00 UTC 2026,0.98976,-2.306583703759E7,null,-1.4302266980986226E7,null,null,null,null,null,null,null,null
Mon Oct 12 09:00:00 UTC 2026,0.98976,-2.335284003759E7,null,-1.4445341935164124E7,null,null,null,null,null,null,null,null
Mon Oct 12 10:00:00 UTC 2026,0.98976,-2.399806703759E7,null,-1.458841688934202E7,null,null,null,null,null,null,null,null
Mon Oct 12 11:00:00 UTC 2026,0.98976,-2.427873703759E7,null,-1.4731491843519917E7,null,null,null,null,null,null,null,null
Mon Oct 12 12:00:00 UTC 2026,0.98976,-2.368747003759E7,null,-1.4874566797697812E7,null,null,null,null,null,null,null,null
Mon Oct 12 13:00:00 UTC 2026,0.98976,-2.354118503759E7,null,-1.501764175187571E7,null,null,null,null,null,null,null,null
Mon Oct 12 14:00:00 UTC 2026,0.98976,-2.392871203759E7,null,-1.516071670605361E7,null,null,null,null,null,null,null,null
Mon Oct 12 15:00:00 UTC 2026,0.98976,-2.402858403759E7,null,-1.5303791660231508E7,null,null,null,null,null,null,null,null
Mon Oct 12 16:00:00 UTC 2026,0.98976,-2.369497503759E7,null,-1.5446866614409404E7,null,null,null,null,null,null,null,null
Mon Oct 12 17:00:00 UTC 2026,0.98976,-2.391414203759E7,null,-1.5589941568587301E7,null,null,null,null,null,null,null,null
Mon Oct 12 18:00:00 UTC 2026,0.98976,-2.439362503759E7,null,-1.5733016522765199E7,null,null,null,null,null,null,null,null
Mon Oct 12 19:00:00 UTC 2026,0.98976,-2.467440103759E7,null,-1.5876091476943094E7,null,null,null,null,null,null,null,null
Mon Oct 12 20:00:00 UTC 2026,0.98976,-2.486911903759E7,null,-1.6019166431120995E7,null,null,null,null,null,null,null,null
Mon Oct 12 21:00:00 UTC 2026,0.98976,-2.489378503759E7,null,-1.6162241385298893E7,null,null,null,null,null,null,null,null
Mon Oct 12 22:00:00 UTC 2026,0.98976,-2.472415703759E7,null,-1.630531633947679E7,null,null,null,null,null,null,null,null
Mon Oct 12 23:00:00 UTC 2026,0.98976,-2.491057303759E7,null,-1.6448391293654686E7,null,null,null,null,null,null,null,null
Tue Oct 13 00:00:00 UTC 2026,0.98976,-2.457749603759E7,null,-1.6591466247832583E7,null,null,null,null,null,null,null,null
Tue Oct 13 01:00:00 UTC 2026,0.98976,-2.452243803759E7,null,-1.673454120201048E7,null,null,null,null,null,null,null,null
Tue Oct 13 02:00:00 UTC 2026,0.98976,-2.440451703759E7,null,-1.687761615618838E7,null,null,null,null,null,null,null,null
Tue Oct 13 03:00:00 UTC 2026,0.98976,-2.382546903759E7,null,-1.7020691110366277E7,null,null,null,null,null,null,null,null
Tue Oct 13 04:00:00 UTC 2026,0.98976,-2.345358603759E7,null,-1.7163766064544175E7,null,null,null,null,null,null,null,null
Tue Oct 13 05:00:00 UTC 2026,0.98976,-2.332220703759E7,null,-1.7306841018722076E7,null,null,null,null,null,null,null,null
Tue Oct 13 06:00:00 UTC 2026,0.98976,-2.343749503759E7,null,-1.7449915972899973E7,null,null,null,null,null,null,null,null
Tue Oct 13 07:00:00 UTC 2026,0.98976,-2.333558003759E7,null,-1.7592990927077867E7,null,null,null,null,null,null,null,null
Tue Oct 13 08:00:00 UTC 2026,0.98976,-3.698254703759E7,null,-1.7736065881255765E7,null,null,null,null,null,null,null,null
Tue Oct 13 09:00:00 UTC 2026,0.98976,-3.706851103759E7,null,-1.7879140835433666E7,null,null,null,null,null,null,null,null
Tue Oct 13 10:00:00 UTC 2026,0.98976,-3.721852903759E7,null,-1.8022215789611563E7,null,null,null,null,null,null,null,null
Tue Oct 13 11:00:00 UTC 2026,0.98976,-3.737692103759E7,null,-1.816529074378946E7,null,null,null,null,null,null,null,null
Tue Oct 13 12:00:00 UTC 2026,0.98976,-3.742560203759E7,null,-1.8308365697967358E7,null,null,null,null,null,null,null,null
Tue Oct 13 13:00:00 UTC 2026,0.98976,-3.755668303759E7,null,-1.845144065214525E7,null,null,null,null,null,null,null,null
Tue Oct 13 14:00:00 UTC 2026,0.98976,-3.790479303759E7,null,-1.859451560632315E7,null,null,null,null,null,null,null,null
Tue Oct 13 15:00:00 UTC 2026,0.98976,-3.799639103759E7,null,-1.8737590560501046E7,null,null,null,null,null,null,null,null
Tue Oct 13 16:00:00 UTC 2026,0.98976,-3.794179703759E7,null,-1.8880665514678944E7,null,null,null,null,null,null,null,null
Tue Oct 13 17:00:00 UTC 2026,0.98976,-3.792372703759E7,null,-1.9023740468856845E7,null,null,null,null,null,null,null,null
Tue Oct 13 18:00:00 UTC 2026,0.98976,-3.819221303759E7,null,-1.916681542303474E7,null,null,null,null,null,null,null,null
Tue Oct 13 19:00:00 UTC 2026,0.98976,-3.834297203759E7,null,-1.9309890377212636E7,null,null,null,null,null,null,null,null
Tue Oct 13 20:00:00 UTC 2026,0.98976,-3.826050903759E7,null,-1.9452965331390537E7,null,null,null,null,null,null,null,null
Tue Oct 13 21:00:00 UTC 2026,0.98976,-3.822705303759E7,null,-1.959604028556843E7,null,null,null,null,null,null,null,null
Tue Oct 13 22:00:00 UTC 2026,0.98976,-3.778860003759E7,null,-1.9739115239746332E7,null,null,null,null,null,null,null,null
Tue Oct 13 23:00:00 UTC 2026,0.98976,-3.781206903759E7,null,-1.988219019392423E7,null,null,null,null,null,null,null,null
Wed Oct 14 00:00:00 UTC 2026,0.98976,-3.775076703759E7,null,-2.0025265148102127E7,null,null,null,null,null,null,null,null
Wed Oct 14 01:00:00 UTC 2026,0.98976,-3.777824103759E7,null,-2.016834010228002E7,null,null,null,null,null,null,null,null
Wed Oct 14 02:00:00 UTC 2026,0.98976,-3.761884303759E7,null,-2.0311415056457918E7,null,null,null,null,null,null,null,null
Wed Oct 14 03:00:00 UTC 2026,0.98976,-3.767321303759E7,null,-2.045449001063582E7,null,null,null,null,null,null,null,null
Wed Oct 14 04:00:00 UTC 2026,0.98976,-3.735986603759E7,null,-2.0597564964813717E7,null,null,null,null,null,null,null,null
Wed Oct 14 05:00:00 UTC 2026,0.98976,-3.710311603759E7,null,-2.0740639918991614E7,null,null,null,null,null,null,null,null
Wed Oct 14 06:00:00 UTC 2026,0.98976,-3.704266603759E7,null,-2.088371487316951E7,null,null,null,null,null,null,null,null
Wed Oct 14 07:00:00 UTC 2026,0.98976,-3.698134003759E7,null,-2.1026789827347413E7,null,null,null,null,null,null,null,null
Wed Oct 14 08:00:00 UTC 2026,0.98976,-3.706567803759E7,null,-2.1169864781525306E7,null,null,null,null,null,null,null,null
Wed Oct 14 09:00:00 UTC 2026,0.98976,-3.761551303759E7,null,-2.1312939735703204E7,null,null,null,null,null,null,null,null
Wed Oct 14 10:00:00 UTC 2026,0.98976,-3.756683903759E7,null,-2.1456014689881105E7,null,null,null,null,null,null,null,null
Wed Oct 14 11:00:00 UTC 2026,0.98976,-3.797886003759E7,null,-2.1599089644059E7,null,null,null,null,null,null,null,null
Wed Oct 14 12:00:00 UTC 2026,0.98976,-3.782194603759E7,null,-2.17421645982369E7,null,null,null,null,null,null,null,null
Wed Oct 14 13:00:00 UTC 2026,0.98976,-3.812264803759E7,null,-2.1885239552414794E7,null,null,null,null,null,null,null,null
Wed Oct 14 14:00:00 UTC 2026,0.98976,-3.786184503759E7,null,-2.202831450659269E7,null,null,null,null,null,null,null,null
Wed Oct 14 15:00:00 UTC 2026,0.98976,-3.780862703759E7,null,-2.2171389460770592E7,null,null,null,null,null,null,null,null
Wed Oct 14 16:00:00 UTC 2026,0.98976,-3.751578103759E7,null,-2.2314464414948486E7,null,null,null,null,null,null,null,null
Wed Oct 14 17:00:00 UTC 2026,0.98976,-3.743842703759E7,null,-2.2457539369126387E7,null,null,null,null,null,null,null,null
Wed Oct 14 18:00:00 UTC 2026,0.98976,-3.787686203759E7,null,-2.260061432330428E7,null,null,null,null,null,null,null,null
Wed Oct 14 19:00:00 UTC 2026,0.98976,-3.801860103759E7,null,-2.274368927748218E7,null,null,null,null,null,null,null,null
Wed Oct 14 20:00:00 UTC 2026,0.98976,-3.813159703759E7,null,-2.2886764231660075E7,null,null,null,null,null,null,null,null
Wed Oct 14 21:00:00 UTC 2026,0.98976,-3.889805903759E7,null,-2.3029839185837973E7,null,null,null,null,null,null,null,null
Wed Oct 14 22:00:00 UTC 2026,0.98976,-3.852063303759E7,null,-2.3172914140015874E7,null,null,null,null,null,null,null,null
Wed Oct 14 23:00:00 UTC 2026,0.98976,-3.849085703759E7,null,-2.3315989094193768E7,null,null,null,null,null,null,null,null
Thu Oct 15 00:00:00 UTC 2026,0.98976,-3.840948203759E7,null,-2.345906404837167E7,null,null,null,null,null,null,null,null
Thu Oct 15 01:00:00 UTC 2026,0.98976,-3.837843803759E7,null,-2.3602139002549566E7,null,null,null,null,null,null,null,null
Thu Oct 15 02:00:00 UTC 2026,0.98976,-3.821759503759E7,null,-2.3745213956727464E7,null,null,null,null,null,null,null,null
Thu Oct 15 03:00:00 UTC 2026,0.98976,-3.836469303759E7,null,-2.388828891090536E7,null,null,null,null,null,null,null,null
Thu Oct 15 04:00:00 UTC 2026,0.98976,-3.840177103759E7,null,-2.403136386508326E7,null,null,null,null,null,null,null,null
Thu Oct 15 05:00:00 UTC 2026,0.98976,-3.872113903759E7,null,-2.4174438819261156E7,null,null,null,null,null,null,null,null
Thu Oct 15 06:00:00 UTC 2026,0.98976,-3.882653103759E7,null,-2.4317513773439053E7,null,null,null,null,null,null,null,null
Thu Oct 15 07:00:00 UTC 2026,0.98976,-3.876819103759E7,null,-2.4460588727616955E7,null,null,null,null,null,null,null,null
Thu Oct 15 08:00:00 UTC 2026,0.98976,-3.892340703759E7,null,-2.460366368179485E7,null,null,null,null,null,null,null,null
Thu Oct 15 09:00:00 UTC 2026,0.98976,-3.883121503759E7,null,-2.4746738635972746E7,null,null,null,null,null,null,null,null
Thu Oct 15 10:00:00 UTC 2026,0.98976,-3.899818403759E7,null,-2.4889813590150647E7,null,null,null,null,null,null,null,null
Thu Oct 15 11:00:00 UTC 2026,0.98976,-3.937287603759E7,null,-2.503288854432854E7,null,null,null,null,null,null,null,null
Thu Oct 15 12:00:00 UTC 2026,0.98976,-3.938569503759E7,null,-2.517596349850644E7,null,null,null,null,null,null,null,null
Thu Oct 15 13:00:00 UTC 2026,0.98976,-3.927815903759E7,null,-2.5319038452684335E7,null,null,null,null,null,null,null,null
Thu Oct 15 14:00:00 UTC 2026,0.98976,-3.933191803759E7,null,-2.5462113406862237E7,null,null,null,null,null,null,null,null
Thu Oct 15 15:00:00 UTC 2026,0.98976,-3.940097403759E7,null,-2.560518836104013E7,null,null,null,null,null,null,null,null
Thu Oct 15 16:00:00 UTC 2026,0.98976,-3.912786903759E7,null,-2.5748263315218028E7,null,null,null,null,null,null,null,null
Thu Oct 15 17:00:00 UTC 2026,0.98976,-3.920102103759E7,null,-2.589133826939593E7,null,null,null,null,null,null,null,null
Thu Oct 15 18:00:00 UTC 2026,0.98976,-3.910612903759E7,null,-2.6034413223573823E7,null,null,null,null,null,null,null,null
Thu Oct 15 19:00:00 UTC 2026,0.98976,-3.919926803759E7,null,-2.6177488177751724E7,null,null,null,null,null,null,null,null
Thu Oct 15 20:00:00 UTC 2026,0.98976,-3.918629103759E7,null,-2.6320563131929617E7,null,null,null,null,null,null,null,null
Thu Oct 15 21:00:00 UTC 2026,0.98976,-3.937140303759E7,null,-2.646363808610752E7,null,null,null,null,null,null,null,null
Thu Oct 15 22:00:00 UTC 2026,0.98976,-3.923436703759E7,null,-2.6606713040285416E7,null,null,null,null,null,null,null,null
Thu Oct 15 23:00:00 UTC 2026,0.98976,-3.931394803759E7,null,-2.674978799446331E7,null,null,null,null,null,null,null,null
Fri Oct 16 00:00:00 UTC 2026,0.98976,-3.941463803759E7,null,-2.689286294864121E7,null,null,null,null,null,null,null,null
Fri Oct 16 01:00:00 UTC 2026,0.98976,-3.967333803759E7,null,-2.703593790281911E7,null,null,null,null,null,null,null,null
Fri Oct 16 02:00:00 UTC 2026,0.98976,-3.957044203759E7,null,-2.7179012856997006E7,null,null,null,null,null,null,null,null
Fri Oct 16 03:00:00 UTC 2026,0.98976,-3.959210603759E7,null,-2.7322087811174903E7,null,null,null,null,null,null,null,null
Fri Oct 16 04:00:00 UTC 2026,0.98976,-3.979312603759E7,null,-2.7465162765352804E7,null,null,null,null,null,null,null,null
Fri Oct 16 05:00:00 UTC 2026,0.98976,-3.974331703759E7,null,-2.7608237719530694E7,null,null,null,null,null,null,null,null
Fri Oct 16 06:00:00 UTC 2026,0.98976,-3.974555803759E7,null,-2.7751312673708595E7,null,null,null,null,null,null,null,null
Fri Oct 16 07:00:00 UTC 2026,0.98976,-3.993187003759E7,null,-2.7894387627886493E7,null,null,null,null,null,null,null,null
Fri Oct 16 08:00:00 UTC 2026,0.98976,-3.966945703759E7,null,-2.803746258206439E7,null,null,null,null,null,null,null,null
Fri Oct 16 09:00:00 UTC 2026,0.98976,-3.984902303759E7,null,-2.818053753624229E7,null,null,null,null,null,null,null,null
Fri Oct 16 10:00:00 UTC 2026,0.98976,-3.973140103759E7,null,-2.8323612490420185E7,null,null,null,null,null,null,null,null
Fri Oct 16 11:00:00 UTC 2026,0.98976,-3.943381203759E7,null,-2.8466687444598086E7,null,null,null,null,null,null,null,null
Fri Oct 16 12:00:00 UTC 2026,0.98976,-3.962238503759E7,null,-2.8609762398775984E7,null,null,null,null,null,null,null,null
Fri Oct 16 13:00:00 UTC 2026,0.98976,-3.974051303759E7,null,-2.8752837352953877E7,null,null,null,null,null,null,null,null
Fri Oct 16 14:00:00 UTC 2026,0.98976,-3.983322603759E7,null,-2.889591230713178E7,null,null,null,null,null,null,null,null
Fri Oct 16 15:00:00 UTC 2026,0.98976,-3.978612003759E7,null,-2.9038987261309672E7,null,null,null,null,null,null,null,null
Fri Oct 16 16:00:00 UTC 2026,0.98976,-3.972307403759E7,null,-2.9182062215487573E7,null,null,null,null,null,null,null,null
Fri Oct 16 17:00:00 UTC 2026,0.98976,-3.934549803759E7,null,-2.9325137169665463E7,null,null,null,null,null,null,null,null
Fri Oct 16 18:00:00 UTC 2026,0.98976,-3.946384503759E7,null,-2.9468212123843364E7,null,null,null,null,null,null,null,null
Fri Oct 16 19:00:00 UTC 2026,0.98976,-3.948108003759E7,null,-2.9611287078021266E7,null,null,null,null,null,null,null,null
Fri Oct 16 20:00:00 UTC 2026,0.98976,-3.939879203759E7,null,-2.975436203219916E7,null,null,null,null,null,null,null,null
Fri Oct 16 21:00:00 UTC 2026,0.98976,-4.229030303759E7,null,-2.989743698637706E7,null,null,null,null,null,null,null,null
Fri Oct 16 22:00:00 UTC 2026,0.98976,-4.229030303759E7,null,-3.0040511940554958E7,null,null,null,null,null,null,null,null
Fri Oct 16 23:00:00 UTC 2026,0.98976,-4.229030303759E7,null,-3.0183586894732855E7,null,null,null,null,null,null,null,null
Sat Oct 17 00:00:00 UTC 2026,0.98976,-4.229030303759E7,null,-3.032666184891075E7,null,null,null,null,null,null,null,null
Sat Oct 17 01:00:00 UTC 2026,0.98976,-4.229030303759E7,null,-3.046973680308865E7,null,null,null,null,null,null,null,null
Sat Oct 17 02:00:00 UTC 2026,0.98976,-4.229030303759E7,null,-3.0612811757266548E7,null,null,null,null,null,null,null,null
Sat Oct 17 03:00:00 UTC 2026,0.98976,-4.229030303759E7,null,-3.0755886711444445E7,null,null,null,null,null,null,null,null
Sat Oct 17 04:00:00 UTC 2026,0.98976,-4.229030303759E7,null,-3.0898961665622342E7,null,null,null,null,null,null,null,null
Sat Oct 17 05:00:00 UTC 2026,0.98976,-4.229030303759E7,null,-3.104203661980024E7,null,null,null,null,null,null,null,null
Sat Oct 17 06:00:00 UTC 2026,0.98976,-4.229030303759E7,null,-3.118511157397814E7,null,null,null,null,null,null,null,null
Sat Oct 17 07:00:00 UTC 2026,0.98976,-4.229030303759E7,null,-3.132818652815603E7,null,null,null,null,null,null,null,null
Sat Oct 17 08:00:00 UTC 2026,0.98976,-4.229030303759E7,null,-3.1471261482333932E7,null,null,null,null,null,null,null,null
Sat Oct 17 09:00:00 UTC 2026,0.98976,-4.229030303759E7,null,-3.1614336436511833E7,null,null,null,null,null,null,null,null
Sat Oct 17 10:00:00 UTC 2026,0.98976,-4.229030303759E7,null,-3.1757411390689727E7,null,null,null,null,null,null,null,null
Sat Oct 17 11:00:00 UTC 2026,0.98976,-4.229030303759E7,null,-3.1900486344867628E7,null,null,null,null,null,null,null,null
Sat Oct 17 12:00:00 UTC 2026,0.98976,-4.229030303759E7,null,-3.204356129904552E7,null,null,null,null,null,null,null,null
Sat Oct 17 13:00:00 UTC 2026,0.98976,-4.229030303759E7,null,-3.218663625322342E7,null,null,null,null,null,null,null,null
Sat Oct 17 14:00:00 UTC 2026,0.98976,-4.229030303759E7,null,-3.232971120740132E7,null,null,null,null,null,null,null,null
Sat Oct 17 15:00:00 UTC 2026,0.98976,-4.229030303759E7,null,-3.2472786161579214E7,null,null,null,null,null,null,null,null
Sat Oct 17 16:00:00 UTC 2026,0.98976,-4.229030303759E7,null,-3.2615861115757115E7,null,null,null,null,null,null,null,null
Sat Oct 17 17:00:00 UTC 2026,0.98976,-4.229030303759E7,null,-3.275893606993501E7,null,null,null,null,null,null,null,null
Sat Oct 17 18:00:00 UTC 2026,0.98976,-4.229030303759E7,null,-3.290201102411291E7,null,null,null,null,null,null,null,null
Sat Oct 17 19:00:00 UTC 2026,0.98976,-4.229030303759E7,null,-3.3045085978290804E7,null,null,null,null,null,null,null,null
Sat Oct 17 20:00:00 UTC 2026,0.98976,-4.229030303759E7,null,-3.31881609324687E7,null,null,null,null,null,null,null,null
Sat Oct 17 21:00:00 UTC 2026,0.98976,-4.229030303759E7,null,-3.3331235886646602E7,null,null,null,null,null,null,null,null
Sat Oct 17 22:00:00 UTC 2026,0.98976,-4.229030303759E7,null,-3.3474310840824496E7,null,null,null,null,null,null,null,null
Sat Oct 17 23:00:00 UTC 2026,0.98976,-4.229030303759E7,null,-3.361738579500239E7,null,null,null,null,null,null,null,null
Sun Oct 18 00:00:00 UTC 2026,0.98976,-4.229030303759E7,null,-3.376046074918029E7,null,null,null,null,null,null,null,null
Sun Oct 18 01:00:00 UTC 2026,0.98976,-4.229030303759E7,null,-3.390353570335819E7,null,null,null,null,null,null,null,null
Sun Oct 18 02:00:00 UTC 2026,0.98976,-4.229030303759E7,null,-3.404661065753608E7,null,null,null,null,null,null,null,null
Sun Oct 18 03:00:00 UTC 2026,0.98976,-4.229030303759E7,null,-3.418968561171398E7,null,null,null,null,null,null,null,null
Sun Oct 18 04:00:00 UTC 2026,0.98976,-4.229030303759E7,null,-3.4332760565891884E7,null,null,null,null,null,null,null,null
Sun Oct 18 05:00:00 UTC 2026,0.98976,-4.229030303759E7,null,-3.447583552006978E7,null,null,null,null,null,null,null,null
Sun Oct 18 06:00:00 UTC 2026,0.98976,-4.229030303759E7,null,-3.461891047424768E7,null,null,null,null,null,null,null,null
Sun Oct 18 07:00:00 UTC 2026,0.98976,-4.229030303759E7,null,-3.476198542842558E7,null,null,null,null,null,null,null,null
Sun Oct 18 08:00:00 UTC 2026,0.98976,-4.229030303759E7,null,-3.4905060382603474E7,null,null,null,null,null,null,null,null
Sun Oct 18 09:00:00 UTC 2026,0.98976,-4.229030303759E7,null,-3.5048135336781375E7,null,null,null,null,null,null,null,null
Sun Oct 18 10:00:00 UTC 2026,0.98976,-4.229030303759E7,null,-3.519121029095927E7,null,null,null,null,null,null,null,null
Sun Oct 18 11:00:00 UTC 2026,0.98976,-4.229030303759E7,null,-3.533428524513716E7,null,null,null,null,null,null,null,null
Sun Oct 18 12:00:00 UTC 2026,0.98976,-4.229030303759E7,null,-3.547736019931506E7,null,null,null,null,null,null,null,null
Sun Oct 18 13:00:00 UTC 2026,0.98976,-4.229030303759E7,null,-3.562043515349296E7,null,null,null,null,null,null,null,null
Sun Oct 18 14:00:00 UTC 2026,0.98976,-4.229030303759E7,null,-3.576351010767086E7,null,null,null,null,null,null,null,null
Sun Oct 18 15:00:00 UTC 2026,0.98976,-4.229030303759E7,null,-3.590658506184876E7,null,null,null,null,null,null,null,null
Sun Oct 18 16:00:00 UTC 2026,0.98976,-4.229030303759E7,null,-3.604966001602665E7,null,null,null,null,null,null,null,null
Sun Oct 18 17:00:00 UTC 2026,0.98976,-4.229030303759E7,null,-3.6192734970204554E7,null,null,null,null,null,null,null,null
Sun Oct 18 18:00:00 UTC 2026,0.98976,-4.229030303759E7,null,-3.6335809924382456E7,null,null,null,null,null,null,null,null
Sun Oct 18 19:00:00 UTC 2026,0.98976,-4.229030303759E7,null,-3.647888487856035E7,null,null,null,null,null,null,null,null
Sun Oct 18 20:00:00 UTC 2026,0.98976,-4.229030303759E7,null,-3.662195983273825E7,null,null,null,null,null,null,null,null
Sun Oct 18 21:00:00 UTC 2026,0.98976,-4.241936603759E7,null,-3.6765034786916144E7,null,null,null,null,null,null,null,null
Sun Oct 18 22:00:00 UTC 2026,0.98976,-4.235716503759E7,null,-3.6908109741094045E7,null,null,null,null,null,null,null,null
Sun Oct 18 23:00:00 UTC 2026,0.98976,-4.261925803759E7,null,-3.705118469527195E7,null,null,null,null,null,null,null,null
Mon Oct 19 00:00:00 UTC 2026,0.98976,-4.258472703759E7,null,-3.719425964944983E7,null,null,null,null,null,null,null,null
Mon Oct 19 01:00:00 UTC 2026,0.98976,-4.227653203759E7,null,-3.7337334603627734E7,null,null,null,null,null,null,null,null
Mon Oct 19 02:00:00 UTC 2026,0.98976,-4.240686803759E7,null,-3.748040955780563E7,null,null,null,null,null,null,null,null
Mon Oct 19 03:00:00 UTC 2026,0.98976,-4.238785403759E7,null,-3.762348451198353E7,null,null,null,null,null,null,null,null
Mon Oct 19 04:00:00 UTC 2026,0.98976,-4.245101703759E7,null,-3.776655946616142E7,null,null,null,null,null,null,null,null
Mon Oct 19 05:00:00 UTC 2026,0.98976,-4.237190403759E7,null,-3.790963442033932E7,null,null,null,null,null,null,null,null
Mon Oct 19 06:00:00 UTC 2026,0.98976,-4.226439503759E7,null,-3.8052709374517225E7,null,null,null,null,null,null,null,null
Mon Oct 19 07:00:00 UTC 2026,0.98976,-4.239252603759E7,null,-3.819578432869512E7,null,null,null,null,null,null,null,null
Mon Oct 19 08:00:00 UTC 2026,0.98976,-4.235629003759E7,null,-3.833885928287302E7,null,null,null,null,null,null,null,null
Mon Oct 19 09:00:00 UTC 2026,0.98976,-4.226498203759E7,null,-3.848193423705091E7,null,null,null,null,null,null,null,null
Mon Oct 19 10:00:00 UTC 2026,0.98976,-4.240005803759E7,null,-3.8625009191228814E7,null,null,null,null,null,null,null,null
Mon Oct 19 11:00:00 UTC 2026,0.98976,-4.244189403759E7,null,-3.876808414540671E7,null,null,null,null,null,null,null,null
Mon Oct 19 12:00:00 UTC 2026,0.98976,-4.233410103759E7,null,-3.891115909958461E7,null,null,null,null,null,null,null,null
Mon Oct 19 13:00:00 UTC 2026,0.98976,-4.214596303759E7,null,-3.90542340537625E7,null,null,null,null,null,null,null,null
Mon Oct 19 14:00:00 UTC 2026,0.98976,-4.197757203759E7,null,-3.91973090079404E7,null,null,null,null,null,null,null,null
Mon Oct 19 15:00:00 UTC 2026,0.98976,-4.208482003759E7,null,-3.93403839621183E7,null,null,null,null,null,null,null,null
Mon Oct 19 16:00:00 UTC 2026,0.98976,-4.217900203759E7,null,-3.948345891629619E7,null,null,null,null,null,null,null,null
Mon Oct 19 17:00:00 UTC 2026,0.98976,-4.224551803759E7,null,-3.962653387047409E7,null,null,null,null,null,null,null,null
Mon Oct 19 18:00:00 UTC 2026,0.98976,-4.218861803759E7,null,-3.9769608824651994E7,null,null,null,null,null,null,null,null
Mon Oct 19 19:00:00 UTC 2026,0.98976,-4.229800803759E7,null,-3.991268377882989E7,null,null,null,null,null,null,null,null
Mon Oct 19 20:00:00 UTC 2026,0.98976,-4.248043803759E7,null,-4.005575873300779E7,null,null,null,null,null,null,null,null
Mon Oct 19 21:00:00 UTC 2026,0.98976,-4.234346703759E7,null,-4.019883368718568E7,null,null,null,null,null,null,null,null
Mon Oct 19 22:00:00 UTC 2026,0.98976,-4.224180503759E7,null,-4.034190864136358E7,null,null,null,null,null,null,null,null
Mon Oct 19 23:00:00 UTC 2026,0.98976,-4.224791403759E7,null,-4.048498359554148E7,null,null,null,null,null,null,null,null
Tue Oct 20 00:00:00 UTC 2026,0.98976,-4.198849603759E7,null,-4.062805854971938E7,null,null,null,null,null,null,null,null
Tue Oct 20 01:00:00 UTC 2026,0.98976,-4.209243803759E7,null,-4.077113350389728E7,null,null,null,null,null,null,null,null
Tue Oct 20 02:00:00 UTC 2026,0.98976,-4.196409903759E7,null,-4.0914208458075166E7,null,null,null,null,null,null,null,null
Tue Oct 20 03:00:00 UTC 2026,0.98976,-4.210921803759E7,null,-4.105728341225307E7,null,null,null,null,null,null,null,null
Tue Oct 20 04:00:00 UTC 2026,0.98976,-4.240264603759E7,null,-4.120035836643096E7,null,null,null,null,null,null,null,null
Tue Oct 20 05:00:00 UTC 2026,0.98976,-4.244692403759E7,null,-4.134343332060886E7,null,null,null,null,null,null,null,null
Tue Oct 20 06:00:00 UTC 2026,0.98976,-4.227809703759E7,null,-4.148650827478676E7,null,null,null,null,null,null,null,null
Tue Oct 20 07:00:00 UTC 2026,0.98976,-4.242034403759E7,null,-4.162958322896466E7,null,null,null,null,null,null,null,null
Tue Oct 20 08:00:00 UTC 2026,0.98976,-4.518122603759E7,null,-4.177265818314256E7,null,null,null,null,null,null,null,null
Tue Oct 20 09:00:00 UTC 2026,0.98976,-4.517267003759E7,null,-4.191573313732046E7,null,null,null,null,null,null,null,null
Tue Oct 20 10:00:00 UTC 2026,0.98976,-4.517297803759E7,null,-4.205880809149835E7,null,null,null,null,null,null,null,null
Tue Oct 20 11:00:00 UTC 2026,0.98976,-4.512629103759E7,null,-4.2201883045676254E7,null,null,null,null,null,null,null,null
Tue Oct 20 12:00:00 UTC 2026,0.98976,-4.508364303759E7,null,-4.2344957999854155E7,null,null,null,null,null,null,null,null
Tue Oct 20 13:00:00 UTC 2026,0.98976,-4.515589103759E7,null,-4.248803295403205E7,null,null,null,null,null,null,null,null
Tue Oct 20 14:00:00 UTC 2026,0.98976,-4.513924203759E7,null,-4.263110790820994E7,null,null,null,null,null,null,null,null
Tue Oct 20 15:00:00 UTC 2026,0.98976,-4.516302603759E7,null,-4.2774182862387836E7,null,null,null,null,null,null,null,null
Tue Oct 20 16:00:00 UTC 2026,0.98976,-4.514781203759E7,null,-4.291725781656574E7,null,null,null,null,null,null,null,null
Tue Oct 20 17:00:00 UTC 2026,0.98976,-4.516093203759E7,null,-4.306033277074364E7,null,null,null,null,null,null,null,null
Tue Oct 20 18:00:00 UTC 2026,0.98976,-4.514371403759E7,null,-4.320340772492153E7,null,null,null,null,null,null,null,null
Tue Oct 20 19:00:00 UTC 2026,0.98976,-4.514466403759E7,null,-4.334648267909943E7,null,null,null,null,null,null,null,null
Tue Oct 20 20:00:00 UTC 2026,0.98976,-4.516639403759E7,null,-4.3489557633277334E7,null,null,null,null,null,null,null,null
Tue Oct 20 21:00:00 UTC 2026,0.98976,-4.520426603759E7,null,-4.363263258745523E7,null,null,null,null,null,null,null,null
Tue Oct 20 22:00:00 UTC 2026,0.98976,-4.515174603759E7,null,-4.377570754163313E7,null,null,null,null,null,null,null,null
Tue Oct 20 23:00:00 UTC 2026,0.98976,-4.520788003759E7,null,-4.391878249581102E7,null,null,null,null,null,null,null,null
Wed Oct 21 00:00:00 UTC 2026,0.98976,-4.516020103759E7,null,-4.4061857449988924E7,null,null,null,null,null,null,null,null
Wed Oct 21 01:00:00 UTC 2026,0.98976,-4.511664403759E7,null,-4.420493240416682E7,null,null,null,null,null,null,null,null
Wed Oct 21 02:00:00 UTC 2026,0.98976,-4.508475203759E7,null,-4.434800735834472E7,null,null,null,null,null,null,null,null
Wed Oct 21 03:00:00 UTC 2026,0.98976,-4.509528603759E7,null,-4.449108231252261E7,null,null,null,null,null,null,null,null
Wed Oct 21 04:00:00 UTC 2026,0.98976,-4.511210703759E7,null,-4.4634157266700506E7,null,null,null,null,null,null,null,null
Wed Oct 21 05:00:00 UTC 2026,0.98976,-4.516245003759E7,null,-4.477723222087841E7,null,null,null,null,null,null,null,null
Wed Oct 21 06:00:00 UTC 2026,0.98976,-4.516750403759E7,null,-4.49203071750563E7,null,null,null,null,null,null,null,null
Wed Oct 21 07:00:00 UTC 2026,0.98976,-4.519738503759E7,null,-4.50633821292342E7,null,null,null,null,null,null,null,null
Wed Oct 21 08:00:00 UTC 2026,0.98976,-4.517770703759E7,null,-4.5206457083412096E7,null,null,null,null,null,null,null,null
Wed Oct 21 09:00:00 UTC 2026,0.98976,-4.534963203759E7,null,-4.534953203759E7,null,null,null,null,null,null,null,null
Wed Oct 21 10:00:00 UTC 2026,0.98976,-4.511250503759E7,null,null,null,null,null,null,null,null,null,null
Wed Oct 21 11:00:00 UTC 2026,0.98976,-4.512095803759E7,null,null,null,null,null,null,null,null,null,null
Wed Oct 21 12:00:00 UTC 2026,0.98976,-4.513189703759E7,null,null,null,null,null,null,null,null,null,null
Wed Oct 21 13:00:00 UTC 2026,0.98976,-4.512751303759E7,null,null,null,null,null,null,null,null,null,null
Wed Oct 21 14:00:00 UTC 2026,0.98976,-4.510609103759E7,null,null,null,null,null,null,null,null,null,null
Wed Oct 21 15:00:00 UTC 2026,0.98976,-4.511149303759E7,null,null,null,null,null,null,null,null,null,null
Wed Oct 21 16:00:00 UTC 2026,0.98976,-4.511864403759E7,null,null,null,null,null,null,null,null,null,null
Wed Oct 21 17:00:00 UTC 2026,0.98976,-4.513217003759E7,null,null,null,null,null,null,null,null,null,null
Wed Oct 21 18:00:00 UTC 2026,0.98976,-4.513803303759E7,null,null,null,null,null,null,null,null,null,null
Wed Oct 21 19:00:00 UTC 2026,0.98976,-4.513600303759E7,null,null,null,null,null,null,null,null,null,null
Wed Oct 21 20:00:00 UTC 2026,0.98976,-4.512180803759E7,null,null,null,null,null,null,null,null,null,null
Wed Oct 21 21:00:00 UTC 2026,0.98976,-4.510560503759E7,null,null,null,null,null,null,null,null,null,null
Wed Oct 21 22:00:00 UTC 2026,0.98976,-4.511520103759E7,null,null,null,null,null,null,null,null,null,null
Wed Oct 21 23:00:00 UTC 2026,0.98976,-4.510020403759E7,null,null,null,null,null,null,null,null,null,null
Thu Oct 22 00:00:00 UTC 2026,0.98976,-4.510701403759E7,null,null,null,null,null,null,null,null,null,null
Thu Oct 22 01:00:00 UTC 2026,0.98976,-4.501104503759E7,null,null,null,null,null,null,null,null,null,null
Thu Oct 22 02:00:00 UTC 2026,0.98976,-4.512411503759E7,null,null,null,null,null,null,null,null,null,null
Thu Oct 22 03:00:00 UTC 2026,0.98976,-4.507102003759E7,null,null,null,null,null,null,null,null,null,null
Thu Oct 22 04:00:00 UTC 2026,0.98976,-4.507118003759E7,null,null,null,null,null,null,null,null,null,null
Thu Oct 22 05:00:00 UTC 2026,0.98976,-4.508185303759E7,null,null,null,null,null,null,null,null,null,null
Thu Oct 22 06:00:00 UTC 2026,0.98976,-4.506869103759E7,null,null,null,null,null,null,null,null,null,null
Thu Oct 22 07:00:00 UTC 2026,0.98976,-4.506012203759E7,null,null,null,null,null,null,null,null,null,null
Thu Oct 22 08:00:00 UTC 2026,0.98976,-4.508132703759E7,null,null,null,null,null,null,null,null,null,null
Thu Oct 22 09:00:00 UTC 2026,0.98976,-4.510119303759E7,null,null,null,null,null,null,null,null,null,null
Thu Oct 22 10:00:00 UTC 2026,0.98976,-4.512661403759E7,null,null,null,null,null,null,null,null,null,null
Thu Oct 22 11:00:00 UTC 2026,0.98976,-4.512691603759E7,null,null,null,null,null,null,null,null,null,null
Thu Oct 22 12:00:00 UTC 2026,0.98976,-4.511584303759E7,null,null,null,null,null,null,null,null,null,null
Thu Oct 22 13:00:00 UTC 2026,0.98976,-4.511471403759E7,null,null,null,null,null,null,null,null,null,null
Thu Oct 22 14:00:00 UTC 2026,0.98976,-4.509437903759E7,null,null,null,null,null,null,null,null,null,null
Thu Oct 22 15:00:00 UTC 2026,0.98976,-4.505624303759E7,null,null,null,null,null,null,null,null,null,null
Thu Oct 22 16:00:00 UTC 2026,0.98976,-4.508450703759E7,null,null,null,null,null,null,null,null,null,null
Thu Oct 22 17:00:00 UTC 2026,0.98976,-4.507688803759E7,null,null,null,null,null,null,null,null,null,null
Thu Oct 22 18:00:00 UTC 2026,0.98976,-4.508496003759E7,null,null,null,null,null,null,null,null,null,null
Thu Oct 22 19:00:00 UTC 2026,0.98976,-4.507175703759E7,null,null,null,null,null,null,null,null,null,null
Thu Oct 22 20:00:00 UTC 2026,0.98976,-4.505858203759E7,null,null,null,null,null,null,null,null,null,null
Thu Oct 22 21:00:00 UTC 2026,0.98976,-4.504855203759E7,null,null,null,null,null,null,null,null,null,null
Thu Oct 22 22:00:00 UTC 2026,0.98976,-4.503519003759E7,null,null,null,null,null,null,null,null,null,null
Thu Oct 22 23:00:00 UTC 2026,0.98976,-4.502121203759E7,null,null,null,null,null,null,null,null,null,null
Fri Oct 23 00:00:00 UTC 2026,0.98976,-4.502100603759E7,null,null,null,null,null,null,null,null,null,null
Fri Oct 23 01:00:00 UTC 2026,0.98976,-4.501287803759E7,null,null,null,null,null,null,null,null,null,null
Fri Oct 23 02:00:00 UTC 2026,0.98976,-4.501797503759E7,null,null,null,null,null,null,null,null,null,null
Fri Oct 23 03:00:00 UTC 2026,0.98976,-4.504460603759E7,null,null,null,null,null,null,null,null,null,null
Fri Oct 23 04:00:00 UTC 2026,0.98976,-4.504826803759E7,null,null,null,null,null,null,null,null,null,null
Fri Oct 23 05:00:00 UTC 2026,0.98976,-4.503130103759E7,null,null,null,null,null,null,null,null,null,null
Fri Oct 23 06:00:00 UTC 2026,0.98976,-4.505217103759E7,null,null,null,null,null,null,null,null,null,null
Fri Oct 23 07:00:00 UTC 2026,0.98976,-4.504724803759E7,null,null,null,null,null,null,null,null,null,null
Fri Oct 23 08:00:00 UTC 2026,0.98976,-4.503307103759E7,null,null,null,null,null,null,null,null,null,null
Fri Oct 23 09:00:00 UTC 2026,0.98976,-4.501332203759E7,null,null,null,null,null,null,null,null,null,null
Fri Oct 23 10:00:00 UTC 2026,0.98976,-4.502662503759E7,null,null,null,null,null,null,null,null,null,null
Fri Oct 23 11:00:00 UTC 2026,0.98976,-4.500805903759E7,null,null,null,null,null,null,null,null,null,null
Fri Oct 23 12:00:00 UTC 2026,0.98976,-4.500785203759E7,null,null,null,null,null,null,null,null,null,null
Fri Oct 23 13:00:00 UTC 2026,0.98976,-4.501850003759E7,null,null,null,null,null,null,null,null,null,null
Fri Oct 23 14:00:00 UTC 2026,0.98976,-4.499148203759E7,null,null,null,null,null,null,null,null,null,null
Fri Oct 23 15:00:00 UTC 2026,0.98976,-4.496432503759E7,null,null,null,null,null,null,null,null,null,null
Fri Oct 23 16:00:00 UTC 2026,0.98976,-4.495450103759E7,null,null,null,null,null,null,null,null,null,null
Fri Oct 23 17:00:00 UTC 2026,0.98976,-4.496275103759E7,null,null,null,null,null,null,null,null,null,null
Fri Oct 23 18:00:00 UTC 2026,0.98976,-4.497959203759E7,null,null,null,null,null,null,null,null,null,null
Fri Oct 23 19:00:00 UTC 2026,0.98976,-4.495106403759E7,null,null,null,null,null,null,null,null,null,null
Fri Oct 23 20:00:00 UTC 2026,0.98976,-4.495368703759E7,null,null,null,null,null,null,null,null,null,null
Fri Oct 23 21:00:00 UTC 2026,0.98976,-4.495368703759E7,null,null,null,null,null,null,null,null,null,null
Fri Oct 23 22:00:00 UTC 2026,0.98976,-4.495368703759E7,null,null,null,null,null,null,null,null,null,null
Fri Oct 23 23:00:00 UTC 2026,0.98976,-4.495368703759E7,null,null,null,null,null,null,null,null,null,null
Sat Oct 24 00:00:00 UTC 2026,0.98976,-4.495368703759E7,null,null,null,null,null,null,null,null,null,null
Sat Oct 24 01:00:00 UTC 2026,0.98976,-4.495368703759E7,null,null,null,null,null,null,null,null,null,null
Sat Oct 24 02:00:00 UTC 2026,0.98976,-4.495368703759E7,null,null,null,null,null,null,null,null,null,null
Sat Oct 24 03:00:00 UTC 2026,0.98976,-4.495368703759E7,null,null,null,null,null,null,null,null,null,null
Sat Oct 24 04:00:00 UTC 2026,0.98976,-4.495368703759E7,null,null,null,null,null,null,null,null,null,null
Sat Oct 24 05:00:00 UTC 2026,0.98976,-4.495368703759E7,null,null,null,null,null,null,null,null,null,null
Sat Oct 24 06:00:00 UTC 2026,0.98976,-4.495368703759E7,null,null,null,null,null,null,null,null,null,null
Sat Oct 24 07:00:00 UTC 2026,0.98976,-4.495368703759E7,null,null,null,null,null,null,null,null,null,null
Sat Oct 24 08:00:00 UTC 2026,0.98976,-4.495368703759E7,null,null,null,null,null,null,null,null,null,null
Sat Oct 24 09:00:00 UTC 2026,0.98976,-4.495368703759E7,null,null,null,null,null,null,null,null,null,null
Sat Oct 24 10:00:00 UTC 2026,0.98976,-4.495368703759E7,null,null,null,null,null,null,null,null,null,null
Sat Oct 24 11:00:00 UTC 2026,0.98976,-4.495368703759E7,null,null,null,null,null,null,null,null,null,null
Sat Oct 24 12:00:00 UTC 2026,0.98976,-4.495368703759E7,null,null,null,null,null,null,null,null,null,null
Sat Oct 24 13:00:00 UTC 2026,0.98976,-4.495368703759E7,null,null,null,null,null,null,null,null,null,null
Sat Oct 24 14:00:00 UTC 2026,0.98976,-4.495368703759E7,null,null,null,null,null,null,null,null,null,null
Sat Oct 24 15:00:00 UTC 2026,0.98976,-4.495368703759E7,null,null,null,null,null,null,null,null,null,null
Sat Oct 24 16:00:00 UTC 2026,0.98976,-4.495368703759E7,null,null,null,null,null,null,null,null,null,null
Sat Oct 24 17:00:00 UTC 2026,0.98976,-4.495368703759E7,null,null,null,null,null,null,null,null,null,null
Sat Oct 24 18:00:00 UTC 2026,0.98976,-4.495368703759E7,null,null,null,null,null,null,null,null,null,null
Sat Oct 24 19:00:00 UTC 2026,0.98976,-4.495368703759E7,null,null,null,null,null,null,null,null,null,null
Sat Oct 24 20:00:00 UTC 2026,0.98976,-4.495368703759E7,null,null,null,null,null,null,null,null,null,null
Sat Oct 24 21:00:00 UTC 2026,0.98976,-4.495368703759E7,null,null,null,null,null,null,null,null,null,null
Sat Oct 24 22:00:00 UTC 2026,0.98976,-4.495368703759E7,null,null,null,null,null,null,null,null,null,null
Sat Oct 24 23:00:00 UTC 2026,0.98976,-4.495368703759E7,null,null,null,null,null,null,null,null,null,null
Sun Oct 25 00:00:00 UTC 2026,0.98976,-4.495368703759E7,null,null,null,null,null,null,null,null,null,null
Sun Oct 25 01:00:00 UTC 2026,0.98976,-4.495368703759E7,null,null,null,null,null,null,null,null,null,null
Sun Oct 25 02:00:00 UTC 2026,0.98976,-4.495368703759E7,null,null,null,null,null,null,null,null,null,null
Sun Oct 25 03:00:00 UTC 2026,0.98976,-4.495368703759E7,null,null,null,null,null,null,null,null,null,null
Sun Oct 25 04:00:00 UTC 2026,0.98976,-4.495368703759E7,null,null,null,null,null,null,null,null,null,null
Sun Oct 25 05:00:00 UTC 2026,0.98976,-4.495368703759E7,null,null,null,null,null,null,null,null,null,null
Sun Oct 25 06:00:00 UTC 2026,0.98976,-4.495368703759E7,null,null,null,null,null,null,null,null,null,null
Sun Oct 25 07:00:00 UTC 2026,0.98976,-4.495368703759E7,null,null,null,null,null,null,null,null,null,null
Sun Oct 25 08:00:00 UTC 2026,0.98976,-4.495368703759E7,null,null,null,null,null,null,null,null,null,null
Sun Oct 25 09:00:00 UTC 2026,0.98976,-4.495368703759E7,null,null,null,null,null,null,null,null,null,null
Sun Oct 25 10:00:00 UTC 2026,0.98976,-4.495368703759E7,null,null,null,null,null,null,null,null,null,null
Sun Oct 25 11:00:00 UTC 2026,0.98976,-4.495368703759E7,null,null,null,null,null,null,null,null,null,null
Sun Oct 25 12:00:00 UTC 2026,0.98976,-4.495368703759E7,null,null,null,null,null,null,null,null,null,null
Sun Oct 25 13:00:00 UTC 2026,0.98976,-4.495368703759E7,null,null,null,null,null,null,null,null,null,null
Sun Oct 25 14:00:00 UTC 2026,0.98976,-4.495368703759E7,null,null,null,null,null,null,null,null,null,null
Sun Oct 25 15:00:00 UTC 2026,0.98976,-4.495368703759E7,null,null,null,null,null,null,null,null,null,null
Sun Oct 25 16:00:00 UTC 2026,0.98976,-4.495368703759E7,null,null,null,null,null,null,null,null,null,null
Sun Oct 25 17:00:00 UTC 2026,0.98976,-4.495368703759E7,null,null,null,null,null,null,null,null,null,null
Sun Oct 25 18:00:00 UTC 2026,0.98976,-4.495368703759E7,null,null,null,null,null,null,null,null,null,null
Sun Oct 25 19:00:00 UTC 2026,0.98976,-4.495368703759E7,null,null,null,null,null,null,null,null,null,null
Sun Oct 25 20:00:00 UTC 2026,0.98976,-4.495368703759E7,null,null,null,null,null,null,null,null,null,null
Sun Oct 25 21:00:00 UTC 2026,0.98976,-4.495866603759E7,null,null,null,null,null,null,null,null,null,null
Sun Oct 25 22:00:00 UTC 2026,0.98976,-4.496116103759E7,null,null,null,null,null,null,null,null,null,null
Sun Oct 25 23:00:00 UTC 2026,0.98976,-4.492224803759E7,null,null,null,null,null,null,null,null,null,null
Mon Oct 26 00:00:00 UTC 2026,0.98976,-4.493624003759E7,null,null,null,null,null,null,null,null,null,null
Mon Oct 26 01:00:00 UTC 2026,0.98976,-4.493473603759E7,null,null,null,null,null,null,null,null,null,null
Mon Oct 26 02:00:00 UTC 2026,0.98976,-4.492530203759E7,null,null,null,null,null,null,null,null,null,null
Mon Oct 26 03:00:00 UTC 2026,0.98976,-4.491372103759E7,null,null,null,null,null,null,null,null,null,null
Mon Oct 26 04:00:00 UTC 2026,0.98976,-4.492008603759E7,null,null,null,null,null,null,null,null,null,null
Mon Oct 26 05:00:00 UTC 2026,0.98976,-4.492947103759E7,null,null,null,null,null,null,null,null,null,null
Mon Oct 26 06:00:00 UTC 2026,0.98976,-4.491572303759E7,null,null,null,null,null,null,null,null,null,null
Mon Oct 26 07:00:00 UTC 2026,0.98976,-4.491153803759E7,null,null,null,null,null,null,null,null,null,null
Mon Oct 26 08:00:00 UTC 2026,0.98976,-4.491138203759E7,null,null,null,null,null,null,null,null,null,null
Mon Oct 26 09:00:00 UTC 2026,0.98976,-4.491219103759E7,null,null,null,null,null,null,null,null,null,null
Mon Oct 26 10:00:00 UTC 2026,0.98976,-4.489623903759E7,null,null,null,null,null,null,null,null,null,null
Mon Oct 26 11:00:00 UTC 2026,0.98976,-4.491613003759E7,null,null,null,null,null,null,null,null,null,null
Mon Oct 26 12:00:00 UTC 2026,0.98976,-4.492898303759E7,null,null,null,null,null,null,null,null,null,null
Mon Oct 26 13:00:00 UTC 2026,0.98976,-4.493116203759E7,null,null,null,null,null,null,null,null,null,null
Mon Oct 26 14:00:00 UTC 2026,0.98976,-4.494230603759E7,null,null,null,null,null,null,null,null,null,null
Mon Oct 26 15:00:00 UTC 2026,0.98976,-4.494515703759E7,null,null,null,null,null,null,null,null,null,null
Mon Oct 26 16:00:00 UTC 2026,0.98976,-4.494486203759E7,null,null,null,null,null,null,null,null,null,null
Mon Oct 26 17:00:00 UTC 2026,0.98976,-4.492242103759E7,null,null,null,null,null,null,null,null,null,null
Mon Oct 26 18:00:00 UTC 2026,0.98976,-4.492052903759E7,null,null,null,null,null,null,null,null,null,null
Mon Oct 26 19:00:00 UTC 2026,0.98976,-4.492413503759E7,null,null,null,null,null,null,null,null,null,null
Mon Oct 26 20:00:00 UTC 2026,0.98976,-4.493048203759E7,null,null,null,null,null,null,null,null,null,null
Mon Oct 26 21:00:00 UTC 2026,0.98976,-4.492504403759E7,null,null,null,null,null,null,null,null,null,null
Mon Oct 26 22:00:00 UTC 2026,0.98976,-4.491442503759E7,null,null,null,null,null,null,null,null,null,null
Mon Oct 26 23:00:00 UTC 2026,0.98976,-4.491512003759E7,null,null,null,null,null,null,null,null,null,null
Tue Oct 27 00:00:00 UTC 2026,0.98976,-4.490358103759E7,null,null,null,null,null,null,null,null,null,null
Tue Oct 27 01:00:00 UTC 2026,0.98976,-4.490302103759E7,null,null,null,null,null,null,null,null,null,null
Tue Oct 27 02:00:00 UTC 2026,0.98976,-4.492452503759E7,null,null,null,null,null,null,null,null,null,null
Tue Oct 27 03:00:00 UTC 2026,0.98976,-4.496083403759E7,null,null,null,null,null,null,null,null,null,null
Tue Oct 27 04:00:00 UTC 2026,0.98976,-4.496639103759E7,null,null,null,null,null,null,null,null,null,null
Tue Oct 27 05:00:00 UTC 2026,0.98976,-4.497231803759E7,null,null,null,null,null,null,null,null,null,null
Tue Oct 27 06:00:00 UTC 2026,0.98976,-4.497652503759E7,null,null,null,null,null,null,null,null,null,null
Tue Oct 27 07:00:00 UTC 2026,0.98976,-4.498084203759E7,null,null,null,null,null,null,null,null,null,null
Tue Oct 27 08:00:00 UTC 2026,0.98976,-4.492238503759E7,null,null,null,null,null,null,null,null,null,null
Tue Oct 27 09:00:00 UTC 2026,0.98976,-4.493478503759E7,null,null,null,null,null,null,null,null,null,null
Tue Oct 27 10:00:00 UTC 2026,0.98976,-4.491910503759E7,null,null,null,null,null,null,null,null,null,null
Tue Oct 27 11:00:00 UTC 2026,0.98976,-4.492653903759E7,null,null,null,null,null,null,null,null,null,null
Tue Oct 27 12:00:00 UTC 2026,0.98976,-4.493890303759E7,null,null,null,null,null,null,null,null,null,null
Tue Oct 27 13:00:00 UTC 2026,0.98976,-4.494136603759E7,null,null,null,null,null,null,null,null,null,null
Tue Oct 27 14:00:00 UTC 2026,0.98976,-4.495439003759E7,null,null,null,null,null,null,null,null,null,null
Tue Oct 27 15:00:00 UTC 2026,0.98976,-4.496587603759E7,null,null,null,null,null,null,null,null,null,null
Tue Oct 27 16:00:00 UTC 2026,0.98976,-4.495009403759E7,null,null,null,null,null,null,null,null,null,null
Tue Oct 27 17:00:00 UTC 2026,0.98976,-4.494562103759E7,null,null,null,null,null,null,null,null,null,null
Tue Oct 27 18:00:00 UTC 2026,0.98976,-4.495691003759E7,null,null,null,null,null,null,null,null,null,null
Tue Oct 27 19:00:00 UTC 2026,0.98976,-4.499179203759E7,null,null,null,null,null,null,null,null,null,null
Tue Oct 27 20:00:00 UTC 2026,0.98976,-4.499477303759E7,null,null,null,null,null,null,null,null,null,null
Tue Oct 27 21:00:00 UTC 2026,0.98976,-4.499081803759E7,null,null,null,null,null,null,null,null,null,null
Tue Oct 27 22:00:00 UTC 2026,0.98976,-4.498112703759E7,null,null,null,null,null,null,null,null,null,null
Tue Oct 27 23:00:00 UTC 2026,0.98976,-4.497764403759E7,null,null,null,null,null,null,null,null,null,null
Wed Oct 28 00:00:00 UTC 2026,0.98976,-4.497661603759E7,null,null,null,null,null,null,null,null,null,null
Wed Oct 28 01:00:00 UTC 2026,0.98976,-4.498386403759E7,null,null,null,null,null,null,null,null,null,null
Wed Oct 28 02:00:00 UTC 2026,0.98976,-4.497303303759E7,null,null,null,null,null,null,null,null,null,null
Wed Oct 28 03:00:00 UTC 2026,0.98976,-4.498402303759E7,null,null,null,null,null,null,null,null,null,null
Wed Oct 28 04:00:00 UTC 2026,0.98976,-4.497790203759E7,null,null,null,null,null,null,null,null,null,null
Wed Oct 28 05:00:00 UTC 2026,0.98976,-4.497269803759E7,null,null,null,null,null,null,null,null,null,null
Wed Oct 28 06:00:00 UTC 2026,0.98976,-4.497360903759E7,null,null,null,null,null,null,null,null,null,null
Wed Oct 28 07:00:00 UTC 2026,0.98976,-4.498431503759E7,null,null,null,null,null,null,null,null,null,null
Wed Oct 28 08:00:00 UTC 2026,0.98976,-4.497513903759E7,null,null,null,null,null,null,null,null,null,null
Wed Oct 28 09:00:00 UTC 2026,0.98976,-4.498088503759E7,null,null,null,null,null,null,null,null,null,null
Wed Oct 28 10:00:00 UTC 2026,0.98976,-4.498611503759E7,null,null,null,null,null,null,null,null,null,null
Wed Oct 28 11:00:00 UTC 2026,0.98976,-4.499396203759E7,null,null,null,null,null,null,null,null,null,null
Wed Oct 28 12:00:00 UTC 2026,0.98976,-4.497521203759E7,null,null,null,null,null,null,null,null,null,null
Wed Oct 28 13:00:00 UTC 2026,0.98976,-4.497767203759E7,null,null,null,null,null,null,null,null,null,null
Wed Oct 28 14:00:00 UTC 2026,0.98976,-4.498330103759E7,null,null,null,null,null,null,null,null,null,null
Wed Oct 28 15:00:00 UTC 2026,0.98976,-4.500240903759E7,null,null,null,null,null,null,null,null,null,null
Wed Oct 28 16:00:00 UTC 2026,0.98976,-4.500322903759E7,null,null,null,null,null,null,null,null,null,null
Wed Oct 28 17:00:00 UTC 2026,0.98976,-4.499119903759E7,null,null,null,null,null,null,null,null,null,null
Wed Oct 28 18:00:00 UTC 2026,0.98976,-4.498449903759E7,null,null,null,null,null,null,null,null,null,null
Wed Oct 28 19:00:00 UTC 2026,0.98976,-4.500598603759E7,null,null,null,null,null,null,null,null,null,null
Wed Oct 28 20:00:00 UTC 2026,0.98976,-4.500176003759E7,null,null,null,null,null,null,null,null,null,null
Wed Oct 28 21:00:00 UTC 2026,0.98976,-4.499636603759E7,null,null,null,null,null,null,null,null,null,null
Wed Oct 28 22:00:00 UTC 2026,0.98976,-4.501929403759E7,null,null,null,null,null,null,null,null,null,null
Wed Oct 28 23:00:00 UTC 2026,0.98976,-4.499212603759E7,null,null,null,null,null,null,null,null,null,null
Thu Oct 29 00:00:00 UTC 2026,0.98976,-4.498811003759E7,null,null,null,null,null,null,null,null,null,null
Thu Oct 29 01:00:00 UTC 2026,0.98976,-4.500474903759E7,null,null,null,null,null,null,null,null,null,null
Thu Oct 29 02:00:00 UTC 2026,0.98976,-4.500774103759E7,null,null,null,null,null,null,null,null,null,null
Thu Oct 29 03:00:00 UTC 2026,0.98976,-4.503085903759E7,null,null,null,null,null,null,null,null,null,null
Thu Oct 29 04:00:00 UTC 2026,0.98976,-4.503432903759E7,null,null,null,null,null,null,null,null,null,null
Thu Oct 29 05:00:00 UTC 2026,0.98976,-4.503628803759E7,null,null,null,null,null,null,null,null,null,null
Thu Oct 29 06:00:00 UTC 2026,0.98976,-4.502717803759E7,null,null,null,null,null,null,null,null,null,null
Thu Oct 29 07:00:00 UTC 2026,0.98976,-4.502825603759E7,null,null,null,null,null,null,null,null,null,null
Thu Oct 29 08:00:00 UTC 2026,0.98976,-4.503414003759E7,null,null,null,null,null,null,null,null,null,null
Thu Oct 29 09:00:00 UTC 2026,0.98976,-4.504214603759E7,null,null,null,null,null,null,null,null,null,null
Thu Oct 29 10:00:00 UTC 2026,0.98976,-4.503583203759E7,null,null,null,null,null,null,null,null,null,null
Thu Oct 29 11:00:00 UTC 2026,0.98976,-4.501577603759E7,null,null,null,null,null,null,null,null,null,null
Thu Oct 29 12:00:00 UTC 2026,0.98976,-4.501407603759E7,null,null,null,null,null,null,null,null,null,null
Thu Oct 29 13:00:00 UTC 2026,0.98976,-4.499832703759E7,null,null,null,null,null,null,null,null,null,null
Thu Oct 29 14:00:00 UTC 2026,0.98976,-4.499216803759E7,null,null,null,null,null,null,null,null,null,null
Thu Oct 29 15:00:00 UTC 2026,0.98976,-4.496367603759E7,null,null,null,null,null,null,null,null,null,null
Thu Oct 29 16:00:00 UTC 2026,0.98976,-4.496721903759E7,null,null,null,null,null,null,null,null,null,null
Thu Oct 29 17:00:00 UTC 2026,0.98976,-4.496716703759E7,null,null,null,null,null,null,null,null,null,null
Thu Oct 29 18:00:00 UTC 2026,0.98976,-4.495792303759E7,null,null,null,null,null,null,null,null,null,null
Thu Oct 29 19:00:00 UTC 2026,0.98976,-4.495343203759E7,null,null,null,null,null,null,null,null,null,null
Thu Oct 29 20:00:00 UTC 2026,0.98976,-4.495096603759E7,null,null,null,null,null,null,null,null,null,null
Thu Oct 29 21:00:00 UTC 2026,0.98976,-4.495464803759E7,null,null,null,null,null,null,null,null,null,null
Thu Oct 29 22:00:00 UTC 2026,0.98976,-4.495637003759E7,null,null,null,null,null,null,null,null,null,null
Thu Oct 29 23:00:00 UTC 2026,0.98976,-4.495547903759E7,null,null,null,null,null,null,null,null,null,null
Fri Oct 30 00:00:00 UTC 2026,0.98976,-4.495053103759E7,null,null,null,null,null,null,null,null,null,null
Fri Oct 30 01:00:00 UTC 2026,0.98976,-4.494555203759E7,null,null,null,null,null,null,null,null,null,null
Fri Oct 30 02:00:00 UTC 2026,0.98976,-4.493707103759E7,null,null,null,null,null,null,null,null,null,null
Fri Oct 30 03:00:00 UTC 2026,0.98976,-4.492996403759E7,null,null,null,null,null,null,null,null,null,null
Fri Oct 30 04:00:00 UTC 2026,0.98976,-4.492885603759E7,null,null,null,null,null,null,null,null,null,null
Fri Oct 30 05:00:00 UTC 2026,0.98976,-4.491544803759E7,null,null,null,null,null,null,null,null,null,null
Fri Oct 30 06:00:00 UTC 2026,0.98976,-4.492783503759E7,null,null,null,null,null,null,null,null,null,null
Fri Oct 30 07:00:00 UTC 2026,0.98976,-4.490979203759E7,null,null,null,null,null,null,null,null,null,null
Fri Oct 30 08:00:00 UTC 2026,0.98976,-4.490000403759E7,null,null,null,null,null,null,null,null,null,null
Fri Oct 30 09:00:00 UTC 2026,0.98976,-4.490165303759E7,null,null,null,null,null,null,null,null,null,null
Fri Oct 30 10:00:00 UTC 2026,0.98976,-4.490250403759E7,null,null,null,null,null,null,null,null,null,null
Fri Oct 30 11:00:00 UTC 2026,0.98976,-4.491284003759E7,null,null,null,null,null,null,null,null,null,null
Fri Oct 30 12:00:00 UTC 2026,0.98976,-4.489628403759E7,null,null,null,null,null,null,null,null,null,null
Fri Oct 30 13:00:00 UTC 2026,0.98976,-4.488853503759E7,null,null,null,null,null,null,null,null,null,null
Fri Oct 30 14:00:00 UTC 2026,0.98976,-4.489444003759E7,null,null,null,null,null,null,null,null,null,null
Fri Oct 30 15:00:00 UTC 2026,0.98976,-4.491652003759E7,null,null,null,null,null,null,null,null,null,null
Fri Oct 30 16:00:00 UTC 2026,0.98976,-4.491690003759E7,null,null,null,null,null,null,null,null,null,null
Fri Oct 30 17:00:00 UTC 2026,0.98976,-4.490243303759E7,null,null,null,null,null,null,null,null,null,null
Fri Oct 30 18:00:00 UTC 2026,0.98976,-4.489978903759E7,null,null,null,null,null,null,null,null,null,null
Fri Oct 30 19:00:00 UTC 2026,0.98976,-4.491418803759E7,null,null,null,null,null,null,null,null,null,null
Fri Oct 30 20:00:00 UTC 2026,0.98976,-4.490381603759E7,null,null,null,null,null,null,null,null,null,null
Fri Oct 30 21:00:00 UTC 2026,0.98976,-4.490381603759E7,null,null,null,null,null,null,null,null,null,null
Fri Oct 30 22:00:00 UTC 2026,0.98976,-4.490381603759E7,null,null,null,null,null,null,null,null,null,null
Fri Oct 30 23:00:00 UTC 2026,0.98976,-4.490381603759E7,null,null,null,null,null,null,null,null,null,null
Sat Oct 31 00:00:00 UTC 2026,0.98976,-4.490381603759E7,null,null,null,null,null,null,null,null,null,null
Sat Oct 31 01:00:00 UTC 2026,0.98976,-4.490381603759E7,null,null,null,null,null,null,null,null,null,null
Sat Oct 31 02:00:00 UTC 2026,0.98976,-4.490381603759E7,null,null,null,null,null,null,null,null,null,null
Sat Oct 31 03:00:00 UTC 2026,0.98976,-4.490381603759E7,null,null,null,null,null,null,null,null,null,null
Sat Oct 31 04:00:00 UTC 2026,0.98976,-4.490381603759E7,null,null,null,null,null,null,null,null,null,null
Sat Oct 31 05:00:00 UTC 2026,0.98976,-4.490381603759E7,null,null,null,null,null,null,null,null,null,null
Sat Oct 31 06:00:00 UTC 2026,0.98976,-4.490381603759E7,null,null,null,null,null,null,null,null,null,null
Sat Oct 31 07:00:00 UTC 2026,0.98976,-4.490381603759E7,null,null,null,null,null,null,null,null,null,null
Sat Oct 31 08:00:00 UTC 2026,0.98976,-4.490381603759E7,null,null,null,null,null,null,null,null,null,null
Sat Oct 31 09:00:00 UTC 2026,0.98976,-4.490381603759E7,null,null,null,null,null,null,null,null,null,null
Sat Oct 31 10:00:00 UTC 2026,0.98976,-4.490381603759E7,null,null,null,null,null,null,null,null,null,null
Sat Oct 31 11:00:00 UTC 2026,0.98976,-4.490381603759E7,null,null,null,null,null,null,null,null,null,null
Sat Oct 31 12:00:00 UTC 2026,0.98976,-4.490381603759E7,null,null,null,null,null,null,null,null,null,null
Sat Oct 31 13:00:00 UTC 2026,0.98976,-4.490381603759E7,null,null,null,null,null,null,null,null,null,null
Sat Oct 31 14:00:00 UTC 2026,0.98976,-4.490381603759E7,null,null,null,null,null,null,null,null,null,null
Sat Oct 31 15:00:00 UTC 2026,0.98976,-4.490381603759E7,null,null,null,null,null,null,null,null,null,null
Sat Oct 31 16:00:00 UTC 2026,0.98976,-4.490381603759E7,null,null,null,null,null,null,null,null,null,null
Sat Oct 31 17:00:00 UTC 2026,0.98976,-4.490381603759E7,null,null,null,null,null,null,null,null,null,null
Sat Oct 31 18:00:00 UTC 2026,0.98976,-4.490381603759E7,null,null,null,null,null,null,null,null,null,null
Sat Oct 31 19:00:00 UTC 2026,0.98976,-4.490381603759E7,null,null,null,null,null,null,null,null,null,null
Sat Oct 31 20:00:00 UTC 2026,0.98976,-4.490381603759E7,null,null,null,null,null,null,null,null,null,null
Sat Oct 31 21:00:00 UTC 2026,0.98976,-4.490381603759E7,null,null,null,null,null,null,null,null,null,null
Sat Oct 31 22:00:00 UTC 2026,0.98976,-4.490381603759E7,null,null,null,null,null,null,null,null,null,null
Sat Oct 31 23:00:00 UTC 2026,0.98976,-4.490381603759E7,null,null,null,null,null,null,null,null,null,null
Sun Nov 01 00:00:00 UTC 2026,0.98976,-4.490381603759E7,null,null,null,null,null,null,null,null,null,null
Sun Nov 01 01:00:00 UTC 2026,0.98976,-4.490381603759E7,null,null,null,null,null,null,null,null,null,null
Sun Nov 01 02:00:00 UTC 2026,0.98976,-4.490381603759E7,null,null,null,null,null,null,null,null,null,null
Sun Nov 01 03:00:00 UTC 2026,0.98976,-4.490381603759E7,null,null,null,null,null,null,null,null,null,null
Sun Nov 01 04:00:00 UTC 2026,0.98976,-4.490381603759E7,null,null,null,null,null,null,null,null,null,null
Sun Nov 01 05:00:00 UTC 2026,0.98976,-4.490381603759E7,null,null,null,null,null,null,null,null,null,null
Sun Nov 01 06:00:00 UTC 2026,0.98976,-4.490381603759E7,null,null,null,null,null,null,null,null,null,null
Sun Nov 01 07:00:00 UTC 2026,0.98976,-4.490381603759E7,null,null,null,null,null,null,null,null,null,null
Sun Nov 01 08:00:00 UTC 2026,0.98976,-4.490381603759E7,null,null,null,null,null,null,null,null,null,null
Sun Nov 01 09:00:00 UTC 2026,0.98976,-4.490381603759E7,null,null,null,null,null,null,null,null,null,null
Sun Nov 01 10:00:00 UTC 2026,0.98976,-4.490381603759E7,null,null,null,null,null,null,null,null,null,null
Sun Nov 01 11:00:00 UTC 2026,0.98976,-4.490381603759E7,null,null,null,null,null,null,null,null,null,null
Sun Nov 01 12:00:00 UTC 2026,0.98976,-4.490381603759E7,null,null,null,null,null,null,null,null,null,null
Sun Nov 01 13:00:00 UTC 2026,0.98976,-4.490381603759E7,null,null,null,null,null,null,null,null,null,null
Sun Nov 01 14:00:00 UTC 2026,0.98976,-4.490381603759E7,null,null,null,null,null,null,null,null,null,null
Sun Nov 01 15:00:00 UTC 2026,0.98976,-4.490381603759E7,null,null,null,null,null,null,null,null,null,null
Sun Nov 01 16:00:00 UTC 2026,0.98976,-4.490381603759E7,null,null,null,null,null,null,null,null,null,null
