date,P_Kweek_40_Kday_63_ETE_57_ORD_51_EXT_66_E2Ekor_67_EXTkor_58_DIFF_27668,a,b,c,d,e,f,g,h,i,j
Mon Oct 05 21:00:00 UTC 2026,424710.7954684864,0.8268499999539927,null,null,null,null,-1892768.208864286,null,-1892568.208864286,-1892468.208864286
Mon Oct 05 22:00:00 UTC 2026,-578501.4090425151,291354.82685000007,null,null,null,null,-1951559.3160071431,null,-1951359.316007143,-1951259.316007143
Mon Oct 05 23:00:00 UTC 2026,2502096.57732004,757426.8268500001,null,null,null,null,-2010350.42315,null,-2010150.4231500002,-2010050.42315
Tue Oct 06 00:00:00 UTC 2026,3660852.0753563503,-301152.17315000005,null,null,null,null,-2069141.5302928574,null,-2068941.5302928574,-2068841.5302928574
Tue Oct 06 01:00:00 UTC 2026,1429100.0843628193,-1143386.17315,null,null,null,null,-2127932.6374357142,null,-2127732.6374357142,-2127632.6374357142
Tue Oct 06 02:00:00 UTC 2026,1792987.3137561465,-1963796.17315,null,null,null,null,-2186723.7445785715,null,-2186523.7445785715,-2186423.7445785715
Tue Oct 06 03:00:00 UTC 2026,1542604.649908327,-1718992.1731500002,null,null,null,null,-2245514.851721429,null,-2245314.851721429,-2245214.851721429
Tue Oct 06 04:00:00 UTC 2026,1185107.3071678136,-2184345.17315,null,null,null,null,-2304305.958864286,null,-2304105.9588642856,-2304005.9588642856
Tue Oct 06 05:00:00 UTC 2026,967514.8511441629,-2351782.17315,null,null,null,null,-2363097.0660071434,null,-2362897.066007143,-2362797.0660071434
Tue Oct 06 06:00:00 UTC 2026,-14173.524641020223,-2422488.17315,null,null,null,null,-2421888.17315,null,-2421688.17315,-2421588.17315
Tue Oct 06 07:00:00 UTC 2026,-572111.5223894634,1165238.82685,null,null,null,null,-2324110.12315,null,-2323910.12315,-2323810.1231500003
Tue Oct 06 08:00:00 UTC 2026,-1325445.5277880863,621730.8268500001,null,null,null,null,-2226332.0731500005,null,-2226132.0731500005,-2226032.07315
Tue Oct 06 09:00:00 UTC 2026,-312480.33838601224,581241.8268500001,null,null,null,null,-2128554.0231500003,null,-2128354.02315,-2128254.0231500003
Tue Oct 06 10:00:00 UTC 2026,-1617866.9196159441,2724279.82685,null,null,null,null,-2030775.97315,null,-2030575.9731500004,-2030475.97315
Tue Oct 06 11:00:00 UTC 2026,-1301231.2204718993,2182613.82685,null,null,null,null,-1932997.9231500004,null,-1932797.9231500002,-1932697.9231500002
Tue Oct 06 12:00:00 UTC 2026,-2422488.17315,1470881.8268499998,null,null,null,null,-1835219.8731500003,null,-1835019.87315,-1834919.8731500003
Tue Oct 06 13:00:00 UTC 2026,-1786694.4511830362,1072127.82685,null,null,null,null,-1737441.82315,null,-1737241.82315,-1737141.82315
Tue Oct 06 14:00:00 UTC 2026,-1083975.074271955,872072.8268500001,null,null,null,null,-1639663.7731499998,null,-1639463.77315,-1639363.7731500003
Tue Oct 06 15:00:00 UTC 2026,-1257342.7884608768,2344688.82685,null,null,null,null,-1541885.7231500004,null,-1541685.72315,-1541585.72315
Tue Oct 06 16:00:00 UTC 2026,549313.5852006106,2762297.82685,null,null,null,null,-1444107.6731500002,null,-1443907.6731500004,-1443807.6731500002
Tue Oct 06 17:00:00 UTC 2026,-576483.5500993202,1410559.8268499998,null,null,null,null,-1346329.6231499999,null,-1346129.6231499999,-1346029.6231499999
Tue Oct 06 18:00:00 UTC 2026,-969797.8890787945,1495468.8268499998,null,null,null,null,-1248551.5731499998,null,-1248351.57315,-1248251.57315
Tue Oct 06 19:00:00 UTC 2026,35936.63911084179,2130363.82685,null,null,null,null,-1150773.5231500003,null,-1150573.52315,-1150473.5231500003
Tue Oct 06 20:00:00 UTC 2026,481042.690961428,2438544.82685,null,null,null,null,-1052995.47315,null,-1052795.47315,-1052695.47315
Tue Oct 06 21:00:00 UTC 2026,933043.0942007457,2639245.82685,null,null,null,null,-955217.4231500004,null,-955017.4231500004,-954917.4231500002
Tue Oct 06 22:00:00 UTC 2026,-163999.5511611686,2692062.82685,null,null,null,null,-857439.3731500001,null,-857239.3731499999,-857139.3731499999
Tue Oct 06 23:00:00 UTC 2026,920263.3208948807,2786135.82685,null,null,null,null,-759661.3231500001,null,-759461.3231500003,-759361.3231500001
Wed Oct 07 00:00:00 UTC 2026,3020854.4805912627,3216201.82685,null,null,null,null,-661883.27315,null,-661683.2731500003,-661583.2731500005
Wed Oct 07 01:00:00 UTC 2026,2289380.6137421653,3458186.82685,null,null,null,null,-564105.2231500002,null,-563905.2231500002,-563805.2231500002
Wed Oct 07 02:00:00 UTC 2026,4735193.807609114,4872497.82685,null,null,null,null,-466327.17315000016,null,-466127.17315000016,-466027.17314999993
Wed Oct 07 03:00:00 UTC 2026,6369491.396553277,5245024.82685,null,null,null,null,-368549.1231499999,null,-368349.1231499999,-368249.1231499999
Wed Oct 07 04:00:00 UTC 2026,6610793.695157676,5426873.82685,null,null,null,null,-270771.07315000007,null,-270571.07315000007,-270471.07315000007
Wed Oct 07 05:00:00 UTC 2026,7256172.247104217,5222888.82685,null,null,null,null,-172993.02315000002,null,-172793.02315000026,-172693.02315000002
Wed Oct 07 06:00:00 UTC 2026,7742476.25237498,4954827.82685,null,null,null,null,-75214.97315000021,null,-75014.97314999998,-74914.97315000021
Wed Oct 07 07:00:00 UTC 2026,8072900.654296487,5382278.82685,null,null,null,null,22563.07685000007,null,22763.07685000007,22863.07685000007
Wed Oct 07 08:00:00 UTC 2026,7661425.584829693,5940544.82685,null,null,null,null,120341.12684999988,null,120541.12685000012,120641.12685000012
Wed Oct 07 09:00:00 UTC 2026,8092911.0888147885,5535297.82685,null,null,null,null,218119.17684999993,null,218319.17685000016,218419.17684999993
Wed Oct 07 10:00:00 UTC 2026,8132763.80293966,4482651.82685,null,null,null,null,315897.22685,null,316097.22685,316197.22685
Wed Oct 07 11:00:00 UTC 2026,9319937.481090281,4520337.82685,null,null,null,null,413675.27685000026,null,413875.27685000026,413975.27685
Wed Oct 07 12:00:00 UTC 2026,1.072167682685E7,3902617.82685,null,null,null,null,511453.32684999984,null,511653.32685000007,511753.32685000007
Wed Oct 07 13:00:00 UTC 2026,9788921.53043335,4499077.82685,null,null,null,null,609231.3768499999,null,609431.3768499997,609531.3768500001
Wed Oct 07 14:00:00 UTC 2026,9433442.04663603,3932620.82685,null,null,null,null,707009.4268499999,null,707209.4268499999,707309.4268499999
Wed Oct 07 15:00:00 UTC 2026,9557204.06180853,4021989.82685,null,null,null,null,804787.47685,null,804987.4768500002,805087.4768500002
Wed Oct 07 16:00:00 UTC 2026,9115629.263108414,3163958.82685,null,null,null,null,902565.52685,null,902765.52685,902865.52685
Wed Oct 07 17:00:00 UTC 2026,8573665.981992364,4518746.82685,null,null,null,null,1000343.5768500001,null,1000543.5768500001,1000643.5768500001
Wed Oct 07 18:00:00 UTC 2026,8293015.433998772,4696483.82685,null,null,null,null,1098121.6268499997,null,1098321.6268499997,1098421.6268499997
Wed Oct 07 19:00:00 UTC 2026,4907888.902150385,5094640.82685,null,null,null,null,1195899.6768500002,null,1196099.67685,1196199.67685
Wed Oct 07 20:00:00 UTC 2026,6720094.387905299,5401323.82685,null,null,null,null,1293677.7268500002,null,1293877.7268499997,1293977.7268500002
Wed Oct 07 21:00:00 UTC 2026,8411060.18216635,4734063.82685,null,null,null,null,1391455.7768500003,null,1391655.7768500005,1391755.77685
Wed Oct 07 22:00:00 UTC 2026,7558851.088559066,5127890.82685,null,null,null,null,1489233.8268499998,null,1489433.8268499996,1489533.82685
Wed Oct 07 23:00:00 UTC 2026,3619149.6572004957,4390228.82685,null,null,null,null,1587011.8768500003,null,1587211.8768500003,1587311.8768500001
Thu Oct 08 00:00:00 UTC 2026,897394.2528737579,4587613.82685,null,null,null,null,1684789.9268500002,null,1684989.9268500002,1685089.9268500002
Thu Oct 08 01:00:00 UTC 2026,2469978.9891435243,4491098.82685,null,null,null,null,1782567.9768500002,null,1782767.9768500004,1782867.9768500002
Thu Oct 08 02:00:00 UTC 2026,2306027.9500222085,4811856.82685,null,null,null,null,1880346.02685,null,1880546.02685,1880646.02685
Thu Oct 08 03:00:00 UTC 2026,1657958.9194850582,5479819.82685,null,null,null,null,1978124.0768500005,null,1978324.0768500003,1978424.0768500005
Thu Oct 08 04:00:00 UTC 2026,378972.65942648053,5588184.82685,null,null,null,null,2075902.1268500003,null,2076102.1268500001,2076202.1268500003
Thu Oct 08 05:00:00 UTC 2026,-569925.5085345348,5701630.82685,null,null,null,null,2173680.17685,null,2173880.17685,2173980.1768499995
Thu Oct 08 06:00:00 UTC 2026,-373688.7263247296,5417837.82685,null,null,null,null,2271458.22685,null,2271658.22685,2271758.22685
Thu Oct 08 07:00:00 UTC 2026,457501.0032926537,5142307.82685,null,null,null,null,2369236.2768499996,null,2369436.2768499996,2369536.2768499996
Thu Oct 08 08:00:00 UTC 2026,833327.2314324602,5861093.82685,null,null,null,null,2467014.3268500003,null,2467214.3268500003,2467314.32685
Thu Oct 08 09:00:00 UTC 2026,948681.5010091909,7103071.82685,null,null,null,null,2564792.37685,null,2564992.37685,2565092.3768500006
Thu Oct 08 10:00:00 UTC 2026,243103.49059552932,5891445.82685,null,null,null,null,2662570.4268500004,null,2662770.4268500004,2662870.4268500004
Thu Oct 08 11:00:00 UTC 2026,768587.5903435107,6144270.82685,null,null,null,null,2760348.4768499997,null,2760548.47685,2760648.47685
Thu Oct 08 12:00:00 UTC 2026,-2379440.5156986024,6962602.82685,null,null,null,null,2858126.52685,null,2858326.526850001,2858426.52685
Thu Oct 08 13:00:00 UTC 2026,-1907261.5230292487,6503400.82685,null,null,null,null,2955904.57685,null,2956104.576850001,2956204.5768500003
Thu Oct 08 14:00:00 UTC 2026,1630717.8237540782,5544147.82685,null,null,null,null,3053682.6268500006,null,3053882.6268500006,3053982.6268500006
Thu Oct 08 15:00:00 UTC 2026,1175522.477188474,6043888.82685,null,null,null,null,3151460.6768500004,null,3151660.67685,3151760.6768500004
Thu Oct 08 16:00:00 UTC 2026,2007889.2911891881,5659534.82685,null,null,null,null,3249238.72685,null,3249438.72685,3249538.72685
Thu Oct 08 17:00:00 UTC 2026,990720.2289889916,5887641.82685,null,null,null,null,3347016.7768500005,null,3347216.77685,3347316.77685
Thu Oct 08 18:00:00 UTC 2026,1780375.695362254,5913424.82685,null,null,null,null,3444794.82685,null,3444994.82685,3445094.8268500003
Thu Oct 08 19:00:00 UTC 2026,3339844.348502448,5881067.82685,null,null,null,null,3542572.8768499997,null,3542772.8768500006,3542872.8768500006
Thu Oct 08 20:00:00 UTC 2026,2767613.1832408635,5435715.82685,null,null,null,null,3640350.9268500004,null,3640550.9268499995,3640650.9268500004
Thu Oct 08 21:00:00 UTC 2026,2384724.4488003533,4532811.82685,null,null,null,null,3738128.97685,null,3738328.97685,3738428.97685
Thu Oct 08 22:00:00 UTC 2026,2776525.393572551,4597534.82685,null,null,null,null,3835907.0268500005,null,3836107.02685,3836207.02685
Thu Oct 08 23:00:00 UTC 2026,1358138.7115327897,5252855.82685,null,null,null,null,3933685.076850001,null,3933885.076850001,3933985.0768500003
Fri Oct 09 00:00:00 UTC 2026,1801731.369176099,5413324.82685,null,null,null,null,4031463.1268499997,null,4031663.1268500006,4031763.1268500006
Fri Oct 09 01:00:00 UTC 2026,3492529.008525177,6489685.82685,null,null,null,null,4129241.1768500004,null,4129441.1768500004,4129541.1768500004
Fri Oct 09 02:00:00 UTC 2026,6263049.337308473,7418124.82685,null,null,null,null,4227019.22685,null,4227219.22685,4227319.22685
Fri Oct 09 03:00:00 UTC 2026,5054015.520608328,7948693.826850001,null,null,null,null,4324797.27685,null,4324997.276850001,4325097.27685
Fri Oct 09 04:00:00 UTC 2026,2196390.947450877,9775594.82685,null,null,null,null,4422575.326850001,null,4422775.326850001,4422875.326850001
Fri Oct 09 05:00:00 UTC 2026,1018129.4796319432,9821916.82685,null,null,null,null,4520353.376850001,null,4520553.37685,4520653.376850001
Fri Oct 09 06:00:00 UTC 2026,2513531.1113306014,1.027442182685E7,null,null,null,null,4618131.426849999,null,4618331.426849999,4618431.426849999
Fri Oct 09 07:00:00 UTC 2026,3414841.439218389,1.017862382685E7,null,null,null,null,4715909.476850001,null,4716109.47685,4716209.47685
Fri Oct 09 08:00:00 UTC 2026,3163449.8458989738,9781787.82685,null,null,null,null,4813687.526850001,null,4813887.52685,4813987.52685
Fri Oct 09 09:00:00 UTC 2026,1905651.104742269,9209549.82685,null,null,null,null,4911465.57685,null,4911665.57685,4911765.576850001
Fri Oct 09 10:00:00 UTC 2026,2742894.411188759,9151351.82685,null,null,null,null,5009243.626850001,null,5009443.62685,5009543.626850001
Fri Oct 09 11:00:00 UTC 2026,5015171.735954814,9245947.82685,null,null,null,null,5107021.676850001,null,5107221.676850001,5107321.676850001
Fri Oct 09 12:00:00 UTC 2026,5636840.445320847,9929475.82685,null,null,null,null,5204799.72685,null,5204999.726850001,5205099.72685
Fri Oct 09 13:00:00 UTC 2026,4269909.166328253,1.047930782685E7,null,null,null,null,5302577.776850001,null,5302777.77685,5302877.77685
Fri Oct 09 14:00:00 UTC 2026,6544036.195125769,1.072167682685E7,null,null,null,null,5400355.82685,null,5400555.82685,5400655.826850001
Fri Oct 09 15:00:00 UTC 2026,6375713.128294357,1.006036582685E7,null,null,null,null,5498133.876850001,null,5498333.8768500015,5498433.8768500015
Fri Oct 09 16:00:00 UTC 2026,6974008.30490335,9711819.82685,null,null,null,null,5595911.926850001,null,5596111.92685,5596211.92685
Fri Oct 09 17:00:00 UTC 2026,7529928.443708838,1.006764482685E7,null,null,null,null,5693689.97685,null,5693889.976850001,5693989.97685
Fri Oct 09 18:00:00 UTC 2026,7529928.443708838,1.038396982685E7,null,null,null,null,5791468.02685,null,5791668.02685,5791768.02685
Fri Oct 09 19:00:00 UTC 2026,7529928.443708838,1.024293982685E7,null,null,null,null,5889246.07685,null,5889446.07685,5889546.07685
Fri Oct 09 20:00:00 UTC 2026,7529928.443708838,1.010968682685E7,null,null,null,null,5987024.126850001,null,5987224.126850001,5987324.126850001
Fri Oct 09 21:00:00 UTC 2026,1.1127167,1.010968682685E7,null,null,null,null,null,null,6084802.17685,null,6085002.17685,6085102.17685
Fri Oct 09 22:00:00 UTC 2026,1.1127167,1.010968682685E7,null,null,null,null,null,null,6182580.22685,null,6182780.22685,6182880.22685
Fri Oct 09 23:00:00 UTC 2026,1.1127167,1.010968682685E7,null,null,null,null,null,null,6280358.27685,null,6280558.27685,6280658.27685
Sat Oct 10 00:00:00 UTC 2026,1.1127167,1.010968682685E7,null,null,null,null,null,null,6378136.326850001,null,6378336.326850001,6378436.326850002
Sat Oct 10 01:00:00 UTC 2026,1.1127167,1.010968682685E7,null,null,null,null,null,null,6475914.376850001,null,6476114.376850001,6476214.376850001
Sat Oct 10 02:00:00 UTC 2026,1.1127167,1.010968682685E7,null,null,null,null,null,null,6573692.42685,null,6573892.42685,6573992.42685
Sat Oct 10 03:00:00 UTC 2026,1.1127167,1.010968682685E7,null,null,null,null,null,null,6671470.47685,null,6671670.47685,6671770.47685
Sat Oct 10 04:00:00 UTC 2026,1.1127167,1.010968682685E7,null,null,null,null,null,null,6769248.52685,null,6769448.52685,6769548.52685
Sat Oct 10 05:00:00 UTC 2026,1.1127167,1.010968682685E7,null,null,null,null,null,null,6867026.576850001,null,6867226.576850001,6867326.576850001
Sat Oct 10 06:00:00 UTC 2026,1.1127167,1.010968682685E7,null,null,null,null,null,null,6964804.626850001,null,6965004.6268500015,6965104.626850001
Sat Oct 10 07:00:00 UTC 2026,1.1127167,1.010968682685E7,null,null,null,null,null,null,7062582.67685,null,7062782.676849999,7062882.67685
Sat Oct 10 08:00:00 UTC 2026,1.1127167,1.010968682685E7,null,null,null,null,null,null,7160360.726849999,null,7160560.726849999,7160660.726849999
Sat Oct 10 09:00:00 UTC 2026,1.1127167,1.010968682685E7,null,null,null,null,null,null,7258138.776850001,null,7258338.776850001,7258438.77685
Sat Oct 10 10:00:00 UTC 2026,1.1127167,1.010968682685E7,null,null,null,null,null,null,7355916.826850001,null,7356116.826850001,7356216.826850001
Sat Oct 10 11:00:00 UTC 2026,1.1127167,1.010968682685E7,null,null,null,null,null,null,7453694.87685,null,7453894.876850001,7453994.876850001
Sat Oct 10 12:00:00 UTC 2026,1.1127167,1.010968682685E7,null,null,null,null,null,null,7551472.92685,null,7551672.92685,7551772.92685
Sat Oct 10 13:00:00 UTC 2026,1.1127167,1.010968682685E7,null,null,null,null,null,null,7649250.976850001,null,7649450.976850001,7649550.976850001
Sat Oct 10 14:00:00 UTC 2026,1.1127167,1.010968682685E7,null,null,null,null,null,null,7747029.02685,null,7747229.026850001,7747329.026850001
Sat Oct 10 15:00:00 UTC 2026,1.1127167,1.010968682685E7,null,null,null,null,null,null,7844807.076850002,null,7845007.076850002,7845107.076850002
Sat Oct 10 16:00:00 UTC 2026,1.1127167,1.010968682685E7,null,null,null,null,null,null,7942585.12685,null,7942785.126850001,7942885.126850001
Sat Oct 10 17:00:00 UTC 2026,1.1127167,1.010968682685E7,null,null,null,null,null,null,8040363.17685,null,8040563.176849999,8040663.176849999
Sat Oct 10 18:00:00 UTC 2026,1.1127167,1.010968682685E7,null,null,null,null,null,null,8138141.22685,null,8138341.226850001,8138441.22685
Sat Oct 10 19:00:00 UTC 2026,1.1127167,1.010968682685E7,null,null,null,null,null,null,8235919.27685,null,8236119.27685,8236219.276850002
Sat Oct 10 20:00:00 UTC 2026,1.1127167,1.010968682685E7,null,null,null,null,null,null,8333697.326850001,null,8333897.326850001,8333997.326850001
Sat Oct 10 21:00:00 UTC 2026,1.1127167,1.010968682685E7,null,null,null,null,null,null,8431475.37685,null,8431675.37685,8431775.37685
Sat Oct 10 22:00:00 UTC 2026,1.1127167,1.010968682685E7,null,null,null,null,null,null,8529253.42685,null,8529453.42685,8529553.42685
Sat Oct 10 23:00:00 UTC 2026,1.1127167,1.010968682685E7,null,null,null,null,null,null,8627031.476850001,null,8627231.476850001,8627331.476850001
Sun Oct 11 00:00:00 UTC 2026,1.1127167,1.010968682685E7,null,null,null,null,null,null,8724809.52685,null,8725009.52685,8725109.52685
Sun Oct 11 01:00:00 UTC 2026,1.1127167,1.010968682685E7,null,null,null,null,null,null,8822587.57685,null,8822787.57685,8822887.576849999
Sun Oct 11 02:00:00 UTC 2026,1.1127167,1.010968682685E7,null,null,null,null,null,null,8920365.626850002,null,8920565.626850002,8920665.626850002
Sun Oct 11 03:00:00 UTC 2026,1.1127167,1.010968682685E7,null,null,null,null,null,null,9018143.67685,null,9018343.67685,9018443.676850002
Sun Oct 11 04:00:00 UTC 2026,1.1127167,1.010968682685E7,null,null,null,null,null,null,9115921.726850001,null,9116121.726850001,9116221.726850001
Sun Oct 11 05:00:00 UTC 2026,1.1127167,1.010968682685E7,null,null,null,null,null,null,9213699.77685,null,9213899.77685,9213999.77685
Sun Oct 11 06:00:00 UTC 2026,1.1127167,1.010968682685E7,null,null,null,null,null,null,9311477.82685,null,9311677.82685,9311777.82685
Sun Oct 11 07:00:00 UTC 2026,1.1127167,1.010968682685E7,null,null,null,null,null,null,9409255.876850002,null,9409455.876850002,9409555.876850002
Sun Oct 11 08:00:00 UTC 2026,1.1127167,1.010968682685E7,null,null,null,null,null,null,9507033.92685,null,9507233.926850002,9507333.92685
Sun Oct 11 09:00:00 UTC 2026,1.1127167,1.010968682685E7,null,null,null,null,null,null,9604811.976850001,null,9605011.976850001,9605111.97685
Sun Oct 11 10:00:00 UTC 2026,1.1127167,1.010968682685E7,null,null,null,null,null,null,9702590.02685,null,9702790.02685,9702890.02685
Sun Oct 11 11:00:00 UTC 2026,1.1127167,1.010968682685E7,null,null,null,null,null,null,9800368.07685,null,9800568.076850003,9800668.07685
Sun Oct 11 12:00:00 UTC 2026,1.1127167,1.010968682685E7,null,null,null,null,null,null,9898146.126850002,null,9898346.126850002,9898446.126850002
Sun Oct 11 13:00:00 UTC 2026,1.1127167,1.010968682685E7,null,null,null,null,null,null,9995924.17685,null,9996124.176850002,9996224.17685
Sun Oct 11 14:00:00 UTC 2026,1.1127167,1.010968682685E7,null,null,null,null,null,null,1.0093702226850001E7,null,1.009390222685E7,1.0094002226850001E7
Sun Oct 11 15:00:00 UTC 2026,1.1127167,1.010968682685E7,null,null,null,null,null,null,1.019148027685E7,null,1.019168027685E7,1.019178027685E7
Sun Oct 11 16:00:00 UTC 2026,1.1127167,1.010968682685E7,null,null,null,null,null,null,1.028925832685E7,null,1.028945832685E7,1.028955832685E7
Sun Oct 11 17:00:00 UTC 2026,1.1127167,1.010968682685E7,null,null,null,null,null,null,1.0387036376850002E7,null,1.038723637685E7,1.0387336376850002E7
Sun Oct 11 18:00:00 UTC 2026,1.1127167,1.010968682685E7,null,null,null,null,null,null,1.048481442685E7,null,1.048501442685E7,1.048511442685E7
Sun Oct 11 19:00:00 UTC 2026,1.1127167,1.010968682685E7,null,null,null,null,null,null,1.058259247685E7,null,1.058279247685E7,1.058289247685E7
Sun Oct 11 20:00:00 UTC 2026,1.1127167,1.010968682685E7,null,null,null,null,null,null,1.0680370526850002E7,null,1.068057052685E7,1.068067052685E7
Sun Oct 11 21:00:00 UTC 2026,1.1127167,1.013355782685E7,null,null,null,null,null,null,1.077814857685E7,null,1.077834857685E7,1.077844857685E7
Sun Oct 11 22:00:00 UTC 2026,1.1127167,1.027952382685E7,null,null,null,null,null,null,1.087592662685E7,null,1.087612662685E7,1.0876226626850002E7
Sun Oct 11 23:00:00 UTC 2026,1.1127167,1.038123782685E7,null,null,null,null,null,null,1.097370467685E7,null,1.097390467685E7,1.097400467685E7
Mon Oct 12 00:00:00 UTC 2026,1.1127167,1.051665182685E7,null,null,null,null,null,null,1.1071482726850001E7,null,1.1071682726850001E7,1.1071782726850001E7
Mon Oct 12 01:00:00 UTC 2026,1.1127167,1.088145782685E7,null,null,null,null,null,null,1.116926077685E7,null,1.1169460776850002E7,1.1169560776850002E7
Mon Oct 12 02:00:00 UTC 2026,1.1127167,1.126643882685E7,null,NaN,null,null,null,null,1.126703882685E7,null,1.126723882685E7,1.126733882685E7
Mon Oct 12 03:00:00 UTC 2026,1.1127167,1.072805982685E7,null,null,null,null,null,null,null,null,null,null
Mon Oct 12 04:00:00 UTC 2026,1.1127167,1.041990882685E7,null,null,null,null,null,null,null,null,null,null
Mon Oct 12 05:00:00 UTC 2026,1.1127167,1.026430682685E7,null,null,null,null,null,null,null,null,null,null
Mon Oct 12 06:00:00 UTC 2026,1.1127167,1.024792982685E7,null,null,null,null,null,null,null,null,null,null
Mon Oct 12 07:00:00 UTC 2026,1.1127167,1.059503782685E7,null,null,null,null,null,null,null,null,null,null
Mon Oct 12 08:00:00 UTC 2026,1.1127167,1.076505182685E7,null,null,null,null,null,null,null,null,null,null
Mon Oct 12 09:00:00 UTC 2026,1.1127167,1.054291382685E7,null,null,null,null,null,null,null,null,null,null
Mon Oct 12 10:00:00 UTC 2026,1.1127167,9903546.82685,null,null,null,null,null,null,null,null,null,null
Mon Oct 12 11:00:00 UTC 2026,1.1127167,9415012.82685,null,null,null,null,null,null,null,null,null,null
Mon Oct 12 12:00:00 UTC 2026,1.1127167,9327945.82685,null,null,null,null,null,null,null,null,null,null
Mon Oct 12 13:00:00 UTC 2026,1.1127167,8330853.826850001,null,null,null,null,null,null,null,null,null,null
Mon Oct 12 14:00:00 UTC 2026,1.1127167,7971121.826850001,null,null,null,null,null,null,null,null,null,null
Mon Oct 12 15:00:00 UTC 2026,1.1127167,5432062.82685,null,null,null,null,null,null,null,null,null,null
Mon Oct 12 16:00:00 UTC 2026,1.1127167,5835191.82685,null,null,null,null,null,null,null,null,null,null
Mon Oct 12 17:00:00 UTC 2026,1.1127167,5907026.82685,null,null,null,null,null,null,null,null,null,null
Mon Oct 12 18:00:00 UTC 2026,1.1127167,5920537.82685,null,null,null,null,null,null,null,null,null,null
Mon Oct 12 19:00:00 UTC 2026,1.1127167,6365814.82685,null,null,null,null,null,null,null,null,null,null
Mon Oct 12 20:00:00 UTC 2026,1.1127167,6396727.82685,null,null,null,null,null,null,null,null,null,null
Mon Oct 12 21:00:00 UTC 2026,1.1127167,6086378.82685,null,null,null,null,null,null,null,null,null,null
Mon Oct 12 22:00:00 UTC 2026,1.1127167,6262138.82685,null,null,null,null,null,null,null,null,null,null
Mon Oct 12 23:00:00 UTC 2026,1.1127167,6657479.82685,null,null,null,null,null,null,null,null,null,null
Tue Oct 13 00:00:00 UTC 2026,1.1127167,7398036.82685,null,null,null,null,null,null,null,null,null,null
Tue Oct 13 01:00:00 UTC 2026,1.1127167,7686926.826850001,null,null,null,null,null,null,null,null,null,null
Tue Oct 13 02:00:00 UTC 2026,1.1127167,7451963.82685,null,null,null,null,null,null,null,null,null,null
Tue Oct 13 03:00:00 UTC 2026,1.1127167,7580892.826850001,null,null,null,null,null,null,null,null,null,null
Tue Oct 13 04:00:00 UTC 2026,1.1127167,7508178.82685,null,null,null,null,null,null,null,null,null,null
Tue Oct 13 05:00:00 UTC 2026,1.1127167,7984464.826850001,null,null,null,null,null,null,null,null,null,null
Tue Oct 13 06:00:00 UTC 2026,1.1127167,8006538.826850001,null,null,null,null,null,null,null,null,null,null
Tue Oct 13 07:00:00 UTC 2026,1.1127167,7459048.82685,null,null,null,null,null,null,null,null,null,null
Tue Oct 13 08:00:00 UTC 2026,1.1127167,1866635.8268499998,null,null,null,null,null,null,null,null,null,null
Tue Oct 13 09:00:00 UTC 2026,1.1127167,1677044.8268499998,null,null,null,null,null,null,null,null,null,null
Tue Oct 13 10:00:00 UTC 2026,1.1127167,1212218.82685,null,null,null,null,null,null,null,null,null,null
Tue Oct 13 11:00:00 UTC 2026,1.1127167,1319771.8268499998,null,null,null,null,null,null,null,null,null,null
Tue Oct 13 12:00:00 UTC 2026,1.1127167,1324579.8268499998,null,null,null,null,null,null,null,null,null,null
Tue Oct 13 13:00:00 UTC 2026,1.1127167,1590853.8268499998,null,null,null,null,null,null,null,null,null,null
Tue Oct 13 14:00:00 UTC 2026,1.1127167,2009649.8268499998,null,null,null,null,null,null,null,null,null,null
Tue Oct 13 15:00:00 UTC 2026,1.1127167,2158677.82685,null,null,null,null,null,null,null,null,null,null
Tue Oct 13 16:00:00 UTC 2026,1.1127167,2062194.8268499998,null,null,null,null,null,null,null,null,null,null
Tue Oct 13 17:00:00 UTC 2026,1.1127167,2296300.82685,null,null,null,null,null,null,null,null,null,null
Tue Oct 13 18:00:00 UTC 2026,1.1127167,2374077.82685,null,null,null,null,null,null,null,null,null,null
Tue Oct 13 19:00:00 UTC 2026,1.1127167,2575604.82685,null,null,null,null,null,null,null,null,null,null
Tue Oct 13 20:00:00 UTC 2026,1.1127167,3011810.82685,null,null,null,null,null,null,null,null,null,null
Tue Oct 13 21:00:00 UTC 2026,1.1127167,2916992.82685,null,null,null,null,null,null,null,null,null,null
Tue Oct 13 22:00:00 UTC 2026,1.1127167,3333286.82685,null,null,null,null,null,null,null,null,null,null
Tue Oct 13 23:00:00 UTC 2026,1.1127167,3380862.82685,null,null,null,null,null,null,null,null,null,null
Wed Oct 14 00:00:00 UTC 2026,1.1127167,2562697.82685,null,null,null,null,null,null,null,null,null,null
Wed Oct 14 01:00:00 UTC 2026,1.1127167,2820460.82685,null,null,null,null,null,null,null,null,null,null
Wed Oct 14 02:00:00 UTC 2026,1.1127167,2878950.82685,null,null,null,null,null,null,null,null,null,null
Wed Oct 14 03:00:00 UTC 2026,1.1127167,3020725.82685,null,null,null,null,null,null,null,null,null,null
Wed Oct 14 04:00:00 UTC 2026,1.1127167,3048483.82685,null,null,null,null,null,null,null,null,null,null
Wed Oct 14 05:00:00 UTC 2026,1.1127167,3182873.82685,null,null,null,null,null,null,null,null,null,null
Wed Oct 14 06:00:00 UTC 2026,1.1127167,3188578.82685,null,null,null,null,null,null,null,null,null,null
Wed Oct 14 07:00:00 UTC 2026,1.1127167,3308674.82685,null,null,null,null,null,null,null,null,null,null
Wed Oct 14 08:00:00 UTC 2026,1.1127167,3128013.82685,null,null,null,null,null,null,null,null,null,null
Wed Oct 14 09:00:00 UTC 2026,1.1127167,3523540.82685,null,null,null,null,null,null,null,null,null,null
Wed Oct 14 10:00:00 UTC 2026,1.1127167,3211033.82685,null,null,null,null,null,null,null,null,null,null
Wed Oct 14 11:00:00 UTC 2026,1.1127167,3219785.82685,null,null,null,null,null,null,null,null,null,null
Wed Oct 14 12:00:00 UTC 2026,1.1127167,3025128.82685,null,null,null,null,null,null,null,null,null,null
Wed Oct 14 13:00:00 UTC 2026,1.1127167,2776462.82685,null,null,null,null,null,null,null,null,null,null
Wed Oct 14 14:00:00 UTC 2026,1.1127167,2451521.82685,null,null,null,null,null,null,null,null,null,null
Wed Oct 14 15:00:00 UTC 2026,1.1127167,1785999.8268499998,null,null,null,null,null,null,null,null,null,null
Wed Oct 14 16:00:00 UTC 2026,1.1127167,2165547.82685,null,null,null,null,null,null,null,null,null,null
Wed Oct 14 17:00:00 UTC 2026,1.1127167,2309003.82685,null,null,null,null,null,null,null,null,null,null
Wed Oct 14 18:00:00 UTC 2026,1.1127167,2165323.82685,null,null,null,null,null,null,null,null,null,null
Wed Oct 14 19:00:00 UTC 2026,1.1127167,1879638.8268499998,null,null,null,null,null,null,null,null,null,null
Wed Oct 14 20:00:00 UTC 2026,1.1127167,1848268.8268499998,null,null,null,null,null,null,null,null,null,null
Wed Oct 14 21:00:00 UTC 2026,1.1127167,2399599.82685,null,null,null,null,null,null,null,null,null,null
Wed Oct 14 22:00:00 UTC 2026,1.1127167,2517092.82685,null,null,null,null,null,null,null,null,null,null
Wed Oct 14 23:00:00 UTC 2026,1.1127167,2555078.82685,null,null,null,null,null,null,null,null,null,null
Thu Oct 15 00:00:00 UTC 2026,1.1127167,2425137.82685,null,null,null,null,null,null,null,null,null,null
Thu Oct 15 01:00:00 UTC 2026,1.1127167,1188370.82685,null,null,null,null,null,null,null,null,null,null
Thu Oct 15 02:00:00 UTC 2026,1.1127167,958647.8268500001,null,null,null,null,null,null,null,null,null,null
Thu Oct 15 03:00:00 UTC 2026,1.1127167,541579.8268500001,null,null,null,null,null,null,null,null,null,null
Thu Oct 15 04:00:00 UTC 2026,1.1127167,228067.82685000007,null,null,null,null,null,null,null,null,null,null
Thu Oct 15 05:00:00 UTC 2026,1.1127167,1025388.8268500001,null,null,null,null,null,null,null,null,null,null
Thu Oct 15 06:00:00 UTC 2026,1.1127167,1158240.82685,null,null,null,null,null,null,null,null,null,null
Thu Oct 15 07:00:00 UTC 2026,1.1127167,1440562.8268499998,null,null,null,null,null,null,null,null,null,null
Thu Oct 15 08:00:00 UTC 2026,1.1127167,1402296.8268499998,null,null,null,null,null,null,null,null,null,null
Thu Oct 15 09:00:00 UTC 2026,1.1127167,1064189.82685,null,null,null,null,null,null,null,null,null,null
Thu Oct 15 10:00:00 UTC 2026,1.1127167,749579.8268500001,null,null,null,null,null,null,null,null,null,null
Thu Oct 15 11:00:00 UTC 2026,1.1127167,839419.8268500001,null,null,null,null,null,null,null,null,null,null
Thu Oct 15 12:00:00 UTC 2026,1.1127167,992272.8268500001,null,null,null,null,null,null,null,null,null,null
Thu Oct 15 13:00:00 UTC 2026,1.1127167,1549043.8268499998,null,null,null,null,null,null,null,null,null,null
Thu Oct 15 14:00:00 UTC 2026,1.1127167,1374153.8268499998,null,null,null,null,null,null,null,null,null,null
Thu Oct 15 15:00:00 UTC 2026,1.1127167,1434238.8268499998,null,null,null,null,null,null,null,null,null,null
Thu Oct 15 16:00:00 UTC 2026,1.1127167,1386716.8268499998,null,null,null,null,null,null,null,null,null,null
Thu Oct 15 17:00:00 UTC 2026,1.1127167,1469894.8268499998,null,null,null,null,null,null,null,null,null,null
Thu Oct 15 18:00:00 UTC 2026,1.1127167,1584118.8268499998,null,null,null,null,null,null,null,null,null,null
Thu Oct 15 19:00:00 UTC 2026,1.1127167,1462063.8268499998,null,null,null,null,null,null,null,null,null,null
Thu Oct 15 20:00:00 UTC 2026,1.1127167,1419876.8268499998,null,null,null,null,null,null,null,null,null,null
Thu Oct 15 21:00:00 UTC 2026,1.1127167,1654183.8268499998,null,null,null,null,null,null,null,null,null,null
Thu Oct 15 22:00:00 UTC 2026,1.1127167,1636982.8268499998,null,null,null,null,null,null,null,null,null,null
Thu Oct 15 23:00:00 UTC 2026,1.1127167,1891185.8268499998,null,null,null,null,null,null,null,null,null,null
Fri Oct 16 00:00:00 UTC 2026,1.1127167,1895142.8268499998,null,null,null,null,null,null,null,null,null,null
Fri Oct 16 01:00:00 UTC 2026,1.1127167,1836393.8268499998,null,null,null,null,null,null,null,null,null,null
Fri Oct 16 02:00:00 UTC 2026,1.1127167,1962301.8268499998,null,null,null,null,null,null,null,null,null,null
Fri Oct 16 03:00:00 UTC 2026,1.1127167,2084383.8268499998,null,null,null,null,null,null,null,null,null,null
Fri Oct 16 04:00:00 UTC 2026,1.1127167,2274107.82685,null,null,null,null,null,null,null,null,null,null
Fri Oct 16 05:00:00 UTC 2026,1.1127167,2341150.82685,null,null,null,null,null,null,null,null,null,null
Fri Oct 16 06:00:00 UTC 2026,1.1127167,2220455.82685,null,null,null,null,null,null,null,null,null,null
Fri Oct 16 07:00:00 UTC 2026,1.1127167,2365906.82685,null,null,null,null,null,null,null,null,null,null
Fri Oct 16 08:00:00 UTC 2026,1.1127167,2428830.82685,null,null,null,null,null,null,null,null,null,null
Fri Oct 16 09:00:00 UTC 2026,1.1127167,1967756.8268499998,null,null,null,null,null,null,null,null,null,null
Fri Oct 16 10:00:00 UTC 2026,1.1127167,2050123.8268499998,null,null,null,null,null,null,null,null,null,null
Fri Oct 16 11:00:00 UTC 2026,1.1127167,1955684.8268499998,null,null,null,null,null,null,null,null,null,null
Fri Oct 16 12:00:00 UTC 2026,1.1127167,1588697.8268499998,null,null,null,null,null,null,null,null,null,null
Fri Oct 16 13:00:00 UTC 2026,1.1127167,1260468.82685,null,null,null,null,null,null,null,null,null,null
Fri Oct 16 14:00:00 UTC 2026,1.1127167,657488.8268500001,null,null,null,null,null,null,null,null,null,null
Fri Oct 16 15:00:00 UTC 2026,1.1127167,726642.8268500001,null,null,null,null,null,null,null,null,null,null
Fri Oct 16 16:00:00 UTC 2026,1.1127167,392401.82685000007,null,null,null,null,null,null,null,null,null,null
Fri Oct 16 17:00:00 UTC 2026,1.1127167,414299.82685000007,null,null,null,null,null,null,null,null,null,null
Fri Oct 16 18:00:00 UTC 2026,1.1127167,599001.8268500001,null,null,null,null,null,null,null,null,null,null
Fri Oct 16 19:00:00 UTC 2026,1.1127167,262887.82685000007,null,null,null,null,null,null,null,null,null,null
Fri Oct 16 20:00:00 UTC 2026,1.1127167,366054.82685000007,null,null,null,null,null,null,null,null,null,null
Fri Oct 16 21:00:00 UTC 2026,1.1127167,366054.82685000007,null,null,null,null,null,null,null,null,null,null
Fri Oct 16 22:00:00 UTC 2026,1.1127167,366054.82685000007,null,null,null,null,null,null,null,null,null,null
Fri Oct 16 23:00:00 UTC 2026,1.1127167,366054.82685000007,null,null,null,null,null,null,null,null,null,null
Sat Oct 17 00:00:00 UTC 2026,1.1127167,366054.82685000007,null,null,null,null,null,null,null,null,null,null
Sat Oct 17 01:00:00 UTC 2026,1.1127167,366054.82685000007,null,null,null,null,null,null,null,null,null,null
Sat Oct 17 02:00:00 UTC 2026,1.1127167,366054.82685000007,null,null,null,null,null,null,null,null,null,null
Sat Oct 17 03:00:00 UTC 2026,1.1127167,366054.82685000007,null,null,null,null,null,null,null,null,null,null
Sat Oct 17 04:00:00 UTC 2026,1.1127167,366054.82685000007,null,null,null,null,null,null,null,null,null,null
Sat Oct 17 05:00:00 UTC 2026,1.1127167,366054.82685000007,null,null,null,null,null,null,null,null,null,null
Sat Oct 17 06:00:00 UTC 2026,1.1127167,366054.82685000007,null,null,null,null,null,null,null,null,null,null
Sat Oct 17 07:00:00 UTC 2026,1.1127167,366054.82685000007,null,null,null,null,null,null,null,null,null,null
Sat Oct 17 08:00:00 UTC 2026,1.1127167,366054.82685000007,null,null,null,null,null,null,null,null,null,null
Sat Oct 17 09:00:00 UTC 2026,1.1127167,366054.82685000007,null,null,null,null,null,null,null,null,null,null
Sat Oct 17 10:00:00 UTC 2026,1.1127167,366054.82685000007,null,null,null,null,null,null,null,null,null,null
Sat Oct 17 11:00:00 UTC 2026,1.1127167,366054.82685000007,null,null,null,null,null,null,null,null,null,null
Sat Oct 17 12:00:00 UTC 2026,1.1127167,366054.82685000007,null,null,null,null,null,null,null,null,null,null
Sat Oct 17 13:00:00 UTC 2026,1.1127167,366054.82685000007,null,null,null,null,null,null,null,null,null,null
Sat Oct 17 14:00:00 UTC 2026,1.1127167,366054.82685000007,null,null,null,null,null,null,null,null,null,null
Sat Oct 17 15:00:00 UTC 2026,1.1127167,366054.82685000007,null,null,null,null,null,null,null,null,null,null
Sat Oct 17 16:00:00 UTC 2026,1.1127167,366054.82685000007,null,null,null,null,null,null,null,null,null,null
Sat Oct 17 17:00:00 UTC 2026,1.1127167,366054.82685000007,null,null,null,null,null,null,null,null,null,null
Sat Oct 17 18:00:00 UTC 2026,1.1127167,366054.82685000007,null,null,null,null,null,null,null,null,null,null
Sat Oct 17 19:00:00 UTC 2026,1.1127167,366054.82685000007,null,null,null,null,null,null,null,null,null,null
Sat Oct 17 20:00:00 UTC 2026,1.1127167,366054.82685000007,null,null,null,null,null,null,null,null,null,null
Sat Oct 17 21:00:00 UTC 2026,1.1127167,366054.82685000007,null,null,null,null,null,null,null,null,null,null
Sat Oct 17 22:00:00 UTC 2026,1.1127167,366054.82685000007,null,null,null,null,null,null,null,null,null,null
Sat Oct 17 23:00:00 UTC 2026,1.1127167,366054.82685000007,null,null,null,null,null,null,null,null,null,null
Sun Oct 18 00:00:00 UTC 2026,1.1127167,366054.82685000007,null,null,null,null,null,null,null,null,null,null
Sun Oct 18 01:00:00 UTC 2026,1.1127167,366054.82685000007,null,null,null,null,null,null,null,null,null,null
Sun Oct 18 02:00:00 UTC 2026,1.1127167,366054.82685000007,null,null,null,null,null,null,null,null,null,null
Sun Oct 18 03:00:00 UTC 2026,1.1127167,366054.82685000007,null,null,null,null,null,null,null,null,null,null
Sun Oct 18 04:00:00 UTC 2026,1.1127167,366054.82685000007,null,null,null,null,null,null,null,null,null,null
Sun Oct 18 05:00:00 UTC 2026,1.1127167,366054.82685000007,null,null,null,null,null,null,null,null,null,null
Sun Oct 18 06:00:00 UTC 2026,1.1127167,366054.82685000007,null,null,null,null,null,null,null,null,null,null
Sun Oct 18 07:00:00 UTC 2026,1.1127167,366054.82685000007,null,null,null,null,null,null,null,null,null,null
Sun Oct 18 08:00:00 UTC 2026,1.1127167,366054.82685000007,null,null,null,null,null,null,null,null,null,null
Sun Oct 18 09:00:00 UTC 2026,1.1127167,366054.82685000007,null,null,null,null,null,null,null,null,null,null
Sun Oct 18 10:00:00 UTC 2026,1.1127167,366054.82685000007,null,null,null,null,null,null,null,null,null,null
Sun Oct 18 11:00:00 UTC 2026,1.1127167,366054.82685000007,null,null,null,null,null,null,null,null,null,null
Sun Oct 18 12:00:00 UTC 2026,1.1127167,366054.82685000007,null,null,null,null,null,null,null,null,null,null
Sun Oct 18 13:00:00 UTC 2026,1.1127167,366054.82685000007,null,null,null,null,null,null,null,null,null,null
Sun Oct 18 14:00:00 UTC 2026,1.1127167,366054.82685000007,null,null,null,null,null,null,null,null,null,null
Sun Oct 18 15:00:00 UTC 2026,1.1127167,366054.82685000007,null,null,null,null,null,null,null,null,null,null
Sun Oct 18 16:00:00 UTC 2026,1.1127167,366054.82685000007,null,null,null,null,null,null,null,null,null,null
Sun Oct 18 17:00:00 UTC 2026,1.1127167,366054.82685000007,null,null,null,null,null,null,null,null,null,null
Sun Oct 18 18:00:00 UTC 2026,1.1127167,366054.82685000007,null,null,null,null,null,null,null,null,null,null
Sun Oct 18 19:00:00 UTC 2026,1.1127167,366054.82685000007,null,null,null,null,null,null,null,null,null,null
Sun Oct 18 20:00:00 UTC 2026,1.1127167,366054.82685000007,null,null,null,null,null,null,null,null,null,null
Sun Oct 18 21:00:00 UTC 2026,1.1127167,48194.826849999954,null,null,null,null,null,null,null,null,null,null
Sun Oct 18 22:00:00 UTC 2026,1.1127167,-115250.17315000005,null,null,null,null,null,null,null,null,null,null
Sun Oct 18 23:00:00 UTC 2026,1.1127167,-297766.17315000005,null,null,null,null,null,null,null,null,null,null
Mon Oct 19 00:00:00 UTC 2026,1.1127167,-169058.17315000005,null,null,null,null,null,null,null,null,null,null
Mon Oct 19 01:00:00 UTC 2026,1.1127167,489160.82685000007,null,null,null,null,null,null,null,null,null,null
Mon Oct 19 02:00:00 UTC 2026,1.1127167,557373.8268500001,null,null,null,null,null,null,null,null,null,null
Mon Oct 19 03:00:00 UTC 2026,1.1127167,663178.8268500001,null,null,null,null,null,null,null,null,null,null
Mon Oct 19 04:00:00 UTC 2026,1.1127167,726555.8268500001,null,null,null,null,null,null,null,null,null,null
Mon Oct 19 05:00:00 UTC 2026,1.1127167,883489.8268500001,null,null,null,null,null,null,null,null,null,null
Mon Oct 19 06:00:00 UTC 2026,1.1127167,1019314.8268500001,null,null,null,null,null,null,null,null,null,null
Mon Oct 19 07:00:00 UTC 2026,1.1127167,791936.8268500001,null,null,null,null,null,null,null,null,null,null
Mon Oct 19 08:00:00 UTC 2026,1.1127167,749513.8268500001,null,null,null,null,null,null,null,null,null,null
Mon Oct 19 09:00:00 UTC 2026,1.1127167,739136.8268500001,null,null,null,null,null,null,null,null,null,null
Mon Oct 19 10:00:00 UTC 2026,1.1127167,867571.8268500001,null,null,null,null,null,null,null,null,null,null
Mon Oct 19 11:00:00 UTC 2026,1.1127167,511202.82685000007,null,null,null,null,null,null,null,null,null,null
Mon Oct 19 12:00:00 UTC 2026,1.1127167,735384.8268500001,null,null,null,null,null,null,null,null,null,null
Mon Oct 19 13:00:00 UTC 2026,1.1127167,1029875.8268500001,null,null,null,null,null,null,null,null,null,null
Mon Oct 19 14:00:00 UTC 2026,1.1127167,1316711.8268499998,null,null,null,null,null,null,null,null,null,null
Mon Oct 19 15:00:00 UTC 2026,1.1127167,864153.8268500001,null,null,null,null,null,null,null,null,null,null
Mon Oct 19 16:00:00 UTC 2026,1.1127167,496481.82685000007,null,null,null,null,null,null,null,null,null,null
Mon Oct 19 17:00:00 UTC 2026,1.1127167,503110.82685000007,null,null,null,null,null,null,null,null,null,null
Mon Oct 19 18:00:00 UTC 2026,1.1127167,793524.8268500001,null,null,null,null,null,null,null,null,null,null
Mon Oct 19 19:00:00 UTC 2026,1.1127167,566237.8268500001,null,null,null,null,null,null,null,null,null,null
Mon Oct 19 20:00:00 UTC 2026,1.1127167,653298.8268500001,null,null,null,null,null,null,null,null,null,null
Mon Oct 19 21:00:00 UTC 2026,1.1127167,469131.82685000007,null,null,null,null,null,null,null,null,null,null
Mon Oct 19 22:00:00 UTC 2026,1.1127167,601167.8268500001,null,null,null,null,null,null,null,null,null,null
Mon Oct 19 23:00:00 UTC 2026,1.1127167,635996.8268500001,null,null,null,null,null,null,null,null,null,null
Tue Oct 20 00:00:00 UTC 2026,1.1127167,552524.8268500001,null,null,null,null,null,null,null,null,null,null
Tue Oct 20 01:00:00 UTC 2026,1.1127167,688841.8268500001,null,null,null,null,null,null,null,null,null,null
Tue Oct 20 02:00:00 UTC 2026,1.1127167,724962.8268500001,null,null,null,null,null,null,null,null,null,null
Tue Oct 20 03:00:00 UTC 2026,1.1127167,300912.82685000007,null,null,null,null,null,null,null,null,null,null
Tue Oct 20 04:00:00 UTC 2026,1.1127167,764880.8268500001,null,null,null,null,null,null,null,null,null,null
Tue Oct 20 05:00:00 UTC 2026,1.1127167,334780.82685000007,null,null,null,null,null,null,null,null,null,null
Tue Oct 20 06:00:00 UTC 2026,1.1127167,515132.82685000007,null,null,null,null,null,null,null,null,null,null
Tue Oct 20 07:00:00 UTC 2026,1.1127167,1031239.8268500001,null,null,null,null,null,null,null,null,null,null
Tue Oct 20 08:00:00 UTC 2026,1.1127167,1032479.8268500001,null,null,null,null,null,null,null,null,null,null
Tue Oct 20 09:00:00 UTC 2026,1.1127167,918194.8268500001,null,null,null,null,null,null,null,null,null,null
Tue Oct 20 10:00:00 UTC 2026,1.1127167,839475.8268500001,null,null,null,null,null,null,null,null,null,null
Tue Oct 20 11:00:00 UTC 2026,1.1127167,818770.8268500001,null,null,null,null,null,null,null,null,null,null
Tue Oct 20 12:00:00 UTC 2026,1.1127167,862166.8268500001,null,null,null,null,null,null,null,null,null,null
Tue Oct 20 13:00:00 UTC 2026,1.1127167,829241.8268500001,null,null,null,null,null,null,null,null,null,null
Tue Oct 20 14:00:00 UTC 2026,1.1127167,816667.8268500001,null,null,null,null,null,null,null,null,null,null
Tue Oct 20 15:00:00 UTC 2026,1.1127167,790051.8268500001,null,null,null,null,null,null,null,null,null,null
Tue Oct 20 16:00:00 UTC 2026,1.1127167,722176.8268500001,null,null,null,null,null,null,null,null,null,null
Tue Oct 20 17:00:00 UTC 2026,1.1127167,650255.8268500001,null,null,null,null,null,null,null,null,null,null
Tue Oct 20 18:00:00 UTC 2026,1.1127167,685528.8268500001,null,null,null,null,null,null,null,null,null,null
Tue Oct 20 19:00:00 UTC 2026,1.1127167,748934.8268500001,null,null,null,null,null,null,null,null,null,null
Tue Oct 20 20:00:00 UTC 2026,1.1127167,801474.8268500001,null,null,null,null,null,null,null,null,null,null
Tue Oct 20 21:00:00 UTC 2026,1.1127167,771557.8268500001,null,null,null,null,null,null,null,null,null,null
Tue Oct 20 22:00:00 UTC 2026,1.1127167,766685.8268500001,null,null,null,null,null,null,null,null,null,null
Tue Oct 20 23:00:00 UTC 2026,1.1127167,728869.8268500001,null,null,null,null,null,null,null,null,null,null
Wed Oct 21 00:00:00 UTC 2026,1.1127167,288456.82685000007,null,null,null,null,null,null,null,null,null,null
Wed Oct 21 01:00:00 UTC 2026,1.1127167,302559.82685000007,null,null,null,null,null,null,null,null,null,null
Wed Oct 21 02:00:00 UTC 2026,1.1127167,365379.82685000007,null,null,null,null,null,null,null,null,null,null
Wed Oct 21 03:00:00 UTC 2026,1.1127167,286628.82685000007,null,null,null,null,null,null,null,null,null,null
Wed Oct 21 04:00:00 UTC 2026,1.1127167,287204.82685000007,null,null,null,null,null,null,null,null,null,null
Wed Oct 21 05:00:00 UTC 2026,1.1127167,260619.82685000007,null,null,null,null,null,null,null,null,null,null
Wed Oct 21 06:00:00 UTC 2026,1.1127167,227493.82685000007,null,null,null,null,null,null,null,null,null,null
Wed Oct 21 07:00:00 UTC 2026,1.1127167,180136.82684999995,null,null,null,null,null,null,null,null,null,null
Wed Oct 21 08:00:00 UTC 2026,1.1127167,228481.82685000007,null,null,null,null,null,null,null,null,null,null
Wed Oct 21 09:00:00 UTC 2026,1.1127167,240045.82685000007,null,null,null,null,null,null,null,null,null,null
Wed Oct 21 10:00:00 UTC 2026,1.1127167,170387.82684999995,null,null,null,null,null,null,null,null,null,null
Wed Oct 21 11:00:00 UTC 2026,1.1127167,73802.82684999995,null,null,null,null,null,null,null,null,null,null
Wed Oct 21 12:00:00 UTC 2026,1.1127167,12626.826849999954,null,null,null,null,null,null,null,null,null,null
Wed Oct 21 13:00:00 UTC 2026,1.1127167,-27239.173150000046,null,null,null,null,null,null,null,null,null,null
Wed Oct 21 14:00:00 UTC 2026,1.1127167,-212037.17315000005,null,null,null,null,null,null,null,null,null,null
Wed Oct 21 15:00:00 UTC 2026,1.1127167,-187146.17315000005,null,null,null,null,null,null,null,null,null,null
Wed Oct 21 16:00:00 UTC 2026,1.1127167,-118389.17315000005,null,null,null,null,null,null,null,null,null,null
Wed Oct 21 17:00:00 UTC 2026,1.1127167,-216701.17315000005,null,null,null,null,null,null,null,null,null,null
Wed Oct 21 18:00:00 UTC 2026,1.1127167,-262444.17315000005,null,null,null,null,null,null,null,null,null,null
Wed Oct 21 19:00:00 UTC 2026,1.1127167,-287936.17315000005,null,null,null,null,null,null,null,null,null,null
Wed Oct 21 20:00:00 UTC 2026,1.1127167,-296536.17315000005,null,null,null,null,null,null,null,null,null,null
Wed Oct 21 21:00:00 UTC 2026,1.1127167,-326939.17315,null,null,null,null,null,null,null,null,null,null
Wed Oct 21 22:00:00 UTC 2026,1.1127167,-335728.17315,null,null,null,null,null,null,null,null,null,null
Wed Oct 21 23:00:00 UTC 2026,1.1127167,-387420.17315,null,null,null,null,null,null,null,null,null,null
Thu Oct 22 00:00:00 UTC 2026,1.1127167,-325703.17315,null,null,null,null,null,null,null,null,null,null
Thu Oct 22 01:00:00 UTC 2026,1.1127167,-304768.17315000005,null,null,null,null,null,null,null,null,null,null
Thu Oct 22 02:00:00 UTC 2026,1.1127167,-306338.17315000005,null,null,null,null,null,null,null,null,null,null
Thu Oct 22 03:00:00 UTC 2026,1.1127167,-297079.17315000005,null,null,null,null,null,null,null,null,null,null
Thu Oct 22 04:00:00 UTC 2026,1.1127167,-381708.17315,null,null,null,null,null,null,null,null,null,null
Thu Oct 22 05:00:00 UTC 2026,1.1127167,-402554.17315,null,null,null,null,null,null,null,null,null,null
Thu Oct 22 06:00:00 UTC 2026,1.1127167,-316515.17315,null,null,null,null,null,null,null,null,null,null
Thu Oct 22 07:00:00 UTC 2026,1.1127167,-347859.17315,null,null,null,null,null,null,null,null,null,null
Thu Oct 22 08:00:00 UTC 2026,1.1127167,-312555.17315,null,null,null,null,null,null,null,null,null,null
Thu Oct 22 09:00:00 UTC 2026,1.1127167,-344245.17315,null,null,null,null,null,null,null,null,null,null
Thu Oct 22 10:00:00 UTC 2026,1.1127167,-344375.17315,null,null,null,null,null,null,null,null,null,null
Thu Oct 22 11:00:00 UTC 2026,1.1127167,-490589.17315,null,null,null,null,null,null,null,null,null,null
Thu Oct 22 12:00:00 UTC 2026,1.1127167,-582514.1731499999,null,null,null,null,null,null,null,null,null,null
Thu Oct 22 13:00:00 UTC 2026,1.1127167,-538987.1731499999,null,null,null,null,null,null,null,null,null,null
Thu Oct 22 14:00:00 UTC 2026,1.1127167,-488267.17315,null,null,null,null,null,null,null,null,null,null
Thu Oct 22 15:00:00 UTC 2026,1.1127167,-889753.17315,null,null,null,null,null,null,null,null,null,null
Thu Oct 22 16:00:00 UTC 2026,1.1127167,-761497.17315,null,null,null,null,null,null,null,null,null,null
Thu Oct 22 17:00:00 UTC 2026,1.1127167,-593912.1731499999,null,null,null,null,null,null,null,null,null,null
Thu Oct 22 18:00:00 UTC 2026,1.1127167,-613751.1731499999,null,null,null,null,null,null,null,null,null,null
Thu Oct 22 19:00:00 UTC 2026,1.1127167,-628940.1731499999,null,null,null,null,null,null,null,null,null,null
Thu Oct 22 20:00:00 UTC 2026,1.1127167,-659816.1731499999,null,null,null,null,null,null,null,null,null,null
Thu Oct 22 21:00:00 UTC 2026,1.1127167,-713058.17315,null,null,null,null,null,null,null,null,null,null
Thu Oct 22 22:00:00 UTC 2026,1.1127167,-642849.1731499999,null,null,null,null,null,null,null,null,null,null
Thu Oct 22 23:00:00 UTC 2026,1.1127167,-682746.1731499999,null,null,null,null,null,null,null,null,null,null
Fri Oct 23 00:00:00 UTC 2026,1.1127167,-691337.1731499999,null,null,null,null,null,null,null,null,null,null
Fri Oct 23 01:00:00 UTC 2026,1.1127167,-695194.1731499999,null,null,null,null,null,null,null,null,null,null
Fri Oct 23 02:00:00 UTC 2026,1.1127167,-713262.17315,null,null,null,null,null,null,null,null,null,null
Fri Oct 23 03:00:00 UTC 2026,1.1127167,-769837.17315,null,null,null,null,null,null,null,null,null,null
Fri Oct 23 04:00:00 UTC 2026,1.1127167,-764888.17315,null,null,null,null,null,null,null,null,null,null
Fri Oct 23 05:00:00 UTC 2026,1.1127167,-828695.17315,null,null,null,null,null,null,null,null,null,null
Fri Oct 23 06:00:00 UTC 2026,1.1127167,-736245.17315,null,null,null,null,null,null,null,null,null,null
Fri Oct 23 07:00:00 UTC 2026,1.1127167,-701752.17315,null,null,null,null,null,null,null,null,null,null
Fri Oct 23 08:00:00 UTC 2026,1.1127167,-624151.1731499999,null,null,null,null,null,null,null,null,null,null
Fri Oct 23 09:00:00 UTC 2026,1.1127167,-688286.1731499999,null,null,null,null,null,null,null,null,null,null
Fri Oct 23 10:00:00 UTC 2026,1.1127167,-621376.1731499999,null,null,null,null,null,null,null,null,null,null
Fri Oct 23 11:00:00 UTC 2026,1.1127167,-559389.1731499999,null,null,null,null,null,null,null,null,null,null
Fri Oct 23 12:00:00 UTC 2026,1.1127167,-561405.1731499999,null,null,null,null,null,null,null,null,null,null
Fri Oct 23 13:00:00 UTC 2026,1.1127167,-649983.1731499999,null,null,null,null,null,null,null,null,null,null
Fri Oct 23 14:00:00 UTC 2026,1.1127167,-625078.1731499999,null,null,null,null,null,null,null,null,null,null
Fri Oct 23 15:00:00 UTC 2026,1.1127167,-635473.1731499999,null,null,null,null,null,null,null,null,null,null
Fri Oct 23 16:00:00 UTC 2026,1.1127167,-604563.1731499999,null,null,null,null,null,null,null,null,null,null
Fri Oct 23 17:00:00 UTC 2026,1.1127167,-495753.17315,null,null,null,null,null,null,null,null,null,null
Fri Oct 23 18:00:00 UTC 2026,1.1127167,-438187.17315,null,null,null,null,null,null,null,null,null,null
Fri Oct 23 19:00:00 UTC 2026,1.1127167,-432059.17315,null,null,null,null,null,null,null,null,null,null
Fri Oct 23 20:00:00 UTC 2026,1.1127167,-472557.17315,null,null,null,null,null,null,null,null,null,null
Fri Oct 23 21:00:00 UTC 2026,1.1127167,-472557.17315,null,null,null,null,null,null,null,null,null,null
Fri Oct 23 22:00:00 UTC 2026,1.1127167,-472557.17315,null,null,null,null,null,null,null,null,null,null
Fri Oct 23 23:00:00 UTC 2026,1.1127167,-472557.17315,null,null,null,null,null,null,null,null,null,null
Sat Oct 24 00:00:00 UTC 2026,1.1127167,-472557.17315,null,null,null,null,null,null,null,null,null,null
Sat Oct 24 01:00:00 UTC 2026,1.1127167,-472557.17315,null,null,null,null,null,null,null,null,null,null
Sat Oct 24 02:00:00 UTC 2026,1.1127167,-472557.17315,null,null,null,null,null,null,null,null,null,null
Sat Oct 24 03:00:00 UTC 2026,1.1127167,-472557.17315,null,null,null,null,null,null,null,null,null,null
Sat Oct 24 04:00:00 UTC 2026,1.1127167,-472557.17315,null,null,null,null,null,null,null,null,null,null
Sat Oct 24 05:00:00 UTC 2026,1.1127167,-472557.17315,null,null,null,null,null,null,null,null,null,null
Sat Oct 24 06:00:00 UTC 2026,1.1127167,-472557.17315,null,null,null,null,null,null,null,null,null,null
Sat Oct 24 07:00:00 UTC 2026,1.1127167,-472557.17315,null,null,null,null,null,null,null,null,null,null
Sat Oct 24 08:00:00 UTC 2026,1.1127167,-472557.17315,null,null,null,null,null,null,null,null,null,null
Sat Oct 24 09:00:00 UTC 2026,1.1127167,-472557.17315,null,null,null,null,null,null,null,null,null,null
Sat Oct 24 10:00:00 UTC 2026,1.1127167,-472557.17315,null,null,null,null,null,null,null,null,null,null
Sat Oct 24 11:00:00 UTC 2026,1.1127167,-472557.17315,null,null,null,null,null,null,null,null,null,null
Sat Oct 24 12:00:00 UTC 2026,1.1127167,-472557.17315,null,null,null,null,null,null,null,null,null,null
Sat Oct 24 13:00:00 UTC 2026,1.1127167,-472557.17315,null,null,null,null,null,null,null,null,null,null
Sat Oct 24 14:00:00 UTC 2026,1.1127167,-472557.17315,null,null,null,null,null,null,null,null,null,null
Sat Oct 24 15:00:00 UTC 2026,1.1127167,-472557.17315,null,null,null,null,null,null,null,null,null,null
Sat Oct 24 16:00:00 UTC 2026,1.1127167,-472557.17315,null,null,null,null,null,null,null,null,null,null
Sat Oct 24 17:00:00 UTC 2026,1.1127167,-472557.17315,null,null,null,null,null,null,null,null,null,null
Sat Oct 24 18:00:00 UTC 2026,1.1127167,-472557.17315,null,null,null,null,null,null,null,null,null,null
Sat Oct 24 19:00:00 UTC 2026,1.1127167,-472557.17315,null,null,null,null,null,null,null,null,null,null
Sat Oct 24 20:00:00 UTC 2026,1.1127167,-472557.17315,null,null,null,null,null,null,null,null,null,null
Sat Oct 24 21:00:00 UTC 2026,1.1127167,-472557.17315,null,null,null,null,null,null,null,null,null,null
Sat Oct 24 22:00:00 UTC 2026,1.1127167,-472557.17315,null,null,null,null,null,null,null,null,null,null
Sat Oct 24 23:00:00 UTC 2026,1.1127167,-472557.17315,null,null,null,null,null,null,null,null,null,null
Sun Oct 25 00:00:00 UTC 2026,1.1127167,-472557.17315,null,null,null,null,null,null,null,null,null,null
Sun Oct 25 01:00:00 UTC 2026,1.1127167,-472557.17315,null,null,null,null,null,null,null,null,null,null
Sun Oct 25 02:00:00 UTC 2026,1.1127167,-472557.17315,null,null,null,null,null,null,null,null,null,null
Sun Oct 25 03:00:00 UTC 2026,1.1127167,-472557.17315,null,null,null,null,null,null,null,null,null,null
Sun Oct 25 04:00:00 UTC 2026,1.1127167,-472557.17315,null,null,null,null,null,null,null,null,null,null
Sun Oct 25 05:00:00 UTC 2026,1.1127167,-472557.17315,null,null,null,null,null,null,null,null,null,null
Sun Oct 25 06:00:00 UTC 2026,1.1127167,-472557.17315,null,null,null,null,null,null,null,null,null,null
Sun Oct 25 07:00:00 UTC 2026,1.1127167,-472557.17315,null,null,null,null,null,null,null,null,null,null
Sun Oct 25 08:00:00 UTC 2026,1.1127167,-472557.17315,null,null,null,null,null,null,null,null,null,null
Sun Oct 25 09:00:00 UTC 2026,1.1127167,-472557.17315,null,null,null,null,null,null,null,null,null,null
Sun Oct 25 10:00:00 UTC 2026,1.1127167,-472557.17315,null,null,null,null,null,null,null,null,null,null
Sun Oct 25 11:00:00 UTC 2026,1.1127167,-472557.17315,null,null,null,null,null,null,null,null,null,null
Sun Oct 25 12:00:00 UTC 2026,1.1127167,-472557.17315,null,null,null,null,null,null,null,null,null,null
Sun Oct 25 13:00:00 UTC 2026,1.1127167,-472557.17315,null,null,null,null,null,null,null,null,null,null
Sun Oct 25 14:00:00 UTC 2026,1.1127167,-472557.17315,null,null,null,null,null,null,null,null,null,null
Sun Oct 25 15:00:00 UTC 2026,1.1127167,-472557.17315,null,null,null,null,null,null,null,null,null,null
Sun Oct 25 16:00:00 UTC 2026,1.1127167,-472557.17315,null,null,null,null,null,null,null,null,null,null
Sun Oct 25 17:00:00 UTC 2026,1.1127167,-472557.17315,null,null,null,null,null,null,null,null,null,null
Sun Oct 25 18:00:00 UTC 2026,1.1127167,-472557.17315,null,null,null,null,null,null,null,null,null,null
Sun Oct 25 19:00:00 UTC 2026,1.1127167,-472557.17315,null,null,null,null,null,null,null,null,null,null
Sun Oct 25 20:00:00 UTC 2026,1.1127167,-472557.17315,null,null,null,null,null,null,null,null,null,null
Sun Oct 25 21:00:00 UTC 2026,1.1127167,-567053.1731499999,null,null,null,null,null,null,null,null,null,null
Sun Oct 25 22:00:00 UTC 2026,1.1127167,-643252.1731499999,null,null,null,null,null,null,null,null,null,null
Sun Oct 25 23:00:00 UTC 2026,1.1127167,-587047.1731499999,null,null,null,null,null,null,null,null,null,null
Mon Oct 26 00:00:00 UTC 2026,1.1127167,-626332.1731499999,null,null,null,null,null,null,null,null,null,null
Mon Oct 26 01:00:00 UTC 2026,1.1127167,-563716.1731499999,null,null,null,null,null,null,null,null,null,null
Mon Oct 26 02:00:00 UTC 2026,1.1127167,-525513.1731499999,null,null,null,null,null,null,null,null,null,null
Mon Oct 26 03:00:00 UTC 2026,1.1127167,-575012.1731499999,null,null,null,null,null,null,null,null,null,null
Mon Oct 26 04:00:00 UTC 2026,1.1127167,-521328.17315,null,null,null,null,null,null,null,null,null,null
Mon Oct 26 05:00:00 UTC 2026,1.1127167,-449162.17315,null,null,null,null,null,null,null,null,null,null
Mon Oct 26 06:00:00 UTC 2026,1.1127167,-400197.17315,null,null,null,null,null,null,null,null,null,null
Mon Oct 26 07:00:00 UTC 2026,1.1127167,-387497.17315,null,null,null,null,null,null,null,null,null,null
Mon Oct 26 08:00:00 UTC 2026,1.1127167,-402059.17315,null,null,null,null,null,null,null,null,null,null
Mon Oct 26 09:00:00 UTC 2026,1.1127167,-423131.17315,null,null,null,null,null,null,null,null,null,null
Mon Oct 26 10:00:00 UTC 2026,1.1127167,-516157.17315,null,null,null,null,null,null,null,null,null,null
Mon Oct 26 11:00:00 UTC 2026,1.1127167,-555441.1731499999,null,null,null,null,null,null,null,null,null,null
Mon Oct 26 12:00:00 UTC 2026,1.1127167,-486056.17315,null,null,null,null,null,null,null,null,null,null
Mon Oct 26 13:00:00 UTC 2026,1.1127167,-481982.17315,null,null,null,null,null,null,null,null,null,null
Mon Oct 26 14:00:00 UTC 2026,1.1127167,-507317.17315,null,null,null,null,null,null,null,null,null,null
Mon Oct 26 15:00:00 UTC 2026,1.1127167,-483809.17315,null,null,null,null,null,null,null,null,null,null
Mon Oct 26 16:00:00 UTC 2026,1.1127167,-520233.17315,null,null,null,null,null,null,null,null,null,null
Mon Oct 26 17:00:00 UTC 2026,1.1127167,-240883.17315000005,null,null,null,null,null,null,null,null,null,null
Mon Oct 26 18:00:00 UTC 2026,1.1127167,-291397.17315000005,null,null,null,null,null,null,null,null,null,null
Mon Oct 26 19:00:00 UTC 2026,1.1127167,-234294.17315000005,null,null,null,null,null,null,null,null,null,null
Mon Oct 26 20:00:00 UTC 2026,1.1127167,-169803.17315000005,null,null,null,null,null,null,null,null,null,null
Mon Oct 26 21:00:00 UTC 2026,1.1127167,-131232.17315000005,null,null,null,null,null,null,null,null,null,null
Mon Oct 26 22:00:00 UTC 2026,1.1127167,-113851.17315000005,null,null,null,null,null,null,null,null,null,null
Mon Oct 26 23:00:00 UTC 2026,1.1127167,-127878.17315000005,null,null,null,null,null,null,null,null,null,null
Tue Oct 27 00:00:00 UTC 2026,1.1127167,-87725.17315000005,null,null,null,null,null,null,null,null,null,null
Tue Oct 27 01:00:00 UTC 2026,1.1127167,-104692.17315000005,null,null,null,null,null,null,null,null,null,null
Tue Oct 27 02:00:00 UTC 2026,1.1127167,-149682.17315000005,null,null,null,null,null,null,null,null,null,null
Tue Oct 27 03:00:00 UTC 2026,1.1127167,-121959.17315000005,null,null,null,null,null,null,null,null,null,null
Tue Oct 27 04:00:00 UTC 2026,1.1127167,-447893.17315,null,null,null,null,null,null,null,null,null,null
Tue Oct 27 05:00:00 UTC 2026,1.1127167,-461533.17315,null,null,null,null,null,null,null,null,null,null
Tue Oct 27 06:00:00 UTC 2026,1.1127167,-454034.17315,null,null,null,null,null,null,null,null,null,null
Tue Oct 27 07:00:00 UTC 2026,1.1127167,-488746.17315,null,null,null,null,null,null,null,null,null,null
Tue Oct 27 08:00:00 UTC 2026,1.1127167,-728600.17315,null,null,null,null,null,null,null,null,null,null
Tue Oct 27 09:00:00 UTC 2026,1.1127167,-735030.17315,null,null,null,null,null,null,null,null,null,null
Tue Oct 27 10:00:00 UTC 2026,1.1127167,-728307.17315,null,null,null,null,null,null,null,null,null,null
Tue Oct 27 11:00:00 UTC 2026,1.1127167,-724591.17315,null,null,null,null,null,null,null,null,null,null
Tue Oct 27 12:00:00 UTC 2026,1.1127167,-729736.17315,null,null,null,null,null,null,null,null,null,null
Tue Oct 27 13:00:00 UTC 2026,1.1127167,-723617.17315,null,null,null,null,null,null,null,null,null,null
Tue Oct 27 14:00:00 UTC 2026,1.1127167,-729266.17315,null,null,null,null,null,null,null,null,null,null
Tue Oct 27 15:00:00 UTC 2026,1.1127167,-736434.17315,null,null,null,null,null,null,null,null,null,null
Tue Oct 27 16:00:00 UTC 2026,1.1127167,-718934.17315,null,null,null,null,null,null,null,null,null,null
Tue Oct 27 17:00:00 UTC 2026,1.1127167,-724947.17315,null,null,null,null,null,null,null,null,null,null
Tue Oct 27 18:00:00 UTC 2026,1.1127167,-738432.17315,null,null,null,null,null,null,null,null,null,null
Tue Oct 27 19:00:00 UTC 2026,1.1127167,-726493.17315,null,null,null,null,null,null,null,null,null,null
Tue Oct 27 20:00:00 UTC 2026,1.1127167,-726619.17315,null,null,null,null,null,null,null,null,null,null
Tue Oct 27 21:00:00 UTC 2026,1.1127167,-708575.17315,null,null,null,null,null,null,null,null,null,null
Tue Oct 27 22:00:00 UTC 2026,1.1127167,-706515.17315,null,null,null,null,null,null,null,null,null,null
Tue Oct 27 23:00:00 UTC 2026,1.1127167,-717427.17315,null,null,null,null,null,null,null,null,null,null
Wed Oct 28 00:00:00 UTC 2026,1.1127167,-396585.17315,null,null,null,null,null,null,null,null,null,null
Wed Oct 28 01:00:00 UTC 2026,1.1127167,-399907.17315,null,null,null,null,null,null,null,null,null,null
Wed Oct 28 02:00:00 UTC 2026,1.1127167,-401057.17315,null,null,null,null,null,null,null,null,null,null
Wed Oct 28 03:00:00 UTC 2026,1.1127167,-400217.17315,null,null,null,null,null,null,null,null,null,null
Wed Oct 28 04:00:00 UTC 2026,1.1127167,-400768.17315,null,null,null,null,null,null,null,null,null,null
Wed Oct 28 05:00:00 UTC 2026,1.1127167,-391297.17315,null,null,null,null,null,null,null,null,null,null
Wed Oct 28 06:00:00 UTC 2026,1.1127167,-403432.17315,null,null,null,null,null,null,null,null,null,null
Wed Oct 28 07:00:00 UTC 2026,1.1127167,-402759.17315,null,null,null,null,null,null,null,null,null,null
Wed Oct 28 08:00:00 UTC 2026,1.1127167,-400526.17315,null,null,null,null,null,null,null,null,null,null
Wed Oct 28 09:00:00 UTC 2026,1.1127167,-400258.17315,null,null,null,null,null,null,null,null,null,null
Wed Oct 28 10:00:00 UTC 2026,1.1127167,-393106.17315,null,null,null,null,null,null,null,null,null,null
Wed Oct 28 11:00:00 UTC 2026,1.1127167,-393505.17315,null,null,null,null,null,null,null,null,null,null
Wed Oct 28 12:00:00 UTC 2026,1.1127167,-370243.17315,null,null,null,null,null,null,null,null,null,null
Wed Oct 28 13:00:00 UTC 2026,1.1127167,-374886.17315,null,null,null,null,null,null,null,null,null,null
Wed Oct 28 14:00:00 UTC 2026,1.1127167,-372976.17315,null,null,null,null,null,null,null,null,null,null
Wed Oct 28 15:00:00 UTC 2026,1.1127167,-392026.17315,null,null,null,null,null,null,null,null,null,null
Wed Oct 28 16:00:00 UTC 2026,1.1127167,-401754.17315,null,null,null,null,null,null,null,null,null,null
Wed Oct 28 17:00:00 UTC 2026,1.1127167,-383567.17315,null,null,null,null,null,null,null,null,null,null
Wed Oct 28 18:00:00 UTC 2026,1.1127167,-387399.17315,null,null,null,null,null,null,null,null,null,null
Wed Oct 28 19:00:00 UTC 2026,1.1127167,-383100.17315,null,null,null,null,null,null,null,null,null,null
Wed Oct 28 20:00:00 UTC 2026,1.1127167,-386373.17315,null,null,null,null,null,null,null,null,null,null
Wed Oct 28 21:00:00 UTC 2026,1.1127167,-373410.17315,null,null,null,null,null,null,null,null,null,null
Wed Oct 28 22:00:00 UTC 2026,1.1127167,-371025.17315,null,null,null,null,null,null,null,null,null,null
Wed Oct 28 23:00:00 UTC 2026,1.1127167,-374898.17315,null,null,null,null,null,null,null,null,null,null
Thu Oct 29 00:00:00 UTC 2026,1.1127167,-558179.1731499999,null,null,null,null,null,null,null,null,null,null
Thu Oct 29 01:00:00 UTC 2026,1.1127167,-564273.1731499999,null,null,null,null,null,null,null,null,null,null
Thu Oct 29 02:00:00 UTC 2026,1.1127167,-566989.1731499999,null,null,null,null,null,null,null,null,null,null
Thu Oct 29 03:00:00 UTC 2026,1.1127167,-569509.1731499999,null,null,null,null,null,null,null,null,null,null
Thu Oct 29 04:00:00 UTC 2026,1.1127167,-563840.1731499999,null,null,null,null,null,null,null,null,null,null
Thu Oct 29 05:00:00 UTC 2026,1.1127167,-567771.1731499999,null,null,null,null,null,null,null,null,null,null
Thu Oct 29 06:00:00 UTC 2026,1.1127167,-570682.1731499999,null,null,null,null,null,null,null,null,null,null
Thu Oct 29 07:00:00 UTC 2026,1.1127167,-563792.1731499999,null,null,null,null,null,null,null,null,null,null
Thu Oct 29 08:00:00 UTC 2026,1.1127167,-571402.1731499999,null,null,null,null,null,null,null,null,null,null
Thu Oct 29 09:00:00 UTC 2026,1.1127167,-558875.1731499999,null,null,null,null,null,null,null,null,null,null
Thu Oct 29 10:00:00 UTC 2026,1.1127167,-564193.1731499999,null,null,null,null,null,null,null,null,null,null
Thu Oct 29 11:00:00 UTC 2026,1.1127167,-568174.1731499999,null,null,null,null,null,null,null,null,null,null
Thu Oct 29 12:00:00 UTC 2026,1.1127167,-541724.1731499999,null,null,null,null,null,null,null,null,null,null
Thu Oct 29 13:00:00 UTC 2026,1.1127167,-546488.1731499999,null,null,null,null,null,null,null,null,null,null
Thu Oct 29 14:00:00 UTC 2026,1.1127167,-553351.1731499999,null,null,null,null,null,null,null,null,null,null
Thu Oct 29 15:00:00 UTC 2026,1.1127167,-543107.1731499999,null,null,null,null,null,null,null,null,null,null
Thu Oct 29 16:00:00 UTC 2026,1.1127167,-539967.1731499999,null,null,null,null,null,null,null,null,null,null
Thu Oct 29 17:00:00 UTC 2026,1.1127167,-534056.1731499999,null,null,null,null,null,null,null,null,null,null
Thu Oct 29 18:00:00 UTC 2026,1.1127167,-538002.1731499999,null,null,null,null,null,null,null,null,null,null
Thu Oct 29 19:00:00 UTC 2026,1.1127167,-536911.1731499999,null,null,null,null,null,null,null,null,null,null
Thu Oct 29 20:00:00 UTC 2026,1.1127167,-541890.1731499999,null,null,null,null,null,null,null,null,null,null
Thu Oct 29 21:00:00 UTC 2026,1.1127167,-542971.1731499999,null,null,null,null,null,null,null,null,null,null
Thu Oct 29 22:00:00 UTC 2026,1.1127167,-552521.1731499999,null,null,null,null,null,null,null,null,null,null
Thu Oct 29 23:00:00 UTC 2026,1.1127167,-550688.1731499999,null,null,null,null,null,null,null,null,null,null
Fri Oct 30 00:00:00 UTC 2026,1.1127167,-631435.1731499999,null,null,null,null,null,null,null,null,null,null
Fri Oct 30 01:00:00 UTC 2026,1.1127167,-617684.1731499999,null,null,null,null,null,null,null,null,null,null
Fri Oct 30 02:00:00 UTC 2026,1.1127167,-629290.1731499999,null,null,null,null,null,null,null,null,null,null
Fri Oct 30 03:00:00 UTC 2026,1.1127167,-620110.1731499999,null,null,null,null,null,null,null,null,null,null
Fri Oct 30 04:00:00 UTC 2026,1.1127167,-617734.1731499999,null,null,null,null,null,null,null,null,null,null
Fri Oct 30 05:00:00 UTC 2026,1.1127167,-611040.1731499999,null,null,null,null,null,null,null,null,null,null
Fri Oct 30 06:00:00 UTC 2026,1.1127167,-615894.1731499999,null,null,null,null,null,null,null,null,null,null
Fri Oct 30 07:00:00 UTC 2026,1.1127167,-609152.1731499999,null,null,null,null,null,null,null,null,null,null
Fri Oct 30 08:00:00 UTC 2026,1.1127167,-606444.1731499999,null,null,null,null,null,null,null,null,null,null
Fri Oct 30 09:00:00 UTC 2026,1.1127167,-598817.1731499999,null,null,null,null,null,null,null,null,null,null
Fri Oct 30 10:00:00 UTC 2026,1.1127167,-591144.1731499999,null,null,null,null,null,null,null,null,null,null
Fri Oct 30 11:00:00 UTC 2026,1.1127167,-592229.1731499999,null,null,null,null,null,null,null,null,null,null
Fri Oct 30 12:00:00 UTC 2026,1.1127167,-589322.1731499999,null,null,null,null,null,null,null,null,null,null
Fri Oct 30 13:00:00 UTC 2026,1.1127167,-587608.1731499999,null,null,null,null,null,null,null,null,null,null
Fri Oct 30 14:00:00 UTC 2026,1.1127167,-582798.1731499999,null,null,null,null,null,null,null,null,null,null
Fri Oct 30 15:00:00 UTC 2026,1.1127167,-569048.1731499999,null,null,null,null,null,null,null,null,null,null
Fri Oct 30 16:00:00 UTC 2026,1.1127167,-569908.1731499999,null,null,null,null,null,null,null,null,null,null
Fri Oct 30 17:00:00 UTC 2026,1.1127167,-579375.1731499999,null,null,null,null,null,null,null,null,null,null
Fri Oct 30 18:00:00 UTC 2026,1.1127167,-576501.1731499999,null,null,null,null,null,null,null,null,null,null
Fri Oct 30 19:00:00 UTC 2026,1.1127167,-587447.1731499999,null,null,null,null,null,null,null,null,null,null
Fri Oct 30 20:00:00 UTC 2026,1.1127167,-597416.1731499999,null,null,null,null,null,null,null,null,null,null
Fri Oct 30 21:00:00 UTC 2026,1.1127167,-597416.1731499999,null,null,null,null,null,null,null,null,null,null
Fri Oct 30 22:00:00 UTC 2026,1.1127167,-597416.1731499999,null,null,null,null,null,null,null,null,null,null
Fri Oct 30 23:00:00 UTC 2026,1.1127167,-597416.1731499999,null,null,null,null,null,null,null,null,null,null
Sat Oct 31 00:00:00 UTC 2026,1.1127167,-597416.1731499999,null,null,null,null,null,null,null,null,null,null
Sat Oct 31 01:00:00 UTC 2026,1.1127167,-597416.1731499999,null,null,null,null,null,null,null,null,null,null
Sat Oct 31 02:00:00 UTC 2026,1.1127167,-597416.1731499999,null,null,null,null,null,null,null,null,null,null
Sat Oct 31 03:00:00 UTC 2026,1.1127167,-597416.1731499999,null,null,null,null,null,null,null,null,null,null
Sat Oct 31 04:00:00 UTC 2026,1.1127167,-597416.1731499999,null,null,null,null,null,null,null,null,null,null
Sat Oct 31 05:00:00 UTC 2026,1.1127167,-597416.1731499999,null,null,null,null,null,null,null,null,null,null
Sat Oct 31 06:00:00 UTC 2026,1.1127167,-597416.1731499999,null,null,null,null,null,null,null,null,null,null
Sat Oct 31 07:00:00 UTC 2026,1.1127167,-597416.1731499999,null,null,null,null,null,null,null,null,null,null
Sat Oct 31 08:00:00 UTC 2026,1.1127167,-597416.1731499999,null,null,null,null,null,null,null,null,null,null
Sat Oct 31 09:00:00 UTC 2026,1.1127167,-597416.1731499999,null,null,null,null,null,null,null,null,null,null
Sat Oct 31 10:00:00 UTC 2026,1.1127167,-597416.1731499999,null,null,null,null,null,null,null,null,null,null
Sat Oct 31 11:00:00 UTC 2026,1.1127167,-597416.1731499999,null,null,null,null,null,null,null,null,null,null
Sat Oct 31 12:00:00 UTC 2026,1.1127167,-597416.1731499999,null,null,null,null,null,null,null,null,null,null
Sat Oct 31 13:00:00 UTC 2026,1.1127167,-597416.1731499999,null,null,null,null,null,null,null,null,null,null
Sat Oct 31 14:00:00 UTC 2026,1.1127167,-597416.1731499999,null,null,null,null,null,null,null,null,null,null
Sat Oct 31 15:00:00 UTC 2026,1.1127167,-597416.1731499999,null,null,null,null,null,null,null,null,null,null
Sat Oct 31 16:00:00 UTC 2026,1.1127167,-597416.1731499999,null,null,null,null,null,null,null,null,null,null
Sat Oct 31 17:00:00 UTC 2026,1.1127167,-597416.1731499999,null,null,null,null,null,null,null,null,null,null
Sat Oct 31 18:00:00 UTC 2026,1.1127167,-597416.1731499999,null,null,null,null,null,null,null,null,null,null
Sat Oct 31 19:00:00 UTC 2026,1.1127167,-597416.1731499999,null,null,null,null,null,null,null,null,null,null
Sat Oct 31 20:00:00 UTC 2026,1.1127167,-597416.1731499999,null,null,null,null,null,null,null,null,null,null
Sat Oct 31 21:00:00 UTC 2026,1.1127167,-597416.1731499999,null,null,null,null,null,null,null,null,null,null
Sat Oct 31 22:00:00 UTC 2026,1.1127167,-597416.1731499999,null,null,null,null,null,null,null,null,null,null
Sat Oct 31 23:00:00 UTC 2026,1.1127167,-597416.1731499999,null,null,null,null,null,null,null,null,null,null
Sun Nov 01 00:00:00 UTC 2026,1.1127167,-597416.1731499999,null,null,null,null,null,null,null,null,null,null
Sun Nov 01 01:00:00 UTC 2026,1.1127167,-597416.1731499999,null,null,null,null,null,null,null,null,null,null
Sun Nov 01 02:00:00 UTC 2026,1.1127167,-597416.1731499999,null,null,null,null,null,null,null,null,null,null
Sun Nov 01 03:00:00 UTC 2026,1.1127167,-597416.1731499999,null,null,null,null,null,null,null,null,null,null
Sun Nov 01 04:00:00 UTC 2026,1.1127167,-597416.1731499999,null,null,null,null,null,null,null,null,null,null
Sun Nov 01 05:00:00 UTC 2026,1.1127167,-597416.1731499999,null,null,null,null,null,null,null,null,null,null
Sun Nov 01 06:00:00 UTC 2026,1.1127167,-597416.1731499999,null,null,null,null,null,null,null,null,null,null
Sun Nov 01 07:00:00 UTC 2026,1.1127167,-597416.1731499999,null,null,null,null,null,null,null,null,null,null
Sun Nov 01 08:00:00 UTC 2026,1.1127167,-597416.1731499999,null,null,null,null,null,null,null,null,null,null
Sun Nov 01 09:00:00 UTC 2026,1.1127167,-597416.1731499999,null,null,null,null,null,null,null,null,null,null
Sun Nov 01 10:00:00 UTC 2026,1.1127167,-597416.1731499999,null,null,null,null,null,null,null,null,null,null
Sun Nov 01 11:00:00 UTC 2026,1.1127167,-597416.1731499999,null,null,null,null,null,null,null,null,null,null
Sun Nov 01 12:00:00 UTC 2026,1.1127167,-597416.1731499999,null,null,null,null,null,null,null,null,null,null
Sun Nov 01 13:00:00 UTC 2026,1.1127167,-597416.1731499999,null,null,null,null,null,null,null,null,null,null
Sun Nov 01 14:00:00 UTC 2026,1.1127167,-597416.1731499999,null,null,null,null,null,null,null,null,null,null
Sun Nov 01 15:00:00 UTC 2026,1.1127167,-597416.1731499999,null,null,null,null,null,null,null,null,null,null
Sun Nov 01 16:00:00 UTC 2026,1.1127167,-597416.1731499999,null,null,null,null,null,null,null,null,null,null
Sun Nov 01 17:00:00 UTC 2026,1.1127167,-597416.1731499999,null,null,null,null,null,null,null,null,null,null
Sun Nov 01 18:00:00 UTC 2026,1.1127167,-597416.1731499999,null,null,null,null,null,null,null,null,null,null
Sun Nov 01 19:00:00 UTC 2026,1.1127167,-597416.1731499999,null,null,null,null,null,null,null,null,null,null
Sun Nov 01 20:00:00 UTC 2026,1.1127167,-597416.1731499999,null,null,null,null,null,null,null,null,null,null
Sun Nov 01 21:00:00 UTC 2026,1.1127167,-396938.17315,null,null,null,null,null,null,null,null,null,null
Sun Nov 01 22:00:00 UTC 2026,1.1127167,-421116.17315,null,null,null,null,null,null,null,null,null,null
Sun Nov 01 23:00:00 UTC 2026,1.1127167,-445695.17315,null,null,null,null,null,null,null,null,null,null
Mon Nov 02 00:00:00 UTC 2026,1.1127167,-463490.17315,null,null,null,null,null,null,null,null,null,null
Mon Nov 02 01:00:00 UTC 2026,1.1127167,-476733.17315,null,null,null,null,null,null,null,null,null,null
Mon Nov 02 02:00:00 UTC 2026,1.1127167,-471611.17315,null,null,null,null,null,null,null,null,null,null
Mon Nov 02 03:00:00 UTC 2026,1.1127167,-470665.17315,null,null,null,null,null,null,null,null,null,null
Mon Nov 02 04:00:00 UTC 2026,1.1127167,-473735.17315,null,null,null,null,null,null,null,null,null,null
Mon Nov 02 05:00:00 UTC 2026,1.1127167,-469945.17315,null,null,null,null,null,null,null,null,null,null
Mon Nov 02 06:00:00 UTC 2026,1.1127167,-466688.17315,null,null,null,null,null,null,null,null,null,null
Mon Nov 02 07:00:00 UTC 2026,1.1127167,-474509.17315,null,null,null,null,null,null,null,null,null,null
Mon Nov 02 08:00:00 UTC 2026,1.1127167,-471709.17315,null,null,null,null,null,null,null,null,null,null
Mon Nov 02 09:00:00 UTC 2026,1.1127167,-478757.17315,null,null,null,null,null,null,null,null,null,null
Mon Nov 02 10:00:00 UTC 2026,1.1127167,-472013.17315,null,null,null,null,null,null,null,null,null,null
Mon Nov 02 11:00:00 UTC 2026,1.1127167,-475178.17315,null,null,null,null,null,null,null,null,null,null
Mon Nov 02 12:00:00 UTC 2026,1.1127167,-474943.17315,null,null,null,null,null,null,null,null,null,null
Mon Nov 02 13:00:00 UTC 2026,1.1127167,-464665.17315,null,null,null,null,null,null,null,null,null,null
Mon Nov 02 14:00:00 UTC 2026,1.1127167,-476546.17315,null,null,null,null,null,null,null,null,null,null
Mon Nov 02 15:00:00 UTC 2026,1.1127167,-494262.17315,null,null,null,null,null,null,null,null,null,null
Mon Nov 02 16:00:00 UTC 2026,1.1127167,-498474.17315,null,null,null,null,null,null,null,null,null,null
Mon Nov 02 17:00:00 UTC 2026,1.1127167,-510781.17315,null,null,null,null,null,null,null,null,null,null
Mon Nov 02 18:00:00 UTC 2026,1.1127167,-505571.17315,null,null,null,null,null,null,null,null,null,null
Mon Nov 02 19:00:00 UTC 2026,1.1127167,-514428.17315,null,null,null,null,null,null,null,null,null,null
Mon Nov 02 20:00:00 UTC 2026,1.1127167,-510968.17315,null,null,null,null,null,null,null,null,null,null
Mon Nov 02 21:00:00 UTC 2026,1.1127167,-514093.17315,null,null,null,null,null,null,null,null,null,null
Mon Nov 02 22:00:00 UTC 2026,1.1127167,-551894.1731499999,null,null,null,null,null,null,null,null,null,null
Mon Nov 02 23:00:00 UTC 2026,1.1127167,-522541.17315,null,null,null,null,null,null,null,null,null,null
Tue Nov 03 00:00:00 UTC 2026,1.1127167,-637166.1731499999,null,null,null,null,null,null,null,null,null,null
Tue Nov 03 01:00:00 UTC 2026,1.1127167,-636697.1731499999,null,null,null,null,null,null,null,null,null,null
Tue Nov 03 02:00:00 UTC 2026,1.1127167,-643421.1731499999,null,null,null,null,null,null,null,null,null,null
Tue Nov 03 03:00:00 UTC 2026,1.1127167,-648685.1731499999,null,null,null,null,null,null,null,null,null,null
Tue Nov 03 04:00:00 UTC 2026,1.1127167,-642814.1731499999,null,null,null,null,null,null,null,null,null,null
Tue Nov 03 05:00:00 UTC 2026,1.1127167,-650299.1731499999,null,null,null,null,null,null,null,null,null,null
Tue Nov 03 06:00:00 UTC 2026,1.1127167,-649649.1731499999,null,null,null,null,null,null,null,null,null,null
Tue Nov 03 07:00:00 UTC 2026,1.1127167,-630263.1731499999,null,null,null,null,null,null,null,null,null,null
Tue Nov 03 08:00:00 UTC 2026,1.1127167,-825264.17315,null,null,null,null,null,null,null,null,null,null
Tue Nov 03 09:00:00 UTC 2026,1.1127167,-826400.17315,null,null,null,null,null,null,null,null,null,null
Tue Nov 03 10:00:00 UTC 2026,1.1127167,-825831.17315,null,null,null,null,null,null,null,null,null,null
Tue Nov 03 11:00:00 UTC 2026,1.1127167,-825591.17315,null,null,null,null,null,null,null,null,null,null
Tue Nov 03 12:00:00 UTC 2026,1.1127167,-826285.17315,null,null,null,null,null,null,null,null,null,null
Tue Nov 03 13:00:00 UTC 2026,1.1127167,-826247.17315,null,null,null,null,null,null,null,null,null,null
Tue Nov 03 14:00:00 UTC 2026,1.1127167,-824784.17315,null,null,null,null,null,null,null,null,null,null
Tue Nov 03 15:00:00 UTC 2026,1.1127167,-824269.17315,null,null,null,null,null,null,null,null,null,null
Tue Nov 03 16:00:00 UTC 2026,1.1127167,-825067.17315,null,null,null,null,null,null,null,null,null,null
Tue Nov 03 17:00:00 UTC 2026,1.1127167,-826138.17315,null,null,null,null,null,null,null,null,null,null
Tue Nov 03 18:00:00 UTC 2026,1.1127167,-826454.17315,null,null,null,null,null,null,null,null,null,null
Tue Nov 03 19:00:00 UTC 2026,1.1127167,-826084.17315,null,null,null,null,null,null,null,null,null,null
Tue Nov 03 20:00:00 UTC 2026,1.1127167,-826498.17315,null,null,null,null,null,null,null,null,null,null
Tue Nov 03 21:00:00 UTC 2026,1.1127167,-826138.17315,null,null,null,null,null,null,null,null,null,null
Tue Nov 03 22:00:00 UTC 2026,1.1127167,-826258.17315,null,null,null,null,null,null,null,null,null,null
Tue Nov 03 23:00:00 UTC 2026,1.1127167,-828084.17315,null,null,null,null,null,null,null,null,null,null
Wed Nov 04 00:00:00 UTC 2026,1.1127167,-828875.17315,null,null,null,null,null,null,null,null,null,null
Wed Nov 04 01:00:00 UTC 2026,1.1127167,-826814.17315,null,null,null,null,null,null,null,null,null,null
Wed Nov 04 02:00:00 UTC 2026,1.1127167,-826814.17315,null,null,null,null,null,null,null,null,null,null
Wed Nov 04 03:00:00 UTC 2026,1.1127167,-825427.17315,null,null,null,null,null,null,null,null,null,null
Wed Nov 04 04:00:00 UTC 2026,1.1127167,-825427.17315,null,null,null,null,null,null,null,null,null,null
Wed Nov 04 05:00:00 UTC 2026,1.1127167,-825743.17315,null,null,null,null,null,null,null,null,null,null
Wed Nov 04 06:00:00 UTC 2026,1.1127167,-824629.17315,null,null,null,null,null,null,null,null,null,null
Wed Nov 04 07:00:00 UTC 2026,1.1127167,-825262.17315,null,null,null,null,null,null,null,null,null,null
Wed Nov 04 08:00:00 UTC 2026,1.1127167,-825185.17315,null,null,null,null,null,null,null,null,null,null
Wed Nov 04 09:00:00 UTC 2026,1.1127167,-824771.17315,null,null,null,null,null,null,null,null,null,null
Wed Nov 04 10:00:00 UTC 2026,1.1127167,-824114.17315,null,null,null,null,null,null,null,null,null,null
Wed Nov 04 11:00:00 UTC 2026,1.1127167,-823980.17315,null,null,null,null,null,null,null,null,null,null
Wed Nov 04 12:00:00 UTC 2026,1.1127167,-824296.17315,null,null,null,null,null,null,null,null,null,null
Wed Nov 04 13:00:00 UTC 2026,1.1127167,-823514.17315,null,null,null,null,null,null,null,null,null,null
Wed Nov 04 14:00:00 UTC 2026,1.1127167,-822567.17315,null,null,null,null,null,null,null,null,null,null
Wed Nov 04 15:00:00 UTC 2026,1.1127167,-822847.17315,null,null,null,null,null,null,null,null,null,null
Wed Nov 04 16:00:00 UTC 2026,1.1127167,-823654.17315,null,null,null,null,null,null,null,null,null,null
Wed Nov 04 17:00:00 UTC 2026,1.1127167,-820637.17315,null,null,null,null,null,null,null,null,null,null
Wed Nov 04 18:00:00 UTC 2026,1.1127167,-821407.17315,null,null,null,null,null,null,null,null,null,null
Wed Nov 04 19:00:00 UTC 2026,1.1127167,-821127.17315,null,null,null,null,null,null,null,null,null,null
Wed Nov 04 20:00:00 UTC 2026,1.1127167,-821514.17315,null,null,null,null,null,null,null,null,null,null
Wed Nov 04 21:00:00 UTC 2026,1.1127167,-821514.17315,null,null,null,null,null,null,null,null,null,null
Wed Nov 04 22:00:00 UTC 2026,1.1127167,-821900.17315,null,null,null,null,null,null,null,null,null,null
Wed Nov 04 23:00:00 UTC 2026,1.1127167,-822921.17315,null,null,null,null,null,null,null,null,null,null
Thu Nov 05 00:00:00 UTC 2026,1.1127167,-824288.17315,null,null,null,null,null,null,null,null,null,null
Thu Nov 05 01:00:00 UTC 2026,1.1127167,-823374.17315,null,null,null,null,null,null,null,null,null,null
Thu Nov 05 02:00:00 UTC 2026,1.1127167,-822707.17315,null,null,null,null,null,null,null,null,null,null
Thu Nov 05 03:00:00 UTC 2026,1.1127167,-823094.17315,null,null,null,null,null,null,null,null,null,null
Thu Nov 05 04:00:00 UTC 2026,1.1127167,-823761.17315,null,null,null,null,null,null,null,null,null,null
Thu Nov 05 05:00:00 UTC 2026,1.1127167,-823094.17315,null,null,null,null,null,null,null,null,null,null
Thu Nov 05 06:00:00 UTC 2026,1.1127167,-822567.17315,null,null,null,null,null,null,null,null,null,null
Thu Nov 05 07:00:00 UTC 2026,1.1127167,-822320.17315,null,null,null,null,null,null,null,null,null,null
Thu Nov 05 08:00:00 UTC 2026,1.1127167,-822707.17315,null,null,null,null,null,null,null,null,null,null
Thu Nov 05 09:00:00 UTC 2026,1.1127167,-822180.17315,null,null,null,null,null,null,null,null,null,null
Thu Nov 05 10:00:00 UTC 2026,1.1127167,-821233.17315,null,null,null,null,null,null,null,null,null,null
Thu Nov 05 11:00:00 UTC 2026,1.1127167,-822287.17315,null,null,null,null,null,null,null,null,null,null
Thu Nov 05 12:00:00 UTC 2026,1.1127167,-822427.17315,null,null,null,null,null,null,null,null,null,null
Thu Nov 05 13:00:00 UTC 2026,1.1127167,-823429.17315,null,null,null,null,null,null,null,null,null,null
Thu Nov 05 14:00:00 UTC 2026,1.1127167,-822147.17315,null,null,null,null,null,null,null,null,null,null
Thu Nov 05 15:00:00 UTC 2026,1.1127167,-822886.17315,null,null,null,null,null,null,null,null,null,null
Thu Nov 05 16:00:00 UTC 2026,1.1127167,-823507.17315,null,null,null,null,null,null,null,null,null,null
Thu Nov 05 17:00:00 UTC 2026,1.1127167,-822649.17315,null,null,null,null,null,null,null,null,null,null
Thu Nov 05 18:00:00 UTC 2026,1.1127167,-822375.17315,null,null,null,null,null,null,null,null,null,null
Thu Nov 05 19:00:00 UTC 2026,1.1127167,-821290.17315,null,null,null,null,null,null,null,null,null,null
Thu Nov 05 20:00:00 UTC 2026,1.1127167,-822202.17315,null,null,null,null,null,null,null,null,null,null
Thu Nov 05 21:00:00 UTC 2026,1.1127167,-822202.17315,null,null,null,null,null,null,null,null,null,null
Thu Nov 05 22:00:00 UTC 2026,1.1127167,-821408.17315,null,null,null,null,null,null,null,null,null,null
Thu Nov 05 23:00:00 UTC 2026,1.1127167,-820906.17315,null,null,null,null,null,null,null,null,null,null
Fri Nov 06 00:00:00 UTC 2026,1.1127167,-822028.17315,null,null,null,null,null,null,null,null,null,null
Fri Nov 06 01:00:00 UTC 2026,1.1127167,-820975.17315,null,null,null,null,null,null,null,null,null,null
Fri Nov 06 02:00:00 UTC 2026,1.1127167,-821642.17315,null,null,null,null,null,null,null,null,null,null
Fri Nov 06 03:00:00 UTC 2026,1.1127167,-821642.17315,null,null,null,null,null,null,null,null,null,null
Fri Nov 06 04:00:00 UTC 2026,1.1127167,-822308.17315,null,null,null,null,null,null,null,null,null,null
Fri Nov 06 05:00:00 UTC 2026,1.1127167,-821362.17315,null,null,null,null,null,null,null,null,null,null
Fri Nov 06 06:00:00 UTC 2026,1.1127167,-821642.17315,null,null,null,null,null,null,null,null,null,null
Fri Nov 06 07:00:00 UTC 2026,1.1127167,-821922.17315,null,null,null,null,null,null,null,null,null,null
Fri Nov 06 08:00:00 UTC 2026,1.1127167,-822028.17315,null,null,null,null,null,null,null,null,null,null
Fri Nov 06 09:00:00 UTC 2026,1.1127167,-821988.17315,null,null,null,null,null,null,null,null,null,null
Fri Nov 06 10:00:00 UTC 2026,1.1127167,-821408.17315,null,null,null,null,null,null,null,null,null,null
Fri Nov 06 11:00:00 UTC 2026,1.1127167,-822081.17315,null,null,null,null,null,null,null,null,null,null
Fri Nov 06 12:00:00 UTC 2026,1.1127167,-822081.17315,null,null,null,null,null,null,null,null,null,null
Fri Nov 06 13:00:00 UTC 2026,1.1127167,-827104.17315,null,null,null,null,null,null,null,null,null,null
Fri Nov 06 14:00:00 UTC 2026,1.1127167,-827104.17315,null,null,null,null,null,null,null,null,null,null
Fri Nov 06 15:00:00 UTC 2026,1.1127167,-826617.17315,null,null,null,null,null,null,null,null,null,null
Fri Nov 06 16:00:00 UTC 2026,1.1127167,-826617.17315,null,null,null,null,null,null,null,null,null,null
Fri Nov 06 17:00:00 UTC 2026,1.1127167,-826617.17315,null,null,null,null,null,null,null,null,null,null
Fri Nov 06 18:00:00 UTC 2026,1.1127167,-826617.17315,null,null,null,null,null,null,null,null,null,null
Fri Nov 06 19:00:00 UTC 2026,1.1127167,-826617.17315,null,null,null,null,null,null,null,null,null,null
Fri Nov 06 20:00:00 UTC 2026,1.1127167,-826617.17315,null,null,null,null,null,null,null,null,null,null
