date,P_Kweek_40_Kday_35_ETE_59_ORD_60_EXT_71_E2Ekor_69_EXTkor_57_DIFF_24,a,b,c,d,e,f,g,h,i,j
Mon Sep 14 12:00:00 UTC 2026,-0.13284999999999947,0.8671499999999988,null,null,null,null,612.6800272635816,null,812.6800272635815,912.6800272635815
Mon Sep 14 13:00:00 UTC 2026,130.25369151834565,-0.13284999999999947,99.86715,null,299.86715,null,599.86715,null,799.86715,899.86715
Mon Sep 14 14:00:00 UTC 2026,94.84469703639063,1.8671499999999988,109.20838222748814,null,309.20838222748813,null,null,null,null,null
Mon Sep 14 15:00:00 UTC 2026,70.78750997267576,1.8671499999999988,118.54961445497631,null,318.54961445497634,null,null,null,null,null
Mon Sep 14 16:00:00 UTC 2026,127.5181106725554,1.8671499999999988,127.89084668246446,null,327.8908466824644,null,null,null,null,null
Mon Sep 14 17:00:00 UTC 2026,169.25704586418604,2.8671499999999988,137.2320789099526,null,337.2320789099526,null,null,null,null,null
Mon Sep 14 18:00:00 UTC 2026,236.5034240772482,2.8671499999999988,146.57331113744075,null,346.5733111374407,null,null,null,null,null
Mon Sep 14 19:00:00 UTC 2026,364.22831936726436,2.8671499999999988,155.9145433649289,null,355.91454336492893,null,null,null,null,null
Mon Sep 14 20:00:00 UTC 2026,593.6701864384744,3.8671499999999988,165.25577559241708,null,365.255775592417,null,null,null,null,null
Mon Sep 14 21:00:00 UTC 2026,548.5643825135759,2.8671499999999988,174.59700781990523,null,374.59700781990523,null,null,null,null,null
Mon Sep 14 22:00:00 UTC 2026,653.3866082278154,2.8671499999999988,183.93824004739338,null,383.9382400473934,null,null,null,null,null
Mon Sep 14 23:00:00 UTC 2026,677.7167846482713,3.8671499999999988,193.2794722748815,null,393.27947227488147,null,null,null,null,null
Tue Sep 15 00:00:00 UTC 2026,623.2383461415935,3.8671499999999988,202.62070450236968,null,402.6207045023696,null,null,null,null,null
Tue Sep 15 01:00:00 UTC 2026,540.0164032803032,2.8671499999999988,211.9619367298578,null,411.9619367298578,null,null,null,null,null
Tue Sep 15 02:00:00 UTC 2026,473.418374789521,2.8671499999999988,221.30316895734597,null,421.303168957346,null,null,null,null,null
Tue Sep 15 03:00:00 UTC 2026,634.6811500120807,2.8671499999999988,230.64440118483412,null,430.6444011848341,null,null,null,null,null
Tue Sep 15 04:00:00 UTC 2026,572.1609000377722,1.8671499999999988,239.98563341232227,null,439.9856334123223,null,null,null,null,null
Tue Sep 15 05:00:00 UTC 2026,376.29103656871035,2.8671499999999988,249.32686563981042,null,449.3268656398104,null,null,null,null,null
Tue Sep 15 06:00:00 UTC 2026,410.29527331905604,2.8671499999999988,258.66809786729857,null,458.66809786729857,null,null,null,null,null
Tue Sep 15 07:00:00 UTC 2026,404.4430639836852,11.867149999999999,268.0093300947868,null,468.0093300947867,null,null,null,null,null
Tue Sep 15 08:00:00 UTC 2026,426.361834419515,940.86715,277.35056232227487,null,477.35056232227487,null,null,null,null,null
Tue Sep 15 09:00:00 UTC 2026,391.7263097816917,917.86715,286.691794549763,null,486.691794549763,null,null,null,null,null
Tue Sep 15 10:00:00 UTC 2026,450.17446851779385,922.86715,296.03302677725117,null,496.03302677725117,null,null,null,null,null
Tue Sep 15 11:00:00 UTC 2026,592.1346213067459,906.86715,305.3742590047393,null,505.3742590047393,null,null,null,null,null
Tue Sep 15 12:00:00 UTC 2026,599.1129117387015,897.86715,314.71549123222746,null,514.7154912322275,null,null,null,null,null
Tue Sep 15 13:00:00 UTC 2026,655.1269153771078,899.86715,324.0567234597156,null,524.0567234597156,null,null,null,null,null
Tue Sep 15 14:00:00 UTC 2026,515.6407286337239,872.86715,333.39795568720376,null,533.3979556872039,null,null,null,null,null
Tue Sep 15 15:00:00 UTC 2026,549.2297940706583,877.86715,342.7391879146919,null,542.7391879146919,null,null,null,null,null
Tue Sep 15 16:00:00 UTC 2026,614.9690435433292,859.86715,352.08042014218006,null,552.0804201421801,null,null,null,null,null
Tue Sep 15 17:00:00 UTC 2026,799.253921185266,857.86715,361.42165236966827,null,561.4216523696682,null,null,null,null,null
Tue Sep 15 18:00:00 UTC 2026,771.1758283877358,858.86715,370.7628845971564,null,570.7628845971565,null,null,null,null,null
Tue Sep 15 19:00:00 UTC 2026,800.3800022818668,847.86715,380.10411682464456,null,580.1041168246445,null,null,null,null,null
Tue Sep 15 20:00:00 UTC 2026,759.6989008476438,834.86715,389.44534905213266,null,589.4453490521327,null,null,null,null,null
Tue Sep 15 21:00:00 UTC 2026,644.3040248375634,814.86715,398.78658127962086,null,598.7865812796208,null,null,null,null,null
Tue Sep 15 22:00:00 UTC 2026,648.302181458325,826.86715,408.127813507109,null,608.1278135071091,null,null,null,null,null
Tue Sep 15 23:00:00 UTC 2026,691.1273867986844,843.86715,417.46904573459716,null,617.4690457345971,null,null,null,null,null
Wed Sep 16 00:00:00 UTC 2026,718.4263224738154,845.86715,426.8102779620853,null,626.8102779620853,null,null,null,null,null
Wed Sep 16 01:00:00 UTC 2026,648.9277820675513,843.86715,436.1515101895735,null,636.1515101895734,null,null,null,null,null
Wed Sep 16 02:00:00 UTC 2026,705.4763898629209,844.86715,445.4927424170616,null,645.4927424170617,null,null,null,null,null
Wed Sep 16 03:00:00 UTC 2026,741.7271015281848,856.86715,454.83397464454976,null,654.8339746445497,null,null,null,null,null
Wed Sep 16 04:00:00 UTC 2026,748.8305120819922,860.86715,464.1752068720379,null,664.175206872038,null,null,null,null,null
Wed Sep 16 05:00:00 UTC 2026,772.734142632518,865.86715,473.51643909952605,null,673.516439099526,null,null,null,null,null
Wed Sep 16 06:00:00 UTC 2026,740.9820680753903,881.86715,482.85767132701426,null,682.8576713270143,null,null,null,null,null
Wed Sep 16 07:00:00 UTC 2026,747.8011147159057,883.86715,492.19890355450235,null,692.1989035545023,null,null,null,null,null
Wed Sep 16 08:00:00 UTC 2026,769.1795937164886,886.86715,501.5401357819905,null,701.5401357819906,null,null,null,null,null
Wed Sep 16 09:00:00 UTC 2026,737.427519159361,855.86715,510.88136800947865,null,710.8813680094786,null,null,null,null,null
Wed Sep 16 10:00:00 UTC 2026,825.2220337462322,848.86715,520.2226002369669,null,720.2226002369669,null,null,null,null,null
Wed Sep 16 11:00:00 UTC 2026,853.049886300059,846.86715,529.563832464455,null,729.5638324644549,null,null,null,null,null
Wed Sep 16 12:00:00 UTC 2026,850.4166764630668,863.86715,538.9050646919432,null,738.9050646919432,null,null,null,null,null
Wed Sep 16 13:00:00 UTC 2026,834.2591189103447,798.86715,548.2462969194312,null,748.2462969194313,null,null,null,null,null
Wed Sep 16 14:00:00 UTC 2026,940.86715,803.86715,557.5875291469195,null,757.5875291469195,null,null,null,null,null
Wed Sep 16 15:00:00 UTC 2026,921.7010222447467,793.86715,566.9287613744076,null,766.9287613744076,null,null,null,null,null
Wed Sep 16 16:00:00 UTC 2026,857.7305163126892,788.86715,576.2699936018957,null,776.2699936018956,null,null,null,null,null
Wed Sep 16 17:00:00 UTC 2026,718.2557041258402,784.86715,585.6112258293839,null,785.6112258293838,null,null,null,null,null
Wed Sep 16 18:00:00 UTC 2026,645.2538003079378,782.86715,594.9524580568719,null,794.952458056872,null,null,null,null,null
Wed Sep 16 19:00:00 UTC 2026,746.7262191236956,800.86715,604.2936902843601,null,804.2936902843602,null,null,null,null,null
Wed Sep 16 20:00:00 UTC 2026,703.9123883398712,798.86715,613.6349225118483,null,813.6349225118483,null,null,null,null,null
Wed Sep 16 21:00:00 UTC 2026,701.694349816258,832.86715,622.9761547393366,null,822.9761547393365,null,null,null,null,null
Wed Sep 16 22:00:00 UTC 2026,672.0806918870154,848.86715,632.3173869668246,null,832.3173869668246,null,null,null,null,null
Wed Sep 16 23:00:00 UTC 2026,816.3385050952766,820.86715,641.6586191943129,null,841.6586191943129,null,null,null,null,null
Thu Sep 17 00:00:00 UTC 2026,868.5079086261102,876.86715,650.9998514218009,null,850.9998514218009,null,null,null,null,null
Thu Sep 17 01:00:00 UTC 2026,741.2038719277565,847.86715,660.3410836492891,null,860.341083649289,null,null,null,null,null
Thu Sep 17 02:00:00 UTC 2026,689.9387456411577,870.86715,669.6823158767772,null,869.6823158767772,null,null,null,null,null
Thu Sep 17 03:00:00 UTC 2026,704.9076620363529,851.86715,679.0235481042653,null,879.0235481042654,null,null,null,null,null
Thu Sep 17 04:00:00 UTC 2026,765.8070377049532,872.86715,688.3647803317535,null,888.3647803317534,null,null,null,null,null
Thu Sep 17 05:00:00 UTC 2026,523.1422486661239,860.86715,697.7060125592417,null,897.7060125592417,null,null,null,null,null
Thu Sep 17 06:00:00 UTC 2026,676.4940198211559,855.86715,707.0472447867298,null,907.0472447867298,null,null,null,null,null
Thu Sep 17 07:00:00 UTC 2026,648.8993456762141,850.86715,716.388477014218,null,916.3884770142181,null,null,null,null,null
Thu Sep 17 08:00:00 UTC 2026,621.3842934269844,888.86715,725.7297092417061,null,925.7297092417061,null,null,null,null,null
Thu Sep 17 09:00:00 UTC 2026,594.4834672304622,893.86715,735.0709414691943,null,935.0709414691943,null,null,null,null,null
Thu Sep 17 10:00:00 UTC 2026,530.5072740201373,825.86715,744.4121736966824,null,944.4121736966824,null,null,null,null,null
Thu Sep 17 11:00:00 UTC 2026,575.9088164148304,786.86715,753.7534059241706,null,953.7534059241706,null,null,null,null,null
Thu Sep 17 12:00:00 UTC 2026,569.3855082441421,815.86715,763.0946381516587,null,963.0946381516586,null,null,null,null,null
Thu Sep 17 13:00:00 UTC 2026,563.2204986041743,814.86715,772.435870379147,null,972.435870379147,null,null,null,null,null
Thu Sep 17 14:00:00 UTC 2026,539.5443591842659,787.86715,781.777102606635,null,981.7771026066351,null,null,null,null,null
Thu Sep 17 15:00:00 UTC 2026,501.34859835214576,794.86715,791.1183348341233,null,991.1183348341233,null,null,null,null,null
Thu Sep 17 16:00:00 UTC 2026,311.9679193841837,804.86715,800.4595670616113,null,1000.4595670616114,null,null,null,null,null
Thu Sep 17 17:00:00 UTC 2026,401.6619849117876,806.86715,809.8007992890995,null,1009.8007992890995,null,null,null,null,null
Thu Sep 17 18:00:00 UTC 2026,299.1203577820872,815.86715,819.1420315165876,null,1019.1420315165876,null,null,null,null,null
Thu Sep 17 19:00:00 UTC 2026,349.685948841999,821.86715,828.4832637440758,null,1028.4832637440759,null,null,null,null,null
Thu Sep 17 20:00:00 UTC 2026,236.78210071227278,815.86715,837.8244959715639,null,1037.824495971564,null,null,null,null,null
Thu Sep 17 21:00:00 UTC 2026,263.78529791759297,866.86715,847.1657281990521,null,1047.165728199052,null,null,null,null,null
Thu Sep 17 22:00:00 UTC 2026,399.4723827795116,877.86715,856.5069604265403,null,1056.5069604265404,null,null,null,null,null
Thu Sep 17 23:00:00 UTC 2026,448.90051818628757,842.86715,865.8481926540285,null,1065.8481926540285,null,null,null,null,null
Fri Sep 18 00:00:00 UTC 2026,526.4181209471286,843.86715,875.1894248815166,null,1075.1894248815167,null,null,null,null,null
Fri Sep 18 01:00:00 UTC 2026,526.5546156255153,860.86715,884.5306571090047,null,1084.5306571090048,null,null,null,null,null
Fri Sep 18 02:00:00 UTC 2026,521.1858249427329,854.86715,893.8718893364928,null,1093.8718893364928,null,null,null,null,null
Fri Sep 18 03:00:00 UTC 2026,606.7281773364022,891.86715,903.213121563981,null,1103.213121563981,null,null,null,null,null
Fri Sep 18 04:00:00 UTC 2026,577.5296907205546,849.86715,912.5543537914691,null,1112.554353791469,null,null,null,null,null
Fri Sep 18 05:00:00 UTC 2026,588.6312578951075,846.86715,921.8955860189573,null,1121.8955860189571,null,null,null,null,null
Fri Sep 18 06:00:00 UTC 2026,588.4378904340625,836.86715,931.2368182464455,null,1131.2368182464456,null,null,null,null,null
Fri Sep 18 07:00:00 UTC 2026,583.973376995531,876.86715,940.5780504739337,null,1140.5780504739337,null,null,null,null,null
Fri Sep 18 08:00:00 UTC 2026,588.6824433994985,852.86715,949.9192827014218,null,1149.919282701422,null,null,null,null,null
Fri Sep 18 09:00:00 UTC 2026,600.3186147310146,896.86715,959.26051492891,null,1159.26051492891,null,null,null,null,null
Fri Sep 18 10:00:00 UTC 2026,657.9705545099313,838.86715,968.6017471563981,null,1168.601747156398,null,null,null,null,null
Fri Sep 18 11:00:00 UTC 2026,657.9705545099313,769.86715,977.9429793838863,null,1177.9429793838863,null,null,null,null,null
Fri Sep 18 12:00:00 UTC 2026,1.8927722,778.86715,null,987.2842116113743,null,1187.2842116113745,null,null,null,null,null,null
Fri Sep 18 13:00:00 UTC 2026,1.8927722,799.86715,null,996.6254438388625,null,1196.6254438388626,null,null,null,null,null,null
Fri Sep 18 14:00:00 UTC 2026,1.8927722,774.86715,null,1005.9666760663506,null,1205.9666760663506,null,null,null,null,null,null
Fri Sep 18 15:00:00 UTC 2026,1.8927722,760.86715,null,1015.3079082938389,null,1215.3079082938389,null,null,null,null,null,null
Fri Sep 18 16:00:00 UTC 2026,1.8927722,752.86715,null,1024.6491405213271,null,1224.649140521327,null,null,null,null,null,null
Fri Sep 18 17:00:00 UTC 2026,1.8927722,725.86715,null,1033.9903727488152,null,1233.9903727488154,null,null,null,null,null,null
Fri Sep 18 18:00:00 UTC 2026,1.8927722,714.86715,null,1043.3316049763034,null,1243.3316049763034,null,null,null,null,null,null
Fri Sep 18 19:00:00 UTC 2026,1.8927722,730.86715,null,1052.6728372037915,null,1252.6728372037915,null,null,null,null,null,null
Fri Sep 18 20:00:00 UTC 2026,1.8927722,711.86715,null,1062.0140694312797,null,1262.0140694312797,null,null,null,null,null,null
Fri Sep 18 21:00:00 UTC 2026,1.8927722,691.86715,null,1071.3553016587678,null,1271.3553016587678,null,null,null,null,null,null
Fri Sep 18 22:00:00 UTC 2026,1.8927722,691.86715,null,1080.6965338862558,null,1280.696533886256,null,null,null,null,null,null
Fri Sep 18 23:00:00 UTC 2026,1.8927722,691.86715,null,1090.037766113744,null,1290.037766113744,null,null,null,null,null,null
Sat Sep 19 00:00:00 UTC 2026,1.8927722,691.86715,null,1099.3789983412323,null,1299.3789983412323,null,null,null,null,null,null
Sat Sep 19 01:00:00 UTC 2026,1.8927722,691.86715,null,1108.7202305687204,null,1308.7202305687204,null,null,null,null,null,null
Sat Sep 19 02:00:00 UTC 2026,1.8927722,691.86715,null,1118.0614627962086,null,1318.0614627962086,null,null,null,null,null,null
Sat Sep 19 03:00:00 UTC 2026,1.8927722,691.86715,null,1127.4026950236969,null,1327.4026950236967,null,null,null,null,null,null
Sat Sep 19 04:00:00 UTC 2026,1.8927722,691.86715,null,1136.743927251185,null,1336.7439272511847,null,null,null,null,null,null
Sat Sep 19 05:00:00 UTC 2026,1.8927722,691.86715,null,1146.0851594786732,null,1346.085159478673,null,null,null,null,null,null
Sat Sep 19 06:00:00 UTC 2026,1.8927722,691.86715,null,1155.426391706161,null,1355.4263917061612,null,null,null,null,null,null
Sat Sep 19 07:00:00 UTC 2026,1.8927722,691.86715,null,1164.7676239336495,null,1364.7676239336492,null,null,null,null,null,null
Sat Sep 19 08:00:00 UTC 2026,1.8927722,691.86715,null,1174.1088561611373,null,1374.1088561611375,null,null,null,null,null,null
Sat Sep 19 09:00:00 UTC 2026,1.8927722,691.86715,null,1183.4500883886258,null,1383.4500883886258,null,null,null,null,null,null
Sat Sep 19 10:00:00 UTC 2026,1.8927722,691.86715,null,1192.7913206161136,null,1392.7913206161138,null,null,null,null,null,null
Sat Sep 19 11:00:00 UTC 2026,1.8927722,691.86715,null,1202.132552843602,null,1402.1325528436018,null,null,null,null,null,null
Sat Sep 19 12:00:00 UTC 2026,1.8927722,691.86715,null,1211.47378507109,null,1411.47378507109,null,null,null,null,null,null
Sat Sep 19 13:00:00 UTC 2026,1.8927722,691.86715,null,1220.8150172985784,null,1420.8150172985781,null,null,null,null,null,null
Sat Sep 19 14:00:00 UTC 2026,1.8927722,691.86715,null,1230.1562495260664,null,1430.1562495260664,null,null,null,null,null,null
Sat Sep 19 15:00:00 UTC 2026,1.8927722,691.86715,null,1239.4974817535547,null,1439.4974817535544,null,null,null,null,null,null
Sat Sep 19 16:00:00 UTC 2026,1.8927722,691.86715,null,1248.8387139810427,null,1448.8387139810427,null,null,null,null,null,null
Sat Sep 19 17:00:00 UTC 2026,1.8927722,691.86715,null,1258.1799462085307,null,1458.1799462085307,null,null,null,null,null,null
Sat Sep 19 18:00:00 UTC 2026,1.8927722,691.86715,null,1267.521178436019,null,1467.521178436019,null,null,null,null,null,null
Sat Sep 19 19:00:00 UTC 2026,1.8927722,691.86715,null,1276.862410663507,null,1476.8624106635068,null,null,null,null,null,null
Sat Sep 19 20:00:00 UTC 2026,1.8927722,691.86715,null,1286.2036428909953,null,1486.2036428909953,null,null,null,null,null,null
Sat Sep 19 21:00:00 UTC 2026,1.8927722,691.86715,null,1295.5448751184836,null,1495.5448751184836,null,null,null,null,null,null
Sat Sep 19 22:00:00 UTC 2026,1.8927722,691.86715,null,1304.8861073459716,null,1504.8861073459716,null,null,null,null,null,null
Sat Sep 19 23:00:00 UTC 2026,1.8927722,691.86715,null,1314.2273395734599,null,1514.2273395734599,null,null,null,null,null,null
Sun Sep 20 00:00:00 UTC 2026,1.8927722,691.86715,null,1323.568571800948,null,1523.568571800948,null,null,null,null,null,null
Sun Sep 20 01:00:00 UTC 2026,1.8927722,691.86715,null,1332.9098040284362,null,1532.9098040284362,null,null,null,null,null,null
Sun Sep 20 02:00:00 UTC 2026,1.8927722,691.86715,null,1342.2510362559242,null,1542.2510362559242,null,null,null,null,null,null
Sun Sep 20 03:00:00 UTC 2026,1.8927722,691.86715,null,1351.5922684834125,null,1551.5922684834122,null,null,null,null,null,null
Sun Sep 20 04:00:00 UTC 2026,1.8927722,691.86715,null,1360.9335007109003,null,1560.9335007109003,null,null,null,null,null,null
Sun Sep 20 05:00:00 UTC 2026,1.8927722,691.86715,null,1370.2747329383888,null,1570.2747329383885,null,null,null,null,null,null
Sun Sep 20 06:00:00 UTC 2026,1.8927722,691.86715,null,1379.6159651658768,null,1579.6159651658768,null,null,null,null,null,null
Sun Sep 20 07:00:00 UTC 2026,1.8927722,691.86715,null,1388.957197393365,null,1588.9571973933648,null,null,null,null,null,null
Sun Sep 20 08:00:00 UTC 2026,1.8927722,691.86715,null,1398.298429620853,null,1598.2984296208533,null,null,null,null,null,null
Sun Sep 20 09:00:00 UTC 2026,1.8927722,691.86715,null,1407.6396618483413,null,1607.6396618483413,null,null,null,null,null,null
Sun Sep 20 10:00:00 UTC 2026,1.8927722,691.86715,null,1416.9808940758294,null,1616.9808940758296,null,null,null,null,null,null
Sun Sep 20 11:00:00 UTC 2026,1.8927722,691.86715,null,1426.3221263033176,null,1626.3221263033174,null,null,null,null,null,null
Sun Sep 20 12:00:00 UTC 2026,1.8927722,691.86715,null,1435.6633585308057,null,1635.6633585308057,null,null,null,null,null,null
Sun Sep 20 13:00:00 UTC 2026,1.8927722,691.86715,null,1445.0045907582942,null,1645.004590758294,null,null,null,null,null,null
Sun Sep 20 14:00:00 UTC 2026,1.8927722,691.86715,null,1454.345822985782,null,1654.345822985782,null,null,null,null,null,null
Sun Sep 20 15:00:00 UTC 2026,1.8927722,691.86715,null,1463.6870552132702,null,1663.6870552132702,null,null,null,null,null,null
Sun Sep 20 16:00:00 UTC 2026,1.8927722,691.86715,null,1473.0282874407583,null,1673.0282874407583,null,null,null,null,null,null
Sun Sep 20 17:00:00 UTC 2026,1.8927722,691.86715,null,1482.3695196682465,null,1682.3695196682465,null,null,null,null,null,null
Sun Sep 20 18:00:00 UTC 2026,1.8927722,691.86715,null,1491.7107518957346,null,1691.7107518957346,null,null,null,null,null,null
Sun Sep 20 19:00:00 UTC 2026,1.8927722,691.86715,null,1501.0519841232228,null,1701.0519841232228,null,null,null,null,null,null
Sun Sep 20 20:00:00 UTC 2026,1.8927722,691.86715,null,1510.3932163507109,null,1710.3932163507106,null,null,null,null,null,null
Sun Sep 20 21:00:00 UTC 2026,1.8927722,684.86715,null,1519.7344485781991,null,1719.734448578199,null,null,null,null,null,null
Sun Sep 20 22:00:00 UTC 2026,1.8927722,681.86715,null,1529.0756808056874,null,1729.0756808056874,null,null,null,null,null,null
Sun Sep 20 23:00:00 UTC 2026,1.8927722,663.86715,null,1538.4169130331754,null,1738.4169130331754,null,null,1263.86715,null,null,null
Mon Sep 21 00:00:00 UTC 2026,1.8927722,685.86715,null,1547.7581452606637,null,1747.7581452606637,null,null,1286.7969745614034,null,null,null
Mon Sep 21 01:00:00 UTC 2026,1.8927722,728.86715,null,1557.0993774881517,null,1757.0993774881517,null,null,1309.726799122807,null,null,null
Mon Sep 21 02:00:00 UTC 2026,1.8927722,711.86715,null,1566.4406097156398,null,1766.44060971564,null,null,1332.6566236842104,null,null,null
Mon Sep 21 03:00:00 UTC 2026,1.8927722,725.86715,null,1575.781841943128,null,1775.7818419431278,null,null,1355.586448245614,null,null,null
Mon Sep 21 04:00:00 UTC 2026,1.8927722,714.86715,null,1585.123074170616,null,1785.123074170616,null,null,1378.5162728070175,null,null,null
Mon Sep 21 05:00:00 UTC 2026,1.8927722,730.86715,null,1594.4643063981043,null,1794.464306398104,null,null,1401.4460973684209,null,null,null
Mon Sep 21 06:00:00 UTC 2026,1.8927722,731.86715,null,1603.8055386255924,null,1803.8055386255924,null,null,1424.3759219298245,null,null,null
Mon Sep 21 07:00:00 UTC 2026,1.8927722,726.86715,null,1613.1467708530809,null,1813.1467708530806,null,null,1447.305746491228,null,null,null
Mon Sep 21 08:00:00 UTC 2026,1.8927722,746.86715,null,1622.4880030805687,null,1822.4880030805687,null,null,1470.2355710526315,null,null,null
Mon Sep 21 09:00:00 UTC 2026,1.8927722,729.86715,null,1631.8292353080572,null,1831.829235308057,null,null,1493.165395614035,null,null,null
Mon Sep 21 10:00:00 UTC 2026,1.8927722,738.86715,null,1641.170467535545,null,1841.170467535545,null,null,1516.0952201754385,null,null,null
Mon Sep 21 11:00:00 UTC 2026,1.8927722,743.86715,null,1650.5116997630334,null,1850.5116997630334,null,null,1539.0250447368421,null,null,null
Mon Sep 21 12:00:00 UTC 2026,1.8927722,741.86715,null,1659.8529319905213,null,1859.8529319905213,null,null,1561.9548692982455,null,null,null
Mon Sep 21 13:00:00 UTC 2026,1.8927722,745.86715,null,1669.1941642180095,null,1869.1941642180095,null,null,1584.8846938596491,null,null,null
Mon Sep 21 14:00:00 UTC 2026,1.8927722,750.86715,null,1678.5353964454978,null,1878.5353964454978,null,null,1607.8145184210525,null,null,null
Mon Sep 21 15:00:00 UTC 2026,1.8927722,773.86715,null,1687.8766286729858,null,1887.8766286729858,null,null,1630.7443429824561,null,null,null
Mon Sep 21 16:00:00 UTC 2026,1.8927722,764.86715,null,1697.217860900474,null,1897.217860900474,null,null,1653.6741675438598,null,null,null
Mon Sep 21 17:00:00 UTC 2026,1.8927722,759.86715,null,1706.5590931279621,null,1906.5590931279621,null,null,1676.6039921052632,null,null,null
Mon Sep 21 18:00:00 UTC 2026,1.8927722,746.86715,null,1715.9003253554504,null,1915.9003253554504,null,null,1699.5338166666666,null,null,null
Mon Sep 21 19:00:00 UTC 2026,1.8927722,744.86715,null,1725.2415575829384,null,1925.2415575829384,null,null,1722.4636412280702,null,null,null
Mon Sep 21 20:00:00 UTC 2026,1.8927722,733.86715,null,1734.5827898104267,null,1934.5827898104264,null,null,1745.3934657894738,null,null,null
Mon Sep 21 21:00:00 UTC 2026,1.8927722,707.86715,null,1743.9240220379147,null,1943.9240220379145,null,null,1768.3232903508772,null,null,null
Mon Sep 21 22:00:00 UTC 2026,1.8927722,729.86715,null,1753.265254265403,null,1953.2652542654027,null,null,1791.2531149122806,null,null,null
Mon Sep 21 23:00:00 UTC 2026,1.8927722,704.86715,null,1762.6064864928912,null,1962.606486492891,null,null,1814.1829394736842,null,null,null
Tue Sep 22 00:00:00 UTC 2026,1.8927722,724.86715,null,1771.947718720379,null,1971.9477187203793,null,null,1837.1127640350878,null,null,null
Tue Sep 22 01:00:00 UTC 2026,1.8927722,732.86715,null,1781.2889509478675,null,1981.2889509478675,null,null,1860.0425885964912,null,null,null
Tue Sep 22 02:00:00 UTC 2026,1.8927722,742.86715,null,1790.6301831753553,null,1990.6301831753556,null,null,1882.9724131578946,null,null,null
Tue Sep 22 03:00:00 UTC 2026,1.8927722,728.86715,null,1799.9714154028438,null,1999.9714154028438,null,null,1905.9022377192982,null,null,null
Tue Sep 22 04:00:00 UTC 2026,1.8927722,736.86715,null,1809.3126476303316,null,2009.3126476303316,null,null,1928.8320622807018,null,null,null
Tue Sep 22 05:00:00 UTC 2026,1.8927722,736.86715,null,1818.6538798578201,null,2018.65387985782,null,null,1951.7618868421052,null,null,null
Tue Sep 22 06:00:00 UTC 2026,1.8927722,742.86715,null,1827.995112085308,null,2027.995112085308,null,null,1974.6917114035089,null,null,null
Tue Sep 22 07:00:00 UTC 2026,1.8927722,742.86715,null,1837.3363443127964,null,2037.3363443127962,null,null,1997.6215359649123,null,null,null
Tue Sep 22 08:00:00 UTC 2026,1.8927722,1807.86715,null,1846.6775765402845,null,2046.6775765402845,null,null,2020.5513605263159,null,null,null
Tue Sep 22 09:00:00 UTC 2026,1.8927722,1789.86715,null,1856.0188087677727,null,2056.0188087677725,null,null,2043.4811850877193,null,null,null
Tue Sep 22 10:00:00 UTC 2026,1.8927722,1780.86715,null,1865.3600409952608,null,2065.360040995261,null,null,2066.411009649123,null,null,null
Tue Sep 22 11:00:00 UTC 2026,1.8927722,1794.86715,null,1874.7012732227488,null,2074.701273222749,null,null,2089.3408342105263,null,null,null
Tue Sep 22 12:00:00 UTC 2026,1.8927722,1761.86715,null,1884.042505450237,null,2084.042505450237,null,null,2112.27065877193,null,null,null
Tue Sep 22 13:00:00 UTC 2026,1.8927722,1757.86715,null,1893.383737677725,null,2093.383737677725,null,null,2135.200483333333,null,null,null
Tue Sep 22 14:00:00 UTC 2026,1.8927722,1733.86715,null,1902.7249699052134,null,2102.724969905213,null,null,2158.1303078947367,null,null,null
Tue Sep 22 15:00:00 UTC 2026,1.8927722,1752.86715,null,1912.0662021327014,null,2112.066202132701,null,null,2181.0601324561403,null,null,null
Tue Sep 22 16:00:00 UTC 2026,1.8927722,1655.86715,null,1921.4074343601897,null,2121.407434360189,null,null,2203.989957017544,null,null,null
Tue Sep 22 17:00:00 UTC 2026,1.8927722,1717.86715,null,1930.748666587678,null,2130.7486665876777,null,null,2226.919781578947,null,null,null
Tue Sep 22 18:00:00 UTC 2026,1.8927722,1769.86715,null,1940.089898815166,null,2140.0898988151657,null,null,2249.849606140351,null,null,null
Tue Sep 22 19:00:00 UTC 2026,1.8927722,1794.86715,null,1949.4311310426542,null,2149.4311310426538,null,null,2272.7794307017543,null,null,null
Tue Sep 22 20:00:00 UTC 2026,1.8927722,1786.86715,null,1958.7723632701423,null,2158.7723632701423,null,null,2295.709255263158,null,null,null
Tue Sep 22 21:00:00 UTC 2026,1.8927722,1754.86715,null,1968.1135954976305,null,2168.1135954976307,null,null,2318.6390798245616,null,null,null
Tue Sep 22 22:00:00 UTC 2026,1.8927722,1803.86715,null,1977.4548277251183,null,2177.454827725119,null,null,2341.568904385965,null,null,null
Tue Sep 22 23:00:00 UTC 2026,1.8927722,1789.86715,null,1986.7960599526068,null,2186.796059952607,null,null,2364.4987289473684,null,null,null
Wed Sep 23 00:00:00 UTC 2026,1.8927722,1783.86715,null,1996.1372921800948,null,2196.1372921800953,null,null,2387.428553508772,null,null,null
Wed Sep 23 01:00:00 UTC 2026,1.8927722,1839.86715,null,2005.478524407583,null,2205.478524407583,null,null,2410.3583780701756,null,null,null
Wed Sep 23 02:00:00 UTC 2026,1.8927722,1935.86715,null,2014.8197566350711,null,2214.8197566350714,null,null,2433.288202631579,null,null,null
Wed Sep 23 03:00:00 UTC 2026,1.8927722,1948.86715,null,2024.1609888625594,null,2224.1609888625594,null,null,2456.2180271929824,null,null,null
Wed Sep 23 04:00:00 UTC 2026,1.8927722,1944.86715,null,2033.5022210900474,null,2233.5022210900474,null,null,2479.147851754386,null,null,null
Wed Sep 23 05:00:00 UTC 2026,1.8927722,1950.86715,null,2042.8434533175357,null,2242.8434533175355,null,null,2502.0776763157896,null,null,null
Wed Sep 23 06:00:00 UTC 2026,1.8927722,1963.86715,null,2052.184685545024,null,2252.184685545024,null,null,2525.0075008771933,null,null,null
Wed Sep 23 07:00:00 UTC 2026,1.8927722,1946.86715,null,2061.5259177725115,null,2261.525917772512,null,null,2547.9373254385964,null,null,null
Wed Sep 23 08:00:00 UTC 2026,1.8927722,1970.86715,null,2070.86715,null,2270.86715,null,null,2570.86715,null,null,null
Wed Sep 23 09:00:00 UTC 2026,1.8927722,1949.86715,null,null,null,null,null,null,null,null,null,null
Wed Sep 23 10:00:00 UTC 2026,1.8927722,1934.86715,null,null,null,null,null,null,null,null,null,null
Wed Sep 23 11:00:00 UTC 2026,1.8927722,1919.86715,null,null,null,null,null,null,null,null,null,null
Wed Sep 23 12:00:00 UTC 2026,1.8927722,1885.86715,null,null,null,null,null,null,null,null,null,null
Wed Sep 23 13:00:00 UTC 2026,1.8927722,1878.86715,null,null,null,null,null,null,null,null,null,null
Wed Sep 23 14:00:00 UTC 2026,1.8927722,1873.86715,null,null,null,null,null,null,null,null,null,null
Wed Sep 23 15:00:00 UTC 2026,1.8927722,1828.86715,null,null,null,null,null,null,null,null,null,null
Wed Sep 23 16:00:00 UTC 2026,1.8927722,1841.86715,null,null,null,null,null,null,null,null,null,null
Wed Sep 23 17:00:00 UTC 2026,1.8927722,1842.86715,null,null,null,null,null,null,null,null,null,null
Wed Sep 23 18:00:00 UTC 2026,1.8927722,1869.86715,null,null,null,null,null,null,null,null,null,null
Wed Sep 23 19:00:00 UTC 2026,1.8927722,1867.86715,null,null,null,null,null,null,null,null,null,null
Wed Sep 23 20:00:00 UTC 2026,1.8927722,1904.86715,null,null,null,null,null,null,null,null,null,null
Wed Sep 23 21:00:00 UTC 2026,1.8927722,1856.86715,null,null,null,null,null,null,null,null,null,null
Wed Sep 23 22:00:00 UTC 2026,1.8927722,1898.86715,null,null,null,null,null,null,null,null,null,null
Wed Sep 23 23:00:00 UTC 2026,1.8927722,1859.86715,null,null,null,null,null,null,null,null,null,null
Thu Sep 24 00:00:00 UTC 2026,1.8927722,1868.86715,null,null,null,null,null,null,null,null,null,null
Thu Sep 24 01:00:00 UTC 2026,1.8927722,1869.86715,null,null,null,null,null,null,null,null,null,null
Thu Sep 24 02:00:00 UTC 2026,1.8927722,1906.86715,null,null,null,null,null,null,null,null,null,null
Thu Sep 24 03:00:00 UTC 2026,1.8927722,1884.86715,null,null,null,null,null,null,null,null,null,null
Thu Sep 24 04:00:00 UTC 2026,1.8927722,1874.86715,null,null,null,null,null,null,null,null,null,null
Thu Sep 24 05:00:00 UTC 2026,1.8927722,1873.86715,null,null,null,null,null,null,null,null,null,null
Thu Sep 24 06:00:00 UTC 2026,1.8927722,1892.86715,null,null,null,null,null,null,null,null,null,null
Thu Sep 24 07:00:00 UTC 2026,1.8927722,1900.86715,null,null,null,null,null,null,null,null,null,null
Thu Sep 24 08:00:00 UTC 2026,1.8927722,1882.86715,null,null,null,null,null,null,null,null,null,null
Thu Sep 24 09:00:00 UTC 2026,1.8927722,1865.86715,null,null,null,null,null,null,null,null,null,null
Thu Sep 24 10:00:00 UTC 2026,1.8927722,1859.86715,null,null,null,null,null,null,null,null,null,null
Thu Sep 24 11:00:00 UTC 2026,1.8927722,1886.86715,null,null,null,null,null,null,null,null,null,null
Thu Sep 24 12:00:00 UTC 2026,1.8927722,1893.86715,null,null,null,null,null,null,null,null,null,null
Thu Sep 24 13:00:00 UTC 2026,1.8927722,1872.86715,null,null,null,null,null,null,null,null,null,null
Thu Sep 24 14:00:00 UTC 2026,1.8927722,1861.86715,null,null,null,null,null,null,null,null,null,null
Thu Sep 24 15:00:00 UTC 2026,1.8927722,1855.86715,null,null,null,null,null,null,null,null,null,null
Thu Sep 24 16:00:00 UTC 2026,1.8927722,1872.86715,null,null,null,null,null,null,null,null,null,null
Thu Sep 24 17:00:00 UTC 2026,1.8927722,1887.86715,null,null,null,null,null,null,null,null,null,null
Thu Sep 24 18:00:00 UTC 2026,1.8927722,1877.86715,null,null,null,null,null,null,null,null,null,null
Thu Sep 24 19:00:00 UTC 2026,1.8927722,1878.86715,null,null,null,null,null,null,null,null,null,null
Thu Sep 24 20:00:00 UTC 2026,1.8927722,1871.86715,null,null,null,null,null,null,null,null,null,null
Thu Sep 24 21:00:00 UTC 2026,1.8927722,1790.86715,null,null,null,null,null,null,null,null,null,null
Thu Sep 24 22:00:00 UTC 2026,1.8927722,1856.86715,null,null,null,null,null,null,null,null,null,null
Thu Sep 24 23:00:00 UTC 2026,1.8927722,1828.86715,null,null,null,null,null,null,null,null,null,null
Fri Sep 25 00:00:00 UTC 2026,1.8927722,1828.86715,null,null,null,null,null,null,null,null,null,null
Fri Sep 25 01:00:00 UTC 2026,1.8927722,1859.86715,null,null,null,null,null,null,null,null,null,null
Fri Sep 25 02:00:00 UTC 2026,1.8927722,1861.86715,null,null,null,null,null,null,null,null,null,null
Fri Sep 25 03:00:00 UTC 2026,1.8927722,1846.86715,null,null,null,null,null,null,null,null,null,null
Fri Sep 25 04:00:00 UTC 2026,1.8927722,1861.86715,null,null,null,null,null,null,null,null,null,null
Fri Sep 25 05:00:00 UTC 2026,1.8927722,1850.86715,null,null,null,null,null,null,null,null,null,null
Fri Sep 25 06:00:00 UTC 2026,1.8927722,1821.86715,null,null,null,null,null,null,null,null,null,null
Fri Sep 25 07:00:00 UTC 2026,1.8927722,1829.86715,null,null,null,null,null,null,null,null,null,null
Fri Sep 25 08:00:00 UTC 2026,1.8927722,1837.86715,null,null,null,null,null,null,null,null,null,null
Fri Sep 25 09:00:00 UTC 2026,1.8927722,1851.86715,null,null,null,null,null,null,null,null,null,null
Fri Sep 25 10:00:00 UTC 2026,1.8927722,1785.86715,null,null,null,null,null,null,null,null,null,null
Fri Sep 25 11:00:00 UTC 2026,1.8927722,1797.86715,null,null,null,null,null,null,null,null,null,null
Fri Sep 25 12:00:00 UTC 2026,1.8927722,1770.86715,null,null,null,null,null,null,null,null,null,null
Fri Sep 25 13:00:00 UTC 2026,1.8927722,1702.86715,null,null,null,null,null,null,null,null,null,null
Fri Sep 25 14:00:00 UTC 2026,1.8927722,1663.86715,null,null,null,null,null,null,null,null,null,null
Fri Sep 25 15:00:00 UTC 2026,1.8927722,1641.86715,null,null,null,null,null,null,null,null,null,null
Fri Sep 25 16:00:00 UTC 2026,1.8927722,1663.86715,null,null,null,null,null,null,null,null,null,null
Fri Sep 25 17:00:00 UTC 2026,1.8927722,1677.86715,null,null,null,null,null,null,null,null,null,null
Fri Sep 25 18:00:00 UTC 2026,1.8927722,1634.86715,null,null,null,null,null,null,null,null,null,null
Fri Sep 25 19:00:00 UTC 2026,1.8927722,1631.86715,null,null,null,null,null,null,null,null,null,null
Fri Sep 25 20:00:00 UTC 2026,1.8927722,1636.86715,null,null,null,null,null,null,null,null,null,null
Fri Sep 25 21:00:00 UTC 2026,1.8927722,1629.86715,null,null,null,null,null,null,null,null,null,null
Fri Sep 25 22:00:00 UTC 2026,1.8927722,1629.86715,null,null,null,null,null,null,null,null,null,null
Fri Sep 25 23:00:00 UTC 2026,1.8927722,1629.86715,null,null,null,null,null,null,null,null,null,null
Sat Sep 26 00:00:00 UTC 2026,1.8927722,1629.86715,null,null,null,null,null,null,null,null,null,null
Sat Sep 26 01:00:00 UTC 2026,1.8927722,1629.86715,null,null,null,null,null,null,null,null,null,null
Sat Sep 26 02:00:00 UTC 2026,1.8927722,1629.86715,null,null,null,null,null,null,null,null,null,null
Sat Sep 26 03:00:00 UTC 2026,1.8927722,1629.86715,null,null,null,null,null,null,null,null,null,null
Sat Sep 26 04:00:00 UTC 2026,1.8927722,1629.86715,null,null,null,null,null,null,null,null,null,null
Sat Sep 26 05:00:00 UTC 2026,1.8927722,1629.86715,null,null,null,null,null,null,null,null,null,null
Sat Sep 26 06:00:00 UTC 2026,1.8927722,1629.86715,null,null,null,null,null,null,null,null,null,null
Sat Sep 26 07:00:00 UTC 2026,1.8927722,1629.86715,null,null,null,null,null,null,null,null,null,null
Sat Sep 26 08:00:00 UTC 2026,1.8927722,1629.86715,null,null,null,null,null,null,null,null,null,null
Sat Sep 26 09:00:00 UTC 2026,1.8927722,1629.86715,null,null,null,null,null,null,null,null,null,null
Sat Sep 26 10:00:00 UTC 2026,1.8927722,1629.86715,null,null,null,null,null,null,null,null,null,null
Sat Sep 26 11:00:00 UTC 2026,1.8927722,1629.86715,null,null,null,null,null,null,null,null,null,null
Sat Sep 26 12:00:00 UTC 2026,1.8927722,1629.86715,null,null,null,null,null,null,null,null,null,null
Sat Sep 26 13:00:00 UTC 2026,1.8927722,1629.86715,null,null,null,null,null,null,null,null,null,null
Sat Sep 26 14:00:00 UTC 2026,1.8927722,1629.86715,null,null,null,null,null,null,null,null,null,null
Sat Sep 26 15:00:00 UTC 2026,1.8927722,1629.86715,null,null,null,null,null,null,null,null,null,null
Sat Sep 26 16:00:00 UTC 2026,1.8927722,1629.86715,null,null,null,null,null,null,null,null,null,null
Sat Sep 26 17:00:00 UTC 2026,1.8927722,1629.86715,null,null,null,null,null,null,null,null,null,null
Sat Sep 26 18:00:00 UTC 2026,1.8927722,1629.86715,null,null,null,null,null,null,null,null,null,null
Sat Sep 26 19:00:00 UTC 2026,1.8927722,1629.86715,null,null,null,null,null,null,null,null,null,null
Sat Sep 26 20:00:00 UTC 2026,1.8927722,1629.86715,null,null,null,null,null,null,null,null,null,null
Sat Sep 26 21:00:00 UTC 2026,1.8927722,1629.86715,null,null,null,null,null,null,null,null,null,null
Sat Sep 26 22:00:00 UTC 2026,1.8927722,1629.86715,null,null,null,null,null,null,null,null,null,null
Sat Sep 26 23:00:00 UTC 2026,1.8927722,1629.86715,null,null,null,null,null,null,null,null,null,null
Sun Sep 27 00:00:00 UTC 2026,1.8927722,1629.86715,null,null,null,null,null,null,null,null,null,null
Sun Sep 27 01:00:00 UTC 2026,1.8927722,1629.86715,null,null,null,null,null,null,null,null,null,null
Sun Sep 27 02:00:00 UTC 2026,1.8927722,1629.86715,null,null,null,null,null,null,null,null,null,null
Sun Sep 27 03:00:00 UTC 2026,1.8927722,1629.86715,null,null,null,null,null,null,null,null,null,null
Sun Sep 27 04:00:00 UTC 2026,1.8927722,1629.86715,null,null,null,null,null,null,null,null,null,null
Sun Sep 27 05:00:00 UTC 2026,1.8927722,1629.86715,null,null,null,null,null,null,null,null,null,null
Sun Sep 27 06:00:00 UTC 2026,1.8927722,1629.86715,null,null,null,null,null,null,null,null,null,null
Sun Sep 27 07:00:00 UTC 2026,1.8927722,1629.86715,null,null,null,null,null,null,null,null,null,null
Sun Sep 27 08:00:00 UTC 2026,1.8927722,1629.86715,null,null,null,null,null,null,null,null,null,null
Sun Sep 27 09:00:00 UTC 2026,1.8927722,1629.86715,null,null,null,null,null,null,null,null,null,null
Sun Sep 27 10:00:00 UTC 2026,1.8927722,1629.86715,null,null,null,null,null,null,null,null,null,null
Sun Sep 27 11:00:00 UTC 2026,1.8927722,1629.86715,null,null,null,null,null,null,null,null,null,null
Sun Sep 27 12:00:00 UTC 2026,1.8927722,1629.86715,null,null,null,null,null,null,null,null,null,null
Sun Sep 27 13:00:00 UTC 2026,1.8927722,1629.86715,null,null,null,null,null,null,null,null,null,null
Sun Sep 27 14:00:00 UTC 2026,1.8927722,1629.86715,null,null,null,null,null,null,null,null,null,null
Sun Sep 27 15:00:00 UTC 2026,1.8927722,1629.86715,null,null,null,null,null,null,null,null,null,null
Sun Sep 27 16:00:00 UTC 2026,1.8927722,1629.86715,null,null,null,null,null,null,null,null,null,null
Sun Sep 27 17:00:00 UTC 2026,1.8927722,1629.86715,null,null,null,null,null,null,null,null,null,null
Sun Sep 27 18:00:00 UTC 2026,1.8927722,1629.86715,null,null,null,null,null,null,null,null,null,null
Sun Sep 27 19:00:00 UTC 2026,1.8927722,1629.86715,null,null,null,null,null,null,null,null,null,null
Sun Sep 27 20:00:00 UTC 2026,1.8927722,1629.86715,null,null,null,null,null,null,null,null,null,null
Sun Sep 27 21:00:00 UTC 2026,1.8927722,1557.86715,null,null,null,null,null,null,null,null,null,null
Sun Sep 27 22:00:00 UTC 2026,1.8927722,1575.86715,null,null,null,null,null,null,null,null,null,null
Sun Sep 27 23:00:00 UTC 2026,1.8927722,1603.86715,null,null,null,null,null,null,null,null,null,null
Mon Sep 28 00:00:00 UTC 2026,1.8927722,1613.86715,null,null,null,null,null,null,null,null,null,null
Mon Sep 28 01:00:00 UTC 2026,1.8927722,1589.86715,null,null,null,null,null,null,null,null,null,null
Mon Sep 28 02:00:00 UTC 2026,1.8927722,1552.86715,null,null,null,null,null,null,null,null,null,null
Mon Sep 28 03:00:00 UTC 2026,1.8927722,1352.86715,null,null,null,null,null,null,null,null,null,null
Mon Sep 28 04:00:00 UTC 2026,1.8927722,1350.86715,null,null,null,null,null,null,null,null,null,null
Mon Sep 28 05:00:00 UTC 2026,1.8927722,1331.86715,null,null,null,null,null,null,null,null,null,null
Mon Sep 28 06:00:00 UTC 2026,1.8927722,1324.86715,null,null,null,null,null,null,null,null,null,null
Mon Sep 28 07:00:00 UTC 2026,1.8927722,1332.86715,null,null,null,null,null,null,null,null,null,null
Mon Sep 28 08:00:00 UTC 2026,1.8927722,1332.86715,null,null,null,null,null,null,null,null,null,null
Mon Sep 28 09:00:00 UTC 2026,1.8927722,1332.86715,null,null,null,null,null,null,null,null,null,null
Mon Sep 28 10:00:00 UTC 2026,1.8927722,1309.86715,null,null,null,null,null,null,null,null,null,null
Mon Sep 28 11:00:00 UTC 2026,1.8927722,1338.86715,null,null,null,null,null,null,null,null,null,null
Mon Sep 28 12:00:00 UTC 2026,1.8927722,1354.86715,null,null,null,null,null,null,null,null,null,null
Mon Sep 28 13:00:00 UTC 2026,1.8927722,1317.86715,null,null,null,null,null,null,null,null,null,null
Mon Sep 28 14:00:00 UTC 2026,1.8927722,1341.86715,null,null,null,null,null,null,null,null,null,null
Mon Sep 28 15:00:00 UTC 2026,1.8927722,1372.86715,null,null,null,null,null,null,null,null,null,null
Mon Sep 28 16:00:00 UTC 2026,1.8927722,1373.86715,null,null,null,null,null,null,null,null,null,null
Mon Sep 28 17:00:00 UTC 2026,1.8927722,1355.86715,null,null,null,null,null,null,null,null,null,null
Mon Sep 28 18:00:00 UTC 2026,1.8927722,1322.86715,null,null,null,null,null,null,null,null,null,null
Mon Sep 28 19:00:00 UTC 2026,1.8927722,1346.86715,null,null,null,null,null,null,null,null,null,null
Mon Sep 28 20:00:00 UTC 2026,1.8927722,1307.86715,null,null,null,null,null,null,null,null,null,null
Mon Sep 28 21:00:00 UTC 2026,1.8927722,1239.86715,null,null,null,null,null,null,null,null,null,null
Mon Sep 28 22:00:00 UTC 2026,1.8927722,1279.86715,null,null,null,null,null,null,null,null,null,null
Mon Sep 28 23:00:00 UTC 2026,1.8927722,1305.86715,null,null,null,null,null,null,null,null,null,null
Tue Sep 29 00:00:00 UTC 2026,1.8927722,1328.86715,null,null,null,null,null,null,null,null,null,null
Tue Sep 29 01:00:00 UTC 2026,1.8927722,1314.86715,null,null,null,null,null,null,null,null,null,null
Tue Sep 29 02:00:00 UTC 2026,1.8927722,1305.86715,null,null,null,null,null,null,null,null,null,null
Tue Sep 29 03:00:00 UTC 2026,1.8927722,1304.86715,null,null,null,null,null,null,null,null,null,null
Tue Sep 29 04:00:00 UTC 2026,1.8927722,1288.86715,null,null,null,null,null,null,null,null,null,null
Tue Sep 29 05:00:00 UTC 2026,1.8927722,1328.86715,null,null,null,null,null,null,null,null,null,null
Tue Sep 29 06:00:00 UTC 2026,1.8927722,1331.86715,null,null,null,null,null,null,null,null,null,null
Tue Sep 29 07:00:00 UTC 2026,1.8927722,1318.86715,null,null,null,null,null,null,null,null,null,null
Tue Sep 29 08:00:00 UTC 2026,1.8927722,1279.86715,null,null,null,null,null,null,null,null,null,null
Tue Sep 29 09:00:00 UTC 2026,1.8927722,1323.86715,null,null,null,null,null,null,null,null,null,null
Tue Sep 29 10:00:00 UTC 2026,1.8927722,1318.86715,null,null,null,null,null,null,null,null,null,null
Tue Sep 29 11:00:00 UTC 2026,1.8927722,1303.86715,null,null,null,null,null,null,null,null,null,null
Tue Sep 29 12:00:00 UTC 2026,1.8927722,1286.86715,null,null,null,null,null,null,null,null,null,null
Tue Sep 29 13:00:00 UTC 2026,1.8927722,1251.86715,null,null,null,null,null,null,null,null,null,null
Tue Sep 29 14:00:00 UTC 2026,1.8927722,1233.86715,null,null,null,null,null,null,null,null,null,null
Tue Sep 29 15:00:00 UTC 2026,1.8927722,1212.86715,null,null,null,null,null,null,null,null,null,null
Tue Sep 29 16:00:00 UTC 2026,1.8927722,1213.86715,null,null,null,null,null,null,null,null,null,null
Tue Sep 29 17:00:00 UTC 2026,1.8927722,1233.86715,null,null,null,null,null,null,null,null,null,null
Tue Sep 29 18:00:00 UTC 2026,1.8927722,1237.86715,null,null,null,null,null,null,null,null,null,null
Tue Sep 29 19:00:00 UTC 2026,1.8927722,1270.86715,null,null,null,null,null,null,null,null,null,null
Tue Sep 29 20:00:00 UTC 2026,1.8927722,1270.86715,null,null,null,null,null,null,null,null,null,null
Tue Sep 29 21:00:00 UTC 2026,1.8927722,1211.86715,null,null,null,null,null,null,null,null,null,null
Tue Sep 29 22:00:00 UTC 2026,1.8927722,1238.86715,null,null,null,null,null,null,null,null,null,null
Tue Sep 29 23:00:00 UTC 2026,1.8927722,1205.86715,null,null,null,null,null,null,null,null,null,null
Wed Sep 30 00:00:00 UTC 2026,1.8927722,1232.86715,null,null,null,null,null,null,null,null,null,null
Wed Sep 30 01:00:00 UTC 2026,1.8927722,1264.86715,null,null,null,null,null,null,null,null,null,null
Wed Sep 30 02:00:00 UTC 2026,1.8927722,1252.86715,null,null,null,null,null,null,null,null,null,null
Wed Sep 30 03:00:00 UTC 2026,1.8927722,1223.86715,null,null,null,null,null,null,null,null,null,null
Wed Sep 30 04:00:00 UTC 2026,1.8927722,1235.86715,null,null,null,null,null,null,null,null,null,null
Wed Sep 30 05:00:00 UTC 2026,1.8927722,1223.86715,null,null,null,null,null,null,null,null,null,null
Wed Sep 30 06:00:00 UTC 2026,1.8927722,1228.86715,null,null,null,null,null,null,null,null,null,null
Wed Sep 30 07:00:00 UTC 2026,1.8927722,1228.86715,null,null,null,null,null,null,null,null,null,null
Wed Sep 30 08:00:00 UTC 2026,1.8927722,1221.86715,null,null,null,null,null,null,null,null,null,null
Wed Sep 30 09:00:00 UTC 2026,1.8927722,1231.86715,null,null,null,null,null,null,null,null,null,null
Wed Sep 30 10:00:00 UTC 2026,1.8927722,1234.86715,null,null,null,null,null,null,null,null,null,null
Wed Sep 30 11:00:00 UTC 2026,1.8927722,1195.86715,null,null,null,null,null,null,null,null,null,null
Wed Sep 30 12:00:00 UTC 2026,1.8927722,1198.86715,null,null,null,null,null,null,null,null,null,null
Wed Sep 30 13:00:00 UTC 2026,1.8927722,1221.86715,null,null,null,null,null,null,null,null,null,null
Wed Sep 30 14:00:00 UTC 2026,1.8927722,1221.86715,null,null,null,null,null,null,null,null,null,null
Wed Sep 30 15:00:00 UTC 2026,1.8927722,1237.86715,null,null,null,null,null,null,null,null,null,null
Wed Sep 30 16:00:00 UTC 2026,1.8927722,1249.86715,null,null,null,null,null,null,null,null,null,null
Wed Sep 30 17:00:00 UTC 2026,1.8927722,1261.86715,null,null,null,null,null,null,null,null,null,null
Wed Sep 30 18:00:00 UTC 2026,1.8927722,1264.86715,null,null,null,null,null,null,null,null,null,null
Wed Sep 30 19:00:00 UTC 2026,1.8927722,1249.86715,null,null,null,null,null,null,null,null,null,null
Wed Sep 30 20:00:00 UTC 2026,1.8927722,1256.86715,null,null,null,null,null,null,null,null,null,null
Wed Sep 30 21:00:00 UTC 2026,1.8927722,1197.86715,null,null,null,null,null,null,null,null,null,null
Wed Sep 30 22:00:00 UTC 2026,1.8927722,1246.86715,null,null,null,null,null,null,null,null,null,null
Wed Sep 30 23:00:00 UTC 2026,1.8927722,1234.86715,null,null,null,null,null,null,null,null,null,null
Thu Oct 01 00:00:00 UTC 2026,1.8927722,1248.86715,null,null,null,null,null,null,null,null,null,null
Thu Oct 01 01:00:00 UTC 2026,1.8927722,1241.86715,null,null,null,null,null,null,null,null,null,null
Thu Oct 01 02:00:00 UTC 2026,1.8927722,1242.86715,null,null,null,null,null,null,null,null,null,null
Thu Oct 01 03:00:00 UTC 2026,1.8927722,1231.86715,null,null,null,null,null,null,null,null,null,null
Thu Oct 01 04:00:00 UTC 2026,1.8927722,1206.86715,null,null,null,null,null,null,null,null,null,null
Thu Oct 01 05:00:00 UTC 2026,1.8927722,1179.86715,null,null,null,null,null,null,null,null,null,null
Thu Oct 01 06:00:00 UTC 2026,1.8927722,1188.86715,null,null,null,null,null,null,null,null,null,null
Thu Oct 01 07:00:00 UTC 2026,1.8927722,1188.86715,null,null,null,null,null,null,null,null,null,null
Thu Oct 01 08:00:00 UTC 2026,1.8927722,1173.86715,null,null,null,null,null,null,null,null,null,null
Thu Oct 01 09:00:00 UTC 2026,1.8927722,1178.86715,null,null,null,null,null,null,null,null,null,null
Thu Oct 01 10:00:00 UTC 2026,1.8927722,1198.86715,null,null,null,null,null,null,null,null,null,null
Thu Oct 01 11:00:00 UTC 2026,1.8927722,1290.86715,null,null,null,null,null,null,null,null,null,null
Thu Oct 01 12:00:00 UTC 2026,1.8927722,1326.86715,null,null,null,null,null,null,null,null,null,null
Thu Oct 01 13:00:00 UTC 2026,1.8927722,1252.86715,null,null,null,null,null,null,null,null,null,null
Thu Oct 01 14:00:00 UTC 2026,1.8927722,1318.86715,null,null,null,null,null,null,null,null,null,null
Thu Oct 01 15:00:00 UTC 2026,1.8927722,1301.86715,null,null,null,null,null,null,null,null,null,null
Thu Oct 01 16:00:00 UTC 2026,1.8927722,1272.86715,null,null,null,null,null,null,null,null,null,null
Thu Oct 01 17:00:00 UTC 2026,1.8927722,1241.86715,null,null,null,null,null,null,null,null,null,null
Thu Oct 01 18:00:00 UTC 2026,1.8927722,1229.86715,null,null,null,null,null,null,null,null,null,null
Thu Oct 01 19:00:00 UTC 2026,1.8927722,1243.86715,null,null,null,null,null,null,null,null,null,null
Thu Oct 01 20:00:00 UTC 2026,1.8927722,1212.86715,null,null,null,null,null,null,null,null,null,null
Thu Oct 01 21:00:00 UTC 2026,1.8927722,1179.86715,null,null,null,null,null,null,null,null,null,null
Thu Oct 01 22:00:00 UTC 2026,1.8927722,1206.86715,null,null,null,null,null,null,null,null,null,null
Thu Oct 01 23:00:00 UTC 2026,1.8927722,1125.86715,null,null,null,null,null,null,null,null,null,null
Fri Oct 02 00:00:00 UTC 2026,1.8927722,1159.86715,null,null,null,null,null,null,null,null,null,null
Fri Oct 02 01:00:00 UTC 2026,1.8927722,1176.86715,null,null,null,null,null,null,null,null,null,null
Fri Oct 02 02:00:00 UTC 2026,1.8927722,1178.86715,null,null,null,null,null,null,null,null,null,null
Fri Oct 02 03:00:00 UTC 2026,1.8927722,1209.86715,null,null,null,null,null,null,null,null,null,null
Fri Oct 02 04:00:00 UTC 2026,1.8927722,1197.86715,null,null,null,null,null,null,null,null,null,null
Fri Oct 02 05:00:00 UTC 2026,1.8927722,1177.86715,null,null,null,null,null,null,null,null,null,null
Fri Oct 02 06:00:00 UTC 2026,1.8927722,1075.86715,null,null,null,null,null,null,null,null,null,null
Fri Oct 02 07:00:00 UTC 2026,1.8927722,1098.86715,null,null,null,null,null,null,null,null,null,null
Fri Oct 02 08:00:00 UTC 2026,1.8927722,1045.86715,null,null,null,null,null,null,1645.86715,null,null,null
Fri Oct 02 09:00:00 UTC 2026,1.8927722,1114.86715,null,null,null,null,null,null,1651.1859905797103,null,null,null
Fri Oct 02 10:00:00 UTC 2026,1.8927722,1136.86715,null,null,null,null,null,null,1656.5048311594203,null,null,null
Fri Oct 02 11:00:00 UTC 2026,1.8927722,1213.86715,null,null,null,null,null,null,1661.8236717391305,null,null,null
Fri Oct 02 12:00:00 UTC 2026,1.8927722,1200.86715,null,null,null,null,null,null,1667.1425123188405,null,null,null
Fri Oct 02 13:00:00 UTC 2026,1.8927722,1190.86715,null,null,null,null,null,null,1672.4613528985508,null,null,null
Fri Oct 02 14:00:00 UTC 2026,1.8927722,1182.86715,null,null,null,null,null,null,1677.7801934782608,null,null,null
Fri Oct 02 15:00:00 UTC 2026,1.8927722,1151.86715,null,null,null,null,null,null,1683.099034057971,null,null,null
Fri Oct 02 16:00:00 UTC 2026,1.8927722,1143.86715,null,null,null,null,null,null,1688.417874637681,null,null,null
Fri Oct 02 17:00:00 UTC 2026,1.8927722,1152.86715,null,null,null,null,null,null,1693.7367152173915,null,null,null
Fri Oct 02 18:00:00 UTC 2026,1.8927722,1168.86715,null,null,null,null,null,null,1699.0555557971015,null,null,null
Fri Oct 02 19:00:00 UTC 2026,1.8927722,1186.86715,null,null,null,null,null,null,1704.3743963768115,null,null,null
Fri Oct 02 20:00:00 UTC 2026,1.8927722,1178.86715,null,null,null,null,null,null,1709.6932369565218,null,null,null
Fri Oct 02 21:00:00 UTC 2026,1.8927722,1084.86715,null,null,null,null,null,null,1715.012077536232,null,null,null
Fri Oct 02 22:00:00 UTC 2026,1.8927722,1084.86715,null,null,null,null,null,null,1720.330918115942,null,null,null
Fri Oct 02 23:00:00 UTC 2026,1.8927722,1084.86715,null,null,null,null,null,null,1725.6497586956523,null,null,null
Sat Oct 03 00:00:00 UTC 2026,1.8927722,1084.86715,null,null,null,null,null,null,1730.9685992753623,null,null,null
Sat Oct 03 01:00:00 UTC 2026,1.8927722,1084.86715,null,null,null,null,null,null,1736.2874398550725,null,null,null
Sat Oct 03 02:00:00 UTC 2026,1.8927722,1084.86715,null,null,null,null,null,null,1741.6062804347825,null,null,null
Sat Oct 03 03:00:00 UTC 2026,1.8927722,1084.86715,null,null,null,null,null,null,1746.9251210144928,null,null,null
Sat Oct 03 04:00:00 UTC 2026,1.8927722,1084.86715,null,null,null,null,null,null,1752.243961594203,null,null,null
Sat Oct 03 05:00:00 UTC 2026,1.8927722,1084.86715,null,null,null,null,null,null,1757.562802173913,null,null,null
Sat Oct 03 06:00:00 UTC 2026,1.8927722,1084.86715,null,null,null,null,null,null,1762.8816427536233,null,null,null
Sat Oct 03 07:00:00 UTC 2026,1.8927722,1084.86715,null,null,null,null,null,null,1768.2004833333333,null,null,null
Sat Oct 03 08:00:00 UTC 2026,1.8927722,1084.86715,null,null,null,null,null,null,1773.5193239130435,null,null,null
Sat Oct 03 09:00:00 UTC 2026,1.8927722,1084.86715,null,null,null,null,null,null,1778.8381644927535,null,null,null
Sat Oct 03 10:00:00 UTC 2026,1.8927722,1084.86715,null,null,null,null,null,null,1784.157005072464,null,null,null
Sat Oct 03 11:00:00 UTC 2026,1.8927722,1084.86715,null,null,null,null,null,null,1789.475845652174,null,null,null
Sat Oct 03 12:00:00 UTC 2026,1.8927722,1084.86715,null,null,null,null,null,null,1794.794686231884,null,null,null
Sat Oct 03 13:00:00 UTC 2026,1.8927722,1084.86715,null,null,null,null,null,null,1800.1135268115943,null,null,null
Sat Oct 03 14:00:00 UTC 2026,1.8927722,1084.86715,null,null,null,null,null,null,1805.4323673913043,null,null,null
Sat Oct 03 15:00:00 UTC 2026,1.8927722,1084.86715,null,null,null,null,null,null,1810.7512079710145,null,null,null
Sat Oct 03 16:00:00 UTC 2026,1.8927722,1084.86715,null,null,null,null,null,null,1816.0700485507248,null,null,null
Sat Oct 03 17:00:00 UTC 2026,1.8927722,1084.86715,null,null,null,null,null,null,1821.3888891304348,null,null,null
Sat Oct 03 18:00:00 UTC 2026,1.8927722,1084.86715,null,null,null,null,null,null,1826.707729710145,null,null,null
Sat Oct 03 19:00:00 UTC 2026,1.8927722,1084.86715,null,null,null,null,null,null,1832.0265702898553,null,null,null
Sat Oct 03 20:00:00 UTC 2026,1.8927722,1084.86715,null,null,null,null,null,null,1837.3454108695653,null,null,null
Sat Oct 03 21:00:00 UTC 2026,1.8927722,1084.86715,null,null,null,null,null,null,1842.6642514492755,null,null,null
Sat Oct 03 22:00:00 UTC 2026,1.8927722,1084.86715,null,null,null,null,null,null,1847.9830920289855,null,null,null
Sat Oct 03 23:00:00 UTC 2026,1.8927722,1084.86715,null,null,null,null,null,null,1853.3019326086956,null,null,null
Sun Oct 04 00:00:00 UTC 2026,1.8927722,1084.86715,null,null,null,null,null,null,1858.620773188406,null,null,null
Sun Oct 04 01:00:00 UTC 2026,1.8927722,1084.86715,null,null,null,null,null,null,1863.939613768116,null,null,null
Sun Oct 04 02:00:00 UTC 2026,1.8927722,1084.86715,null,null,null,null,null,null,1869.2584543478263,null,null,null
Sun Oct 04 03:00:00 UTC 2026,1.8927722,1084.86715,null,null,null,null,null,null,1874.577294927536,null,null,null
Sun Oct 04 04:00:00 UTC 2026,1.8927722,1084.86715,null,null,null,null,null,null,1879.8961355072463,null,null,null
Sun Oct 04 05:00:00 UTC 2026,1.8927722,1084.86715,null,null,null,null,null,null,1885.2149760869565,null,null,null
Sun Oct 04 06:00:00 UTC 2026,1.8927722,1084.86715,null,null,null,null,null,null,1890.5338166666666,null,null,null
Sun Oct 04 07:00:00 UTC 2026,1.8927722,1084.86715,null,null,null,null,null,null,1895.852657246377,null,null,null
Sun Oct 04 08:00:00 UTC 2026,1.8927722,1084.86715,null,null,null,null,null,null,1901.171497826087,null,null,null
Sun Oct 04 09:00:00 UTC 2026,1.8927722,1084.86715,null,null,null,null,null,null,1906.4903384057973,null,null,null
Sun Oct 04 10:00:00 UTC 2026,1.8927722,1084.86715,null,null,null,null,null,null,1911.8091789855073,null,null,null
Sun Oct 04 11:00:00 UTC 2026,1.8927722,1084.86715,null,null,null,null,null,null,1917.1280195652175,null,null,null
Sun Oct 04 12:00:00 UTC 2026,1.8927722,1084.86715,null,null,null,null,null,null,1922.4468601449275,null,null,null
Sun Oct 04 13:00:00 UTC 2026,1.8927722,1084.86715,null,null,null,null,null,null,1927.7657007246378,null,null,null
Sun Oct 04 14:00:00 UTC 2026,1.8927722,1084.86715,null,null,null,null,null,null,1933.0845413043478,null,null,null
Sun Oct 04 15:00:00 UTC 2026,1.8927722,1084.86715,null,null,null,null,null,null,1938.403381884058,null,null,null
Sun Oct 04 16:00:00 UTC 2026,1.8927722,1084.86715,null,null,null,null,null,null,1943.7222224637683,null,null,null
Sun Oct 04 17:00:00 UTC 2026,1.8927722,1084.86715,null,null,null,null,null,null,1949.0410630434783,null,null,null
Sun Oct 04 18:00:00 UTC 2026,1.8927722,1084.86715,null,null,null,null,null,null,1954.3599036231883,null,null,null
Sun Oct 04 19:00:00 UTC 2026,1.8927722,1084.86715,null,null,null,null,null,null,1959.6787442028988,null,null,null
Sun Oct 04 20:00:00 UTC 2026,1.8927722,1084.86715,null,null,null,null,null,null,1964.9975847826086,null,null,null
Sun Oct 04 21:00:00 UTC 2026,1.8927722,1062.86715,null,null,null,null,null,null,1970.316425362319,null,null,null
Sun Oct 04 22:00:00 UTC 2026,1.8927722,1084.86715,null,null,null,null,null,null,1975.635265942029,null,null,null
Sun Oct 04 23:00:00 UTC 2026,1.8927722,1092.86715,null,null,null,null,null,null,1980.954106521739,null,null,null
Mon Oct 05 00:00:00 UTC 2026,1.8927722,1116.86715,null,null,null,null,null,null,1986.2729471014493,null,null,null
Mon Oct 05 01:00:00 UTC 2026,1.8927722,1187.86715,null,null,null,null,null,null,1991.5917876811593,null,null,null
Mon Oct 05 02:00:00 UTC 2026,1.8927722,1373.86715,null,null,null,null,null,null,1996.9106282608695,null,null,null
Mon Oct 05 03:00:00 UTC 2026,1.8927722,1209.86715,null,null,null,null,null,null,2002.2294688405798,null,null,null
Mon Oct 05 04:00:00 UTC 2026,1.8927722,1399.86715,null,null,null,null,null,null,2007.5483094202898,null,null,null
Mon Oct 05 05:00:00 UTC 2026,1.8927722,1412.86715,null,null,null,null,null,null,2012.86715,null,null,null
Mon Oct 05 06:00:00 UTC 2026,1.8927722,1408.86715,null,null,null,null,null,null,null,null,null,null
Mon Oct 05 07:00:00 UTC 2026,1.8927722,1231.86715,null,null,null,null,null,null,null,null,null,null
Mon Oct 05 08:00:00 UTC 2026,1.8927722,1175.86715,null,null,null,null,null,null,null,null,null,null
Mon Oct 05 09:00:00 UTC 2026,1.8927722,1189.86715,null,null,null,null,null,null,null,null,null,null
Mon Oct 05 10:00:00 UTC 2026,1.8927722,1160.86715,null,null,null,null,null,null,null,null,null,null
Mon Oct 05 11:00:00 UTC 2026,1.8927722,1131.86715,null,null,null,null,null,null,null,null,null,null
Mon Oct 05 12:00:00 UTC 2026,1.8927722,1126.86715,null,null,null,null,null,null,1726.86715,null,null,null
Mon Oct 05 13:00:00 UTC 2026,1.8927722,1157.86715,null,null,null,null,null,null,1738.74215,null,null,null
Mon Oct 05 14:00:00 UTC 2026,1.8927722,1178.86715,null,null,null,null,null,null,1750.61715,null,null,null
Mon Oct 05 15:00:00 UTC 2026,1.8927722,1173.86715,null,null,null,null,null,null,1762.49215,null,null,null
Mon Oct 05 16:00:00 UTC 2026,1.8927722,1340.86715,null,null,null,null,null,null,1774.36715,null,null,null
Mon Oct 05 17:00:00 UTC 2026,1.8927722,1347.86715,null,null,null,null,null,null,1786.24215,null,null,null
Mon Oct 05 18:00:00 UTC 2026,1.8927722,1184.86715,null,null,null,null,null,null,1798.11715,null,null,null
Mon Oct 05 19:00:00 UTC 2026,1.8927722,1214.86715,null,null,null,null,null,null,1809.99215,null,null,null
Mon Oct 05 20:00:00 UTC 2026,1.8927722,1207.86715,null,null,null,null,null,null,1821.86715,null,null,null
Mon Oct 05 21:00:00 UTC 2026,1.8927722,1198.86715,null,null,null,null,null,null,1833.74215,null,null,null
Mon Oct 05 22:00:00 UTC 2026,1.8927722,1182.86715,null,null,null,null,null,null,1845.61715,null,null,null
Mon Oct 05 23:00:00 UTC 2026,1.8927722,1144.86715,null,null,null,null,null,null,1857.49215,null,null,null
Tue Oct 06 00:00:00 UTC 2026,1.8927722,1181.86715,null,null,null,null,null,null,1869.36715,null,null,null
Tue Oct 06 01:00:00 UTC 2026,1.8927722,1213.86715,null,null,null,null,null,null,1881.24215,null,null,null
Tue Oct 06 02:00:00 UTC 2026,1.8927722,1207.86715,null,null,null,null,null,null,1893.11715,null,null,null
Tue Oct 06 03:00:00 UTC 2026,1.8927722,1223.86715,null,null,null,null,null,null,1904.99215,null,null,null
Tue Oct 06 04:00:00 UTC 2026,1.8927722,1214.86715,null,null,null,null,null,null,1916.86715,null,null,null
Tue Oct 06 05:00:00 UTC 2026,1.8927722,1229.86715,null,null,null,null,null,null,1928.74215,null,null,null
Tue Oct 06 06:00:00 UTC 2026,1.8927722,1260.86715,null,null,null,null,null,null,1940.61715,null,null,null
Tue Oct 06 07:00:00 UTC 2026,1.8927722,1238.86715,null,null,null,null,null,null,1952.49215,null,null,null
Tue Oct 06 08:00:00 UTC 2026,1.8927722,1471.86715,null,null,null,null,null,null,1964.36715,null,null,null
Tue Oct 06 09:00:00 UTC 2026,1.8927722,1321.86715,null,null,null,null,null,null,1976.24215,null,null,null
Tue Oct 06 10:00:00 UTC 2026,1.8927722,1437.86715,null,null,null,null,null,null,1988.11715,null,null,null
Tue Oct 06 11:00:00 UTC 2026,1.8927722,1448.86715,null,null,null,null,null,null,1999.99215,null,null,null
Tue Oct 06 12:00:00 UTC 2026,1.8927722,1455.86715,null,null,null,null,null,null,2011.86715,null,null,null
Tue Oct 06 13:00:00 UTC 2026,1.8927722,1299.86715,null,null,null,null,null,null,2023.74215,null,null,null
Tue Oct 06 14:00:00 UTC 2026,1.8927722,1314.86715,null,null,null,null,null,null,2035.61715,null,null,null
Tue Oct 06 15:00:00 UTC 2026,1.8927722,1296.86715,null,null,null,null,null,null,2047.49215,null,null,null
Tue Oct 06 16:00:00 UTC 2026,1.8927722,1330.86715,null,null,null,null,null,null,2059.36715,null,null,null
Tue Oct 06 17:00:00 UTC 2026,1.8927722,1337.86715,null,null,null,null,null,null,2071.24215,null,null,null
Tue Oct 06 18:00:00 UTC 2026,1.8927722,1352.86715,null,null,null,null,null,null,2083.11715,null,null,null
Tue Oct 06 19:00:00 UTC 2026,1.8927722,1374.86715,null,null,null,null,null,null,2094.99215,null,null,null
Tue Oct 06 20:00:00 UTC 2026,1.8927722,1506.86715,null,null,null,null,null,null,2106.86715,null,null,null
Tue Oct 06 21:00:00 UTC 2026,1.8927722,1472.86715,null,null,null,null,null,null,null,null,null,null
Tue Oct 06 22:00:00 UTC 2026,1.8927722,1462.86715,null,null,null,null,null,null,null,null,null,null
Tue Oct 06 23:00:00 UTC 2026,1.8927722,1430.86715,null,null,null,null,null,null,null,null,null,null
Wed Oct 07 00:00:00 UTC 2026,1.8927722,1322.86715,null,null,null,null,null,null,null,null,null,null
Wed Oct 07 01:00:00 UTC 2026,1.8927722,1348.86715,null,null,null,null,null,null,null,null,null,null
Wed Oct 07 02:00:00 UTC 2026,1.8927722,1336.86715,null,null,null,null,null,null,null,null,null,null
Wed Oct 07 03:00:00 UTC 2026,1.8927722,1339.86715,null,null,null,null,null,null,null,null,null,null
Wed Oct 07 04:00:00 UTC 2026,1.8927722,1348.86715,null,null,null,null,null,null,null,null,null,null
Wed Oct 07 05:00:00 UTC 2026,1.8927722,1350.86715,null,null,null,null,null,null,null,null,null,null
Wed Oct 07 06:00:00 UTC 2026,1.8927722,1353.86715,null,null,null,null,null,null,null,null,null,null
Wed Oct 07 07:00:00 UTC 2026,1.8927722,1373.86715,null,null,null,null,null,null,null,null,null,null
Wed Oct 07 08:00:00 UTC 2026,1.8927722,1405.86715,null,null,null,null,null,null,null,null,null,null
Wed Oct 07 09:00:00 UTC 2026,1.8927722,1402.86715,null,null,null,null,null,null,null,null,null,null
Wed Oct 07 10:00:00 UTC 2026,1.8927722,1385.86715,null,null,null,null,null,null,null,null,null,null
Wed Oct 07 11:00:00 UTC 2026,1.8927722,1406.86715,null,null,null,null,null,null,null,null,null,null
Wed Oct 07 12:00:00 UTC 2026,1.8927722,1421.86715,null,null,null,null,null,null,null,null,null,null
Wed Oct 07 13:00:00 UTC 2026,1.8927722,1429.86715,null,null,null,null,null,null,null,null,null,null
Wed Oct 07 14:00:00 UTC 2026,1.8927722,1433.86715,null,null,null,null,null,null,null,null,null,null
Wed Oct 07 15:00:00 UTC 2026,1.8927722,1437.86715,null,null,null,null,null,null,null,null,null,null
Wed Oct 07 16:00:00 UTC 2026,1.8927722,1422.86715,null,null,null,null,null,null,null,null,null,null
Wed Oct 07 17:00:00 UTC 2026,1.8927722,1425.86715,null,null,null,null,null,null,null,null,null,null
Wed Oct 07 18:00:00 UTC 2026,1.8927722,1353.86715,null,null,null,null,null,null,null,null,null,null
Wed Oct 07 19:00:00 UTC 2026,1.8927722,1372.86715,null,null,null,null,null,null,null,null,null,null
Wed Oct 07 20:00:00 UTC 2026,1.8927722,1367.86715,null,null,null,null,null,null,null,null,null,null
Wed Oct 07 21:00:00 UTC 2026,1.8927722,1314.86715,null,null,null,null,null,null,null,null,null,null
Wed Oct 07 22:00:00 UTC 2026,1.8927722,1359.86715,null,null,null,null,null,null,null,null,null,null
Wed Oct 07 23:00:00 UTC 2026,1.8927722,1327.86715,null,null,null,null,null,null,null,null,null,null
Thu Oct 08 00:00:00 UTC 2026,1.8927722,1334.86715,null,null,null,null,null,null,null,null,null,null
Thu Oct 08 01:00:00 UTC 2026,1.8927722,1351.86715,null,null,null,null,null,null,null,null,null,null
Thu Oct 08 02:00:00 UTC 2026,1.8927722,1359.86715,null,null,null,null,null,null,null,null,null,null
Thu Oct 08 03:00:00 UTC 2026,1.8927722,1371.86715,null,null,null,null,null,null,null,null,null,null
Thu Oct 08 04:00:00 UTC 2026,1.8927722,1378.86715,null,null,null,null,null,null,null,null,null,null
Thu Oct 08 05:00:00 UTC 2026,1.8927722,1379.86715,null,null,null,null,null,null,null,null,null,null
Thu Oct 08 06:00:00 UTC 2026,1.8927722,1352.86715,null,null,null,null,null,null,null,null,null,null
Thu Oct 08 07:00:00 UTC 2026,1.8927722,1285.86715,null,null,null,null,null,null,null,null,null,null
Thu Oct 08 08:00:00 UTC 2026,1.8927722,1307.86715,null,null,null,null,null,null,null,null,null,null
Thu Oct 08 09:00:00 UTC 2026,1.8927722,1295.86715,null,null,null,null,null,null,null,null,null,null
Thu Oct 08 10:00:00 UTC 2026,1.8927722,1303.86715,null,null,null,null,null,null,null,null,null,null
Thu Oct 08 11:00:00 UTC 2026,1.8927722,1281.86715,null,null,null,null,null,null,null,null,null,null
Thu Oct 08 12:00:00 UTC 2026,1.8927722,1277.86715,null,null,null,null,null,null,null,null,null,null
Thu Oct 08 13:00:00 UTC 2026,1.8927722,1244.86715,null,null,null,null,null,null,null,null,null,null
Thu Oct 08 14:00:00 UTC 2026,1.8927722,1240.86715,null,null,null,null,null,null,null,null,null,null
Thu Oct 08 15:00:00 UTC 2026,1.8927722,1233.86715,null,null,null,null,null,null,null,null,null,null
Thu Oct 08 16:00:00 UTC 2026,1.8927722,1217.86715,null,null,null,null,null,null,null,null,null,null
Thu Oct 08 17:00:00 UTC 2026,1.8927722,1238.86715,null,null,null,null,null,null,null,null,null,null
Thu Oct 08 18:00:00 UTC 2026,1.8927722,1222.86715,null,null,null,null,null,null,null,null,null,null
Thu Oct 08 19:00:00 UTC 2026,1.8927722,1201.86715,null,null,null,null,null,null,null,null,null,null
Thu Oct 08 20:00:00 UTC 2026,1.8927722,1219.86715,null,null,null,null,null,null,null,null,null,null
Thu Oct 08 21:00:00 UTC 2026,1.8927722,1323.86715,null,null,null,null,null,null,null,null,null,null
Thu Oct 08 22:00:00 UTC 2026,1.8927722,1356.86715,null,null,null,null,null,null,null,null,null,null
Thu Oct 08 23:00:00 UTC 2026,1.8927722,1188.86715,null,null,null,null,null,null,NaN,NaN,null,null
Fri Oct 09 00:00:00 UTC 2026,1.8927722,1339.86715,null,null,null,null,null,null,null,null,null,null
Fri Oct 09 01:00:00 UTC 2026,1.8927722,1217.86715,null,null,null,null,null,null,null,null,null,null
Fri Oct 09 02:00:00 UTC 2026,1.8927722,1383.86715,null,null,null,null,null,null,null,null,null,null
Fri Oct 09 03:00:00 UTC 2026,1.8927722,1346.86715,null,null,null,null,null,null,null,null,null,null
Fri Oct 09 04:00:00 UTC 2026,1.8927722,1329.86715,null,null,null,null,null,null,null,null,null,null
Fri Oct 09 05:00:00 UTC 2026,1.8927722,1359.86715,null,null,null,null,null,null,null,null,null,null
Fri Oct 09 06:00:00 UTC 2026,1.8927722,1365.86715,null,null,null,null,null,null,null,null,null,null
Fri Oct 09 07:00:00 UTC 2026,1.8927722,1220.86715,null,null,null,null,null,null,null,null,null,null
Fri Oct 09 08:00:00 UTC 2026,1.8927722,1228.86715,null,null,null,null,null,null,null,null,null,null
Fri Oct 09 09:00:00 UTC 2026,1.8927722,1364.86715,null,null,null,null,null,null,null,null,null,null
Fri Oct 09 10:00:00 UTC 2026,1.8927722,1223.86715,null,null,null,null,null,null,null,null,null,null
Fri Oct 09 11:00:00 UTC 2026,1.8927722,1221.86715,null,null,null,null,null,null,null,null,null,null
Fri Oct 09 12:00:00 UTC 2026,1.8927722,1245.86715,null,null,null,null,null,null,null,null,null,null
Fri Oct 09 13:00:00 UTC 2026,1.8927722,1263.86715,null,null,null,null,null,null,null,null,null,null
Fri Oct 09 14:00:00 UTC 2026,1.8927722,1267.86715,null,null,null,null,null,null,null,null,null,null
Fri Oct 09 15:00:00 UTC 2026,1.8927722,1234.86715,null,null,null,null,null,null,null,null,null,null
Fri Oct 09 16:00:00 UTC 2026,1.8927722,1239.86715,null,null,null,null,null,null,null,null,null,null
Fri Oct 09 17:00:00 UTC 2026,1.8927722,1255.86715,null,null,null,null,null,null,null,null,null,null
Fri Oct 09 18:00:00 UTC 2026,1.8927722,1276.86715,null,null,null,null,null,null,null,null,null,null
Fri Oct 09 19:00:00 UTC 2026,1.8927722,1293.86715,null,null,null,null,null,null,null,null,null,null
Fri Oct 09 20:00:00 UTC 2026,1.8927722,1291.86715,null,null,null,null,null,null,null,null,null,null
Fri Oct 09 21:00:00 UTC 2026,1.8927722,1291.86715,null,null,null,null,null,null,null,null,null,null
Fri Oct 09 22:00:00 UTC 2026,1.8927722,1291.86715,null,null,null,null,null,null,null,null,null,null
Fri Oct 09 23:00:00 UTC 2026,1.8927722,1291.86715,null,null,null,null,null,null,null,null,null,null
Sat Oct 10 00:00:00 UTC 2026,1.8927722,1291.86715,null,null,null,null,null,null,null,null,null,null
Sat Oct 10 01:00:00 UTC 2026,1.8927722,1291.86715,null,null,null,null,null,null,null,null,null,null
Sat Oct 10 02:00:00 UTC 2026,1.8927722,1291.86715,null,null,null,null,null,null,null,null,null,null
Sat Oct 10 03:00:00 UTC 2026,1.8927722,1291.86715,null,null,null,null,null,null,null,null,null,null
Sat Oct 10 04:00:00 UTC 2026,1.8927722,1291.86715,null,null,null,null,null,null,null,null,null,null
Sat Oct 10 05:00:00 UTC 2026,1.8927722,1291.86715,null,null,null,null,null,null,null,null,null,null
Sat Oct 10 06:00:00 UTC 2026,1.8927722,1291.86715,null,null,null,null,null,null,null,null,null,null
Sat Oct 10 07:00:00 UTC 2026,1.8927722,1291.86715,null,null,null,null,null,null,null,null,null,null
Sat Oct 10 08:00:00 UTC 2026,1.8927722,1291.86715,null,null,null,null,null,null,null,null,null,null
Sat Oct 10 09:00:00 UTC 2026,1.8927722,1291.86715,null,null,null,null,null,null,null,null,null,null
Sat Oct 10 10:00:00 UTC 2026,1.8927722,1291.86715,null,null,null,null,null,null,null,null,null,null
Sat Oct 10 11:00:00 UTC 2026,1.8927722,1291.86715,null,null,null,null,null,null,null,null,null,null
Sat Oct 10 12:00:00 UTC 2026,1.8927722,1291.86715,null,null,null,null,null,null,null,null,null,null
Sat Oct 10 13:00:00 UTC 2026,1.8927722,1291.86715,null,null,null,null,null,null,null,null,null,null
Sat Oct 10 14:00:00 UTC 2026,1.8927722,1291.86715,null,null,null,null,null,null,null,null,null,null
Sat Oct 10 15:00:00 UTC 2026,1.8927722,1291.86715,null,null,null,null,null,null,null,null,null,null
Sat Oct 10 16:00:00 UTC 2026,1.8927722,1291.86715,null,null,null,null,null,null,null,null,null,null
Sat Oct 10 17:00:00 UTC 2026,1.8927722,1291.86715,null,null,null,null,null,null,null,null,null,null
Sat Oct 10 18:00:00 UTC 2026,1.8927722,1291.86715,null,null,null,null,null,null,null,null,null,null
Sat Oct 10 19:00:00 UTC 2026,1.8927722,1291.86715,null,null,null,null,null,null,null,null,null,null
Sat Oct 10 20:00:00 UTC 2026,1.8927722,1291.86715,null,null,null,null,null,null,null,null,null,null
Sat Oct 10 21:00:00 UTC 2026,1.8927722,1291.86715,null,null,null,null,null,null,null,null,null,null
Sat Oct 10 22:00:00 UTC 2026,1.8927722,1291.86715,null,null,null,null,null,null,null,null,null,null
Sat Oct 10 23:00:00 UTC 2026,1.8927722,1291.86715,null,null,null,null,null,null,null,null,null,null
Sun Oct 11 00:00:00 UTC 2026,1.8927722,1291.86715,null,null,null,null,null,null,null,null,null,null
Sun Oct 11 01:00:00 UTC 2026,1.8927722,1291.86715,null,null,null,null,null,null,null,null,null,null
Sun Oct 11 02:00:00 UTC 2026,1.8927722,1291.86715,null,null,null,null,null,null,null,null,null,null
Sun Oct 11 03:00:00 UTC 2026,1.8927722,1291.86715,null,null,null,null,null,null,null,null,null,null
Sun Oct 11 04:00:00 UTC 2026,1.8927722,1291.86715,null,null,null,null,null,null,null,null,null,null
Sun Oct 11 05:00:00 UTC 2026,1.8927722,1291.86715,null,null,null,null,null,null,null,null,null,null
Sun Oct 11 06:00:00 UTC 2026,1.8927722,1291.86715,null,null,null,null,null,null,null,null,null,null
Sun Oct 11 07:00:00 UTC 2026,1.8927722,1291.86715,null,null,null,null,null,null,null,null,null,null
Sun Oct 11 08:00:00 UTC 2026,1.8927722,1291.86715,null,null,null,null,null,null,null,null,null,null
Sun Oct 11 09:00:00 UTC 2026,1.8927722,1291.86715,null,null,null,null,null,null,null,null,null,null
Sun Oct 11 10:00:00 UTC 2026,1.8927722,1291.86715,null,null,null,null,null,null,null,null,null,null
Sun Oct 11 11:00:00 UTC 2026,1.8927722,1291.86715,null,null,null,null,null,null,null,null,null,null
Sun Oct 11 12:00:00 UTC 2026,1.8927722,1291.86715,null,null,null,null,null,null,null,null,null,null
Sun Oct 11 13:00:00 UTC 2026,1.8927722,1291.86715,null,null,null,null,null,null,null,null,null,null
Sun Oct 11 14:00:00 UTC 2026,1.8927722,1291.86715,null,null,null,null,null,null,null,null,null,null
Sun Oct 11 15:00:00 UTC 2026,1.8927722,1291.86715,null,null,null,null,null,null,null,null,null,null
Sun Oct 11 16:00:00 UTC 2026,1.8927722,1291.86715,null,null,null,null,null,null,null,null,null,null
Sun Oct 11 17:00:00 UTC 2026,1.8927722,1291.86715,null,null,null,null,null,null,null,null,null,null
Sun Oct 11 18:00:00 UTC 2026,1.8927722,1291.86715,null,null,null,null,null,null,null,null,null,null
Sun Oct 11 19:00:00 UTC 2026,1.8927722,1291.86715,null,null,null,null,null,null,null,null,null,null
Sun Oct 11 20:00:00 UTC 2026,1.8927722,1291.86715,null,null,null,null,null,null,null,null,null,null
Sun Oct 11 21:00:00 UTC 2026,1.8927722,1371.86715,null,null,null,null,null,null,null,null,null,null
Sun Oct 11 22:00:00 UTC 2026,1.8927722,1405.86715,null,null,null,null,null,null,null,null,null,null
Sun Oct 11 23:00:00 UTC 2026,1.8927722,1269.86715,null,null,null,null,null,null,null,null,null,null
Mon Oct 12 00:00:00 UTC 2026,1.8927722,1313.86715,null,null,null,null,null,null,null,null,null,null
Mon Oct 12 01:00:00 UTC 2026,1.8927722,1359.86715,null,null,null,null,null,null,null,null,null,null
Mon Oct 12 02:00:00 UTC 2026,1.8927722,1361.86715,null,null,null,null,null,null,null,null,null,null
Mon Oct 12 03:00:00 UTC 2026,1.8927722,1477.86715,null,null,null,null,null,null,null,null,null,null
Mon Oct 12 04:00:00 UTC 2026,1.8927722,1474.86715,null,null,null,null,null,null,null,null,null,null
Mon Oct 12 05:00:00 UTC 2026,1.8927722,1398.86715,null,null,null,null,null,null,null,null,null,null
Mon Oct 12 06:00:00 UTC 2026,1.8927722,1379.86715,null,null,null,null,null,null,null,null,null,null
Mon Oct 12 07:00:00 UTC 2026,1.8927722,1371.86715,null,null,null,null,null,null,null,null,null,null
Mon Oct 12 08:00:00 UTC 2026,1.8927722,1379.86715,null,null,null,null,null,null,null,null,null,null
Mon Oct 12 09:00:00 UTC 2026,1.8927722,1376.86715,null,null,null,null,null,null,null,null,null,null
Mon Oct 12 10:00:00 UTC 2026,1.8927722,1449.86715,null,null,null,null,null,null,null,null,null,null
Mon Oct 12 11:00:00 UTC 2026,1.8927722,1326.86715,null,null,null,null,null,null,null,null,null,null
Mon Oct 12 12:00:00 UTC 2026,1.8927722,1319.86715,null,null,null,null,null,null,null,null,null,null
Mon Oct 12 13:00:00 UTC 2026,1.8927722,1319.86715,null,null,null,null,null,null,null,null,null,null
Mon Oct 12 14:00:00 UTC 2026,1.8927722,1324.86715,null,null,null,null,null,null,null,null,null,null
Mon Oct 12 15:00:00 UTC 2026,1.8927722,1343.86715,null,null,null,null,null,null,null,null,null,null
Mon Oct 12 16:00:00 UTC 2026,1.8927722,1345.86715,null,null,null,null,null,null,null,null,null,null
Mon Oct 12 17:00:00 UTC 2026,1.8927722,1349.86715,null,null,null,null,null,null,null,null,null,null
Mon Oct 12 18:00:00 UTC 2026,1.8927722,1359.86715,null,null,null,null,null,null,null,null,null,null
Mon Oct 12 19:00:00 UTC 2026,1.8927722,1354.86715,null,null,null,null,null,null,null,null,null,null
Mon Oct 12 20:00:00 UTC 2026,1.8927722,1393.86715,null,null,null,null,null,null,null,null,null,null
Mon Oct 12 21:00:00 UTC 2026,1.8927722,1427.86715,null,null,null,null,null,null,null,null,null,null
Mon Oct 12 22:00:00 UTC 2026,1.8927722,1347.86715,null,null,null,null,null,null,null,null,null,null
Mon Oct 12 23:00:00 UTC 2026,1.8927722,1313.86715,null,null,null,null,null,null,null,null,null,null
Tue Oct 13 00:00:00 UTC 2026,1.8927722,1354.86715,null,null,null,null,null,null,null,null,null,null
Tue Oct 13 01:00:00 UTC 2026,1.8927722,1379.86715,null,null,null,null,null,null,null,null,null,null
Tue Oct 13 02:00:00 UTC 2026,1.8927722,1358.86715,null,null,null,null,null,null,null,null,null,null
Tue Oct 13 03:00:00 UTC 2026,1.8927722,1361.86715,null,null,null,null,null,null,null,null,null,null
Tue Oct 13 04:00:00 UTC 2026,1.8927722,1380.86715,null,null,null,null,null,null,null,null,null,null
Tue Oct 13 05:00:00 UTC 2026,1.8927722,1383.86715,null,null,null,null,null,null,null,null,null,null
Tue Oct 13 06:00:00 UTC 2026,1.8927722,1373.86715,null,null,null,null,null,null,null,null,null,null
Tue Oct 13 07:00:00 UTC 2026,1.8927722,1365.86715,null,null,null,null,null,null,null,null,null,null
Tue Oct 13 08:00:00 UTC 2026,1.8927722,464.86715,null,null,null,null,null,null,null,null,null,null
Tue Oct 13 09:00:00 UTC 2026,1.8927722,469.86715,null,null,null,null,null,null,null,null,null,null
Tue Oct 13 10:00:00 UTC 2026,1.8927722,475.86715,null,null,null,null,null,null,null,null,null,null
Tue Oct 13 11:00:00 UTC 2026,1.8927722,469.86715,null,null,null,null,null,null,null,null,null,null
Tue Oct 13 12:00:00 UTC 2026,1.8927722,469.86715,null,null,null,null,null,null,null,null,null,null
Tue Oct 13 13:00:00 UTC 2026,1.8927722,474.86715,null,null,null,null,null,null,null,null,null,null
Tue Oct 13 14:00:00 UTC 2026,1.8927722,466.86715,null,null,null,null,null,null,null,null,null,null
Tue Oct 13 15:00:00 UTC 2026,1.8927722,467.86715,null,null,null,null,null,null,null,null,null,null
Tue Oct 13 16:00:00 UTC 2026,1.8927722,471.86715,null,null,null,null,null,null,null,null,null,null
Tue Oct 13 17:00:00 UTC 2026,1.8927722,477.86715,null,null,null,null,null,null,null,null,null,null
Tue Oct 13 18:00:00 UTC 2026,1.8927722,472.86715,null,null,null,null,null,null,null,null,null,null
Tue Oct 13 19:00:00 UTC 2026,1.8927722,472.86715,null,null,null,null,null,null,null,null,null,null
Tue Oct 13 20:00:00 UTC 2026,1.8927722,468.86715,null,null,null,null,null,null,null,null,null,null
Tue Oct 13 21:00:00 UTC 2026,1.8927722,443.86715,null,null,null,null,null,null,null,null,null,null
Tue Oct 13 22:00:00 UTC 2026,1.8927722,454.86715,null,null,null,null,null,null,null,null,null,null
Tue Oct 13 23:00:00 UTC 2026,1.8927722,413.86715,null,null,null,null,null,null,null,null,null,null
Wed Oct 14 00:00:00 UTC 2026,1.8927722,425.86715,null,null,null,null,null,null,null,null,null,null
Wed Oct 14 01:00:00 UTC 2026,1.8927722,427.86715,null,null,null,null,null,null,null,null,null,null
Wed Oct 14 02:00:00 UTC 2026,1.8927722,444.86715,null,null,null,null,null,null,null,null,null,null
Wed Oct 14 03:00:00 UTC 2026,1.8927722,441.86715,null,null,null,null,null,null,null,null,null,null
Wed Oct 14 04:00:00 UTC 2026,1.8927722,443.86715,null,null,null,null,null,null,null,null,null,null
Wed Oct 14 05:00:00 UTC 2026,1.8927722,438.86715,null,null,null,null,null,null,null,null,null,null
Wed Oct 14 06:00:00 UTC 2026,1.8927722,433.86715,null,null,null,null,null,null,null,null,null,null
Wed Oct 14 07:00:00 UTC 2026,1.8927722,530.86715,null,null,null,null,null,null,null,null,null,null
Wed Oct 14 08:00:00 UTC 2026,1.8927722,530.86715,null,null,null,null,null,null,null,null,null,null
Wed Oct 14 09:00:00 UTC 2026,1.8927722,528.86715,null,null,null,null,null,null,null,null,null,null
Wed Oct 14 10:00:00 UTC 2026,1.8927722,532.86715,null,null,null,null,null,null,null,null,null,null
Wed Oct 14 11:00:00 UTC 2026,1.8927722,488.86715,null,null,null,null,null,null,null,null,null,null
Wed Oct 14 12:00:00 UTC 2026,1.8927722,438.86715,null,null,null,null,null,null,null,null,null,null
Wed Oct 14 13:00:00 UTC 2026,1.8927722,440.86715,null,null,null,null,null,null,null,null,null,null
Wed Oct 14 14:00:00 UTC 2026,1.8927722,404.86715,null,null,null,null,null,null,null,null,null,null
Wed Oct 14 15:00:00 UTC 2026,1.8927722,400.86715,null,null,null,null,null,null,null,null,null,null
Wed Oct 14 16:00:00 UTC 2026,1.8927722,395.86715,null,null,null,null,null,null,null,null,null,null
Wed Oct 14 17:00:00 UTC 2026,1.8927722,394.86715,null,null,null,null,null,null,null,null,null,null
Wed Oct 14 18:00:00 UTC 2026,1.8927722,445.86715,null,null,null,null,null,null,null,null,null,null
Wed Oct 14 19:00:00 UTC 2026,1.8927722,398.86715,null,null,null,null,null,null,null,null,null,null
Wed Oct 14 20:00:00 UTC 2026,1.8927722,385.86715,null,null,null,null,null,null,null,null,null,null
Wed Oct 14 21:00:00 UTC 2026,1.8927722,465.86715,null,null,null,null,null,null,null,null,null,null
Wed Oct 14 22:00:00 UTC 2026,1.8927722,457.86715,null,null,null,null,null,null,null,null,null,null
Wed Oct 14 23:00:00 UTC 2026,1.8927722,399.86715,null,null,null,null,null,null,null,null,null,null
Thu Oct 15 00:00:00 UTC 2026,1.8927722,359.86715,null,null,null,null,null,null,null,null,null,null
Thu Oct 15 01:00:00 UTC 2026,1.8927722,418.86715,null,null,null,null,null,null,null,null,null,null
Thu Oct 15 02:00:00 UTC 2026,1.8927722,409.86715,null,null,null,null,null,null,null,null,null,null
Thu Oct 15 03:00:00 UTC 2026,1.8927722,362.86715,null,null,null,null,null,null,null,null,null,null
Thu Oct 15 04:00:00 UTC 2026,1.8927722,362.86715,null,null,null,null,null,null,null,null,null,null
Thu Oct 15 05:00:00 UTC 2026,1.8927722,363.86715,null,null,null,null,null,null,null,null,null,null
Thu Oct 15 06:00:00 UTC 2026,1.8927722,358.86715,null,null,null,null,null,null,null,null,null,null
Thu Oct 15 07:00:00 UTC 2026,1.8927722,391.86715,null,null,null,null,null,null,null,null,null,null
Thu Oct 15 08:00:00 UTC 2026,1.8927722,360.86715,null,null,null,null,null,null,null,null,null,null
Thu Oct 15 09:00:00 UTC 2026,1.8927722,361.86715,null,null,null,null,null,null,null,null,null,null
Thu Oct 15 10:00:00 UTC 2026,1.8927722,358.86715,null,null,null,null,null,null,null,null,null,null
Thu Oct 15 11:00:00 UTC 2026,1.8927722,360.86715,null,null,null,null,null,null,null,null,null,null
Thu Oct 15 12:00:00 UTC 2026,1.8927722,370.86715,null,null,null,null,null,null,null,null,null,null
Thu Oct 15 13:00:00 UTC 2026,1.8927722,450.86715,null,null,null,null,null,null,null,null,null,null
Thu Oct 15 14:00:00 UTC 2026,1.8927722,374.86715,null,null,null,null,null,null,null,null,null,null
Thu Oct 15 15:00:00 UTC 2026,1.8927722,444.86715,null,null,null,null,null,null,null,null,null,null
Thu Oct 15 16:00:00 UTC 2026,1.8927722,440.86715,null,null,null,null,null,null,null,null,null,null
Thu Oct 15 17:00:00 UTC 2026,1.8927722,444.86715,null,null,null,null,null,null,null,null,null,null
Thu Oct 15 18:00:00 UTC 2026,1.8927722,365.86715,null,null,null,null,null,null,null,null,null,null
Thu Oct 15 19:00:00 UTC 2026,1.8927722,375.86715,null,null,null,null,null,null,null,null,null,null
Thu Oct 15 20:00:00 UTC 2026,1.8927722,371.86715,null,null,null,null,null,null,null,null,null,null
Thu Oct 15 21:00:00 UTC 2026,1.8927722,351.86715,null,null,null,null,null,null,null,null,null,null
Thu Oct 15 22:00:00 UTC 2026,1.8927722,365.86715,null,null,null,null,null,null,null,null,null,null
Thu Oct 15 23:00:00 UTC 2026,1.8927722,356.86715,null,null,null,null,null,null,null,null,null,null
Fri Oct 16 00:00:00 UTC 2026,1.8927722,397.86715,null,null,null,null,null,null,null,null,null,null
Fri Oct 16 01:00:00 UTC 2026,1.8927722,433.86715,null,null,null,null,null,null,null,null,null,null
Fri Oct 16 02:00:00 UTC 2026,1.8927722,431.86715,null,null,null,null,null,null,null,null,null,null
Fri Oct 16 03:00:00 UTC 2026,1.8927722,443.86715,null,null,null,null,null,null,null,null,null,null
Fri Oct 16 04:00:00 UTC 2026,1.8927722,450.86715,null,null,null,null,null,null,null,null,null,null
Fri Oct 16 05:00:00 UTC 2026,1.8927722,373.86715,null,null,null,null,null,null,null,null,null,null
Fri Oct 16 06:00:00 UTC 2026,1.8927722,386.86715,null,null,null,null,null,null,null,null,null,null
Fri Oct 16 07:00:00 UTC 2026,1.8927722,382.86715,null,null,null,null,null,null,null,null,null,null
Fri Oct 16 08:00:00 UTC 2026,1.8927722,391.86715,null,null,null,null,null,null,null,null,null,null
Fri Oct 16 09:00:00 UTC 2026,1.8927722,404.86715,null,null,null,null,null,null,null,null,null,null
Fri Oct 16 10:00:00 UTC 2026,1.8927722,395.86715,null,null,null,null,null,null,null,null,null,null
Fri Oct 16 11:00:00 UTC 2026,1.8927722,434.86715,null,null,null,null,null,null,null,null,null,null
