date,P_Kweek_-9_Kday_0_ETE_55_ORD_57_EXT_62_E2Ekor_71_EXTkor_59_DIFF_24,a,b,c,d,e,f,g,h,i,j
Tue Sep 29 18:00:00 UTC 2026,870.9000867534436,1.508049999999912,-7.972187154150291,null,192.02781284584972,null,625.9019893939393,null,825.9019893939393,925.9019893939393
Tue Sep 29 19:00:00 UTC 2026,904.8602705206772,72.50804999999991,-4.709341304347916,null,195.2906586956521,null,642.3868378787878,null,842.3868378787879,942.3868378787879
Tue Sep 29 20:00:00 UTC 2026,881.7055997702912,67.50804999999991,-1.4464954545455413,null,198.55350454545447,null,658.8716863636363,null,858.8716863636363,958.8716863636362
Tue Sep 29 21:00:00 UTC 2026,867.8127973200619,-9.491950000000088,1.8163503952568192,null,201.81635039525685,null,675.3565348484848,null,875.3565348484849,975.3565348484849
Tue Sep 29 22:00:00 UTC 2026,876.0455691424229,-2.491950000000088,5.079196245059208,null,205.0791962450592,null,691.8413833333333,null,891.8413833333332,991.8413833333333
Tue Sep 29 23:00:00 UTC 2026,869.8709902756536,30.508049999999912,8.342042094861569,null,208.34204209486157,null,708.3262318181818,null,908.3262318181818,1008.3262318181817
Wed Sep 30 00:00:00 UTC 2026,877.0746656202128,10.508049999999912,11.604887944663929,null,211.60488794466391,null,724.8110803030302,null,924.8110803030302,1024.8110803030302
Wed Sep 30 01:00:00 UTC 2026,879.6474068146996,136.5080499999999,14.867733794466318,null,214.86773379446632,null,741.2959287878787,null,941.2959287878787,1041.2959287878787
Wed Sep 30 02:00:00 UTC 2026,899.7147881316981,105.50804999999991,18.130579644268693,null,218.1305796442687,null,757.7807772727272,null,957.7807772727272,1057.7807772727272
Wed Sep 30 03:00:00 UTC 2026,859.065477258806,140.5080499999999,21.393425494071053,null,221.39342549407104,null,774.2656257575757,null,974.2656257575757,1074.2656257575757
Wed Sep 30 04:00:00 UTC 2026,866.7837008422661,136.5080499999999,24.656271343873428,null,224.6562713438734,null,790.7504742424242,null,990.7504742424242,1090.7504742424242
Wed Sep 30 05:00:00 UTC 2026,847.7454160030634,134.5080499999999,27.91911719367579,null,227.9191171936758,null,807.2353227272727,null,1007.2353227272727,1107.2353227272724
Wed Sep 30 06:00:00 UTC 2026,860.6091219754968,120.50804999999991,31.181963043478163,null,231.18196304347816,null,823.7201712121212,null,1023.7201712121212,1123.7201712121214
Wed Sep 30 07:00:00 UTC 2026,866.269152603371,83.50804999999991,34.44480889328054,null,234.44480889328054,null,840.2050196969697,null,1040.2050196969697,1140.2050196969697
Wed Sep 30 08:00:00 UTC 2026,877.5892138591137,50.50804999999991,37.70765474308293,null,237.7076547430829,null,856.689868181818,null,1056.689868181818,1156.689868181818
Wed Sep 30 09:00:00 UTC 2026,886.3365339203697,18.508049999999912,40.9705005928853,null,240.9705005928853,null,873.1747166666665,null,1073.1747166666664,1173.1747166666664
Wed Sep 30 10:00:00 UTC 2026,885.8219856814688,636.50805,44.23334644268765,null,244.23334644268766,null,889.6595651515152,null,1089.6595651515152,1189.659565151515
Wed Sep 30 11:00:00 UTC 2026,872.9582797090353,598.50805,47.49619229249002,null,247.49619229249004,null,906.1444136363637,null,1106.1444136363634,1206.1444136363634
Wed Sep 30 12:00:00 UTC 2026,846.2017712863725,536.50805,50.7590381422924,null,250.7590381422924,null,922.6292621212119,null,1122.6292621212122,1222.6292621212122
Wed Sep 30 13:00:00 UTC 2026,848.2599642419585,531.50805,54.02188399209477,null,254.02188399209479,null,939.1141106060604,null,1139.1141106060604,1239.1141106060604
Wed Sep 30 14:00:00 UTC 2026,855.4636395865234,553.50805,57.28472984189716,null,257.28472984189716,null,955.598959090909,null,1155.5989590909091,1255.598959090909
Wed Sep 30 15:00:00 UTC 2026,869.8709902756536,564.50805,60.54757569169952,null,260.54757569169954,null,972.0838075757574,null,1172.0838075757574,1272.0838075757574
Wed Sep 30 16:00:00 UTC 2026,869.3564420367528,517.50805,63.81042154150188,null,263.8104215415019,null,988.5686560606059,null,1188.568656060606,1288.568656060606
Wed Sep 30 17:00:00 UTC 2026,875.5310209035221,527.50805,67.07326739130427,null,267.0732673913042,null,1005.0535045454544,null,1205.0535045454544,1305.0535045454544
Wed Sep 30 18:00:00 UTC 2026,872.9582797090353,420.50805,70.33611324110663,null,270.3361132411066,null,1021.5383530303029,null,1221.538353030303,1321.538353030303
Wed Sep 30 19:00:00 UTC 2026,875.016472664627,446.50805,73.59895909090902,null,273.59895909090903,null,1038.0232015151514,null,1238.0232015151514,1338.0232015151514
Wed Sep 30 20:00:00 UTC 2026,923.3840071209793,512.50805,76.86180494071138,null,276.8618049407114,null,1054.50805,null,1254.50805,1354.50805
Wed Sep 30 21:00:00 UTC 2026,947.567774349161,391.50805,80.12465079051374,null,280.1246507905137,null,1070.9928984848484,null,1270.9928984848484,1370.9928984848484
Wed Sep 30 22:00:00 UTC 2026,950.6550637825428,395.50805,83.38749664031613,null,283.3874966403161,null,1087.477746969697,null,1287.477746969697,1387.477746969697
Wed Sep 30 23:00:00 UTC 2026,952.1987084992337,406.50805,86.65034249011849,null,286.6503424901185,null,1103.9625954545454,null,1303.9625954545454,1403.9625954545452
Thu Oct 01 00:00:00 UTC 2026,955.2859979326212,480.50805,89.91318833992086,null,289.91318833992085,null,1120.4474439393937,null,1320.447443939394,1420.447443939394
Thu Oct 01 01:00:00 UTC 2026,998.50805,387.50805,93.17603418972323,null,293.1760341897232,null,1136.9322924242424,null,1336.9322924242424,1436.9322924242424
Thu Oct 01 02:00:00 UTC 2026,935.7331648545178,371.5080499999999,96.43888003952561,null,296.4388800395256,null,1153.417140909091,null,1353.417140909091,1453.417140909091
Thu Oct 01 03:00:00 UTC 2026,934.7040683767219,477.50805,99.70172588932796,null,299.7017258893279,null,1169.9019893939394,null,1369.9019893939394,1469.9019893939394
Thu Oct 01 04:00:00 UTC 2026,930.0731342266492,461.50805,102.96457173913035,null,302.9645717391303,null,1186.386837878788,null,1386.386837878788,1486.3868378787877
Thu Oct 01 05:00:00 UTC 2026,915.6657835375191,529.50805,106.22741758893274,null,306.2274175889327,null,1202.8716863636362,null,1402.8716863636364,1502.8716863636362
Thu Oct 01 06:00:00 UTC 2026,901.2584328483947,575.50805,109.4902634387351,null,309.4902634387351,null,1219.356534848485,null,1419.3565348484847,1519.356534848485
Thu Oct 01 07:00:00 UTC 2026,928.5294895099527,553.50805,112.75310928853747,null,312.7531092885375,null,1235.8413833333332,null,1435.8413833333332,1535.8413833333332
Thu Oct 01 08:00:00 UTC 2026,911.5493976263416,446.50805,116.01595513833983,null,316.01595513833985,null,1252.3262318181817,null,1452.3262318181817,1552.3262318181817
Thu Oct 01 09:00:00 UTC 2026,918.2385247320059,507.50805,119.2788009881422,null,319.27880098814217,null,1268.8110803030304,null,1468.8110803030304,1568.8110803030304
Thu Oct 01 10:00:00 UTC 2026,913.0930423430325,780.50805,122.54164683794455,null,322.54164683794454,null,1285.295928787879,null,1485.2959287878787,1585.2959287878787
Thu Oct 01 11:00:00 UTC 2026,910.5203011485457,695.50805,125.80449268774694,null,325.8044926877469,null,1301.7807772727274,null,1501.7807772727272,1601.7807772727272
Thu Oct 01 12:00:00 UTC 2026,936.2477130934185,762.50805,129.06733853754935,null,329.0673385375493,null,1318.265625757576,null,1518.2656257575757,1618.2656257575757
Thu Oct 01 13:00:00 UTC 2026,929.0440377488534,629.50805,132.33018438735166,null,332.33018438735166,null,1334.750474242424,null,1534.7504742424242,1634.7504742424242
Thu Oct 01 14:00:00 UTC 2026,923.89855535988,756.50805,135.5930302371541,null,335.59303023715404,null,1351.2353227272724,null,1551.2353227272727,1651.2353227272727
Thu Oct 01 15:00:00 UTC 2026,925.4422000765708,787.50805,138.8558760869564,null,338.8558760869564,null,1367.720171212121,null,1567.7201712121212,1667.7201712121212
Thu Oct 01 16:00:00 UTC 2026,926.9858447932618,806.50805,142.11872193675885,null,342.1187219367588,null,1384.2050196969694,null,1584.2050196969694,1684.2050196969694
Thu Oct 01 17:00:00 UTC 2026,935.7331648545178,842.50805,145.38156778656116,null,345.38156778656116,null,1400.6898681818182,null,1600.6898681818182,1700.6898681818182
Thu Oct 01 18:00:00 UTC 2026,753.5830882848398,772.50805,148.64441363636354,null,348.64441363636354,null,1417.1747166666667,null,1617.1747166666667,1717.1747166666667
Thu Oct 01 19:00:00 UTC 2026,731.4575140122497,811.50805,151.90725948616594,null,351.9072594861659,null,1433.659565151515,null,1633.6595651515152,1733.659565151515
Thu Oct 01 20:00:00 UTC 2026,749.9812506125573,706.50805,155.1701053359683,null,355.1701053359683,null,1450.1444136363634,null,1650.1444136363634,1750.1444136363637
Thu Oct 01 21:00:00 UTC 2026,772.1068248851476,657.50805,158.4329511857707,null,358.43295118577066,null,1466.629262121212,null,1666.629262121212,1766.6292621212122
Thu Oct 01 22:00:00 UTC 2026,798.8633333078104,740.50805,161.69579703557304,null,361.69579703557304,null,1483.1141106060604,null,1683.1141106060604,1783.1141106060604
Thu Oct 01 23:00:00 UTC 2026,724.2538386676903,748.50805,164.95864288537538,null,364.9586428853754,null,1499.598959090909,null,1699.598959090909,1799.598959090909
Fri Oct 02 00:00:00 UTC 2026,644.4988616385912,784.50805,168.2214887351778,null,368.2214887351778,null,1516.0838075757574,null,1716.0838075757574,1816.0838075757574
Fri Oct 02 01:00:00 UTC 2026,330.1098876722844,822.50805,171.48433458498013,null,371.48433458498016,null,1532.5686560606061,null,1732.5686560606061,1832.568656060606
Fri Oct 02 02:00:00 UTC 2026,239.03484938744262,867.50805,174.74718043478254,null,374.74718043478254,null,1549.0535045454544,null,1749.0535045454546,1849.0535045454546
Fri Oct 02 03:00:00 UTC 2026,234.40391523736426,851.50805,178.01002628458488,null,378.0100262845849,null,1565.538353030303,null,1765.5383530303031,1865.5383530303031
Fri Oct 02 04:00:00 UTC 2026,294.6060591883599,992.50805,181.27287213438723,null,381.2728721343872,null,1582.0232015151514,null,1782.0232015151514,1882.0232015151514
Fri Oct 02 05:00:00 UTC 2026,276.08232258805793,998.50805,184.53571798418963,null,384.53571798418966,null,1598.50805,null,1798.50805,1898.50805
Fri Oct 02 06:00:00 UTC 2026,258.0731342266454,737.50805,187.79856383399198,null,387.79856383399203,null,1554.7937642857144,null,1754.7937642857144,1854.7937642857144
Fri Oct 02 07:00:00 UTC 2026,278.65506378254463,729.50805,191.0614096837944,null,391.0614096837944,null,1511.0794785714284,null,1711.0794785714284,1811.0794785714284
Fri Oct 02 08:00:00 UTC 2026,274.53867787136136,766.50805,194.32425553359678,null,394.3242555335968,null,1467.3651928571428,null,1667.3651928571426,1767.3651928571428
Fri Oct 02 09:00:00 UTC 2026,290.48967327718236,700.50805,197.58710138339913,null,397.58710138339916,null,1423.650907142857,null,1623.650907142857,1723.650907142857
Fri Oct 02 10:00:00 UTC 2026,277.6259673047488,578.50805,200.84994723320148,null,400.84994723320153,null,1379.9366214285715,null,1579.9366214285715,1679.9366214285715
Fri Oct 02 11:00:00 UTC 2026,270.93684019907886,537.50805,204.11279308300385,null,404.1127930830038,null,1336.2223357142857,null,1536.2223357142855,1636.2223357142855
Fri Oct 02 12:00:00 UTC 2026,320.33347113323265,569.50805,207.37563893280625,null,407.3756389328063,null,1292.50805,null,1492.50805,1592.50805
Fri Oct 02 13:00:00 UTC 2026,286.8878356048998,527.50805,210.63848478260863,null,410.63848478260854,null,1248.7937642857141,null,1448.7937642857141,1548.7937642857141
Fri Oct 02 14:00:00 UTC 2026,219.9965645482399,596.50805,213.90133063241097,null,413.90133063241103,null,1205.0794785714286,null,1405.0794785714286,1505.0794785714286
Fri Oct 02 15:00:00 UTC 2026,249.32581416538943,601.50805,217.16417648221335,null,417.16417648221335,null,1161.3651928571428,null,1361.3651928571426,1461.3651928571426
Fri Oct 02 16:00:00 UTC 2026,227.71478813169998,689.50805,220.4270223320157,null,420.4270223320157,null,1117.650907142857,null,1317.650907142857,1417.650907142857
Fri Oct 02 17:00:00 UTC 2026,235.94755995406084,536.50805,223.6898681818181,null,423.68986818181816,null,1073.9366214285715,null,1273.9366214285712,1373.9366214285712
Fri Oct 02 18:00:00 UTC 2026,142.81432871362745,406.50805,226.95271403162047,null,426.9527140316204,null,1030.2223357142857,null,1230.2223357142857,1330.2223357142857
Fri Oct 02 19:00:00 UTC 2026,159.79442059724423,386.50805,230.21555988142285,null,430.2155598814229,null,986.50805,null,1186.50805,1286.50805
Fri Oct 02 20:00:00 UTC 2026,145.90161814701491,416.50805,233.4784057312252,null,433.47840573122517,null,null,null,null,1292.429925
Fri Oct 02 21:00:00 UTC 2026,124.80514035222052,416.50805,236.74125158102757,null,436.74125158102754,null,null,null,null,1298.3518
Fri Oct 02 22:00:00 UTC 2026,-9.491950000000088,416.50805,240.00409743082997,null,440.0040974308299,null,null,null,null,1304.273675
Fri Oct 02 23:00:00 UTC 2026,130.4651709800947,416.50805,243.26694328063235,null,443.2669432806323,null,null,null,null,1310.19555
Sat Oct 03 00:00:00 UTC 2026,221.0256610260357,416.50805,246.5297891304347,null,446.52978913043466,null,null,null,null,1316.117425
Sat Oct 03 01:00:00 UTC 2026,288.4314803215907,416.50805,249.79263498023704,null,449.79263498023704,null,null,null,null,1322.0393
Sat Oct 03 02:00:00 UTC 2026,244.18033177641604,416.50805,253.05548083003947,null,453.0554808300394,null,null,null,null,1327.961175
Sat Oct 03 03:00:00 UTC 2026,241.09304234303426,416.50805,256.31832667984185,null,456.3183266798418,null,null,null,null,1333.88305
Sat Oct 03 04:00:00 UTC 2026,221.54020926493075,416.50805,259.5811725296442,null,459.58117252964416,null,null,null,null,1339.804925
Sat Oct 03 05:00:00 UTC 2026,183.97818782542038,416.50805,262.84401837944654,null,462.84401837944654,null,null,null,null,1345.7268
Sat Oct 03 06:00:00 UTC 2026,199.41463499234627,416.50805,266.1068642292489,null,466.1068642292489,null,null,null,null,1351.648675
Sat Oct 03 07:00:00 UTC 2026,186.036380781012,416.50805,269.36971007905134,null,469.3697100790513,null,null,null,null,1357.57055
Sat Oct 03 08:00:00 UTC 2026,203.0164726646231,416.50805,272.63255592885366,null,472.63255592885366,null,null,null,null,1363.492425
Sat Oct 03 09:00:00 UTC 2026,207.13285857580638,416.50805,275.895401778656,null,475.895401778656,null,null,null,null,1369.4143
Sat Oct 03 10:00:00 UTC 2026,206.6183103369056,416.50805,279.1582476284584,null,479.1582476284584,null,null,null,null,1375.336175
Sat Oct 03 11:00:00 UTC 2026,198.90008675344552,416.50805,282.4210934782608,null,482.42109347826073,null,null,null,null,1381.25805
Sat Oct 03 12:00:00 UTC 2026,198.90008675344552,416.50805,285.68393932806316,null,485.68393932806316,null,null,null,null,1387.179925
Sat Oct 03 13:00:00 UTC 2026,198.90008675344552,416.50805,288.94678517786554,null,488.94678517786554,null,null,null,null,1393.1018
Sat Oct 03 14:00:00 UTC 2026,199.41463499234627,416.50805,292.20963102766785,null,492.20963102766785,null,null,null,null,1399.023675
Sat Oct 03 15:00:00 UTC 2026,199.41463499234627,416.50805,295.4724768774703,null,495.4724768774703,null,null,null,null,1404.94555
Sat Oct 03 16:00:00 UTC 2026,200.95827970903716,416.50805,298.73532272727266,null,498.7353227272726,null,null,null,null,1410.867425
Sat Oct 03 17:00:00 UTC 2026,200.95827970903716,416.50805,301.99816857707503,null,501.99816857707503,null,null,null,null,1416.7893
Sat Oct 03 18:00:00 UTC 2026,0.93281,416.50805,null,305.2610144268774,null,505.26101442687735,null,null,null,null,null,1422.711175
Sat Oct 03 19:00:00 UTC 2026,0.93281,416.50805,null,308.5238602766798,null,508.5238602766798,null,null,null,null,null,1428.63305
Sat Oct 03 20:00:00 UTC 2026,0.93281,416.50805,null,311.7867061264821,null,511.7867061264821,null,null,null,null,null,1434.554925
Sat Oct 03 21:00:00 UTC 2026,0.93281,416.50805,null,315.0495519762845,null,515.0495519762845,null,null,null,null,null,1440.4768
Sat Oct 03 22:00:00 UTC 2026,0.93281,416.50805,null,318.3123978260869,null,518.3123978260869,null,null,null,null,null,1446.398675
Sat Oct 03 23:00:00 UTC 2026,0.93281,416.50805,null,321.5752436758892,null,521.5752436758892,null,null,null,null,null,1452.32055
Sun Oct 04 00:00:00 UTC 2026,0.93281,416.50805,null,324.83808952569166,null,524.8380895256917,null,null,null,null,null,1458.242425
Sun Oct 04 01:00:00 UTC 2026,0.93281,416.50805,null,328.100935375494,null,528.1009353754939,null,null,null,null,null,1464.1643
Sun Oct 04 02:00:00 UTC 2026,0.93281,416.50805,null,331.36378122529635,null,531.3637812252964,null,null,null,null,null,1470.086175
Sun Oct 04 03:00:00 UTC 2026,0.93281,416.50805,null,334.6266270750988,null,534.6266270750987,null,null,null,null,null,1476.00805
Sun Oct 04 04:00:00 UTC 2026,0.93281,416.50805,null,337.88947292490104,null,537.8894729249012,null,null,null,null,null,1481.929925
Sun Oct 04 05:00:00 UTC 2026,0.93281,416.50805,null,341.1523187747034,null,541.1523187747034,null,null,null,null,null,1487.8518
Sun Oct 04 06:00:00 UTC 2026,0.93281,416.50805,null,344.4151646245059,null,544.4151646245059,null,null,null,null,null,1493.773675
Sun Oct 04 07:00:00 UTC 2026,0.93281,416.50805,null,347.6780104743083,null,547.6780104743082,null,null,null,null,null,1499.69555
Sun Oct 04 08:00:00 UTC 2026,0.93281,416.50805,null,350.9408563241106,null,550.9408563241107,null,null,null,null,null,1505.617425
Sun Oct 04 09:00:00 UTC 2026,0.93281,416.50805,null,354.2037021739129,null,554.2037021739129,null,null,null,null,null,1511.5393
Sun Oct 04 10:00:00 UTC 2026,0.93281,416.50805,null,357.4665480237153,null,557.4665480237153,null,null,null,null,null,1517.461175
Sun Oct 04 11:00:00 UTC 2026,0.93281,416.50805,null,360.7293938735178,null,560.7293938735177,null,null,null,null,null,1523.38305
Sun Oct 04 12:00:00 UTC 2026,0.93281,416.50805,null,363.9922397233201,null,563.99223972332,null,null,null,null,null,1529.304925
Sun Oct 04 13:00:00 UTC 2026,0.93281,416.50805,null,367.2550855731224,null,567.2550855731224,null,null,null,null,null,1535.2268
Sun Oct 04 14:00:00 UTC 2026,0.93281,416.50805,null,370.5179314229248,null,570.5179314229248,null,null,null,null,null,1541.148675
Sun Oct 04 15:00:00 UTC 2026,0.93281,416.50805,null,373.78077727272716,null,573.7807772727272,null,null,null,null,null,1547.07055
Sun Oct 04 16:00:00 UTC 2026,0.93281,416.50805,null,377.0436231225296,null,577.0436231225295,null,null,null,null,null,1552.992425
Sun Oct 04 17:00:00 UTC 2026,0.93281,416.50805,null,380.30646897233197,null,580.3064689723319,null,null,null,null,null,1558.9143
Sun Oct 04 18:00:00 UTC 2026,0.93281,416.50805,null,383.5693148221343,null,583.5693148221343,null,null,null,null,null,1564.836175
Sun Oct 04 19:00:00 UTC 2026,0.93281,416.50805,null,386.83216067193666,null,586.8321606719367,null,null,null,null,null,1570.75805
Sun Oct 04 20:00:00 UTC 2026,0.93281,416.50805,null,390.095006521739,null,590.095006521739,null,null,null,null,null,1576.679925
Sun Oct 04 21:00:00 UTC 2026,0.93281,439.50805,null,393.35785237154147,null,593.3578523715414,null,null,null,null,null,1582.6018
Sun Oct 04 22:00:00 UTC 2026,0.93281,596.50805,null,396.62069822134384,null,596.6206982213438,null,null,null,null,null,1588.523675
Sun Oct 04 23:00:00 UTC 2026,0.93281,652.50805,null,399.88354407114616,null,599.8835440711462,null,null,null,null,null,1594.44555
Mon Oct 05 00:00:00 UTC 2026,0.93281,601.50805,null,403.1463899209485,null,603.1463899209485,null,null,null,null,null,1600.367425
Mon Oct 05 01:00:00 UTC 2026,0.93281,632.50805,null,406.40923577075085,null,606.4092357707509,null,null,null,null,null,1606.2893
Mon Oct 05 02:00:00 UTC 2026,0.93281,547.50805,null,409.67208162055334,null,609.6720816205533,null,null,null,null,null,1612.211175
Mon Oct 05 03:00:00 UTC 2026,0.93281,562.50805,null,412.9349274703556,null,612.9349274703557,null,null,null,null,null,1618.13305
Mon Oct 05 04:00:00 UTC 2026,0.93281,566.50805,null,416.197773320158,null,616.197773320158,null,null,null,null,null,1624.054925
Mon Oct 05 05:00:00 UTC 2026,0.93281,564.50805,null,419.46061916996035,null,619.4606191699604,null,null,null,null,null,1629.9768
Mon Oct 05 06:00:00 UTC 2026,0.93281,556.50805,null,422.7234650197627,null,622.7234650197628,null,null,null,null,null,1635.898675
Mon Oct 05 07:00:00 UTC 2026,0.93281,564.50805,null,425.98631086956516,null,625.9863108695652,null,null,null,null,null,1641.82055
Mon Oct 05 08:00:00 UTC 2026,0.93281,530.50805,null,429.2491567193675,null,629.2491567193675,null,null,null,null,null,1647.742425
Mon Oct 05 09:00:00 UTC 2026,0.93281,575.50805,null,432.51200256916985,null,632.5120025691699,null,null,null,null,null,1653.6643
Mon Oct 05 10:00:00 UTC 2026,0.93281,571.50805,null,435.7748484189722,null,635.7748484189723,null,null,null,null,null,1659.586175
Mon Oct 05 11:00:00 UTC 2026,0.93281,498.50805,null,439.03769426877454,null,639.0376942687745,null,null,null,null,null,1665.50805
Mon Oct 05 12:00:00 UTC 2026,0.93281,555.50805,null,442.30054011857703,null,642.300540118577,null,null,null,null,null,1671.429925
Mon Oct 05 13:00:00 UTC 2026,0.93281,551.50805,null,445.56338596837935,null,645.5633859683794,null,null,null,null,null,1677.3518
Mon Oct 05 14:00:00 UTC 2026,0.93281,576.50805,null,448.8262318181817,null,648.8262318181818,null,null,null,null,null,1683.273675
Mon Oct 05 15:00:00 UTC 2026,0.93281,551.50805,null,452.08907766798404,null,652.0890776679842,null,null,null,null,null,1689.19555
Mon Oct 05 16:00:00 UTC 2026,0.93281,526.50805,null,455.35192351778653,null,655.3519235177865,null,null,null,null,null,1695.117425
Mon Oct 05 17:00:00 UTC 2026,0.93281,436.50805,null,458.6147693675889,null,658.6147693675889,null,null,null,null,null,1701.0393
Mon Oct 05 18:00:00 UTC 2026,0.93281,458.50805,null,461.8776152173912,null,661.8776152173913,null,null,null,null,null,1706.961175
Mon Oct 05 19:00:00 UTC 2026,0.93281,565.50805,null,465.1404610671936,null,665.1404610671937,null,null,null,null,null,1712.88305
Mon Oct 05 20:00:00 UTC 2026,0.93281,560.50805,null,468.4033069169959,null,668.4033069169959,null,null,null,null,null,1718.804925
Mon Oct 05 21:00:00 UTC 2026,0.93281,462.50805,null,471.66615276679835,null,671.6661527667984,null,null,null,null,null,1724.7268
Mon Oct 05 22:00:00 UTC 2026,0.93281,401.50805,null,474.9289986166008,null,674.9289986166008,null,null,null,null,null,1730.648675
Mon Oct 05 23:00:00 UTC 2026,0.93281,523.50805,null,478.19184446640304,null,678.1918444664032,null,null,null,null,null,1736.57055
Tue Oct 06 00:00:00 UTC 2026,0.93281,552.50805,null,481.4546903162055,null,681.4546903162054,null,null,null,null,null,1742.492425
Tue Oct 06 01:00:00 UTC 2026,0.93281,594.50805,null,484.7175361660078,null,684.7175361660078,null,null,null,null,null,1748.4143
Tue Oct 06 02:00:00 UTC 2026,0.93281,606.50805,null,487.9803820158102,null,687.9803820158103,null,null,null,null,null,1754.336175
Tue Oct 06 03:00:00 UTC 2026,0.93281,585.50805,null,491.2432278656126,null,691.2432278656127,null,null,null,null,null,1760.25805
Tue Oct 06 04:00:00 UTC 2026,0.93281,574.50805,null,494.5060737154149,null,694.506073715415,null,null,null,null,null,1766.179925
Tue Oct 06 05:00:00 UTC 2026,0.93281,652.50805,null,497.76891956521735,null,697.7689195652173,null,null,null,null,null,1772.1018
Tue Oct 06 06:00:00 UTC 2026,0.93281,594.50805,null,501.03176541501966,null,701.0317654150197,null,null,null,null,null,1778.023675
Tue Oct 06 07:00:00 UTC 2026,0.93281,710.50805,null,504.29461126482204,null,704.2946112648222,null,null,null,null,null,1783.94555
Tue Oct 06 08:00:00 UTC 2026,0.93281,810.50805,null,507.55745711462447,null,707.5574571146245,null,null,null,null,null,1789.867425
Tue Oct 06 09:00:00 UTC 2026,0.93281,856.50805,null,510.8203029644268,null,710.8203029644268,null,null,null,null,null,1795.7893
Tue Oct 06 10:00:00 UTC 2026,0.93281,823.50805,null,514.0831488142292,null,714.0831488142292,null,null,null,null,null,1801.711175
Tue Oct 06 11:00:00 UTC 2026,0.93281,735.50805,null,517.3459946640315,null,717.3459946640314,null,null,null,null,null,1807.63305
Tue Oct 06 12:00:00 UTC 2026,0.93281,790.50805,null,520.6088405138339,null,720.6088405138339,null,null,null,null,null,1813.554925
Tue Oct 06 13:00:00 UTC 2026,0.93281,802.50805,null,523.8716863636363,null,723.8716863636364,null,null,null,null,null,1819.4768
Tue Oct 06 14:00:00 UTC 2026,0.93281,850.50805,null,527.1345322134387,null,727.1345322134387,null,null,null,null,null,1825.398675
Tue Oct 06 15:00:00 UTC 2026,0.93281,886.50805,null,530.397378063241,null,730.3973780632409,null,null,null,null,null,1831.32055
Tue Oct 06 16:00:00 UTC 2026,0.93281,826.50805,null,533.6602239130433,null,733.6602239130434,null,null,null,null,null,1837.242425
Tue Oct 06 17:00:00 UTC 2026,0.93281,853.50805,null,536.9230697628458,null,736.9230697628459,null,null,null,null,null,1843.1643
Tue Oct 06 18:00:00 UTC 2026,0.93281,761.50805,null,540.1859156126482,null,740.1859156126482,null,null,null,null,null,1849.086175
Tue Oct 06 19:00:00 UTC 2026,0.93281,749.50805,null,543.4487614624505,null,743.4487614624504,null,null,null,null,null,1855.00805
Tue Oct 06 20:00:00 UTC 2026,0.93281,767.50805,null,546.7116073122529,null,746.7116073122529,null,null,null,null,null,1860.929925
Tue Oct 06 21:00:00 UTC 2026,0.93281,708.50805,null,549.9744531620552,null,749.9744531620552,null,null,null,null,null,1866.8518
Tue Oct 06 22:00:00 UTC 2026,0.93281,820.50805,null,553.2372990118577,null,753.2372990118577,null,null,null,null,null,1872.773675
Tue Oct 06 23:00:00 UTC 2026,0.93281,852.50805,null,556.50014486166,null,756.5001448616599,null,null,null,null,null,1878.69555
Wed Oct 07 00:00:00 UTC 2026,0.93281,840.50805,null,559.7629907114623,null,759.7629907114624,null,null,null,null,null,1884.617425
Wed Oct 07 01:00:00 UTC 2026,0.93281,913.50805,null,563.0258365612648,null,763.0258365612647,null,null,null,null,null,1890.5393
Wed Oct 07 02:00:00 UTC 2026,0.93281,924.50805,null,566.288682411067,null,766.2886824110672,null,null,null,null,null,1896.461175
Wed Oct 07 03:00:00 UTC 2026,0.93281,911.50805,null,569.5515282608695,null,769.5515282608694,null,null,null,null,null,1902.38305
Wed Oct 07 04:00:00 UTC 2026,0.93281,955.50805,null,572.8143741106719,null,772.8143741106719,null,null,null,null,null,1908.304925
Wed Oct 07 05:00:00 UTC 2026,0.93281,994.50805,null,576.0772199604742,null,776.0772199604742,null,null,null,null,null,1914.2268
Wed Oct 07 06:00:00 UTC 2026,0.93281,1011.50805,null,579.3400658102767,null,779.3400658102765,null,null,null,null,null,1920.148675
Wed Oct 07 07:00:00 UTC 2026,0.93281,963.50805,null,582.602911660079,null,782.6029116600789,null,null,null,null,null,1926.07055
Wed Oct 07 08:00:00 UTC 2026,0.93281,1002.50805,null,585.8657575098813,null,785.8657575098813,null,null,null,null,null,1931.992425
Wed Oct 07 09:00:00 UTC 2026,0.93281,1020.50805,null,589.1286033596838,null,789.1286033596837,null,null,null,null,null,1937.9143
Wed Oct 07 10:00:00 UTC 2026,0.93281,1000.50805,null,592.391449209486,null,792.391449209486,null,null,null,null,null,1943.836175
Wed Oct 07 11:00:00 UTC 2026,0.93281,1026.50805,null,595.6542950592884,null,795.6542950592884,null,null,null,null,null,1949.75805
Wed Oct 07 12:00:00 UTC 2026,0.93281,1011.50805,null,598.9171409090909,null,798.9171409090908,null,null,null,null,null,1955.679925
Wed Oct 07 13:00:00 UTC 2026,0.93281,969.50805,null,602.1799867588932,null,802.1799867588932,null,null,null,null,null,1961.6018
Wed Oct 07 14:00:00 UTC 2026,0.93281,1022.50805,null,605.4428326086957,null,805.4428326086955,null,null,null,null,null,1967.523675
Wed Oct 07 15:00:00 UTC 2026,0.93281,1044.50805,null,608.7056784584979,null,808.7056784584979,null,null,null,null,null,1973.44555
Wed Oct 07 16:00:00 UTC 2026,0.93281,1065.50805,null,611.9685243083002,null,811.9685243083003,null,null,null,null,null,1979.367425
Wed Oct 07 17:00:00 UTC 2026,0.93281,1060.50805,null,615.2313701581028,null,815.2313701581027,null,null,null,null,null,1985.2893
Wed Oct 07 18:00:00 UTC 2026,0.93281,1051.50805,null,618.494216007905,null,818.494216007905,null,null,null,null,null,1991.211175
Wed Oct 07 19:00:00 UTC 2026,0.93281,1087.50805,null,621.7570618577074,null,821.7570618577074,null,null,null,null,null,1997.13305
Wed Oct 07 20:00:00 UTC 2026,0.93281,1110.50805,null,625.0199077075098,null,825.0199077075098,null,null,null,null,null,2003.054925
Wed Oct 07 21:00:00 UTC 2026,0.93281,980.50805,null,628.282753557312,null,828.282753557312,null,null,null,null,null,2008.9768
Wed Oct 07 22:00:00 UTC 2026,0.93281,987.50805,null,631.5455994071147,null,831.5455994071145,null,null,null,null,null,2014.898675
Wed Oct 07 23:00:00 UTC 2026,0.93281,1014.50805,null,634.8084452569169,null,834.8084452569169,null,null,null,null,null,2020.82055
Thu Oct 08 00:00:00 UTC 2026,0.93281,1119.50805,null,638.0712911067193,null,838.0712911067193,null,null,null,null,null,2026.742425
Thu Oct 08 01:00:00 UTC 2026,0.93281,1119.50805,null,641.3341369565217,null,841.3341369565215,null,null,null,null,null,2032.6643
Thu Oct 08 02:00:00 UTC 2026,0.93281,1112.50805,null,644.5969828063239,null,844.5969828063239,null,null,null,null,null,2038.586175
Thu Oct 08 03:00:00 UTC 2026,0.93281,1144.50805,null,647.8598286561264,null,847.8598286561264,null,null,null,null,null,2044.50805
Thu Oct 08 04:00:00 UTC 2026,0.93281,1087.50805,null,651.1226745059288,null,851.1226745059288,null,null,null,null,null,null
Thu Oct 08 05:00:00 UTC 2026,0.93281,1033.50805,null,654.3855203557312,null,854.3855203557312,null,null,null,null,null,null
Thu Oct 08 06:00:00 UTC 2026,0.93281,1036.50805,null,657.6483662055335,null,857.6483662055334,null,null,null,null,null,null
Thu Oct 08 07:00:00 UTC 2026,0.93281,950.50805,null,660.9112120553358,null,860.9112120553358,null,null,null,null,null,null
Thu Oct 08 08:00:00 UTC 2026,0.93281,979.50805,null,664.1740579051383,null,864.1740579051383,null,null,null,null,null,null
Thu Oct 08 09:00:00 UTC 2026,0.93281,938.50805,null,667.4369037549407,null,867.4369037549407,null,null,null,null,null,null
Thu Oct 08 10:00:00 UTC 2026,0.93281,908.50805,null,670.699749604743,null,870.6997496047429,null,null,null,null,null,null
Thu Oct 08 11:00:00 UTC 2026,0.93281,934.50805,null,673.9625954545454,null,873.9625954545453,null,null,null,null,null,null
Thu Oct 08 12:00:00 UTC 2026,0.93281,944.50805,null,677.2254413043477,null,877.2254413043477,null,null,null,null,null,null
Thu Oct 08 13:00:00 UTC 2026,0.93281,952.50805,null,680.4882871541502,null,880.4882871541502,null,null,null,null,null,null
Thu Oct 08 14:00:00 UTC 2026,0.93281,987.50805,null,683.7511330039525,null,883.7511330039524,null,null,null,null,null,null
Thu Oct 08 15:00:00 UTC 2026,0.93281,1028.50805,null,687.0139788537549,null,887.0139788537548,null,null,null,null,null,null
Thu Oct 08 16:00:00 UTC 2026,0.93281,1002.50805,null,690.2768247035572,null,890.2768247035572,null,null,null,null,null,null
Thu Oct 08 17:00:00 UTC 2026,0.93281,1012.50805,null,693.5396705533597,null,893.5396705533597,null,null,null,null,null,null
Thu Oct 08 18:00:00 UTC 2026,0.93281,1044.50805,null,696.802516403162,null,896.802516403162,null,null,null,null,null,null
Thu Oct 08 19:00:00 UTC 2026,0.93281,1007.50805,null,700.0653622529643,null,900.0653622529643,null,null,null,null,null,null
Thu Oct 08 20:00:00 UTC 2026,0.93281,988.50805,null,703.3282081027667,null,903.3282081027667,null,null,null,null,null,null
Thu Oct 08 21:00:00 UTC 2026,0.93281,928.50805,null,706.591053952569,null,906.591053952569,null,null,null,null,null,null
Thu Oct 08 22:00:00 UTC 2026,0.93281,894.50805,null,709.8538998023715,null,909.8538998023715,null,null,null,null,null,null
Thu Oct 08 23:00:00 UTC 2026,0.93281,892.50805,null,713.1167456521739,null,913.1167456521738,null,null,null,null,null,null
Fri Oct 09 00:00:00 UTC 2026,0.93281,898.50805,null,716.3795915019762,null,916.3795915019762,null,null,null,null,null,null
Fri Oct 09 01:00:00 UTC 2026,0.93281,929.50805,null,719.6424373517785,null,919.6424373517785,null,null,null,null,null,null
Fri Oct 09 02:00:00 UTC 2026,0.93281,872.50805,null,722.9052832015809,null,922.9052832015809,null,null,null,null,null,null
Fri Oct 09 03:00:00 UTC 2026,0.93281,905.50805,null,726.1681290513833,null,926.1681290513834,null,null,null,null,null,null
Fri Oct 09 04:00:00 UTC 2026,0.93281,902.50805,null,729.4309749011858,null,929.4309749011857,null,null,null,null,null,null
Fri Oct 09 05:00:00 UTC 2026,0.93281,844.50805,null,732.693820750988,null,932.693820750988,null,null,null,null,null,null
Fri Oct 09 06:00:00 UTC 2026,0.93281,855.50805,null,735.9566666007904,null,935.9566666007904,null,null,null,null,null,null
Fri Oct 09 07:00:00 UTC 2026,0.93281,926.50805,null,739.2195124505928,null,939.2195124505928,null,null,null,null,null,null
Fri Oct 09 08:00:00 UTC 2026,0.93281,944.50805,null,742.4823583003952,null,942.4823583003952,null,null,null,null,null,null
Fri Oct 09 09:00:00 UTC 2026,0.93281,964.50805,null,745.7452041501977,null,945.7452041501975,null,null,null,null,null,null
Fri Oct 09 10:00:00 UTC 2026,0.93281,975.50805,null,749.0080499999999,null,949.0080499999999,null,null,null,null,null,null
Fri Oct 09 11:00:00 UTC 2026,0.93281,957.50805,null,752.2708958498022,null,952.2708958498023,null,null,null,null,null,null
Fri Oct 09 12:00:00 UTC 2026,0.93281,953.50805,null,755.5337416996047,null,955.5337416996047,null,null,null,null,null,null
Fri Oct 09 13:00:00 UTC 2026,0.93281,938.50805,null,758.7965875494069,null,958.7965875494069,null,null,null,null,null,null
Fri Oct 09 14:00:00 UTC 2026,0.93281,924.50805,null,762.0594333992094,null,962.0594333992093,null,null,null,null,null,null
Fri Oct 09 15:00:00 UTC 2026,0.93281,971.50805,null,765.3222792490119,null,965.3222792490119,null,null,null,null,null,null
Fri Oct 09 16:00:00 UTC 2026,0.93281,989.50805,null,768.5851250988142,null,968.5851250988143,null,null,null,null,null,null
Fri Oct 09 17:00:00 UTC 2026,0.93281,958.50805,null,771.8479709486166,null,971.8479709486165,null,null,null,null,null,null
Fri Oct 09 18:00:00 UTC 2026,0.93281,980.50805,null,775.1108167984189,null,975.1108167984189,null,null,null,null,null,null
Fri Oct 09 19:00:00 UTC 2026,0.93281,965.50805,null,778.3736626482213,null,978.3736626482213,null,null,null,null,null,null
Fri Oct 09 20:00:00 UTC 2026,0.93281,911.50805,null,781.6365084980237,null,981.6365084980237,null,null,null,null,null,null
Fri Oct 09 21:00:00 UTC 2026,0.93281,911.50805,null,784.8993543478259,null,984.899354347826,null,null,null,null,null,null
Fri Oct 09 22:00:00 UTC 2026,0.93281,911.50805,null,788.1622001976283,null,988.1622001976283,null,null,null,null,null,null
Fri Oct 09 23:00:00 UTC 2026,0.93281,911.50805,null,791.4250460474307,null,991.4250460474307,null,null,null,null,null,null
Sat Oct 10 00:00:00 UTC 2026,0.93281,911.50805,null,794.687891897233,null,994.687891897233,null,null,null,null,null,null
Sat Oct 10 01:00:00 UTC 2026,0.93281,911.50805,null,797.9507377470356,null,997.9507377470355,null,null,null,null,null,null
Sat Oct 10 02:00:00 UTC 2026,0.93281,911.50805,null,801.2135835968379,null,1001.2135835968379,null,null,null,null,null,null
Sat Oct 10 03:00:00 UTC 2026,0.93281,911.50805,null,804.4764294466403,null,1004.4764294466403,null,null,null,null,null,null
Sat Oct 10 04:00:00 UTC 2026,0.93281,911.50805,null,807.7392752964427,null,1007.7392752964427,null,null,null,null,null,null
Sat Oct 10 05:00:00 UTC 2026,0.93281,911.50805,null,811.0021211462449,null,1011.002121146245,null,null,null,null,null,null
Sat Oct 10 06:00:00 UTC 2026,0.93281,911.50805,null,814.2649669960473,null,1014.2649669960474,null,null,null,null,null,null
Sat Oct 10 07:00:00 UTC 2026,0.93281,911.50805,null,817.5278128458497,null,1017.5278128458497,null,null,null,null,null,null
Sat Oct 10 08:00:00 UTC 2026,0.93281,911.50805,null,820.790658695652,null,1020.790658695652,null,null,null,null,null,null
Sat Oct 10 09:00:00 UTC 2026,0.93281,911.50805,null,824.0535045454544,null,1024.0535045454544,null,null,null,null,null,null
Sat Oct 10 10:00:00 UTC 2026,0.93281,911.50805,null,827.3163503952568,null,1027.3163503952567,null,null,null,null,null,null
Sat Oct 10 11:00:00 UTC 2026,0.93281,911.50805,null,830.5791962450593,null,1030.5791962450592,null,null,null,null,null,null
Sat Oct 10 12:00:00 UTC 2026,0.93281,911.50805,null,833.8420420948617,null,1033.8420420948617,null,null,null,null,null,null
Sat Oct 10 13:00:00 UTC 2026,0.93281,911.50805,null,837.104887944664,null,1037.104887944664,null,null,null,null,null,null
Sat Oct 10 14:00:00 UTC 2026,0.93281,911.50805,null,840.3677337944663,null,1040.3677337944664,null,null,null,null,null,null
Sat Oct 10 15:00:00 UTC 2026,0.93281,911.50805,null,843.6305796442687,null,1043.6305796442687,null,null,null,null,null,null
Sat Oct 10 16:00:00 UTC 2026,0.93281,911.50805,null,846.893425494071,null,1046.893425494071,null,null,null,null,null,null
Sat Oct 10 17:00:00 UTC 2026,0.93281,911.50805,null,850.1562713438734,null,1050.1562713438734,null,null,null,null,null,null
Sat Oct 10 18:00:00 UTC 2026,0.93281,911.50805,null,853.4191171936758,null,1053.4191171936757,null,null,null,null,null,null
Sat Oct 10 19:00:00 UTC 2026,0.93281,911.50805,null,856.681963043478,null,1056.6819630434782,null,null,null,null,null,null
Sat Oct 10 20:00:00 UTC 2026,0.93281,911.50805,null,859.9448088932805,null,1059.9448088932804,null,null,null,null,null,null
Sat Oct 10 21:00:00 UTC 2026,0.93281,911.50805,null,863.207654743083,null,1063.207654743083,null,null,null,null,null,null
Sat Oct 10 22:00:00 UTC 2026,0.93281,911.50805,null,866.4705005928853,null,1066.4705005928854,null,null,null,null,null,null
Sat Oct 10 23:00:00 UTC 2026,0.93281,911.50805,null,869.7333464426878,null,1069.7333464426877,null,null,null,null,null,null
Sun Oct 11 00:00:00 UTC 2026,0.93281,911.50805,null,872.99619229249,null,1072.99619229249,null,null,null,null,null,null
Sun Oct 11 01:00:00 UTC 2026,0.93281,911.50805,null,876.2590381422924,null,1076.2590381422924,null,null,null,null,null,null
Sun Oct 11 02:00:00 UTC 2026,0.93281,911.50805,null,879.5218839920948,null,1079.521883992095,null,null,null,null,null,null
Sun Oct 11 03:00:00 UTC 2026,0.93281,911.50805,null,882.784729841897,null,1082.7847298418972,null,null,null,null,null,null
Sun Oct 11 04:00:00 UTC 2026,0.93281,911.50805,null,886.0475756916995,null,1086.0475756916994,null,null,null,null,null,null
Sun Oct 11 05:00:00 UTC 2026,0.93281,911.50805,null,889.3104215415018,null,1089.310421541502,null,null,null,null,null,null
Sun Oct 11 06:00:00 UTC 2026,0.93281,911.50805,null,892.5732673913043,null,1092.5732673913044,null,null,null,null,null,null
Sun Oct 11 07:00:00 UTC 2026,0.93281,911.50805,null,895.8361132411068,null,1095.8361132411067,null,null,null,null,null,null
Sun Oct 11 08:00:00 UTC 2026,0.93281,911.50805,null,899.098959090909,null,1099.0989590909091,null,null,null,null,null,null
Sun Oct 11 09:00:00 UTC 2026,0.93281,911.50805,null,902.3618049407113,null,1102.3618049407114,null,null,null,null,null,null
Sun Oct 11 10:00:00 UTC 2026,0.93281,911.50805,null,905.6246507905138,null,1105.624650790514,null,null,null,null,null,null
Sun Oct 11 11:00:00 UTC 2026,0.93281,911.50805,null,908.887496640316,null,1108.8874966403162,null,null,null,null,null,null
Sun Oct 11 12:00:00 UTC 2026,0.93281,911.50805,null,912.1503424901185,null,1112.1503424901184,null,null,null,null,null,null
Sun Oct 11 13:00:00 UTC 2026,0.93281,911.50805,null,915.4131883399208,null,1115.413188339921,null,null,null,null,null,null
Sun Oct 11 14:00:00 UTC 2026,0.93281,911.50805,null,918.6760341897232,null,1118.6760341897232,null,null,null,null,null,null
Sun Oct 11 15:00:00 UTC 2026,0.93281,911.50805,null,921.9388800395255,null,1121.9388800395257,null,null,null,null,null,null
Sun Oct 11 16:00:00 UTC 2026,0.93281,911.50805,null,925.201725889328,null,1125.2017258893281,null,null,null,null,null,null
Sun Oct 11 17:00:00 UTC 2026,0.93281,911.50805,null,928.4645717391304,null,1128.4645717391304,null,null,null,null,null,null
Sun Oct 11 18:00:00 UTC 2026,0.93281,911.50805,null,931.7274175889328,null,1131.727417588933,null,null,null,null,null,null
Sun Oct 11 19:00:00 UTC 2026,0.93281,911.50805,null,934.990263438735,null,1134.9902634387352,null,null,null,null,null,null
Sun Oct 11 20:00:00 UTC 2026,0.93281,911.50805,null,938.2531092885375,null,1138.2531092885374,null,null,null,null,null,null
Sun Oct 11 21:00:00 UTC 2026,0.93281,901.50805,null,941.5159551383398,null,1141.51595513834,null,null,null,null,null,null
Sun Oct 11 22:00:00 UTC 2026,0.93281,916.50805,null,944.7788009881422,null,1144.7788009881422,null,null,null,null,null,null
Sun Oct 11 23:00:00 UTC 2026,0.93281,965.50805,null,948.0416468379445,null,1148.0416468379447,null,null,null,null,null,null
Mon Oct 12 00:00:00 UTC 2026,0.93281,890.50805,null,951.3044926877469,null,1151.304492687747,null,null,null,null,null,null
Mon Oct 12 01:00:00 UTC 2026,0.93281,874.50805,null,954.5673385375492,null,1154.5673385375492,null,null,null,null,null,null
Mon Oct 12 02:00:00 UTC 2026,0.93281,846.50805,null,957.8301843873518,null,1157.830184387352,null,null,null,null,null,null
Mon Oct 12 03:00:00 UTC 2026,0.93281,850.50805,null,961.0930302371542,null,1161.0930302371542,null,null,null,null,null,null
Mon Oct 12 04:00:00 UTC 2026,0.93281,791.50805,null,964.3558760869565,null,1164.3558760869566,null,null,null,null,null,null
Mon Oct 12 05:00:00 UTC 2026,0.93281,784.50805,null,967.6187219367588,null,1167.618721936759,null,null,null,null,null,null
Mon Oct 12 06:00:00 UTC 2026,0.93281,809.50805,null,970.8815677865612,null,1170.8815677865612,null,null,null,null,null,null
Mon Oct 12 07:00:00 UTC 2026,0.93281,839.50805,null,974.1444136363635,null,1174.1444136363637,null,null,null,null,null,null
Mon Oct 12 08:00:00 UTC 2026,0.93281,846.50805,null,977.4072594861659,null,1177.407259486166,null,null,null,null,null,null
Mon Oct 12 09:00:00 UTC 2026,0.93281,896.50805,null,980.6701053359682,null,1180.6701053359684,null,null,null,null,null,null
Mon Oct 12 10:00:00 UTC 2026,0.93281,883.50805,null,983.9329511857707,null,1183.9329511857707,null,null,null,null,null,null
Mon Oct 12 11:00:00 UTC 2026,0.93281,896.50805,null,987.1957970355732,null,1187.1957970355732,null,null,null,null,null,null
Mon Oct 12 12:00:00 UTC 2026,0.93281,820.50805,null,990.4586428853754,null,1190.4586428853756,null,null,null,null,null,null
Mon Oct 12 13:00:00 UTC 2026,0.93281,791.50805,null,993.7214887351779,null,1193.721488735178,null,null,null,null,null,null
Mon Oct 12 14:00:00 UTC 2026,0.93281,836.50805,null,996.9843345849802,null,1196.9843345849802,null,null,null,null,null,null
Mon Oct 12 15:00:00 UTC 2026,0.93281,821.50805,null,1000.2471804347825,null,1200.2471804347826,null,null,null,null,null,null
Mon Oct 12 16:00:00 UTC 2026,0.93281,876.50805,null,1003.5100262845848,null,1203.510026284585,null,null,null,null,null,null
Mon Oct 12 17:00:00 UTC 2026,0.93281,826.50805,null,1006.7728721343873,null,1206.7728721343874,null,null,null,null,null,null
Mon Oct 12 18:00:00 UTC 2026,0.93281,834.50805,null,1010.0357179841897,null,1210.0357179841897,null,null,null,null,null,null
Mon Oct 12 19:00:00 UTC 2026,0.93281,893.50805,null,1013.2985638339919,null,1213.298563833992,null,null,null,null,null,null
Mon Oct 12 20:00:00 UTC 2026,0.93281,843.50805,null,1016.5614096837942,null,1216.5614096837944,null,null,null,null,null,null
Mon Oct 12 21:00:00 UTC 2026,0.93281,795.50805,null,1019.8242555335968,null,1219.824255533597,null,null,null,null,null,null
Mon Oct 12 22:00:00 UTC 2026,0.93281,820.50805,null,1023.0871013833993,null,1223.0871013833992,null,null,null,null,null,null
Mon Oct 12 23:00:00 UTC 2026,0.93281,848.50805,null,1026.3499472332016,null,1226.3499472332016,null,null,null,null,null,null
Tue Oct 13 00:00:00 UTC 2026,0.93281,848.50805,null,1029.612793083004,null,1229.612793083004,null,null,null,null,null,null
Tue Oct 13 01:00:00 UTC 2026,0.93281,767.50805,null,1032.8756389328062,null,1232.8756389328064,null,null,null,null,null,null
Tue Oct 13 02:00:00 UTC 2026,0.93281,733.50805,null,1036.1384847826084,null,1236.1384847826087,null,null,1333.50805,null,null,null
Tue Oct 13 03:00:00 UTC 2026,0.93281,808.50805,null,1039.4013306324111,null,1239.401330632411,null,null,1337.9989590909088,null,null,null
Tue Oct 13 04:00:00 UTC 2026,0.93281,816.50805,null,1042.6641764822134,null,1242.6641764822134,null,null,1342.489868181818,null,null,null
Tue Oct 13 05:00:00 UTC 2026,0.93281,829.50805,null,1045.9270223320157,null,1245.9270223320157,null,null,1346.9807772727272,null,null,null
Tue Oct 13 06:00:00 UTC 2026,0.93281,830.50805,null,1049.189868181818,null,1249.1898681818182,null,null,1351.4716863636363,null,null,null
Tue Oct 13 07:00:00 UTC 2026,0.93281,787.50805,null,1052.4527140316204,null,1252.4527140316206,null,null,1355.9625954545454,null,null,null
Tue Oct 13 08:00:00 UTC 2026,0.93281,1136.50805,null,1055.7155598814227,null,1255.715559881423,null,null,1360.4535045454543,null,null,null
Tue Oct 13 09:00:00 UTC 2026,0.93281,1138.50805,null,1058.9784057312254,null,1258.9784057312254,null,null,1364.9444136363636,null,null,null
Tue Oct 13 10:00:00 UTC 2026,0.93281,1135.50805,null,1062.2412515810277,null,1262.2412515810277,null,null,1369.4353227272727,null,null,null
Tue Oct 13 11:00:00 UTC 2026,0.93281,1141.50805,null,1065.50409743083,null,1265.5040974308301,null,null,1373.9262318181816,null,null,null
Tue Oct 13 12:00:00 UTC 2026,0.93281,1134.50805,null,1068.7669432806322,null,1268.7669432806324,null,null,1378.417140909091,null,null,null
Tue Oct 13 13:00:00 UTC 2026,0.93281,1129.50805,null,1072.0297891304347,null,1272.0297891304347,null,null,1382.90805,null,null,null
Tue Oct 13 14:00:00 UTC 2026,0.93281,1125.50805,null,1075.2926349802372,null,1275.2926349802372,null,null,1387.398959090909,null,null,null
Tue Oct 13 15:00:00 UTC 2026,0.93281,1109.50805,null,1078.5554808300394,null,1278.5554808300394,null,null,1391.8898681818182,null,null,null
Tue Oct 13 16:00:00 UTC 2026,0.93281,1114.50805,null,1081.8183266798417,null,1281.818326679842,null,null,1396.380777272727,null,null,null
Tue Oct 13 17:00:00 UTC 2026,0.93281,1101.50805,null,1085.0811725296442,null,1285.0811725296444,null,null,1400.8716863636364,null,null,null
Tue Oct 13 18:00:00 UTC 2026,0.93281,1099.50805,null,1088.3440183794464,null,1288.3440183794467,null,null,1405.3625954545455,null,null,null
Tue Oct 13 19:00:00 UTC 2026,0.93281,1115.50805,null,1091.6068642292491,null,1291.6068642292491,null,null,1409.8535045454544,null,null,null
Tue Oct 13 20:00:00 UTC 2026,0.93281,1115.50805,null,1094.8697100790514,null,1294.8697100790514,null,null,1414.3444136363635,null,null,null
Tue Oct 13 21:00:00 UTC 2026,0.93281,1099.50805,null,1098.1325559288537,null,1298.1325559288537,null,null,1418.8353227272726,null,null,null
Tue Oct 13 22:00:00 UTC 2026,0.93281,1117.50805,null,1101.395401778656,null,1301.3954017786562,null,null,1423.326231818182,null,null,null
Tue Oct 13 23:00:00 UTC 2026,0.93281,1133.50805,null,1104.6582476284584,null,1304.6582476284584,null,null,1427.8171409090908,null,null,null
Wed Oct 14 00:00:00 UTC 2026,0.93281,1110.50805,null,1107.9210934782607,null,1307.921093478261,null,null,1432.3080499999999,null,null,null
Wed Oct 14 01:00:00 UTC 2026,0.93281,1099.50805,null,1111.1839393280632,null,1311.1839393280632,null,null,1436.798959090909,null,null,null
Wed Oct 14 02:00:00 UTC 2026,0.93281,1103.50805,null,1114.4467851778656,null,1314.4467851778656,null,null,1441.289868181818,null,null,null
Wed Oct 14 03:00:00 UTC 2026,0.93281,1093.50805,null,1117.709631027668,null,1317.7096310276681,null,null,1445.7807772727274,null,null,null
Wed Oct 14 04:00:00 UTC 2026,0.93281,1100.50805,null,1120.9724768774702,null,1320.9724768774704,null,null,1450.2716863636363,null,null,null
Wed Oct 14 05:00:00 UTC 2026,0.93281,1114.50805,null,1124.2353227272727,null,1324.235322727273,null,null,1454.7625954545454,null,null,null
Wed Oct 14 06:00:00 UTC 2026,0.93281,1103.50805,null,1127.4981685770751,null,1327.4981685770751,null,null,1459.2535045454547,null,null,null
Wed Oct 14 07:00:00 UTC 2026,0.93281,1119.50805,null,1130.7610144268774,null,1330.7610144268774,null,null,1463.7444136363636,null,null,null
Wed Oct 14 08:00:00 UTC 2026,0.93281,1104.50805,null,1134.0238602766797,null,1334.02386027668,null,null,1468.2353227272727,null,null,null
Wed Oct 14 09:00:00 UTC 2026,0.93281,1108.50805,null,1137.2867061264822,null,1337.2867061264822,null,null,1472.7262318181815,null,null,null
Wed Oct 14 10:00:00 UTC 2026,0.93281,1102.50805,null,1140.5495519762844,null,1340.5495519762844,null,null,1477.2171409090909,null,null,null
Wed Oct 14 11:00:00 UTC 2026,0.93281,1128.50805,null,1143.8123978260867,null,1343.812397826087,null,null,1481.7080500000002,null,null,null
Wed Oct 14 12:00:00 UTC 2026,0.93281,1101.50805,null,1147.0752436758894,null,1347.0752436758894,null,null,1486.198959090909,null,null,null
Wed Oct 14 13:00:00 UTC 2026,0.93281,1105.50805,null,1150.3380895256917,null,1350.3380895256919,null,null,1490.689868181818,null,null,null
Wed Oct 14 14:00:00 UTC 2026,0.93281,1091.50805,null,1153.600935375494,null,1353.6009353754941,null,null,1495.180777272727,null,null,null
Wed Oct 14 15:00:00 UTC 2026,0.93281,1099.50805,null,1156.8637812252964,null,1356.8637812252964,null,null,1499.6716863636364,null,null,null
Wed Oct 14 16:00:00 UTC 2026,0.93281,1096.50805,null,1160.1266270750987,null,1360.126627075099,null,null,1504.1625954545452,null,null,null
Wed Oct 14 17:00:00 UTC 2026,0.93281,1097.50805,null,1163.3894729249012,null,1363.389472924901,null,null,1508.6535045454543,null,null,null
Wed Oct 14 18:00:00 UTC 2026,0.93281,1119.50805,null,1166.6523187747034,null,1366.6523187747034,null,null,1513.1444136363634,null,null,null
Wed Oct 14 19:00:00 UTC 2026,0.93281,1126.50805,null,1169.915164624506,null,1369.9151646245057,null,null,1517.6353227272725,null,null,null
Wed Oct 14 20:00:00 UTC 2026,0.93281,1132.50805,null,1173.1780104743082,null,1373.178010474308,null,null,1522.1262318181816,null,null,null
Wed Oct 14 21:00:00 UTC 2026,0.93281,1120.50805,null,1176.4408563241104,null,1376.4408563241104,null,null,1526.6171409090907,null,null,null
Wed Oct 14 22:00:00 UTC 2026,0.93281,1130.50805,null,1179.7037021739131,null,1379.703702173913,null,null,1531.1080499999998,null,null,null
Wed Oct 14 23:00:00 UTC 2026,0.93281,1164.50805,null,1182.9665480237154,null,1382.9665480237152,null,null,1535.598959090909,null,null,null
Thu Oct 15 00:00:00 UTC 2026,0.93281,1151.50805,null,1186.2293938735177,null,1386.2293938735177,null,null,1540.089868181818,null,null,null
Thu Oct 15 01:00:00 UTC 2026,0.93281,1142.50805,null,1189.4922397233202,null,1389.49223972332,null,null,1544.5807772727271,null,null,null
Thu Oct 15 02:00:00 UTC 2026,0.93281,1174.50805,null,1192.7550855731224,null,1392.7550855731224,null,null,1549.0716863636362,null,null,null
Thu Oct 15 03:00:00 UTC 2026,0.93281,1171.50805,null,1196.0179314229247,null,1396.0179314229247,null,null,1553.5625954545453,null,null,null
Thu Oct 15 04:00:00 UTC 2026,0.93281,1142.50805,null,1199.2807772727272,null,1399.280777272727,null,null,1558.0535045454544,null,null,null
Thu Oct 15 05:00:00 UTC 2026,0.93281,1182.50805,null,1202.5436231225297,null,1402.5436231225294,null,null,1562.5444136363635,null,null,null
Thu Oct 15 06:00:00 UTC 2026,0.93281,1175.50805,null,1205.806468972332,null,1405.8064689723317,null,null,1567.0353227272726,null,null,null
Thu Oct 15 07:00:00 UTC 2026,0.93281,1162.50805,null,1209.0693148221342,null,1409.0693148221342,null,null,1571.5262318181817,null,null,null
Thu Oct 15 08:00:00 UTC 2026,0.93281,1178.50805,null,1212.3321606719367,null,1412.3321606719367,null,null,1576.0171409090908,null,null,null
Thu Oct 15 09:00:00 UTC 2026,0.93281,1194.50805,null,1215.5950065217392,null,1415.595006521739,null,null,1580.50805,null,null,null
Thu Oct 15 10:00:00 UTC 2026,0.93281,1212.50805,null,1218.8578523715414,null,1418.8578523715414,null,null,1584.998959090909,null,null,null
Thu Oct 15 11:00:00 UTC 2026,0.93281,1194.50805,null,1222.120698221344,null,1422.1206982213437,null,null,1589.489868181818,null,null,null
Thu Oct 15 12:00:00 UTC 2026,0.93281,1171.50805,null,1225.3835440711462,null,1425.3835440711462,null,null,1593.9807772727272,null,null,null
Thu Oct 15 13:00:00 UTC 2026,0.93281,1151.50805,null,1228.6463899209484,null,1428.6463899209484,null,null,1598.4716863636363,null,null,null
Thu Oct 15 14:00:00 UTC 2026,0.93281,1159.50805,null,1231.9092357707507,null,1431.9092357707507,null,null,1602.9625954545454,null,null,null
Thu Oct 15 15:00:00 UTC 2026,0.93281,1139.50805,null,1235.1720816205534,null,1435.1720816205532,null,null,1607.4535045454545,null,null,null
Thu Oct 15 16:00:00 UTC 2026,0.93281,1132.50805,null,1238.4349274703557,null,1438.4349274703554,null,null,1611.9444136363636,null,null,null
Thu Oct 15 17:00:00 UTC 2026,0.93281,1154.50805,null,1241.6977733201581,null,1441.697773320158,null,null,1616.4353227272727,null,null,null
Thu Oct 15 18:00:00 UTC 2026,0.93281,1170.50805,null,1244.9606191699604,null,1444.9606191699604,null,null,1620.9262318181818,null,null,null
Thu Oct 15 19:00:00 UTC 2026,0.93281,1131.50805,null,1248.2234650197627,null,1448.2234650197627,null,null,1625.417140909091,null,null,null
Thu Oct 15 20:00:00 UTC 2026,0.93281,1145.50805,null,1251.4863108695652,null,1451.4863108695652,null,null,1629.90805,null,null,null
Thu Oct 15 21:00:00 UTC 2026,0.93281,1094.50805,null,1254.7491567193676,null,1454.7491567193674,null,null,1634.398959090909,null,null,null
Thu Oct 15 22:00:00 UTC 2026,0.93281,1138.50805,null,1258.01200256917,null,1458.0120025691697,null,null,1638.8898681818182,null,null,null
Thu Oct 15 23:00:00 UTC 2026,0.93281,1093.50805,null,1261.2748484189722,null,1461.2748484189722,null,null,1643.380777272727,null,null,null
Fri Oct 16 00:00:00 UTC 2026,0.93281,1090.50805,null,1264.5376942687744,null,1464.5376942687744,null,null,1647.8716863636364,null,null,null
Fri Oct 16 01:00:00 UTC 2026,0.93281,1119.50805,null,1267.8005401185771,null,1467.800540118577,null,null,1652.3625954545455,null,null,null
Fri Oct 16 02:00:00 UTC 2026,0.93281,1119.50805,null,1271.0633859683794,null,1471.0633859683792,null,null,1656.8535045454544,null,null,null
Fri Oct 16 03:00:00 UTC 2026,0.93281,1119.50805,null,1274.326231818182,null,1474.3262318181817,null,null,1661.3444136363637,null,null,null
Fri Oct 16 04:00:00 UTC 2026,0.93281,1099.50805,null,1277.5890776679842,null,1477.5890776679842,null,null,1665.8353227272728,null,null,null
Fri Oct 16 05:00:00 UTC 2026,0.93281,1111.50805,null,1280.8519235177864,null,1480.8519235177864,null,null,1670.3262318181817,null,null,null
Fri Oct 16 06:00:00 UTC 2026,0.93281,1138.50805,null,1284.1147693675887,null,1484.114769367589,null,null,1674.817140909091,null,null,null
Fri Oct 16 07:00:00 UTC 2026,0.93281,1111.50805,null,1287.3776152173914,null,1487.3776152173912,null,null,1679.3080499999999,null,null,null
Fri Oct 16 08:00:00 UTC 2026,0.93281,1081.50805,null,1290.6404610671937,null,1490.6404610671934,null,null,1683.7989590909087,null,null,null
Fri Oct 16 09:00:00 UTC 2026,0.93281,1086.50805,null,1293.903306916996,null,1493.903306916996,null,null,1688.289868181818,null,null,null
Fri Oct 16 10:00:00 UTC 2026,0.93281,1123.50805,null,1297.1661527667982,null,1497.1661527667982,null,null,1692.7807772727272,null,null,null
Fri Oct 16 11:00:00 UTC 2026,0.93281,1112.50805,null,1300.4289986166004,null,1500.4289986166007,null,null,1697.2716863636363,null,null,null
Fri Oct 16 12:00:00 UTC 2026,0.93281,1341.50805,null,1303.6918444664032,null,1503.691844466403,null,null,1701.7625954545456,null,null,null
Fri Oct 16 13:00:00 UTC 2026,0.93281,1338.50805,null,1306.9546903162056,null,1506.9546903162054,null,null,1706.2535045454542,null,null,null
Fri Oct 16 14:00:00 UTC 2026,0.93281,1359.50805,null,1310.217536166008,null,1510.217536166008,null,null,1710.7444136363633,null,null,null
Fri Oct 16 15:00:00 UTC 2026,0.93281,1380.50805,null,1313.4803820158102,null,1513.4803820158102,null,null,1715.2353227272727,null,null,null
Fri Oct 16 16:00:00 UTC 2026,0.93281,1368.50805,null,1316.7432278656124,null,1516.7432278656124,null,null,1719.726231818182,null,null,null
Fri Oct 16 17:00:00 UTC 2026,0.93281,1380.50805,null,1320.0060737154151,null,1520.006073715415,null,null,1724.2171409090906,null,null,null
Fri Oct 16 18:00:00 UTC 2026,0.93281,1379.50805,null,1323.2689195652174,null,1523.2689195652172,null,null,1728.70805,null,null,null
Fri Oct 16 19:00:00 UTC 2026,0.93281,1376.50805,null,1326.5317654150197,null,1526.5317654150197,null,null,1733.1989590909093,null,null,null
Fri Oct 16 20:00:00 UTC 2026,0.93281,1377.50805,null,1329.794611264822,null,1529.794611264822,null,null,1737.689868181818,null,null,null
Fri Oct 16 21:00:00 UTC 2026,0.93281,1377.50805,null,1333.0574571146242,null,1533.0574571146242,null,null,1742.180777272727,null,null,null
Fri Oct 16 22:00:00 UTC 2026,0.93281,1377.50805,null,1336.3203029644267,null,1536.3203029644267,null,null,1746.6716863636364,null,null,null
Fri Oct 16 23:00:00 UTC 2026,0.93281,1377.50805,null,1339.5831488142294,null,1539.5831488142292,null,null,1751.1625954545452,null,null,null
Sat Oct 17 00:00:00 UTC 2026,0.93281,1377.50805,null,1342.8459946640317,null,1542.8459946640314,null,null,1755.6535045454543,null,null,null
Sat Oct 17 01:00:00 UTC 2026,0.93281,1377.50805,null,1346.108840513834,null,1546.108840513834,null,null,1760.1444136363637,null,null,null
Sat Oct 17 02:00:00 UTC 2026,0.93281,1377.50805,null,1349.3716863636362,null,1549.3716863636362,null,null,1764.6353227272725,null,null,null
Sat Oct 17 03:00:00 UTC 2026,0.93281,1377.50805,null,1352.6345322134387,null,1552.6345322134387,null,null,1769.1262318181819,null,null,null
Sat Oct 17 04:00:00 UTC 2026,0.93281,1377.50805,null,1355.8973780632411,null,1555.897378063241,null,null,1773.6171409090907,null,null,null
Sat Oct 17 05:00:00 UTC 2026,0.93281,1377.50805,null,1359.1602239130434,null,1559.1602239130432,null,null,1778.1080499999998,null,null,null
Sat Oct 17 06:00:00 UTC 2026,0.93281,1377.50805,null,1362.4230697628457,null,1562.4230697628457,null,null,1782.598959090909,null,null,null
Sat Oct 17 07:00:00 UTC 2026,0.93281,1377.50805,null,1365.685915612648,null,1565.685915612648,null,null,1787.089868181818,null,null,null
Sat Oct 17 08:00:00 UTC 2026,0.93281,1377.50805,null,1368.9487614624504,null,1568.9487614624506,null,null,1791.5807772727271,null,null,null
Sat Oct 17 09:00:00 UTC 2026,0.93281,1377.50805,null,1372.211607312253,null,1572.211607312253,null,null,1796.0716863636362,null,null,null
Sat Oct 17 10:00:00 UTC 2026,0.93281,1377.50805,null,1375.4744531620554,null,1575.4744531620552,null,null,1800.5625954545453,null,null,null
Sat Oct 17 11:00:00 UTC 2026,0.93281,1377.50805,null,1378.7372990118577,null,1578.7372990118577,null,null,1805.0535045454544,null,null,null
Sat Oct 17 12:00:00 UTC 2026,0.93281,1377.50805,null,1382.00014486166,null,1582.00014486166,null,null,1809.5444136363635,null,null,null
Sat Oct 17 13:00:00 UTC 2026,0.93281,1377.50805,null,1385.2629907114624,null,1585.2629907114624,null,null,1814.0353227272726,null,null,null
Sat Oct 17 14:00:00 UTC 2026,0.93281,1377.50805,null,1388.5258365612647,null,1588.5258365612647,null,null,1818.5262318181817,null,null,null
Sat Oct 17 15:00:00 UTC 2026,0.93281,1377.50805,null,1391.7886824110672,null,1591.788682411067,null,null,1823.0171409090908,null,null,null
Sat Oct 17 16:00:00 UTC 2026,0.93281,1377.50805,null,1395.0515282608694,null,1595.0515282608694,null,null,1827.50805,null,null,null
Sat Oct 17 17:00:00 UTC 2026,0.93281,1377.50805,null,1398.3143741106717,null,1598.3143741106717,null,null,1831.998959090909,null,null,null
Sat Oct 17 18:00:00 UTC 2026,0.93281,1377.50805,null,1401.5772199604742,null,1601.5772199604742,null,null,1836.489868181818,null,null,null
Sat Oct 17 19:00:00 UTC 2026,0.93281,1377.50805,null,1404.8400658102767,null,1604.8400658102767,null,null,1840.980777272727,null,null,null
Sat Oct 17 20:00:00 UTC 2026,0.93281,1377.50805,null,1408.1029116600791,null,1608.102911660079,null,null,1845.4716863636363,null,null,null
Sat Oct 17 21:00:00 UTC 2026,0.93281,1377.50805,null,1411.3657575098814,null,1611.3657575098814,null,null,1849.9625954545456,null,null,null
Sat Oct 17 22:00:00 UTC 2026,0.93281,1377.50805,null,1414.6286033596837,null,1614.6286033596837,null,null,1854.4535045454543,null,null,null
Sat Oct 17 23:00:00 UTC 2026,0.93281,1377.50805,null,1417.8914492094862,null,1617.891449209486,null,null,1858.9444136363636,null,null,null
Sun Oct 18 00:00:00 UTC 2026,0.93281,1377.50805,null,1421.1542950592884,null,1621.1542950592884,null,null,1863.4353227272727,null,null,null
Sun Oct 18 01:00:00 UTC 2026,0.93281,1377.50805,null,1424.4171409090907,null,1624.4171409090907,null,null,1867.9262318181818,null,null,null
Sun Oct 18 02:00:00 UTC 2026,0.93281,1377.50805,null,1427.6799867588932,null,1627.6799867588932,null,null,1872.417140909091,null,null,null
Sun Oct 18 03:00:00 UTC 2026,0.93281,1377.50805,null,1430.9428326086954,null,1630.9428326086954,null,null,1876.9080499999998,null,null,null
Sun Oct 18 04:00:00 UTC 2026,0.93281,1377.50805,null,1434.205678458498,null,1634.205678458498,null,null,1881.398959090909,null,null,null
Sun Oct 18 05:00:00 UTC 2026,0.93281,1377.50805,null,1437.4685243083004,null,1637.4685243083004,null,null,1885.889868181818,null,null,null
Sun Oct 18 06:00:00 UTC 2026,0.93281,1377.50805,null,1440.7313701581027,null,1640.7313701581027,null,null,1890.380777272727,null,null,null
Sun Oct 18 07:00:00 UTC 2026,0.93281,1377.50805,null,1443.9942160079052,null,1643.994216007905,null,null,1894.8716863636364,null,null,null
Sun Oct 18 08:00:00 UTC 2026,0.93281,1377.50805,null,1447.2570618577074,null,1647.2570618577074,null,null,1899.3625954545455,null,null,null
Sun Oct 18 09:00:00 UTC 2026,0.93281,1377.50805,null,1450.51990770751,null,1650.5199077075097,null,null,1903.8535045454544,null,null,null
Sun Oct 18 10:00:00 UTC 2026,0.93281,1377.50805,null,1453.7827535573122,null,1653.7827535573122,null,null,1908.3444136363635,null,null,null
Sun Oct 18 11:00:00 UTC 2026,0.93281,1377.50805,null,1457.0455994071144,null,1657.0455994071144,null,null,1912.8353227272728,null,null,null
Sun Oct 18 12:00:00 UTC 2026,0.93281,1377.50805,null,1460.3084452569167,null,1660.3084452569167,null,null,1917.326231818182,null,null,null
Sun Oct 18 13:00:00 UTC 2026,0.93281,1377.50805,null,1463.5712911067194,null,1663.5712911067194,null,null,1921.8171409090908,null,null,null
Sun Oct 18 14:00:00 UTC 2026,0.93281,1377.50805,null,1466.8341369565217,null,1666.8341369565217,null,null,1926.30805,null,null,null
Sun Oct 18 15:00:00 UTC 2026,0.93281,1377.50805,null,1470.0969828063241,null,1670.0969828063241,null,null,1930.798959090909,null,null,null
Sun Oct 18 16:00:00 UTC 2026,0.93281,1377.50805,null,1473.3598286561264,null,1673.3598286561264,null,null,1935.289868181818,null,null,null
Sun Oct 18 17:00:00 UTC 2026,0.93281,1377.50805,null,1476.6226745059287,null,1676.6226745059287,null,null,1939.7807772727272,null,null,null
Sun Oct 18 18:00:00 UTC 2026,0.93281,1377.50805,null,1479.8855203557312,null,1679.8855203557312,null,null,1944.2716863636363,null,null,null
Sun Oct 18 19:00:00 UTC 2026,0.93281,1377.50805,null,1483.1483662055334,null,1683.1483662055334,null,null,1948.7625954545456,null,null,null
Sun Oct 18 20:00:00 UTC 2026,0.93281,1377.50805,null,1486.411212055336,null,1686.411212055336,null,null,1953.2535045454542,null,null,null
Sun Oct 18 21:00:00 UTC 2026,0.93281,1359.50805,null,1489.6740579051382,null,1689.6740579051382,null,null,1957.7444136363636,null,null,null
Sun Oct 18 22:00:00 UTC 2026,0.93281,1369.50805,null,1492.9369037549404,null,1692.9369037549404,null,null,1962.2353227272727,null,null,null
Sun Oct 18 23:00:00 UTC 2026,0.93281,1336.50805,null,1496.1997496047431,null,1696.1997496047431,null,null,1966.7262318181818,null,null,null
Mon Oct 19 00:00:00 UTC 2026,0.93281,1332.50805,null,1499.4625954545454,null,1699.4625954545454,null,null,1971.2171409090906,null,null,null
Mon Oct 19 01:00:00 UTC 2026,0.93281,1316.50805,null,1502.725441304348,null,1702.7254413043477,null,null,1975.70805,null,null,null
Mon Oct 19 02:00:00 UTC 2026,0.93281,1343.50805,null,1505.9882871541502,null,1705.9882871541502,null,null,1980.198959090909,null,null,null
Mon Oct 19 03:00:00 UTC 2026,0.93281,1405.50805,null,1509.2511330039524,null,1709.2511330039524,null,null,1984.689868181818,null,null,null
Mon Oct 19 04:00:00 UTC 2026,0.93281,1430.50805,null,1512.5139788537547,null,1712.513978853755,null,null,1989.1807772727273,null,null,null
Mon Oct 19 05:00:00 UTC 2026,0.93281,1427.50805,null,1515.7768247035572,null,1715.7768247035572,null,null,1993.6716863636361,null,null,null
Mon Oct 19 06:00:00 UTC 2026,0.93281,1427.50805,null,1519.0396705533597,null,1719.0396705533594,null,null,1998.1625954545455,null,null,null
Mon Oct 19 07:00:00 UTC 2026,0.93281,1403.50805,null,1522.302516403162,null,1722.302516403162,null,null,2002.6535045454546,null,null,null
Mon Oct 19 08:00:00 UTC 2026,0.93281,1403.50805,null,1525.5653622529642,null,1725.5653622529642,null,null,2007.1444136363634,null,null,null
Mon Oct 19 09:00:00 UTC 2026,0.93281,1393.50805,null,1528.8282081027667,null,1728.828208102767,null,null,2011.6353227272728,null,null,null
Mon Oct 19 10:00:00 UTC 2026,0.93281,1399.50805,null,1532.0910539525692,null,1732.0910539525692,null,null,2016.1262318181819,null,null,null
Mon Oct 19 11:00:00 UTC 2026,0.93281,1399.50805,null,1535.3538998023716,null,1735.3538998023714,null,null,2020.6171409090907,null,null,null
Mon Oct 19 12:00:00 UTC 2026,0.93281,1426.50805,null,1538.616745652174,null,1738.616745652174,null,null,2025.1080499999998,null,null,null
Mon Oct 19 13:00:00 UTC 2026,0.93281,1426.50805,null,1541.8795915019762,null,1741.8795915019762,null,null,2029.5989590909091,null,null,null
Mon Oct 19 14:00:00 UTC 2026,0.93281,1410.50805,null,1545.1424373517784,null,1745.1424373517787,null,null,2034.089868181818,null,null,null
Mon Oct 19 15:00:00 UTC 2026,0.93281,1423.50805,null,1548.405283201581,null,1748.405283201581,null,null,2038.5807772727271,null,null,null
Mon Oct 19 16:00:00 UTC 2026,0.93281,1422.50805,null,1551.6681290513834,null,1751.6681290513832,null,null,2043.0716863636362,null,null,null
Mon Oct 19 17:00:00 UTC 2026,0.93281,1426.50805,null,1554.9309749011857,null,1754.9309749011857,null,null,2047.5625954545453,null,null,null
Mon Oct 19 18:00:00 UTC 2026,0.93281,1436.50805,null,1558.193820750988,null,1758.193820750988,null,null,2052.0535045454544,null,null,null
Mon Oct 19 19:00:00 UTC 2026,0.93281,1425.50805,null,1561.4566666007904,null,1761.4566666007904,null,null,2056.5444136363635,null,null,null
Mon Oct 19 20:00:00 UTC 2026,0.93281,1428.50805,null,1564.7195124505927,null,1764.719512450593,null,null,2061.0353227272726,null,null,null
Mon Oct 19 21:00:00 UTC 2026,0.93281,1416.50805,null,1567.9823583003954,null,1767.9823583003952,null,null,2065.5262318181817,null,null,null
Mon Oct 19 22:00:00 UTC 2026,0.93281,1418.50805,null,1571.2452041501977,null,1771.2452041501977,null,null,2070.017140909091,null,null,null
Mon Oct 19 23:00:00 UTC 2026,0.93281,1474.50805,null,1574.50805,null,1774.50805,null,null,2074.50805,null,null,null
Tue Oct 20 00:00:00 UTC 2026,0.93281,1429.50805,null,null,null,null,null,null,null,null,null,null
Tue Oct 20 01:00:00 UTC 2026,0.93281,1423.50805,null,null,null,null,null,null,null,null,null,null
Tue Oct 20 02:00:00 UTC 2026,0.93281,1421.50805,null,null,null,null,null,null,null,null,null,null
Tue Oct 20 03:00:00 UTC 2026,0.93281,1430.50805,null,null,null,null,null,null,null,null,null,null
Tue Oct 20 04:00:00 UTC 2026,0.93281,1436.50805,null,null,null,null,null,null,null,null,null,null
Tue Oct 20 05:00:00 UTC 2026,0.93281,1432.50805,null,null,null,null,null,null,null,null,null,null
Tue Oct 20 06:00:00 UTC 2026,0.93281,1429.50805,null,null,null,null,null,null,null,null,null,null
Tue Oct 20 07:00:00 UTC 2026,0.93281,1432.50805,null,null,null,null,null,null,null,null,null,null
Tue Oct 20 08:00:00 UTC 2026,0.93281,1409.50805,null,null,null,null,null,null,null,null,null,null
Tue Oct 20 09:00:00 UTC 2026,0.93281,1410.50805,null,null,null,null,null,null,null,null,null,null
Tue Oct 20 10:00:00 UTC 2026,0.93281,1413.50805,null,null,null,null,null,null,null,null,null,null
Tue Oct 20 11:00:00 UTC 2026,0.93281,1413.50805,null,null,null,null,null,null,null,null,null,null
Tue Oct 20 12:00:00 UTC 2026,0.93281,1413.50805,null,null,null,null,null,null,null,null,null,null
Tue Oct 20 13:00:00 UTC 2026,0.93281,1412.50805,null,null,null,null,null,null,null,null,null,null
Tue Oct 20 14:00:00 UTC 2026,0.93281,1412.50805,null,null,null,null,null,null,null,null,null,null
Tue Oct 20 15:00:00 UTC 2026,0.93281,1412.50805,null,null,null,null,null,null,null,null,null,null
Tue Oct 20 16:00:00 UTC 2026,0.93281,1410.50805,null,null,null,null,null,null,null,null,null,null
Tue Oct 20 17:00:00 UTC 2026,0.93281,1407.50805,null,null,null,null,null,null,null,null,null,null
Tue Oct 20 18:00:00 UTC 2026,0.93281,1409.50805,null,null,null,null,null,null,null,null,null,null
Tue Oct 20 19:00:00 UTC 2026,0.93281,1397.50805,null,null,null,null,null,null,null,null,null,null
Tue Oct 20 20:00:00 UTC 2026,0.93281,1403.50805,null,null,null,null,null,null,null,null,null,null
Tue Oct 20 21:00:00 UTC 2026,0.93281,1395.50805,null,null,null,null,null,null,null,null,null,null
Tue Oct 20 22:00:00 UTC 2026,0.93281,1404.50805,null,null,null,null,null,null,null,null,null,null
Tue Oct 20 23:00:00 UTC 2026,0.93281,1404.50805,null,null,null,null,null,null,null,null,null,null
Wed Oct 21 00:00:00 UTC 2026,0.93281,1398.50805,null,null,null,null,null,null,null,null,null,null
Wed Oct 21 01:00:00 UTC 2026,0.93281,1397.50805,null,null,null,null,null,null,null,null,null,null
Wed Oct 21 02:00:00 UTC 2026,0.93281,1395.50805,null,null,null,null,null,null,null,null,null,null
Wed Oct 21 03:00:00 UTC 2026,0.93281,1395.50805,null,null,null,null,null,null,null,null,null,null
Wed Oct 21 04:00:00 UTC 2026,0.93281,1396.50805,null,null,null,null,null,null,null,null,null,null
Wed Oct 21 05:00:00 UTC 2026,0.93281,1396.50805,null,null,null,null,null,null,null,null,null,null
Wed Oct 21 06:00:00 UTC 2026,0.93281,1399.50805,null,null,null,null,null,null,null,null,null,null
Wed Oct 21 07:00:00 UTC 2026,0.93281,1391.50805,null,null,null,null,null,null,null,null,null,null
Wed Oct 21 08:00:00 UTC 2026,0.93281,1396.50805,null,null,null,null,null,null,null,null,null,null
Wed Oct 21 09:00:00 UTC 2026,0.93281,1396.50805,null,null,null,null,null,null,null,null,null,null
Wed Oct 21 10:00:00 UTC 2026,0.93281,1393.50805,null,null,null,null,null,null,null,null,null,null
Wed Oct 21 11:00:00 UTC 2026,0.93281,1394.50805,null,null,null,null,null,null,null,null,null,null
Wed Oct 21 12:00:00 UTC 2026,0.93281,1393.50805,null,null,null,null,null,null,null,null,null,null
Wed Oct 21 13:00:00 UTC 2026,0.93281,1391.50805,null,null,null,null,null,null,null,null,null,null
Wed Oct 21 14:00:00 UTC 2026,0.93281,1389.50805,null,null,null,null,null,null,null,null,null,null
Wed Oct 21 15:00:00 UTC 2026,0.93281,1389.50805,null,null,null,null,null,null,null,null,null,null
Wed Oct 21 16:00:00 UTC 2026,0.93281,1388.50805,null,null,null,null,null,null,null,null,null,null
Wed Oct 21 17:00:00 UTC 2026,0.93281,1392.50805,null,null,null,null,null,null,null,null,null,null
Wed Oct 21 18:00:00 UTC 2026,0.93281,1392.50805,null,null,null,null,null,null,null,null,null,null
Wed Oct 21 19:00:00 UTC 2026,0.93281,1391.50805,null,null,null,null,null,null,null,null,null,null
Wed Oct 21 20:00:00 UTC 2026,0.93281,1391.50805,null,null,null,null,null,null,null,null,null,null
Wed Oct 21 21:00:00 UTC 2026,0.93281,1382.50805,null,null,null,null,null,null,null,null,null,null
Wed Oct 21 22:00:00 UTC 2026,0.93281,1379.50805,null,null,null,null,null,null,null,null,null,null
Wed Oct 21 23:00:00 UTC 2026,0.93281,1392.50805,null,null,null,null,null,null,null,null,null,null
Thu Oct 22 00:00:00 UTC 2026,0.93281,1394.50805,null,null,null,null,null,null,null,null,null,null
Thu Oct 22 01:00:00 UTC 2026,0.93281,1396.50805,null,null,null,null,null,null,null,null,null,null
Thu Oct 22 02:00:00 UTC 2026,0.93281,1397.50805,null,null,null,null,null,null,null,null,null,null
Thu Oct 22 03:00:00 UTC 2026,0.93281,1398.50805,null,null,null,null,null,null,null,null,null,null
Thu Oct 22 04:00:00 UTC 2026,0.93281,1397.50805,null,null,null,null,null,null,null,null,null,null
Thu Oct 22 05:00:00 UTC 2026,0.93281,1397.50805,null,null,null,null,null,null,null,null,null,null
Thu Oct 22 06:00:00 UTC 2026,0.93281,1395.50805,null,null,null,null,null,null,null,null,null,null
Thu Oct 22 07:00:00 UTC 2026,0.93281,1396.50805,null,null,null,null,null,null,null,null,null,null
Thu Oct 22 08:00:00 UTC 2026,0.93281,1396.50805,null,null,null,null,null,null,null,null,null,null
Thu Oct 22 09:00:00 UTC 2026,0.93281,1395.50805,null,null,null,null,null,null,null,null,null,null
Thu Oct 22 10:00:00 UTC 2026,0.93281,1393.50805,null,null,null,null,null,null,null,null,null,null
Thu Oct 22 11:00:00 UTC 2026,0.93281,1393.50805,null,null,null,null,null,null,null,null,null,null
Thu Oct 22 12:00:00 UTC 2026,0.93281,1389.50805,null,null,null,null,null,null,null,null,null,null
Thu Oct 22 13:00:00 UTC 2026,0.93281,1388.50805,null,null,null,null,null,null,null,null,null,null
Thu Oct 22 14:00:00 UTC 2026,0.93281,1388.50805,null,null,null,null,null,null,null,null,null,null
Thu Oct 22 15:00:00 UTC 2026,0.93281,1393.50805,null,null,null,null,null,null,null,null,null,null
Thu Oct 22 16:00:00 UTC 2026,0.93281,1392.50805,null,null,null,null,null,null,null,null,null,null
Thu Oct 22 17:00:00 UTC 2026,0.93281,1388.50805,null,null,null,null,null,null,null,null,null,null
Thu Oct 22 18:00:00 UTC 2026,0.93281,1387.50805,null,null,null,null,null,null,null,null,null,null
Thu Oct 22 19:00:00 UTC 2026,0.93281,1385.50805,null,null,null,null,null,null,null,null,null,null
Thu Oct 22 20:00:00 UTC 2026,0.93281,1381.50805,null,null,null,null,null,null,null,null,null,null
Thu Oct 22 21:00:00 UTC 2026,0.93281,1379.50805,null,null,null,null,null,null,null,null,null,null
Thu Oct 22 22:00:00 UTC 2026,0.93281,1380.50805,null,null,null,null,null,null,null,null,null,null
Thu Oct 22 23:00:00 UTC 2026,0.93281,1382.50805,null,null,null,null,null,null,null,null,null,null
Fri Oct 23 00:00:00 UTC 2026,0.93281,1382.50805,null,null,null,null,null,null,null,null,null,null
Fri Oct 23 01:00:00 UTC 2026,0.93281,1382.50805,null,null,null,null,null,null,null,null,null,null
Fri Oct 23 02:00:00 UTC 2026,0.93281,1383.50805,null,null,null,null,null,null,null,null,null,null
Fri Oct 23 03:00:00 UTC 2026,0.93281,1382.50805,null,null,null,null,null,null,null,null,null,null
Fri Oct 23 04:00:00 UTC 2026,0.93281,1382.50805,null,null,null,null,null,null,null,null,null,null
Fri Oct 23 05:00:00 UTC 2026,0.93281,1379.50805,null,null,null,null,null,null,null,null,null,null
Fri Oct 23 06:00:00 UTC 2026,0.93281,1379.50805,null,null,null,null,null,null,null,null,null,null
Fri Oct 23 07:00:00 UTC 2026,0.93281,1378.50805,null,null,null,null,null,null,null,null,null,null
Fri Oct 23 08:00:00 UTC 2026,0.93281,1377.50805,null,null,null,null,null,null,null,null,null,null
Fri Oct 23 09:00:00 UTC 2026,0.93281,1378.50805,null,null,null,null,null,null,null,null,null,null
Fri Oct 23 10:00:00 UTC 2026,0.93281,1378.50805,null,null,null,null,null,null,null,null,null,null
Fri Oct 23 11:00:00 UTC 2026,0.93281,1375.50805,null,null,null,null,null,null,null,null,null,null
Fri Oct 23 12:00:00 UTC 2026,0.93281,1374.50805,null,null,null,null,null,null,null,null,null,null
Fri Oct 23 13:00:00 UTC 2026,0.93281,1373.50805,null,null,null,null,null,null,null,null,null,null
Fri Oct 23 14:00:00 UTC 2026,0.93281,1374.50805,null,null,null,null,null,null,null,null,null,null
Fri Oct 23 15:00:00 UTC 2026,0.93281,1375.50805,null,null,null,null,null,null,null,null,null,null
Fri Oct 23 16:00:00 UTC 2026,0.93281,1374.50805,null,null,null,null,null,null,null,null,null,null
Fri Oct 23 17:00:00 UTC 2026,0.93281,1379.50805,null,null,null,null,null,null,null,null,null,null
Fri Oct 23 18:00:00 UTC 2026,0.93281,1377.50805,null,null,null,null,null,null,null,null,null,null
Fri Oct 23 19:00:00 UTC 2026,0.93281,1380.50805,null,null,null,null,null,null,null,null,null,null
Fri Oct 23 20:00:00 UTC 2026,0.93281,1378.50805,null,null,null,null,null,null,null,null,null,null
Fri Oct 23 21:00:00 UTC 2026,0.93281,1378.50805,null,null,null,null,null,null,null,null,null,null
Fri Oct 23 22:00:00 UTC 2026,0.93281,1378.50805,null,null,null,null,null,null,null,null,null,null
Fri Oct 23 23:00:00 UTC 2026,0.93281,1378.50805,null,null,null,null,null,null,null,null,null,null
Sat Oct 24 00:00:00 UTC 2026,0.93281,1378.50805,null,null,null,null,null,null,null,null,null,null
Sat Oct 24 01:00:00 UTC 2026,0.93281,1378.50805,null,null,null,null,null,null,null,null,null,null
Sat Oct 24 02:00:00 UTC 2026,0.93281,1378.50805,null,null,null,null,null,null,null,null,null,null
Sat Oct 24 03:00:00 UTC 2026,0.93281,1378.50805,null,null,null,null,null,null,null,null,null,null
Sat Oct 24 04:00:00 UTC 2026,0.93281,1378.50805,null,null,null,null,null,null,null,null,null,null
Sat Oct 24 05:00:00 UTC 2026,0.93281,1378.50805,null,null,null,null,null,null,null,null,null,null
Sat Oct 24 06:00:00 UTC 2026,0.93281,1378.50805,null,null,null,null,null,null,null,null,null,null
Sat Oct 24 07:00:00 UTC 2026,0.93281,1378.50805,null,null,null,null,null,null,null,null,null,null
Sat Oct 24 08:00:00 UTC 2026,0.93281,1378.50805,null,null,null,null,null,null,null,null,null,null
Sat Oct 24 09:00:00 UTC 2026,0.93281,1378.50805,null,null,null,null,null,null,null,null,null,null
Sat Oct 24 10:00:00 UTC 2026,0.93281,1378.50805,null,null,null,null,null,null,null,null,null,null
Sat Oct 24 11:00:00 UTC 2026,0.93281,1378.50805,null,null,null,null,null,null,null,null,null,null
Sat Oct 24 12:00:00 UTC 2026,0.93281,1378.50805,null,null,null,null,null,null,null,null,null,null
Sat Oct 24 13:00:00 UTC 2026,0.93281,1378.50805,null,null,null,null,null,null,null,null,null,null
Sat Oct 24 14:00:00 UTC 2026,0.93281,1378.50805,null,null,null,null,null,null,null,null,null,null
Sat Oct 24 15:00:00 UTC 2026,0.93281,1378.50805,null,null,null,null,null,null,null,null,null,null
Sat Oct 24 16:00:00 UTC 2026,0.93281,1378.50805,null,null,null,null,null,null,null,null,null,null
Sat Oct 24 17:00:00 UTC 2026,0.93281,1378.50805,null,null,null,null,null,null,null,null,null,null
Sat Oct 24 18:00:00 UTC 2026,0.93281,1378.50805,null,null,null,null,null,null,null,null,null,null
Sat Oct 24 19:00:00 UTC 2026,0.93281,1378.50805,null,null,null,null,null,null,null,null,null,null
Sat Oct 24 20:00:00 UTC 2026,0.93281,1378.50805,null,null,null,null,null,null,null,null,null,null
Sat Oct 24 21:00:00 UTC 2026,0.93281,1378.50805,null,null,null,null,null,null,null,null,null,null
Sat Oct 24 22:00:00 UTC 2026,0.93281,1378.50805,null,null,null,null,null,null,null,null,null,null
Sat Oct 24 23:00:00 UTC 2026,0.93281,1378.50805,null,null,null,null,null,null,null,null,null,null
Sun Oct 25 00:00:00 UTC 2026,0.93281,1378.50805,null,null,null,null,null,null,null,null,null,null
Sun Oct 25 01:00:00 UTC 2026,0.93281,1378.50805,null,null,null,null,null,null,null,null,null,null
Sun Oct 25 02:00:00 UTC 2026,0.93281,1378.50805,null,null,null,null,null,null,null,null,null,null
Sun Oct 25 03:00:00 UTC 2026,0.93281,1378.50805,null,null,null,null,null,null,null,null,null,null
Sun Oct 25 04:00:00 UTC 2026,0.93281,1378.50805,null,null,null,null,null,null,null,null,null,null
Sun Oct 25 05:00:00 UTC 2026,0.93281,1378.50805,null,null,null,null,null,null,null,null,null,null
Sun Oct 25 06:00:00 UTC 2026,0.93281,1378.50805,null,null,null,null,null,null,null,null,null,null
Sun Oct 25 07:00:00 UTC 2026,0.93281,1378.50805,null,null,null,null,null,null,null,null,null,null
Sun Oct 25 08:00:00 UTC 2026,0.93281,1378.50805,null,null,null,null,null,null,null,null,null,null
Sun Oct 25 09:00:00 UTC 2026,0.93281,1378.50805,null,null,null,null,null,null,null,null,null,null
Sun Oct 25 10:00:00 UTC 2026,0.93281,1378.50805,null,null,null,null,null,null,null,null,null,null
Sun Oct 25 11:00:00 UTC 2026,0.93281,1378.50805,null,null,null,null,null,null,null,null,null,null
Sun Oct 25 12:00:00 UTC 2026,0.93281,1378.50805,null,null,null,null,null,null,null,null,null,null
Sun Oct 25 13:00:00 UTC 2026,0.93281,1378.50805,null,null,null,null,null,null,null,null,null,null
Sun Oct 25 14:00:00 UTC 2026,0.93281,1378.50805,null,null,null,null,null,null,null,null,null,null
Sun Oct 25 15:00:00 UTC 2026,0.93281,1378.50805,null,null,null,null,null,null,null,null,null,null
Sun Oct 25 16:00:00 UTC 2026,0.93281,1378.50805,null,null,null,null,null,null,null,null,null,null
Sun Oct 25 17:00:00 UTC 2026,0.93281,1378.50805,null,null,null,null,null,null,null,null,null,null
Sun Oct 25 18:00:00 UTC 2026,0.93281,1378.50805,null,null,null,null,null,null,null,null,null,null
Sun Oct 25 19:00:00 UTC 2026,0.93281,1378.50805,null,null,null,null,null,null,null,null,null,null
Sun Oct 25 20:00:00 UTC 2026,0.93281,1378.50805,null,null,null,null,null,null,null,null,null,null
Sun Oct 25 21:00:00 UTC 2026,0.93281,1380.50805,null,null,null,null,null,null,null,null,null,null
Sun Oct 25 22:00:00 UTC 2026,0.93281,1373.50805,null,null,null,null,null,null,null,null,null,null
Sun Oct 25 23:00:00 UTC 2026,0.93281,1374.50805,null,null,null,null,null,null,null,null,null,null
Mon Oct 26 00:00:00 UTC 2026,0.93281,1372.50805,null,null,null,null,null,null,null,null,null,null
Mon Oct 26 01:00:00 UTC 2026,0.93281,1375.50805,null,null,null,null,null,null,null,null,null,null
Mon Oct 26 02:00:00 UTC 2026,0.93281,1374.50805,null,null,null,null,null,null,null,null,null,null
Mon Oct 26 03:00:00 UTC 2026,0.93281,1373.50805,null,null,null,null,null,null,null,null,null,null
Mon Oct 26 04:00:00 UTC 2026,0.93281,1375.50805,null,null,null,null,null,null,null,null,null,null
Mon Oct 26 05:00:00 UTC 2026,0.93281,1376.50805,null,null,null,null,null,null,null,null,null,null
Mon Oct 26 06:00:00 UTC 2026,0.93281,1375.50805,null,null,null,null,null,null,null,null,null,null
Mon Oct 26 07:00:00 UTC 2026,0.93281,1376.50805,null,null,null,null,null,null,null,null,null,null
Mon Oct 26 08:00:00 UTC 2026,0.93281,1376.50805,null,null,null,null,null,null,null,null,null,null
Mon Oct 26 09:00:00 UTC 2026,0.93281,1377.50805,null,null,null,null,null,null,null,null,null,null
Mon Oct 26 10:00:00 UTC 2026,0.93281,1378.50805,null,null,null,null,null,null,null,null,null,null
Mon Oct 26 11:00:00 UTC 2026,0.93281,1378.50805,null,null,null,null,null,null,null,null,null,null
Mon Oct 26 12:00:00 UTC 2026,0.93281,1384.50805,null,null,null,null,null,null,null,null,null,null
Mon Oct 26 13:00:00 UTC 2026,0.93281,1376.50805,null,null,null,null,null,null,null,null,null,null
Mon Oct 26 14:00:00 UTC 2026,0.93281,1377.50805,null,null,null,null,null,null,null,null,null,null
Mon Oct 26 15:00:00 UTC 2026,0.93281,1378.50805,null,null,null,null,null,null,null,null,null,null
Mon Oct 26 16:00:00 UTC 2026,0.93281,1385.50805,null,null,null,null,null,null,null,null,null,null
Mon Oct 26 17:00:00 UTC 2026,0.93281,1383.50805,null,null,null,null,null,null,null,null,null,null
Mon Oct 26 18:00:00 UTC 2026,0.93281,1383.50805,null,null,null,null,null,null,null,null,null,null
Mon Oct 26 19:00:00 UTC 2026,0.93281,1384.50805,null,null,null,null,null,null,null,null,null,null
Mon Oct 26 20:00:00 UTC 2026,0.93281,1383.50805,null,null,null,null,null,null,null,null,null,null
Mon Oct 26 21:00:00 UTC 2026,0.93281,1385.50805,null,null,null,null,null,null,null,null,null,null
Mon Oct 26 22:00:00 UTC 2026,0.93281,1386.50805,null,null,null,null,null,null,null,null,null,null
Mon Oct 26 23:00:00 UTC 2026,0.93281,1385.50805,null,null,null,null,null,null,null,null,null,null
Tue Oct 27 00:00:00 UTC 2026,0.93281,1383.50805,null,null,null,null,null,null,null,null,null,null
Tue Oct 27 01:00:00 UTC 2026,0.93281,1383.50805,null,null,null,null,null,null,null,null,null,null
Tue Oct 27 02:00:00 UTC 2026,0.93281,1383.50805,null,null,null,null,null,null,null,null,null,null
Tue Oct 27 03:00:00 UTC 2026,0.93281,1382.50805,null,null,null,null,null,null,null,null,null,null
Tue Oct 27 04:00:00 UTC 2026,0.93281,1383.50805,null,null,null,null,null,null,null,null,null,null
Tue Oct 27 05:00:00 UTC 2026,0.93281,1383.50805,null,null,null,null,null,null,null,null,null,null
Tue Oct 27 06:00:00 UTC 2026,0.93281,1383.50805,null,null,null,null,null,null,null,null,null,null
Tue Oct 27 07:00:00 UTC 2026,0.93281,1384.50805,null,null,null,null,null,null,null,null,null,null
Tue Oct 27 08:00:00 UTC 2026,0.93281,1384.50805,null,null,null,null,null,null,null,null,null,null
Tue Oct 27 09:00:00 UTC 2026,0.93281,1384.50805,null,null,null,null,null,null,null,null,null,null
Tue Oct 27 10:00:00 UTC 2026,0.93281,1384.50805,null,null,null,null,null,null,null,null,null,null
Tue Oct 27 11:00:00 UTC 2026,0.93281,1384.50805,null,null,null,null,null,null,null,null,null,null
Tue Oct 27 12:00:00 UTC 2026,0.93281,1384.50805,null,null,null,null,null,null,null,null,null,null
Tue Oct 27 13:00:00 UTC 2026,0.93281,1384.50805,null,null,null,null,null,null,null,null,null,null
Tue Oct 27 14:00:00 UTC 2026,0.93281,1384.50805,null,null,null,null,null,null,null,null,null,null
Tue Oct 27 15:00:00 UTC 2026,0.93281,1384.50805,null,null,null,null,null,null,null,null,null,null
Tue Oct 27 16:00:00 UTC 2026,0.93281,1384.50805,null,null,null,null,null,null,null,null,null,null
Tue Oct 27 17:00:00 UTC 2026,0.93281,1384.50805,null,null,null,null,null,null,null,null,null,null
Tue Oct 27 18:00:00 UTC 2026,0.93281,1384.50805,null,null,null,null,null,null,null,null,null,null
Tue Oct 27 19:00:00 UTC 2026,0.93281,1384.50805,null,null,null,null,null,null,null,null,null,null
Tue Oct 27 20:00:00 UTC 2026,0.93281,1384.50805,null,null,null,null,null,null,null,null,null,null
Tue Oct 27 21:00:00 UTC 2026,0.93281,1384.50805,null,null,null,null,null,null,null,null,null,null
Tue Oct 27 22:00:00 UTC 2026,0.93281,1384.50805,null,null,null,null,null,null,null,null,null,null
Tue Oct 27 23:00:00 UTC 2026,0.93281,1384.50805,null,null,null,null,null,null,null,null,null,null
Wed Oct 28 00:00:00 UTC 2026,0.93281,1384.50805,null,null,null,null,null,null,null,null,null,null
Wed Oct 28 01:00:00 UTC 2026,0.93281,1384.50805,null,null,null,null,null,null,null,null,null,null
Wed Oct 28 02:00:00 UTC 2026,0.93281,1384.50805,null,null,null,null,null,null,null,null,null,null
Wed Oct 28 03:00:00 UTC 2026,0.93281,1384.50805,null,null,null,null,null,null,null,null,null,null
Wed Oct 28 04:00:00 UTC 2026,0.93281,1384.50805,null,null,null,null,null,null,null,null,null,null
Wed Oct 28 05:00:00 UTC 2026,0.93281,1384.50805,null,null,null,null,null,null,null,null,null,null
Wed Oct 28 06:00:00 UTC 2026,0.93281,1384.50805,null,null,null,null,null,null,null,null,null,null
Wed Oct 28 07:00:00 UTC 2026,0.93281,1384.50805,null,null,null,null,null,null,null,null,null,null
Wed Oct 28 08:00:00 UTC 2026,0.93281,1384.50805,null,null,null,null,null,null,null,null,null,null
Wed Oct 28 09:00:00 UTC 2026,0.93281,1384.50805,null,null,null,null,null,null,null,null,null,null
Wed Oct 28 10:00:00 UTC 2026,0.93281,1384.50805,null,null,null,null,null,null,null,null,null,null
Wed Oct 28 11:00:00 UTC 2026,0.93281,1384.50805,null,null,null,null,null,null,null,null,null,null
Wed Oct 28 12:00:00 UTC 2026,0.93281,1384.50805,null,null,null,null,null,null,null,null,null,null
Wed Oct 28 13:00:00 UTC 2026,0.93281,1384.50805,null,null,null,null,null,null,null,null,null,null
Wed Oct 28 14:00:00 UTC 2026,0.93281,1384.50805,null,null,null,null,null,null,null,null,null,null
Wed Oct 28 15:00:00 UTC 2026,0.93281,1384.50805,null,null,null,null,null,null,null,null,null,null
Wed Oct 28 16:00:00 UTC 2026,0.93281,1384.50805,null,null,null,null,null,null,null,null,null,null
Wed Oct 28 17:00:00 UTC 2026,0.93281,1384.50805,null,null,null,null,null,null,null,null,null,null
Wed Oct 28 18:00:00 UTC 2026,0.93281,1384.50805,null,null,null,null,null,null,null,null,null,null
Wed Oct 28 19:00:00 UTC 2026,0.93281,1384.50805,null,null,null,null,null,null,null,null,null,null
Wed Oct 28 20:00:00 UTC 2026,0.93281,1384.50805,null,null,null,null,null,null,null,null,null,null
Wed Oct 28 21:00:00 UTC 2026,0.93281,1384.50805,null,null,null,null,null,null,null,null,null,null
Wed Oct 28 22:00:00 UTC 2026,0.93281,1384.50805,null,null,null,null,null,null,null,null,null,null
Wed Oct 28 23:00:00 UTC 2026,0.93281,1384.50805,null,null,null,null,null,null,null,null,null,null
Thu Oct 29 00:00:00 UTC 2026,0.93281,1384.50805,null,null,null,null,null,null,null,null,null,null
Thu Oct 29 01:00:00 UTC 2026,0.93281,1384.50805,null,null,null,null,null,null,null,null,null,null
Thu Oct 29 02:00:00 UTC 2026,0.93281,1384.50805,null,null,null,null,null,null,null,null,null,null
Thu Oct 29 03:00:00 UTC 2026,0.93281,1384.50805,null,null,null,null,null,null,null,null,null,null
Thu Oct 29 04:00:00 UTC 2026,0.93281,1384.50805,null,null,null,null,null,null,null,null,null,null
Thu Oct 29 05:00:00 UTC 2026,0.93281,1384.50805,null,null,null,null,null,null,null,null,null,null
Thu Oct 29 06:00:00 UTC 2026,0.93281,1384.50805,null,null,null,null,null,null,null,null,null,null
Thu Oct 29 07:00:00 UTC 2026,0.93281,1384.50805,null,null,null,null,null,null,null,null,null,null
Thu Oct 29 08:00:00 UTC 2026,0.93281,1384.50805,null,null,null,null,null,null,null,null,null,null
Thu Oct 29 09:00:00 UTC 2026,0.93281,1384.50805,null,null,null,null,null,null,null,null,null,null
Thu Oct 29 10:00:00 UTC 2026,0.93281,1384.50805,null,null,null,null,null,null,null,null,null,null
Thu Oct 29 11:00:00 UTC 2026,0.93281,1384.50805,null,null,null,null,null,null,null,null,null,null
Thu Oct 29 12:00:00 UTC 2026,0.93281,1384.50805,null,null,null,null,null,null,null,null,null,null
Thu Oct 29 13:00:00 UTC 2026,0.93281,1384.50805,null,null,null,null,null,null,null,null,null,null
Thu Oct 29 14:00:00 UTC 2026,0.93281,1384.50805,null,null,null,null,null,null,null,null,null,null
Thu Oct 29 15:00:00 UTC 2026,0.93281,1384.50805,null,null,null,null,null,null,null,null,null,null
Thu Oct 29 16:00:00 UTC 2026,0.93281,1384.50805,null,null,null,null,null,null,null,null,null,null
Thu Oct 29 17:00:00 UTC 2026,0.93281,1384.50805,null,null,null,null,null,null,null,null,null,null
Thu Oct 29 18:00:00 UTC 2026,0.93281,1384.50805,null,null,null,null,null,null,null,null,null,null
Thu Oct 29 19:00:00 UTC 2026,0.93281,1384.50805,null,null,null,null,null,null,null,null,null,null
Thu Oct 29 20:00:00 UTC 2026,0.93281,1384.50805,null,null,null,null,null,null,null,null,null,null
Thu Oct 29 21:00:00 UTC 2026,0.93281,1384.50805,null,null,null,null,null,null,null,null,null,null
Thu Oct 29 22:00:00 UTC 2026,0.93281,1384.50805,null,null,null,null,null,null,null,null,null,null
Thu Oct 29 23:00:00 UTC 2026,0.93281,1384.50805,null,null,null,null,null,null,null,null,null,null
Fri Oct 30 00:00:00 UTC 2026,0.93281,1384.50805,null,null,null,null,null,null,null,null,null,null
Fri Oct 30 01:00:00 UTC 2026,0.93281,1384.50805,null,null,null,null,null,null,null,null,null,null
Fri Oct 30 02:00:00 UTC 2026,0.93281,1384.50805,null,null,null,null,null,null,null,null,null,null
Fri Oct 30 03:00:00 UTC 2026,0.93281,1384.50805,null,null,null,null,null,null,null,null,null,null
Fri Oct 30 04:00:00 UTC 2026,0.93281,1384.50805,null,null,null,null,null,null,null,null,null,null
Fri Oct 30 05:00:00 UTC 2026,0.93281,1384.50805,null,null,null,null,null,null,null,null,null,null
Fri Oct 30 06:00:00 UTC 2026,0.93281,1384.50805,null,null,null,null,null,null,null,null,null,null
Fri Oct 30 07:00:00 UTC 2026,0.93281,1384.50805,null,null,null,null,null,null,null,null,null,null
Fri Oct 30 08:00:00 UTC 2026,0.93281,1384.50805,null,null,null,null,null,null,null,null,null,null
Fri Oct 30 09:00:00 UTC 2026,0.93281,1384.50805,null,null,null,null,null,null,null,null,null,null
Fri Oct 30 10:00:00 UTC 2026,0.93281,1384.50805,null,null,null,null,null,null,null,null,null,null
Fri Oct 30 11:00:00 UTC 2026,0.93281,1384.50805,null,null,null,null,null,null,null,null,null,null
Fri Oct 30 12:00:00 UTC 2026,0.93281,1384.50805,null,null,null,null,null,null,null,null,null,null
Fri Oct 30 13:00:00 UTC 2026,0.93281,1384.50805,null,null,null,null,null,null,null,null,null,null
Fri Oct 30 14:00:00 UTC 2026,0.93281,1384.50805,null,null,null,null,null,null,null,null,null,null
Fri Oct 30 15:00:00 UTC 2026,0.93281,1384.50805,null,null,null,null,null,null,null,null,null,null
Fri Oct 30 16:00:00 UTC 2026,0.93281,1384.50805,null,null,null,null,null,null,null,null,null,null
Fri Oct 30 17:00:00 UTC 2026,0.93281,1384.50805,null,null,null,null,null,null,null,null,null,null
Fri Oct 30 18:00:00 UTC 2026,0.93281,1384.50805,null,null,null,null,null,null,null,null,null,null
Fri Oct 30 19:00:00 UTC 2026,0.93281,1384.50805,null,null,null,null,null,null,null,null,null,null
Fri Oct 30 20:00:00 UTC 2026,0.93281,1384.50805,null,null,null,null,null,null,null,null,null,null
Fri Oct 30 21:00:00 UTC 2026,0.93281,1384.50805,null,null,null,null,null,null,null,null,null,null
Fri Oct 30 22:00:00 UTC 2026,0.93281,1384.50805,null,null,null,null,null,null,null,null,null,null
Fri Oct 30 23:00:00 UTC 2026,0.93281,1384.50805,null,null,null,null,null,null,null,null,null,null
Sat Oct 31 00:00:00 UTC 2026,0.93281,1384.50805,null,null,null,null,null,null,null,null,null,null
Sat Oct 31 01:00:00 UTC 2026,0.93281,1384.50805,null,null,null,null,null,null,null,null,null,null
Sat Oct 31 02:00:00 UTC 2026,0.93281,1384.50805,null,null,null,null,null,null,null,null,null,null
Sat Oct 31 03:00:00 UTC 2026,0.93281,1384.50805,null,null,null,null,null,null,null,null,null,null
Sat Oct 31 04:00:00 UTC 2026,0.93281,1384.50805,null,null,null,null,null,null,null,null,null,null
Sat Oct 31 05:00:00 UTC 2026,0.93281,1384.50805,null,null,null,null,null,null,null,null,null,null
Sat Oct 31 06:00:00 UTC 2026,0.93281,1384.50805,null,null,null,null,null,null,null,null,null,null
Sat Oct 31 07:00:00 UTC 2026,0.93281,1384.50805,null,null,null,null,null,null,null,null,null,null
Sat Oct 31 08:00:00 UTC 2026,0.93281,1384.50805,null,null,null,null,null,null,null,null,null,null
Sat Oct 31 09:00:00 UTC 2026,0.93281,1384.50805,null,null,null,null,null,null,null,null,null,null
Sat Oct 31 10:00:00 UTC 2026,0.93281,1384.50805,null,null,null,null,null,null,null,null,null,null
Sat Oct 31 11:00:00 UTC 2026,0.93281,1384.50805,null,null,null,null,null,null,null,null,null,null
Sat Oct 31 12:00:00 UTC 2026,0.93281,1384.50805,null,null,null,null,null,null,null,null,null,null
Sat Oct 31 13:00:00 UTC 2026,0.93281,1384.50805,null,null,null,null,null,null,null,null,null,null
Sat Oct 31 14:00:00 UTC 2026,0.93281,1384.50805,null,null,null,null,null,null,null,null,null,null
Sat Oct 31 15:00:00 UTC 2026,0.93281,1384.50805,null,null,null,null,null,null,null,null,null,null
Sat Oct 31 16:00:00 UTC 2026,0.93281,1384.50805,null,null,null,null,null,null,null,null,null,null
Sat Oct 31 17:00:00 UTC 2026,0.93281,1384.50805,null,null,null,null,null,null,null,null,null,null
