date,P_Kweek_21_Kday_67_ETE_62_ORD_66_EXT_74_E2Ekor_79_EXTkor_63_DIFF_24,a,b,c,d,e,f,g,h,i,j
Mon Sep 28 20:00:00 UTC 2026,-879.336690424816,2.088019999999233,null,null,null,1213.5844739007082,null,null,null,null
Mon Sep 28 21:00:00 UTC 2026,-865.4949915830261,-221.91198000000077,null,null,null,1199.03010037825,null,null,null,null
Mon Sep 28 22:00:00 UTC 2026,-1543.7382348262097,-949.9119800000008,null,null,null,1184.475726855791,null,null,null,null
Mon Sep 28 23:00:00 UTC 2026,-2923.2942193822264,-966.9119800000008,null,null,null,1169.921353333333,null,null,null,null
Tue Sep 29 00:00:00 UTC 2026,-3061.711207799303,-1016.9119800000008,null,null,null,1155.366979810874,null,null,null,null
Tue Sep 29 01:00:00 UTC 2026,-1839.0278101158774,-1069.9119800000008,null,null,null,1140.8126062884155,-469.91198000000077,null,null,null
Tue Sep 29 02:00:00 UTC 2026,-2752.57993366805,-508.91198000000077,null,null,null,1126.2582327659563,-197.02309111111188,null,null,null
Tue Sep 29 03:00:00 UTC 2026,-3393.91198,-382.91198000000077,null,null,null,1111.7038592434983,75.865797777777,null,null,null
Tue Sep 29 04:00:00 UTC 2026,-3320.0895861777367,-634.9119800000008,null,null,null,1097.1494857210394,348.75468666666586,null,null,null
Tue Sep 29 05:00:00 UTC 2026,-2937.1359182240158,-817.9119800000008,null,null,null,1082.5951121985809,621.6435755555548,null,null,null
Tue Sep 29 06:00:00 UTC 2026,-2771.035532123565,-739.9119800000008,null,null,null,1068.040738676122,894.5324644444438,null,null,null
Tue Sep 29 07:00:00 UTC 2026,-2245.0509761390426,-1496.9119799999999,null,null,null,1053.4863651536639,1167.4213533333325,null,null,null
Tue Sep 29 08:00:00 UTC 2026,-2388.0818641698443,702.0880199999992,null,null,null,1038.9319916312047,1440.3102422222214,null,null,null
Tue Sep 29 09:00:00 UTC 2026,-2203.5258796138787,713.0880199999992,null,null,null,1024.3776181087462,1713.1991311111103,null,null,null
Tue Sep 29 10:00:00 UTC 2026,-1585.2633313513738,1386.0880199999992,null,null,null,1009.8232445862873,1986.0880199999992,null,null,null
Tue Sep 29 11:00:00 UTC 2026,-1451.460242548227,955.0880199999992,null,null,null,995.2688710638292,null,null,null,null
Tue Sep 29 12:00:00 UTC 2026,-2378.8540649421893,371.08801999999923,null,null,null,980.7144975413703,null,null,null,null
Tue Sep 29 13:00:00 UTC 2026,-2969.43321552132,253.08801999999923,null,null,null,966.160124018912,853.0880199999992,null,null,null
Tue Sep 29 14:00:00 UTC 2026,-2475.745956834102,1066.0880199999992,null,null,null,951.6057504964529,1164.0880199999992,null,null,null
Tue Sep 29 15:00:00 UTC 2026,-1336.1127522007996,1094.0880199999992,null,null,null,937.0513769739944,1475.0880199999992,null,null,null
Tue Sep 29 16:00:00 UTC 2026,-1322.2710533592149,1186.0880199999992,null,null,null,922.4970034515359,1786.0880199999992,null,null,null
Tue Sep 29 17:00:00 UTC 2026,-934.7034857915642,850.0880199999992,null,null,null,907.9426299290774,null,null,null,null
Tue Sep 29 18:00:00 UTC 2026,-1654.471825559912,635.0880199999992,null,null,null,893.3882564066184,null,null,null,null
Tue Sep 29 19:00:00 UTC 2026,-1682.1552232432864,1030.0880199999992,null,null,null,878.8338828841597,null,null,null,null
Tue Sep 29 20:00:00 UTC 2026,-1474.5297406178763,647.0880199999992,null,null,null,864.2795093617012,null,null,null,null
Tue Sep 29 21:00:00 UTC 2026,-2369.6262657143297,499.08801999999923,null,null,null,849.7251358392427,null,null,null,null
Tue Sep 29 22:00:00 UTC 2026,-1982.0586981466793,618.0880199999992,null,null,null,835.1707623167842,null,null,null,null
Tue Sep 29 23:00:00 UTC 2026,-1631.4023274904673,554.0880199999992,null,null,null,820.6163887943253,null,null,null,null
Wed Sep 30 00:00:00 UTC 2026,-1506.8270379151804,466.08801999999923,null,null,null,806.0620152718673,null,null,null,null
Wed Sep 30 01:00:00 UTC 2026,-270.3019413899656,488.08801999999923,null,null,null,791.5076417494081,null,null,null,null
Wed Sep 30 02:00:00 UTC 2026,371.03010494198406,525.0880199999992,null,null,null,776.9532682269496,null,null,null,null
Wed Sep 30 03:00:00 UTC 2026,-464.08572517379116,440.08801999999923,null,null,null,762.3988947044907,null,null,null,null
Wed Sep 30 04:00:00 UTC 2026,-524.0664201544696,368.08801999999923,null,null,null,747.8445211820326,null,null,null,null
Wed Sep 30 05:00:00 UTC 2026,-939.3173854054944,914.0880199999992,null,null,null,733.2901476595739,null,null,null,null
Wed Sep 30 06:00:00 UTC 2026,-565.5915166796331,178.08801999999923,null,null,null,718.7357741371154,null,null,null,null
Wed Sep 30 07:00:00 UTC 2026,-537.908118996259,70.08801999999923,null,null,null,704.1814006146562,null,null,null,null
Wed Sep 30 08:00:00 UTC 2026,-847.0393931275116,-190.91198000000077,null,null,null,689.6270270921977,null,null,null,null
Wed Sep 30 09:00:00 UTC 2026,292.59381150579065,191.08801999999923,null,null,null,675.0726535697393,null,null,null,null
Wed Sep 30 10:00:00 UTC 2026,-307.2131383011997,-339.91198000000077,null,null,null,660.5182800472808,null,null,null,null
Wed Sep 30 11:00:00 UTC 2026,-680.9390070270606,-11.911980000000767,null,null,null,645.9639065248218,null,null,null,null
Wed Sep 30 12:00:00 UTC 2026,-1409.9351460232679,-197.91198000000077,null,null,null,631.4095330023631,null,null,null,null
Wed Sep 30 13:00:00 UTC 2026,-1077.7343738223663,260.08801999999923,null,null,null,616.8551594799046,null,null,null,null
Wed Sep 30 14:00:00 UTC 2026,-1709.8386209266607,377.08801999999923,null,null,null,602.3007859574461,null,null,null,null
Wed Sep 30 15:00:00 UTC 2026,-1003.9119800001026,333.08801999999923,null,null,null,587.7464124349872,null,null,null,null
Wed Sep 30 16:00:00 UTC 2026,-1608.3328294208181,255.08801999999923,null,null,null,573.1920389125287,null,null,null,null
Wed Sep 30 17:00:00 UTC 2026,-1400.707346795408,-207.91198000000077,null,null,null,558.6376653900702,null,null,null,null
Wed Sep 30 18:00:00 UTC 2026,-1885.1668062549713,191.08801999999923,null,null,null,544.0832918676115,null,null,null,null
Wed Sep 30 19:00:00 UTC 2026,-1285.3598564479807,-18.911980000000767,null,null,null,529.5289183451525,null,null,null,null
Wed Sep 30 20:00:00 UTC 2026,-856.2671923551661,319.08801999999923,null,null,null,514.974544822694,null,null,null,null
Wed Sep 30 21:00:00 UTC 2026,-519.4525205405394,-119.91198000000077,null,null,null,500.42017130023555,null,null,null,null
Wed Sep 30 22:00:00 UTC 2026,-441.0162271043464,-96.91198000000077,null,null,null,485.8657977777773,null,null,null,null
Wed Sep 30 23:00:00 UTC 2026,-593.2749143630076,-129.91198000000077,null,null,null,471.31142425531834,null,null,null,null
Thu Oct 01 00:00:00 UTC 2026,-94.9737560618596,-450.91198000000077,null,null,null,456.7570507328596,null,null,null,null
Thu Oct 01 01:00:00 UTC 2026,-44.22086030883611,-234.91198000000077,null,null,null,442.20267721040136,null,null,null,null
Thu Oct 01 02:00:00 UTC 2026,34.2154331273573,-668.9119800000008,null,null,null,427.64830368794264,null,null,null,null
Thu Oct 01 03:00:00 UTC 2026,347.9606068725393,-480.91198000000077,null,null,null,413.09393016548347,null,null,null,null
Thu Oct 01 04:00:00 UTC 2026,158.79072270264396,-396.91198000000077,null,null,null,398.5395566430252,null,null,null,null
Thu Oct 01 05:00:00 UTC 2026,-265.6880417760358,-452.91198000000077,null,null,null,383.9851831205665,null,null,null,null
Thu Oct 01 06:00:00 UTC 2026,-482.5413236293057,-616.9119800000008,null,null,null,369.4308095981082,null,null,null,null
Thu Oct 01 07:00:00 UTC 2026,-201.0934471814271,-612.9119800000008,null,null,null,354.8764360756495,null,null,null,null
Thu Oct 01 08:00:00 UTC 2026,-288.7575398456852,-762.9119800000008,null,null,null,340.32206255319034,null,null,null,null
Thu Oct 01 09:00:00 UTC 2026,112.65172656375535,-524.9119800000008,null,null,null,325.7676890307321,null,null,null,null
Thu Oct 01 10:00:00 UTC 2026,-491.76912285716526,-835.9119800000008,null,null,null,311.21331550827335,null,null,null,null
Thu Oct 01 11:00:00 UTC 2026,-159.56835065646828,-730.9119800000008,null,null,null,296.6589419858151,null,null,null,null
Thu Oct 01 12:00:00 UTC 2026,1044.6594485714422,-1064.9119800000008,null,null,null,282.1045684633559,null,null,null,null
Thu Oct 01 13:00:00 UTC 2026,975.4509543629038,-1003.9119800000008,null,null,null,267.5501949408972,null,null,null,null
Thu Oct 01 14:00:00 UTC 2026,943.1536570655999,-820.9119800000008,null,null,null,252.99582141843894,null,null,null,null
Thu Oct 01 15:00:00 UTC 2026,1058.501147413027,-1232.9119800000008,null,null,null,238.44144789598067,null,null,null,null
Thu Oct 01 16:00:00 UTC 2026,1127.7096416215654,-854.9119800000008,null,null,null,223.8870743735215,null,null,null,null
Thu Oct 01 17:00:00 UTC 2026,975.4509543629038,-700.9119800000008,null,null,null,209.33270085106324,null,null,null,null
Thu Oct 01 18:00:00 UTC 2026,1386.0880199999992,-1087.9119800000008,null,null,null,194.77832732860452,null,null,null,null
Thu Oct 01 19:00:00 UTC 2026,929.3119582238105,-1068.9119800000008,null,null,null,180.2239538061458,null,null,null,null
Thu Oct 01 20:00:00 UTC 2026,486.37759528961624,-1033.9119800000008,null,null,null,165.66958028368708,null,null,null,null
Thu Oct 01 21:00:00 UTC 2026,297.2077111197209,-1532.9119799999999,null,null,null,151.11520676122836,null,null,null,null
Thu Oct 01 22:00:00 UTC 2026,57.28493119680115,-1280.9119800000008,null,null,null,136.5608332387701,null,null,null,null
Thu Oct 01 23:00:00 UTC 2026,-459.4718255598609,-1153.9119800000008,null,null,null,122.00645971631184,null,null,null,null
Fri Oct 02 00:00:00 UTC 2026,-399.491130579182,-1036.9119800000008,null,null,null,107.45208619385267,null,null,null,null
Fri Oct 02 01:00:00 UTC 2026,-1469.9158410039465,-1239.9119800000008,null,null,null,92.89771267139395,null,null,null,null
Fri Oct 02 02:00:00 UTC 2026,-2641.8463429343483,-1377.9119799999999,null,null,null,78.34333914893568,null,null,null,null
Fri Oct 02 03:00:00 UTC 2026,-3223.197694285824,-1251.9119800000008,null,null,null,63.788965626476966,null,null,null,null
Fri Oct 02 04:00:00 UTC 2026,-2674.143640231652,-1586.9119799999999,null,null,null,49.23459210401825,null,null,null,null
Fri Oct 02 05:00:00 UTC 2026,-2895.610821698852,-1757.9119799999999,null,null,null,34.68021858155953,null,null,null,null
Fri Oct 02 06:00:00 UTC 2026,-3020.186111274139,-2187.91198,null,null,null,20.125845059101266,null,null,null,null
Fri Oct 02 07:00:00 UTC 2026,-2632.6185437066933,-2245.91198,null,null,null,5.571471536642548,null,null,null,null
Fri Oct 02 08:00:00 UTC 2026,-3347.772983861111,-2481.91198,null,null,null,-8.982901985816625,null,null,null,null
Fri Oct 02 09:00:00 UTC 2026,-2231.209277297253,-2105.91198,null,null,null,-23.537275508274888,null,null,null,null
Fri Oct 02 10:00:00 UTC 2026,-1576.035532123514,-1866.9119799999999,null,null,null,-38.091649030733606,null,null,null,null
Fri Oct 02 11:00:00 UTC 2026,-1294.5876556756357,-1448.9119799999999,null,null,null,-52.64602255319187,null,null,null,null
Fri Oct 02 12:00:00 UTC 2026,-1732.908118996105,-1657.9119799999999,null,null,null,-67.20039607565104,null,null,null,null
Fri Oct 02 13:00:00 UTC 2026,-2392.695763783774,-1843.9119799999999,null,null,null,-81.75476959810976,null,null,null,null
Fri Oct 02 14:00:00 UTC 2026,-2890.996922084922,-1922.9119799999999,null,null,null,-96.30914312056802,null,null,null,null
Fri Oct 02 15:00:00 UTC 2026,-3227.811593899754,-2373.91198,null,null,null,-110.86351664302674,null,null,null,null
Fri Oct 02 16:00:00 UTC 2026,-3338.545184633251,-2530.91198,null,null,null,-125.417890165485,null,null,null,null
Fri Oct 02 17:00:00 UTC 2026,-2697.2131383013016,-3393.91198,null,null,null,-139.97226368794418,null,null,null,null
Fri Oct 02 18:00:00 UTC 2026,-2697.2131383013016,-3188.91198,null,null,null,-154.5266372104029,null,null,null,null
Fri Oct 02 19:00:00 UTC 2026,-2697.2131383013016,-3167.91198,null,null,null,-169.08101073286116,null,null,null,null
Fri Oct 02 20:00:00 UTC 2026,2.0058,-3333.91198,null,null,null,null,-183.63538425531988,null,null,null,null,null
Fri Oct 02 21:00:00 UTC 2026,2.0058,-3333.91198,null,null,null,null,-198.1897577777786,null,null,null,null,null
Fri Oct 02 22:00:00 UTC 2026,2.0058,-3333.91198,null,null,null,null,-212.7441313002373,null,null,null,null,null
Fri Oct 02 23:00:00 UTC 2026,2.0058,-3333.91198,null,null,null,null,-227.29850482269603,null,null,null,null,null
Sat Oct 03 00:00:00 UTC 2026,2.0058,-3333.91198,null,null,null,null,-241.8528783451543,null,null,null,null,null
Sat Oct 03 01:00:00 UTC 2026,2.0058,-3333.91198,null,null,null,null,-256.40725186761347,null,null,null,null,null
Sat Oct 03 02:00:00 UTC 2026,2.0058,-3333.91198,null,null,null,null,-270.96162539007173,null,null,null,null,null
Sat Oct 03 03:00:00 UTC 2026,2.0058,-3333.91198,null,null,null,null,-285.51599891253045,null,null,null,null,null
Sat Oct 03 04:00:00 UTC 2026,2.0058,-3333.91198,null,null,null,null,-300.07037243498917,null,null,null,null,null
Sat Oct 03 05:00:00 UTC 2026,2.0058,-3333.91198,null,null,null,null,-314.6247459574479,null,null,null,null,null
Sat Oct 03 06:00:00 UTC 2026,2.0058,-3333.91198,null,null,null,null,-329.1791194799066,null,null,null,null,null
Sat Oct 03 07:00:00 UTC 2026,2.0058,-3333.91198,null,null,null,null,-343.7334930023644,null,null,null,null,null
Sat Oct 03 08:00:00 UTC 2026,2.0058,-3333.91198,null,null,null,null,-358.28786652482313,null,null,null,null,null
Sat Oct 03 09:00:00 UTC 2026,2.0058,-3333.91198,null,null,null,null,-372.84224004728185,null,null,null,null,null
Sat Oct 03 10:00:00 UTC 2026,2.0058,-3333.91198,null,null,null,null,-387.39661356974057,null,null,null,null,null
Sat Oct 03 11:00:00 UTC 2026,2.0058,-3333.91198,null,null,null,null,-401.9509870921993,null,null,null,null,null
Sat Oct 03 12:00:00 UTC 2026,2.0058,-3333.91198,null,null,null,null,-416.50536061465755,null,null,null,null,null
Sat Oct 03 13:00:00 UTC 2026,2.0058,-3333.91198,null,null,null,null,-431.0597341371167,null,null,null,null,null
Sat Oct 03 14:00:00 UTC 2026,2.0058,-3333.91198,null,null,null,null,-445.614107659575,null,null,null,null,null
Sat Oct 03 15:00:00 UTC 2026,2.0058,-3333.91198,null,null,null,null,-460.16848118203416,null,null,null,null,null
Sat Oct 03 16:00:00 UTC 2026,2.0058,-3333.91198,null,null,null,null,-474.72285470449197,null,null,null,null,null
Sat Oct 03 17:00:00 UTC 2026,2.0058,-3333.91198,null,null,null,null,-489.27722822695114,null,null,null,null,null
Sat Oct 03 18:00:00 UTC 2026,2.0058,-3333.91198,null,null,null,null,-503.83160174940986,null,null,null,null,null
Sat Oct 03 19:00:00 UTC 2026,2.0058,-3333.91198,null,null,null,null,-518.3859752718686,null,null,null,null,null
Sat Oct 03 20:00:00 UTC 2026,2.0058,-3333.91198,null,null,null,null,-532.9403487943268,null,null,null,null,null
Sat Oct 03 21:00:00 UTC 2026,2.0058,-3333.91198,null,null,null,null,-547.4947223167856,null,null,null,null,null
Sat Oct 03 22:00:00 UTC 2026,2.0058,-3333.91198,null,null,null,null,-562.0490958392443,null,null,null,null,null
Sat Oct 03 23:00:00 UTC 2026,2.0058,-3333.91198,null,null,null,null,-576.603469361703,null,null,null,null,null
Sun Oct 04 00:00:00 UTC 2026,2.0058,-3333.91198,null,null,null,null,-591.1578428841613,null,null,null,null,null
Sun Oct 04 01:00:00 UTC 2026,2.0058,-3333.91198,null,null,null,null,-605.71221640662,null,null,null,null,null
Sun Oct 04 02:00:00 UTC 2026,2.0058,-3333.91198,null,null,null,null,-620.2665899290787,null,null,null,null,null
Sun Oct 04 03:00:00 UTC 2026,2.0058,-3333.91198,null,null,null,null,-634.8209634515374,null,null,null,null,null
Sun Oct 04 04:00:00 UTC 2026,2.0058,-3333.91198,null,null,null,null,-649.3753369739961,null,null,null,null,null
Sun Oct 04 05:00:00 UTC 2026,2.0058,-3333.91198,null,null,null,null,-663.9297104964544,null,null,null,null,null
Sun Oct 04 06:00:00 UTC 2026,2.0058,-3333.91198,null,null,null,null,-678.4840840189136,null,null,null,null,null
Sun Oct 04 07:00:00 UTC 2026,2.0058,-3333.91198,null,null,null,null,-693.0384575413718,null,null,null,null,null
Sun Oct 04 08:00:00 UTC 2026,2.0058,-3333.91198,null,null,null,null,-707.592831063831,null,null,null,null,null
Sun Oct 04 09:00:00 UTC 2026,2.0058,-3333.91198,null,null,null,null,-722.1472045862893,null,null,null,null,null
Sun Oct 04 10:00:00 UTC 2026,2.0058,-3333.91198,null,null,null,null,-736.701578108748,null,null,null,null,null
Sun Oct 04 11:00:00 UTC 2026,2.0058,-3333.91198,null,null,null,null,-751.2559516312067,null,null,null,null,null
Sun Oct 04 12:00:00 UTC 2026,2.0058,-3333.91198,null,null,null,null,-765.8103251536654,null,null,null,null,null
Sun Oct 04 13:00:00 UTC 2026,2.0058,-3333.91198,null,null,null,null,-780.3646986761237,null,null,null,null,null
Sun Oct 04 14:00:00 UTC 2026,2.0058,-3333.91198,null,null,null,null,-794.9190721985829,null,null,null,null,null
Sun Oct 04 15:00:00 UTC 2026,2.0058,-3333.91198,null,null,null,null,-809.4734457210407,null,null,null,null,null
Sun Oct 04 16:00:00 UTC 2026,2.0058,-3333.91198,null,null,null,null,-824.0278192434998,null,null,null,null,null
Sun Oct 04 17:00:00 UTC 2026,2.0058,-3333.91198,null,null,null,null,-838.5821927659576,null,null,null,null,null
Sun Oct 04 18:00:00 UTC 2026,2.0058,-3333.91198,null,null,null,null,-853.1365662884168,null,null,null,null,null
Sun Oct 04 19:00:00 UTC 2026,2.0058,-3333.91198,null,null,null,null,-867.6909398108751,null,null,null,null,null
Sun Oct 04 20:00:00 UTC 2026,2.0058,-3333.91198,null,null,null,null,-882.2453133333343,null,null,null,null,null
Sun Oct 04 21:00:00 UTC 2026,2.0058,-3638.91198,null,null,null,null,-896.7996868557925,null,null,null,null,null
Sun Oct 04 22:00:00 UTC 2026,2.0058,-3528.91198,null,null,null,null,-911.3540603782512,null,null,null,null,null
Sun Oct 04 23:00:00 UTC 2026,2.0058,-3524.91198,null,null,null,null,-925.90843390071,null,null,null,null,null
Mon Oct 05 00:00:00 UTC 2026,2.0058,-3956.91198,null,null,null,null,-940.4628074231687,null,null,null,null,null
Mon Oct 05 01:00:00 UTC 2026,2.0058,-3854.91198,null,null,null,null,-955.0171809456269,null,null,null,null,null
Mon Oct 05 02:00:00 UTC 2026,2.0058,-4072.91198,null,null,null,null,-969.5715544680861,null,null,null,null,null
Mon Oct 05 03:00:00 UTC 2026,2.0058,-3820.91198,null,null,null,null,-984.1259279905444,null,null,null,null,null
Mon Oct 05 04:00:00 UTC 2026,2.0058,-3970.91198,null,null,null,null,-998.6803015130035,null,null,null,null,null
Mon Oct 05 05:00:00 UTC 2026,2.0058,-3811.91198,null,null,null,null,-1013.2346750354618,null,null,null,null,null
Mon Oct 05 06:00:00 UTC 2026,2.0058,-4027.91198,null,null,null,null,-1027.7890485579205,null,null,null,null,null
Mon Oct 05 07:00:00 UTC 2026,2.0058,-4085.91198,null,null,null,null,-1042.3434220803788,null,null,null,null,null
Mon Oct 05 08:00:00 UTC 2026,2.0058,-4334.91198,null,null,null,null,-1056.8977956028375,null,null,null,null,null
Mon Oct 05 09:00:00 UTC 2026,2.0058,-4227.91198,null,null,null,null,-1071.4521691252967,null,null,null,null,null
Mon Oct 05 10:00:00 UTC 2026,2.0058,-4170.91198,null,null,null,null,-1086.0065426477545,null,null,null,null,null
Mon Oct 05 11:00:00 UTC 2026,2.0058,-4062.91198,null,null,null,null,-1100.5609161702137,null,null,null,null,null
Mon Oct 05 12:00:00 UTC 2026,2.0058,-4487.91198,null,null,null,null,-1115.115289692672,null,null,null,null,null
Mon Oct 05 13:00:00 UTC 2026,2.0058,-4563.91198,null,null,null,null,-1129.669663215131,null,-3963.91198,null,null,null
Mon Oct 05 14:00:00 UTC 2026,2.0058,-4156.91198,null,null,null,null,-1144.2240367375894,null,-3862.0786466666664,null,null,null
Mon Oct 05 15:00:00 UTC 2026,2.0058,-4254.91198,null,null,null,null,-1158.778410260048,null,-3760.245313333333,null,null,null
Mon Oct 05 16:00:00 UTC 2026,2.0058,-4457.91198,null,null,null,null,-1173.3327837825068,null,-3658.41198,null,null,null
Mon Oct 05 17:00:00 UTC 2026,2.0058,-4173.91198,null,null,null,null,-1187.8871573049655,null,-3556.5786466666664,null,null,null
Mon Oct 05 18:00:00 UTC 2026,2.0058,-4338.91198,null,null,null,null,-1202.4415308274238,null,-3454.7453133333333,null,null,null
Mon Oct 05 19:00:00 UTC 2026,2.0058,-4001.91198,null,null,null,null,-1216.995904349883,null,-3352.91198,null,null,null
Mon Oct 05 20:00:00 UTC 2026,2.0058,-3988.91198,null,null,null,null,-1231.5502778723412,null,-3251.078646666667,null,null,null
Mon Oct 05 21:00:00 UTC 2026,2.0058,-3914.91198,null,null,null,null,-1246.1046513948004,null,-3149.2453133333333,null,null,null
Mon Oct 05 22:00:00 UTC 2026,2.0058,-3633.91198,null,null,null,null,-1260.6590249172586,null,-3047.41198,null,null,null
Mon Oct 05 23:00:00 UTC 2026,2.0058,-3836.91198,null,null,null,null,-1275.2133984397174,null,-2945.578646666667,null,null,null
Tue Oct 06 00:00:00 UTC 2026,2.0058,-3927.91198,null,null,null,null,-1289.7677719621752,null,-2843.7453133333333,null,null,null
Tue Oct 06 01:00:00 UTC 2026,2.0058,-3967.91198,null,null,null,null,-1304.3221454846341,null,-2741.91198,null,null,null
Tue Oct 06 02:00:00 UTC 2026,2.0058,-3799.91198,null,null,null,null,-1318.8765190070928,null,-2640.078646666667,null,null,null
Tue Oct 06 03:00:00 UTC 2026,2.0058,-3614.91198,null,null,null,null,-1333.4308925295513,null,-2538.2453133333333,null,null,null
Tue Oct 06 04:00:00 UTC 2026,2.0058,-3584.91198,null,null,null,null,-1347.98526605201,null,-2436.41198,null,null,null
Tue Oct 06 05:00:00 UTC 2026,2.0058,-3546.91198,null,null,null,null,-1362.5396395744685,null,-2334.5786466666664,null,null,null
Tue Oct 06 06:00:00 UTC 2026,2.0058,-3325.91198,null,null,null,null,-1377.0940130969273,null,-2232.745313333333,null,null,null
Tue Oct 06 07:00:00 UTC 2026,2.0058,-2730.91198,null,null,null,null,-1391.6483866193862,null,-2130.91198,null,null,null
Tue Oct 06 08:00:00 UTC 2026,2.0058,-3564.91198,null,null,null,null,-1406.2027601418445,null,null,null,null,null
Tue Oct 06 09:00:00 UTC 2026,2.0058,-3490.91198,null,null,null,null,-1420.7571336643034,null,null,null,null,null
Tue Oct 06 10:00:00 UTC 2026,2.0058,-3417.91198,null,null,null,null,-1435.3115071867617,null,null,null,null,null
Tue Oct 06 11:00:00 UTC 2026,2.0058,-3353.91198,null,null,null,null,-1449.8658807092208,null,null,null,null,null
Tue Oct 06 12:00:00 UTC 2026,2.0058,-3165.91198,null,null,null,null,-1464.4202542316793,null,null,null,null,null
Tue Oct 06 13:00:00 UTC 2026,2.0058,-3181.91198,null,null,null,null,-1478.974627754138,null,null,null,null,null
Tue Oct 06 14:00:00 UTC 2026,2.0058,-3282.91198,null,null,null,null,-1493.5290012765965,null,null,null,null,null
Tue Oct 06 15:00:00 UTC 2026,2.0058,-3113.91198,null,null,null,null,-1508.0833747990553,null,null,null,null,null
Tue Oct 06 16:00:00 UTC 2026,2.0058,-3164.91198,null,null,null,null,-1522.6377483215138,null,null,null,null,null
Tue Oct 06 17:00:00 UTC 2026,2.0058,-3328.91198,null,null,null,null,-1537.192121843972,null,null,null,null,null
Tue Oct 06 18:00:00 UTC 2026,2.0058,-3469.91198,null,null,null,null,-1551.746495366431,null,null,null,null,null
Tue Oct 06 19:00:00 UTC 2026,2.0058,-3395.91198,null,null,null,null,-1566.3008688888897,null,null,null,null,null
Tue Oct 06 20:00:00 UTC 2026,2.0058,-3320.91198,null,null,null,null,-1580.8552424113482,null,null,null,null,null
Tue Oct 06 21:00:00 UTC 2026,2.0058,-3327.91198,null,null,null,null,-1595.409615933807,null,null,null,null,null
Tue Oct 06 22:00:00 UTC 2026,2.0058,-3374.91198,null,null,null,null,-1609.9639894562654,null,null,null,null,null
Tue Oct 06 23:00:00 UTC 2026,2.0058,-3513.91198,null,null,null,null,-1624.518362978724,null,null,null,null,null
Wed Oct 07 00:00:00 UTC 2026,2.0058,-3428.91198,null,null,null,null,-1639.072736501183,null,null,null,null,null
Wed Oct 07 01:00:00 UTC 2026,2.0058,-3388.91198,null,null,null,null,-1653.6271100236413,null,null,null,null,null
Wed Oct 07 02:00:00 UTC 2026,2.0058,-3513.91198,null,null,null,null,-1668.1814835461003,null,null,null,null,null
Wed Oct 07 03:00:00 UTC 2026,2.0058,-3510.91198,null,null,null,null,-1682.7358570685585,null,null,null,null,null
Wed Oct 07 04:00:00 UTC 2026,2.0058,-3463.91198,null,null,null,null,-1697.2902305910177,null,null,null,null,null
Wed Oct 07 05:00:00 UTC 2026,2.0058,-3353.91198,null,null,null,null,-1711.8446041134762,null,null,null,null,null
Wed Oct 07 06:00:00 UTC 2026,2.0058,-3389.91198,null,null,null,null,-1726.398977635935,null,null,null,null,null
Wed Oct 07 07:00:00 UTC 2026,2.0058,-3473.91198,null,null,null,null,-1740.9533511583934,null,null,null,null,null
Wed Oct 07 08:00:00 UTC 2026,2.0058,-3574.91198,null,null,null,null,-1755.5077246808517,null,null,null,null,null
Wed Oct 07 09:00:00 UTC 2026,2.0058,-3575.91198,null,null,null,null,-1770.0620982033101,null,-2975.91198,-2875.91198,null,null
Wed Oct 07 10:00:00 UTC 2026,2.0058,-3341.91198,null,null,null,null,-1784.6164717257689,null,-2886.78698,-2786.78698,null,null
Wed Oct 07 11:00:00 UTC 2026,2.0058,-3474.91198,null,null,null,null,-1799.1708452482274,null,-2797.66198,-2697.66198,null,null
Wed Oct 07 12:00:00 UTC 2026,2.0058,-3251.91198,null,null,null,null,-1813.7252187706865,null,-2708.53698,-2608.53698,null,null
Wed Oct 07 13:00:00 UTC 2026,2.0058,-3285.91198,null,null,null,null,-1828.2795922931446,null,-2619.41198,-2519.41198,null,null
Wed Oct 07 14:00:00 UTC 2026,2.0058,-3371.91198,null,null,null,null,-1842.8339658156037,null,-2530.28698,-2430.28698,null,null
Wed Oct 07 15:00:00 UTC 2026,2.0058,-2893.91198,null,null,null,null,-1857.3883393380618,null,-2441.16198,-2341.16198,null,null
Wed Oct 07 16:00:00 UTC 2026,2.0058,-3003.91198,null,null,null,null,-1871.942712860521,null,-2352.03698,-2252.03698,null,null
Wed Oct 07 17:00:00 UTC 2026,2.0058,-2958.91198,null,null,null,null,-1886.4970863829794,null,-2262.91198,-2162.91198,null,null
Wed Oct 07 18:00:00 UTC 2026,2.0058,-2734.91198,null,null,null,null,-1901.0514599054382,null,-2173.78698,-2073.78698,null,null
Wed Oct 07 19:00:00 UTC 2026,2.0058,-2365.91198,null,null,null,null,-1915.6058334278966,null,-2084.66198,-1984.6619799999999,null,null
Wed Oct 07 20:00:00 UTC 2026,2.0058,-2501.91198,null,null,null,null,-1930.1602069503554,null,-1995.5369799999999,-1895.5369799999999,null,null
Wed Oct 07 21:00:00 UTC 2026,2.0058,-2384.91198,null,null,null,null,-1944.7145804728139,null,-1906.4119799999999,-1806.4119799999999,null,null
Wed Oct 07 22:00:00 UTC 2026,2.0058,-2354.91198,null,null,null,null,-1959.268953995273,null,-1817.2869799999999,-1717.2869799999999,null,null
Wed Oct 07 23:00:00 UTC 2026,2.0058,-2242.91198,null,null,null,null,-1973.8233275177313,null,-1728.1619799999999,-1628.1619799999999,null,null
Thu Oct 08 00:00:00 UTC 2026,2.0058,-2246.91198,null,null,null,null,-1988.3777010401898,null,-1639.0369799999999,-1539.0369799999999,null,null
Thu Oct 08 01:00:00 UTC 2026,2.0058,-2149.91198,null,null,null,null,-2002.9320745626485,null,-1549.9119799999999,-1449.9119799999999,null,null
Thu Oct 08 02:00:00 UTC 2026,2.0058,-2485.91198,null,null,null,null,-2017.486448085107,null,null,null,null,null
Thu Oct 08 03:00:00 UTC 2026,2.0058,-2469.91198,null,null,null,null,-2032.0408216075662,null,null,null,null,null
Thu Oct 08 04:00:00 UTC 2026,2.0058,-2531.91198,null,null,null,null,-2046.5951951300242,null,null,null,null,null
Thu Oct 08 05:00:00 UTC 2026,2.0058,-2545.91198,null,null,null,null,-2061.149568652483,null,null,null,null,null
Thu Oct 08 06:00:00 UTC 2026,2.0058,-2491.91198,null,null,null,null,-2075.7039421749414,null,null,null,null,null
Thu Oct 08 07:00:00 UTC 2026,2.0058,-2609.91198,null,null,null,null,-2090.2583156974006,null,null,null,null,null
Thu Oct 08 08:00:00 UTC 2026,2.0058,-2522.91198,null,null,null,null,-2104.812689219859,null,null,null,null,null
Thu Oct 08 09:00:00 UTC 2026,2.0058,-2653.91198,null,null,null,null,-2119.367062742318,null,null,null,null,null
Thu Oct 08 10:00:00 UTC 2026,2.0058,-2684.91198,null,null,null,null,-2133.9214362647763,null,null,null,null,null
Thu Oct 08 11:00:00 UTC 2026,2.0058,-2795.91198,null,null,null,null,-2148.475809787235,null,null,null,null,null
Thu Oct 08 12:00:00 UTC 2026,2.0058,-2838.91198,null,null,null,null,-2163.0301833096937,null,null,null,null,null
Thu Oct 08 13:00:00 UTC 2026,2.0058,-2621.91198,null,null,null,null,-2177.584556832152,null,null,null,null,null
Thu Oct 08 14:00:00 UTC 2026,2.0058,-2812.91198,null,null,null,null,-2192.1389303546107,null,null,null,null,null
Thu Oct 08 15:00:00 UTC 2026,2.0058,-2890.91198,null,null,null,null,-2206.69330387707,null,null,null,null,null
Thu Oct 08 16:00:00 UTC 2026,2.0058,-2662.91198,null,null,null,null,-2221.247677399528,null,null,null,null,null
Thu Oct 08 17:00:00 UTC 2026,2.0058,-2729.91198,null,null,null,null,-2235.802050921987,null,null,null,null,null
Thu Oct 08 18:00:00 UTC 2026,2.0058,-2623.91198,null,null,null,null,-2250.356424444445,null,null,null,null,null
Thu Oct 08 19:00:00 UTC 2026,2.0058,-2327.91198,null,null,null,null,-2264.910797966904,null,null,null,null,null
Thu Oct 08 20:00:00 UTC 2026,2.0058,-2512.91198,null,null,null,null,-2279.465171489362,null,null,null,null,null
Thu Oct 08 21:00:00 UTC 2026,2.0058,-2564.91198,null,null,null,null,-2294.019545011821,null,null,null,null,null
Thu Oct 08 22:00:00 UTC 2026,2.0058,-2503.91198,null,null,null,null,-2308.57391853428,null,null,null,null,null
Thu Oct 08 23:00:00 UTC 2026,2.0058,-2523.91198,null,null,null,null,-2323.1282920567382,null,null,null,null,null
Fri Oct 09 00:00:00 UTC 2026,2.0058,-2532.91198,null,null,null,null,-2337.6826655791965,null,null,null,null,null
Fri Oct 09 01:00:00 UTC 2026,2.0058,-2372.91198,null,null,null,null,-2352.2370391016557,null,null,null,null,null
Fri Oct 09 02:00:00 UTC 2026,2.0058,-2530.91198,null,null,null,null,-2366.791412624114,null,null,null,null,null
Fri Oct 09 03:00:00 UTC 2026,2.0058,-2510.91198,null,null,null,null,-2381.3457861465727,null,null,null,null,null
Fri Oct 09 04:00:00 UTC 2026,2.0058,-2480.91198,null,null,null,null,-2395.900159669032,null,null,null,null,null
Fri Oct 09 05:00:00 UTC 2026,2.0058,-2507.91198,null,null,null,null,-2410.4545331914906,null,null,null,null,null
Fri Oct 09 06:00:00 UTC 2026,2.0058,-2586.91198,null,null,null,null,-2425.008906713949,null,null,null,null,null
Fri Oct 09 07:00:00 UTC 2026,2.0058,-2747.91198,null,null,null,null,-2439.563280236407,null,null,null,null,null
Fri Oct 09 08:00:00 UTC 2026,2.0058,-2897.91198,null,null,null,null,-2454.1176537588663,null,null,null,null,null
Fri Oct 09 09:00:00 UTC 2026,2.0058,-2814.91198,null,null,null,null,-2468.6720272813245,null,null,null,null,null
Fri Oct 09 10:00:00 UTC 2026,2.0058,-2952.91198,null,null,null,null,-2483.226400803783,null,null,null,null,null
Fri Oct 09 11:00:00 UTC 2026,2.0058,-2837.91198,null,null,null,null,-2497.780774326242,null,null,null,null,null
Fri Oct 09 12:00:00 UTC 2026,2.0058,-2790.91198,null,null,null,null,-2512.3351478487007,null,null,null,null,null
Fri Oct 09 13:00:00 UTC 2026,2.0058,-2815.91198,null,null,null,null,-2526.889521371159,null,null,null,null,null
Fri Oct 09 14:00:00 UTC 2026,2.0058,-2810.91198,null,null,null,null,-2541.4438948936186,null,null,null,null,null
Fri Oct 09 15:00:00 UTC 2026,2.0058,-2759.91198,null,null,null,null,-2555.998268416077,null,null,null,null,null
Fri Oct 09 16:00:00 UTC 2026,2.0058,-2881.91198,null,null,null,null,-2570.552641938535,null,null,null,null,null
Fri Oct 09 17:00:00 UTC 2026,2.0058,-2874.91198,null,null,null,null,-2585.1070154609934,null,null,null,null,null
Fri Oct 09 18:00:00 UTC 2026,2.0058,-2758.91198,null,null,null,null,-2599.6613889834525,null,null,null,null,null
Fri Oct 09 19:00:00 UTC 2026,2.0058,-2554.91198,null,null,null,null,-2614.215762505911,null,null,null,null,null
Fri Oct 09 20:00:00 UTC 2026,2.0058,-2467.91198,null,null,null,null,-2628.7701360283695,null,null,null,null,null
Fri Oct 09 21:00:00 UTC 2026,2.0058,-2467.91198,null,null,null,null,-2643.3245095508287,null,null,null,null,null
Fri Oct 09 22:00:00 UTC 2026,2.0058,-2467.91198,null,null,null,null,-2657.8788830732874,null,null,null,null,null
Fri Oct 09 23:00:00 UTC 2026,2.0058,-2467.91198,null,null,null,null,-2672.4332565957457,null,null,null,null,null
Sat Oct 10 00:00:00 UTC 2026,2.0058,-2467.91198,null,null,null,null,-2686.987630118205,null,null,null,null,null
Sat Oct 10 01:00:00 UTC 2026,2.0058,-2467.91198,null,null,null,null,-2701.542003640662,null,null,null,null,null
Sat Oct 10 02:00:00 UTC 2026,2.0058,-2467.91198,null,null,null,null,-2716.0963771631214,null,null,null,null,null
Sat Oct 10 03:00:00 UTC 2026,2.0058,-2467.91198,null,null,null,null,-2730.6507506855796,null,null,null,null,null
Sat Oct 10 04:00:00 UTC 2026,2.0058,-2467.91198,null,null,null,null,-2745.2051242080383,null,null,null,null,null
Sat Oct 10 05:00:00 UTC 2026,2.0058,-2467.91198,null,null,null,null,-2759.7594977304966,null,null,null,null,null
Sat Oct 10 06:00:00 UTC 2026,2.0058,-2467.91198,null,null,null,null,-2774.3138712529562,null,null,null,null,null
Sat Oct 10 07:00:00 UTC 2026,2.0058,-2467.91198,null,null,null,null,-2788.8682447754145,null,null,null,null,null
Sat Oct 10 08:00:00 UTC 2026,2.0058,-2467.91198,null,null,null,null,-2803.4226182978728,null,null,null,null,null
Sat Oct 10 09:00:00 UTC 2026,2.0058,-2467.91198,null,null,null,null,-2817.976991820332,null,null,null,null,null
Sat Oct 10 10:00:00 UTC 2026,2.0058,-2467.91198,null,null,null,null,-2832.53136534279,null,null,null,null,null
Sat Oct 10 11:00:00 UTC 2026,2.0058,-2467.91198,null,null,null,null,-2847.0857388652485,null,null,null,null,null
Sat Oct 10 12:00:00 UTC 2026,2.0058,-2467.91198,null,null,null,null,-2861.640112387708,null,null,null,null,null
Sat Oct 10 13:00:00 UTC 2026,2.0058,-2467.91198,null,null,null,null,-2876.1944859101663,null,null,null,null,null
Sat Oct 10 14:00:00 UTC 2026,2.0058,-2467.91198,null,null,null,null,-2890.748859432625,null,null,null,null,null
Sat Oct 10 15:00:00 UTC 2026,2.0058,-2467.91198,null,null,null,null,-2905.3032329550833,null,null,null,null,null
Sat Oct 10 16:00:00 UTC 2026,2.0058,-2467.91198,null,null,null,null,-2919.8576064775425,null,null,null,null,null
Sat Oct 10 17:00:00 UTC 2026,2.0058,-2467.91198,null,null,null,null,-2934.4119800000008,null,null,null,null,null
Sat Oct 10 18:00:00 UTC 2026,2.0058,-2467.91198,null,null,null,null,-2948.966353522459,null,null,null,null,null
Sat Oct 10 19:00:00 UTC 2026,2.0058,-2467.91198,null,null,null,null,-2963.520727044918,null,null,null,null,null
Sat Oct 10 20:00:00 UTC 2026,2.0058,-2467.91198,null,null,null,null,-2978.075100567376,null,null,null,null,null
Sat Oct 10 21:00:00 UTC 2026,2.0058,-2467.91198,null,null,null,null,-2992.629474089835,null,null,null,null,null
Sat Oct 10 22:00:00 UTC 2026,2.0058,-2467.91198,null,null,null,null,-3007.183847612294,null,null,null,null,null
Sat Oct 10 23:00:00 UTC 2026,2.0058,-2467.91198,null,null,null,null,-3021.738221134753,null,null,null,null,null
Sun Oct 11 00:00:00 UTC 2026,2.0058,-2467.91198,null,null,null,null,-3036.2925946572113,null,null,null,null,null
Sun Oct 11 01:00:00 UTC 2026,2.0058,-2467.91198,null,null,null,null,-3050.8469681796696,null,null,null,null,null
Sun Oct 11 02:00:00 UTC 2026,2.0058,-2467.91198,null,null,null,null,-3065.401341702128,null,null,null,null,null
Sun Oct 11 03:00:00 UTC 2026,2.0058,-2467.91198,null,null,null,null,-3079.955715224587,null,null,null,null,null
Sun Oct 11 04:00:00 UTC 2026,2.0058,-2467.91198,null,null,null,null,-3094.5100887470458,null,null,null,null,null
Sun Oct 11 05:00:00 UTC 2026,2.0058,-2467.91198,null,null,null,null,-3109.064462269505,null,null,null,null,null
Sun Oct 11 06:00:00 UTC 2026,2.0058,-2467.91198,null,null,null,null,-3123.6188357919627,null,null,null,null,null
Sun Oct 11 07:00:00 UTC 2026,2.0058,-2467.91198,null,null,null,null,-3138.173209314422,null,null,null,null,null
Sun Oct 11 08:00:00 UTC 2026,2.0058,-2467.91198,null,null,null,null,-3152.72758283688,null,null,null,null,null
Sun Oct 11 09:00:00 UTC 2026,2.0058,-2467.91198,null,null,null,null,-3167.2819563593393,null,null,null,null,null
Sun Oct 11 10:00:00 UTC 2026,2.0058,-2467.91198,null,null,null,null,-3181.8363298817967,null,null,null,null,null
Sun Oct 11 11:00:00 UTC 2026,2.0058,-2467.91198,null,null,null,null,-3196.390703404256,null,null,null,null,null
Sun Oct 11 12:00:00 UTC 2026,2.0058,-2467.91198,null,null,null,null,-3210.945076926714,null,null,null,null,null
Sun Oct 11 13:00:00 UTC 2026,2.0058,-2467.91198,null,null,null,null,-3225.4994504491738,null,null,null,null,null
Sun Oct 11 14:00:00 UTC 2026,2.0058,-2467.91198,null,null,null,null,-3240.053823971632,null,null,null,null,null
Sun Oct 11 15:00:00 UTC 2026,2.0058,-2467.91198,null,null,null,null,-3254.6081974940917,null,null,null,null,null
Sun Oct 11 16:00:00 UTC 2026,2.0058,-2467.91198,null,null,null,null,-3269.162571016549,null,null,null,null,null
Sun Oct 11 17:00:00 UTC 2026,2.0058,-2467.91198,null,null,null,null,-3283.716944539008,null,null,null,null,null
Sun Oct 11 18:00:00 UTC 2026,2.0058,-2467.91198,null,null,null,null,-3298.2713180614664,null,null,null,null,null
Sun Oct 11 19:00:00 UTC 2026,2.0058,-2467.91198,null,null,null,null,-3312.8256915839256,null,null,null,null,null
Sun Oct 11 20:00:00 UTC 2026,2.0058,-2467.91198,null,null,null,null,-3327.380065106383,null,null,null,null,null
Sun Oct 11 21:00:00 UTC 2026,2.0058,-2582.91198,null,null,null,null,-3341.9344386288426,null,null,null,null,null
Sun Oct 11 22:00:00 UTC 2026,2.0058,-2342.91198,null,null,null,null,-3356.488812151301,null,null,null,null,null
Sun Oct 11 23:00:00 UTC 2026,2.0058,-2727.91198,null,null,null,null,-3371.0431856737605,null,null,null,null,null
Mon Oct 12 00:00:00 UTC 2026,2.0058,-2610.91198,null,null,null,null,-3385.5975591962188,null,null,null,null,null
Mon Oct 12 01:00:00 UTC 2026,2.0058,-2530.91198,null,null,null,null,-3400.151932718677,null,null,null,null,null
Mon Oct 12 02:00:00 UTC 2026,2.0058,-2468.91198,null,null,null,null,-3414.7063062411353,null,null,null,null,null
Mon Oct 12 03:00:00 UTC 2026,2.0058,-2496.91198,null,null,null,null,-3429.2606797635935,null,null,null,null,null
Mon Oct 12 04:00:00 UTC 2026,2.0058,-2579.91198,null,null,null,null,-3443.8150532860527,null,null,null,null,null
Mon Oct 12 05:00:00 UTC 2026,2.0058,-2347.91198,null,null,null,null,-3458.3694268085114,null,null,null,null,null
Mon Oct 12 06:00:00 UTC 2026,2.0058,-2465.91198,null,null,null,null,-3472.9238003309697,null,null,null,null,null
Mon Oct 12 07:00:00 UTC 2026,2.0058,-2555.91198,null,null,null,null,-3487.4781738534284,null,null,null,null,null
Mon Oct 12 08:00:00 UTC 2026,2.0058,-2370.91198,null,null,null,null,-3502.0325473758876,null,null,null,null,null
Mon Oct 12 09:00:00 UTC 2026,2.0058,-2608.91198,null,null,null,null,-3516.586920898346,null,null,null,null,null
Mon Oct 12 10:00:00 UTC 2026,2.0058,-2555.91198,null,null,null,null,-3531.141294420805,null,null,null,null,null
Mon Oct 12 11:00:00 UTC 2026,2.0058,-2761.91198,null,null,null,null,-3545.6956679432624,null,null,null,null,null
Mon Oct 12 12:00:00 UTC 2026,2.0058,-2806.91198,null,null,null,null,-3560.2500414657216,null,null,null,null,null
Mon Oct 12 13:00:00 UTC 2026,2.0058,-2746.91198,null,null,null,null,-3574.8044149881803,null,null,null,null,null
Mon Oct 12 14:00:00 UTC 2026,2.0058,-2820.91198,null,null,null,null,-3589.3587885106394,null,null,null,null,null
Mon Oct 12 15:00:00 UTC 2026,2.0058,-2492.91198,null,null,null,null,-3603.913162033098,null,null,null,null,null
Mon Oct 12 16:00:00 UTC 2026,2.0058,-2568.91198,null,null,null,null,-3618.4675355555564,null,null,null,null,null
Mon Oct 12 17:00:00 UTC 2026,2.0058,-2710.91198,null,null,null,null,-3633.0219090780147,null,null,null,null,null
Mon Oct 12 18:00:00 UTC 2026,2.0058,-2709.91198,null,null,null,null,-3647.576282600474,null,null,null,null,null
Mon Oct 12 19:00:00 UTC 2026,2.0058,-2735.91198,null,null,null,null,-3662.130656122932,null,null,null,null,null
Mon Oct 12 20:00:00 UTC 2026,2.0058,-2816.91198,null,null,null,null,-3676.6850296453913,null,null,null,null,null
Mon Oct 12 21:00:00 UTC 2026,2.0058,-2659.91198,null,null,null,null,-3691.2394031678486,null,null,null,null,null
Mon Oct 12 22:00:00 UTC 2026,2.0058,-2785.91198,null,null,null,null,-3705.7937766903083,null,null,null,null,null
Mon Oct 12 23:00:00 UTC 2026,2.0058,-2714.91198,null,null,null,null,-3720.3481502127665,null,null,null,null,null
Tue Oct 13 00:00:00 UTC 2026,2.0058,-3048.91198,null,null,null,null,-3734.902523735226,null,NaN,-2348.91198,null,null
Tue Oct 13 01:00:00 UTC 2026,2.0058,-2226.91198,null,null,null,null,-3749.4568972576835,null,null,-2366.4174147826084,null,null
Tue Oct 13 02:00:00 UTC 2026,2.0058,-2237.91198,null,null,null,null,-3764.0112707801427,null,null,-2383.922849565217,null,null
Tue Oct 13 03:00:00 UTC 2026,2.0058,-2251.91198,null,null,null,null,-3778.565644302601,null,null,-2401.428284347826,null,null
Tue Oct 13 04:00:00 UTC 2026,2.0058,-2298.91198,null,null,null,null,-3793.12001782506,null,null,-2418.933719130435,null,null
Tue Oct 13 05:00:00 UTC 2026,2.0058,-2306.91198,null,null,null,null,-3807.6743913475184,null,null,-2436.4391539130434,null,null
Tue Oct 13 06:00:00 UTC 2026,2.0058,-2288.91198,null,null,null,null,-3822.228764869978,null,null,-2453.9445886956523,null,null
Tue Oct 13 07:00:00 UTC 2026,2.0058,-2285.91198,null,null,null,null,-3836.7831383924354,null,null,-2471.450023478261,null,null
Tue Oct 13 08:00:00 UTC 2026,2.0058,-6276.91198,null,null,null,null,-3851.337511914895,null,null,-2488.9554582608694,null,null
Tue Oct 13 09:00:00 UTC 2026,2.0058,-6227.91198,null,null,null,null,-3865.8918854373533,null,null,-2506.460893043478,null,null
Tue Oct 13 10:00:00 UTC 2026,2.0058,-6258.91198,null,null,null,null,-3880.4462589598124,null,null,-2523.966327826087,null,null
Tue Oct 13 11:00:00 UTC 2026,2.0058,-6202.91198,null,null,null,null,-3895.00063248227,null,null,-2541.471762608696,null,null
Tue Oct 13 12:00:00 UTC 2026,2.0058,-6210.91198,null,null,null,null,-3909.555006004728,null,null,-2558.9771973913043,null,null
Tue Oct 13 13:00:00 UTC 2026,2.0058,-6348.91198,null,null,null,null,-3924.1093795271877,null,null,-2576.482632173913,null,null
Tue Oct 13 14:00:00 UTC 2026,2.0058,-6379.91198,null,null,null,null,-3938.663753049646,null,null,-2593.988066956522,null,null
Tue Oct 13 15:00:00 UTC 2026,2.0058,-6400.91198,null,null,null,null,-3953.2181265721056,null,null,-2611.4935017391304,null,null
Tue Oct 13 16:00:00 UTC 2026,2.0058,-6276.91198,null,null,null,null,-3967.772500094563,null,null,-2628.998936521739,null,null
Tue Oct 13 17:00:00 UTC 2026,2.0058,-6321.91198,null,null,null,null,-3982.326873617022,null,null,-2646.504371304348,null,null
Tue Oct 13 18:00:00 UTC 2026,2.0058,-6331.91198,null,null,null,null,-3996.8812471394804,null,null,-2664.0098060869564,null,null
Tue Oct 13 19:00:00 UTC 2026,2.0058,-6369.91198,null,null,null,null,-4011.4356206619395,null,null,-2681.5152408695653,null,null
Tue Oct 13 20:00:00 UTC 2026,2.0058,-6362.91198,null,null,null,null,-4025.989994184398,null,null,-2699.020675652174,null,null
Tue Oct 13 21:00:00 UTC 2026,2.0058,-6312.91198,null,null,null,null,-4040.5443677068565,null,null,-2716.5261104347824,null,null
Tue Oct 13 22:00:00 UTC 2026,2.0058,-6263.91198,null,null,null,null,-4055.098741229315,null,null,-2734.031545217391,null,null
Tue Oct 13 23:00:00 UTC 2026,2.0058,-6278.91198,null,null,null,null,-4069.6531147517744,null,null,-2751.53698,null,null
Wed Oct 14 00:00:00 UTC 2026,2.0058,-6267.91198,null,null,null,null,-4084.2074882742327,null,null,-2769.042414782609,null,null
Wed Oct 14 01:00:00 UTC 2026,2.0058,-6317.91198,null,null,null,null,-4098.761861796692,null,null,-2786.5478495652173,null,null
Wed Oct 14 02:00:00 UTC 2026,2.0058,-6433.91198,null,null,null,null,-4113.316235319149,null,null,-2804.053284347826,null,null
Wed Oct 14 03:00:00 UTC 2026,2.0058,-6465.91198,null,null,null,null,-4127.870608841608,null,null,-2821.5587191304344,null,null
Wed Oct 14 04:00:00 UTC 2026,2.0058,-6468.91198,null,null,null,null,-4142.424982364067,null,null,-2839.0641539130434,null,null
Wed Oct 14 05:00:00 UTC 2026,2.0058,-6484.91198,null,null,null,null,-4156.979355886526,null,null,-2856.569588695652,null,null
Wed Oct 14 06:00:00 UTC 2026,2.0058,-6426.91198,null,null,null,null,-4171.533729408983,null,null,-2874.075023478261,null,null
Wed Oct 14 07:00:00 UTC 2026,2.0058,-6368.91198,null,null,null,null,-4186.088102931442,null,null,-2891.58045826087,null,null
Wed Oct 14 08:00:00 UTC 2026,2.0058,-6421.91198,null,null,null,null,-4200.6424764539015,null,null,-2909.0858930434783,null,null
Wed Oct 14 09:00:00 UTC 2026,2.0058,-6390.91198,null,null,null,null,-4215.196849976361,null,null,-2926.591327826087,null,null
Wed Oct 14 10:00:00 UTC 2026,2.0058,-6407.91198,null,null,null,null,-4229.751223498819,null,null,-2944.0967626086954,null,null
Wed Oct 14 11:00:00 UTC 2026,2.0058,-6345.91198,null,null,null,null,-4244.305597021278,null,null,-2961.602197391304,null,null
Wed Oct 14 12:00:00 UTC 2026,2.0058,-6288.91198,null,null,null,null,-4258.8599705437355,null,null,-2979.107632173913,null,null
Wed Oct 14 13:00:00 UTC 2026,2.0058,-6302.91198,null,null,null,null,-4273.414344066195,null,null,-2996.613066956522,null,null
Wed Oct 14 14:00:00 UTC 2026,2.0058,-6359.91198,null,null,null,null,-4287.968717588654,null,null,-3014.1185017391304,null,null
Wed Oct 14 15:00:00 UTC 2026,2.0058,-6207.91198,null,null,null,null,-4302.523091111112,null,null,-3031.6239365217393,null,null
Wed Oct 14 16:00:00 UTC 2026,2.0058,-6287.91198,null,null,null,null,-4317.07746463357,null,null,-3049.129371304348,null,null
Wed Oct 14 17:00:00 UTC 2026,2.0058,-6193.91198,null,null,null,null,-4331.6318381560295,null,null,-3066.6348060869564,null,null
Wed Oct 14 18:00:00 UTC 2026,2.0058,-6262.91198,null,null,null,null,-4346.186211678488,null,null,-3084.1402408695653,null,null
Wed Oct 14 19:00:00 UTC 2026,2.0058,-6300.91198,null,null,null,null,-4360.740585200946,null,null,-3101.645675652174,null,null
Wed Oct 14 20:00:00 UTC 2026,2.0058,-6421.91198,null,null,null,null,-4375.294958723405,null,null,-3119.151110434783,null,null
Wed Oct 14 21:00:00 UTC 2026,2.0058,-6493.91198,null,null,null,null,-4389.849332245863,null,null,-3136.6565452173913,null,null
Wed Oct 14 22:00:00 UTC 2026,2.0058,-6430.91198,null,null,null,null,-4404.403705768322,null,null,-3154.16198,null,null
Wed Oct 14 23:00:00 UTC 2026,2.0058,-6400.91198,null,null,null,null,-4418.95807929078,null,null,-3171.667414782609,null,null
Thu Oct 15 00:00:00 UTC 2026,2.0058,-6471.91198,null,null,null,null,-4433.51245281324,null,null,-3189.172849565217,null,null
Thu Oct 15 01:00:00 UTC 2026,2.0058,-6325.91198,null,null,null,null,-4448.066826335698,null,null,-3206.678284347826,null,null
Thu Oct 15 02:00:00 UTC 2026,2.0058,-6326.91198,null,null,null,null,-4462.621199858157,null,null,-3224.183719130435,null,null
Thu Oct 15 03:00:00 UTC 2026,2.0058,-6457.91198,null,null,null,null,-4477.175573380615,null,null,-3241.689153913044,null,null
Thu Oct 15 04:00:00 UTC 2026,2.0058,-6493.91198,null,null,null,null,-4491.729946903074,null,null,-3259.194588695652,null,null
Thu Oct 15 05:00:00 UTC 2026,2.0058,-6550.91198,null,null,null,null,-4506.284320425532,null,null,-3276.700023478261,null,null
Thu Oct 15 06:00:00 UTC 2026,2.0058,-6481.91198,null,null,null,null,-4520.8386939479915,null,null,-3294.20545826087,null,null
Thu Oct 15 07:00:00 UTC 2026,2.0058,-6507.91198,null,null,null,null,-4535.39306747045,null,null,-3311.710893043478,null,null
Thu Oct 15 08:00:00 UTC 2026,2.0058,-6377.91198,null,null,null,null,-4549.947440992909,null,null,-3329.216327826087,null,null
Thu Oct 15 09:00:00 UTC 2026,2.0058,-6374.91198,null,null,null,null,-4564.501814515367,null,null,-3346.721762608696,null,null
Thu Oct 15 10:00:00 UTC 2026,2.0058,-6310.91198,null,null,null,null,-4579.056188037826,null,null,-3364.2271973913043,null,null
Thu Oct 15 11:00:00 UTC 2026,2.0058,-6312.91198,null,null,null,null,-4593.610561560285,null,null,-3381.732632173913,null,null
Thu Oct 15 12:00:00 UTC 2026,2.0058,-6414.91198,null,null,null,null,-4608.164935082743,null,null,-3399.238066956522,null,null
Thu Oct 15 13:00:00 UTC 2026,2.0058,-6261.91198,null,null,null,null,-4622.719308605201,null,null,-3416.7435017391304,null,null
Thu Oct 15 14:00:00 UTC 2026,2.0058,-6343.91198,null,null,null,null,-4637.27368212766,null,null,-3434.2489365217393,null,null
Thu Oct 15 15:00:00 UTC 2026,2.0058,-6398.91198,null,null,null,null,-4651.8280556501195,null,null,-3451.754371304348,null,null
Thu Oct 15 16:00:00 UTC 2026,2.0058,-6364.91198,null,null,null,null,-4666.382429172578,null,null,-3469.2598060869564,null,null
Thu Oct 15 17:00:00 UTC 2026,2.0058,-6467.91198,null,null,null,null,-4680.936802695036,null,null,-3486.7652408695653,null,null
Thu Oct 15 18:00:00 UTC 2026,2.0058,-6452.91198,null,null,null,null,-4695.491176217495,null,null,-3504.270675652174,null,null
Thu Oct 15 19:00:00 UTC 2026,2.0058,-6460.91198,null,null,null,null,-4710.0455497399535,null,null,-3521.776110434783,null,null
Thu Oct 15 20:00:00 UTC 2026,2.0058,-6504.91198,null,null,null,null,-4724.599923262413,null,null,-3539.281545217391,null,null
Thu Oct 15 21:00:00 UTC 2026,2.0058,-6668.91198,null,null,null,null,-4739.15429678487,null,null,-3556.78698,null,null
Thu Oct 15 22:00:00 UTC 2026,2.0058,-6486.91198,null,null,null,null,-4753.708670307329,null,null,-3574.292414782609,null,null
Thu Oct 15 23:00:00 UTC 2026,2.0058,-6386.91198,null,null,null,null,-4768.263043829787,null,null,-3591.797849565217,null,null
Fri Oct 16 00:00:00 UTC 2026,2.0058,-6415.91198,null,null,null,null,-4782.8174173522475,null,null,-3609.303284347826,null,null
Fri Oct 16 01:00:00 UTC 2026,2.0058,-6278.91198,null,null,null,null,-4797.371790874706,null,null,-3626.808719130435,null,null
Fri Oct 16 02:00:00 UTC 2026,2.0058,-6247.91198,null,null,null,null,-4811.926164397165,null,null,-3644.314153913044,null,null
Fri Oct 16 03:00:00 UTC 2026,2.0058,-6218.91198,null,null,null,null,-4826.480537919622,null,null,-3661.819588695652,null,null
Fri Oct 16 04:00:00 UTC 2026,2.0058,-6245.91198,null,null,null,null,-4841.034911442081,null,null,-3679.325023478261,null,null
Fri Oct 16 05:00:00 UTC 2026,2.0058,-6268.91198,null,null,null,null,-4855.58928496454,null,null,-3696.83045826087,null,null
Fri Oct 16 06:00:00 UTC 2026,2.0058,-6341.91198,null,null,null,null,-4870.143658486998,null,null,-3714.3358930434783,null,null
Fri Oct 16 07:00:00 UTC 2026,2.0058,-6292.91198,null,null,null,null,-4884.698032009457,null,null,-3731.841327826087,null,null
Fri Oct 16 08:00:00 UTC 2026,2.0058,-6332.91198,null,null,null,null,-4899.252405531915,null,null,-3749.346762608696,null,null
Fri Oct 16 09:00:00 UTC 2026,2.0058,-6379.91198,null,null,null,null,-4913.806779054375,null,null,-3766.8521973913043,null,null
Fri Oct 16 10:00:00 UTC 2026,2.0058,-6401.91198,null,null,null,null,-4928.361152576833,null,null,-3784.357632173913,null,null
Fri Oct 16 11:00:00 UTC 2026,2.0058,-6419.91198,null,null,null,null,-4942.915526099292,null,null,-3801.863066956522,null,null
Fri Oct 16 12:00:00 UTC 2026,2.0058,-6433.91198,null,null,null,null,-4957.469899621749,null,null,-3819.3685017391304,null,null
Fri Oct 16 13:00:00 UTC 2026,2.0058,-6423.91198,null,null,null,null,-4972.024273144209,null,null,-3836.8739365217393,null,null
Fri Oct 16 14:00:00 UTC 2026,2.0058,-6479.91198,null,null,null,null,-4986.578646666667,null,null,-3854.379371304348,null,null
Fri Oct 16 15:00:00 UTC 2026,2.0058,-6449.91198,null,null,null,null,-5001.133020189127,null,null,-3871.884806086957,null,null
Fri Oct 16 16:00:00 UTC 2026,2.0058,-6533.91198,null,null,null,null,-5015.687393711585,null,null,-3889.390240869566,null,null
Fri Oct 16 17:00:00 UTC 2026,2.0058,-6550.91198,null,null,null,null,-5030.241767234043,null,null,-3906.895675652174,null,null
Fri Oct 16 18:00:00 UTC 2026,2.0058,-6450.91198,null,null,null,null,-5044.796140756502,null,null,-3924.401110434783,null,null
Fri Oct 16 19:00:00 UTC 2026,2.0058,-6456.91198,null,null,null,null,-5059.350514278961,null,null,-3941.9065452173913,null,null
Fri Oct 16 20:00:00 UTC 2026,2.0058,-6421.91198,null,null,null,null,-5073.904887801419,null,null,-3959.41198,null,null
Fri Oct 16 21:00:00 UTC 2026,2.0058,-6421.91198,null,null,null,null,-5088.459261323878,null,null,-3976.917414782609,null,null
Fri Oct 16 22:00:00 UTC 2026,2.0058,-6421.91198,null,null,null,null,-5103.013634846336,null,null,-3994.422849565218,null,null
Fri Oct 16 23:00:00 UTC 2026,2.0058,-6421.91198,null,null,null,null,-5117.568008368795,null,null,-4011.928284347826,null,null
Sat Oct 17 00:00:00 UTC 2026,2.0058,-6421.91198,null,null,null,null,-5132.122381891253,null,null,-4029.4337191304344,null,null
Sat Oct 17 01:00:00 UTC 2026,2.0058,-6421.91198,null,null,null,null,-5146.676755413713,null,null,-4046.939153913044,null,null
Sat Oct 17 02:00:00 UTC 2026,2.0058,-6421.91198,null,null,null,null,-5161.231128936171,null,null,-4064.4445886956523,null,null
Sat Oct 17 03:00:00 UTC 2026,2.0058,-6421.91198,null,null,null,null,-5175.78550245863,null,null,-4081.950023478261,null,null
Sat Oct 17 04:00:00 UTC 2026,2.0058,-6421.91198,null,null,null,null,-5190.339875981088,null,null,-4099.45545826087,null,null
Sat Oct 17 05:00:00 UTC 2026,2.0058,-6421.91198,null,null,null,null,-5204.894249503547,null,null,-4116.960893043478,null,null
Sat Oct 17 06:00:00 UTC 2026,2.0058,-6421.91198,null,null,null,null,-5219.448623026005,null,null,-4134.466327826087,null,null
Sat Oct 17 07:00:00 UTC 2026,2.0058,-6421.91198,null,null,null,null,-5234.002996548465,null,null,-4151.971762608696,null,null
Sat Oct 17 08:00:00 UTC 2026,2.0058,-6421.91198,null,null,null,null,-5248.557370070923,null,null,-4169.477197391304,null,null
Sat Oct 17 09:00:00 UTC 2026,2.0058,-6421.91198,null,null,null,null,-5263.111743593382,null,null,-4186.982632173913,null,null
Sat Oct 17 10:00:00 UTC 2026,2.0058,-6421.91198,null,null,null,null,-5277.66611711584,null,null,-4204.488066956522,null,null
Sat Oct 17 11:00:00 UTC 2026,2.0058,-6421.91198,null,null,null,null,-5292.220490638299,null,null,-4221.993501739131,null,null
Sat Oct 17 12:00:00 UTC 2026,2.0058,-6421.91198,null,null,null,null,-5306.774864160757,null,null,-4239.49893652174,null,null
Sat Oct 17 13:00:00 UTC 2026,2.0058,-6421.91198,null,null,null,null,-5321.329237683215,null,null,-4257.004371304348,null,null
Sat Oct 17 14:00:00 UTC 2026,2.0058,-6421.91198,null,null,null,null,-5335.883611205674,null,null,-4274.509806086957,null,null
Sat Oct 17 15:00:00 UTC 2026,2.0058,-6421.91198,null,null,null,null,-5350.4379847281325,null,null,-4292.015240869566,null,null
Sat Oct 17 16:00:00 UTC 2026,2.0058,-6421.91198,null,null,null,null,-5364.992358250593,null,null,-4309.520675652174,null,null
Sat Oct 17 17:00:00 UTC 2026,2.0058,-6421.91198,null,null,null,null,-5379.54673177305,null,null,-4327.026110434783,null,null
Sat Oct 17 18:00:00 UTC 2026,2.0058,-6421.91198,null,null,null,null,-5394.101105295509,null,null,-4344.531545217391,null,null
Sat Oct 17 19:00:00 UTC 2026,2.0058,-6421.91198,null,null,null,null,-5408.655478817967,null,null,-4362.036980000001,null,null
Sat Oct 17 20:00:00 UTC 2026,2.0058,-6421.91198,null,null,null,null,-5423.209852340427,null,null,-4379.542414782609,null,null
Sat Oct 17 21:00:00 UTC 2026,2.0058,-6421.91198,null,null,null,null,-5437.764225862885,null,null,-4397.047849565218,null,null
Sat Oct 17 22:00:00 UTC 2026,2.0058,-6421.91198,null,null,null,null,-5452.318599385343,null,null,-4414.553284347827,null,null
Sat Oct 17 23:00:00 UTC 2026,2.0058,-6421.91198,null,null,null,null,-5466.872972907802,null,null,-4432.058719130435,null,null
Sun Oct 18 00:00:00 UTC 2026,2.0058,-6421.91198,null,null,null,null,-5481.427346430261,null,null,-4449.564153913044,null,null
Sun Oct 18 01:00:00 UTC 2026,2.0058,-6421.91198,null,null,null,null,-5495.98171995272,null,null,-4467.069588695653,null,null
Sun Oct 18 02:00:00 UTC 2026,2.0058,-6421.91198,null,null,null,null,-5510.536093475179,null,null,-4484.575023478261,null,null
Sun Oct 18 03:00:00 UTC 2026,2.0058,-6421.91198,null,null,null,null,-5525.090466997636,null,null,-4502.080458260869,null,null
Sun Oct 18 04:00:00 UTC 2026,2.0058,-6421.91198,null,null,null,null,-5539.644840520095,null,null,-4519.585893043479,null,null
Sun Oct 18 05:00:00 UTC 2026,2.0058,-6421.91198,null,null,null,null,-5554.199214042554,null,null,-4537.091327826087,null,null
Sun Oct 18 06:00:00 UTC 2026,2.0058,-6421.91198,null,null,null,null,-5568.753587565013,null,null,-4554.596762608697,null,null
Sun Oct 18 07:00:00 UTC 2026,2.0058,-6421.91198,null,null,null,null,-5583.307961087471,null,null,-4572.102197391305,null,null
Sun Oct 18 08:00:00 UTC 2026,2.0058,-6421.91198,null,null,null,null,-5597.862334609929,null,null,-4589.607632173913,null,null
Sun Oct 18 09:00:00 UTC 2026,2.0058,-6421.91198,null,null,null,null,-5612.4167081323885,null,null,-4607.113066956523,null,null
Sun Oct 18 10:00:00 UTC 2026,2.0058,-6421.91198,null,null,null,null,-5626.971081654848,null,null,-4624.618501739131,null,null
Sun Oct 18 11:00:00 UTC 2026,2.0058,-6421.91198,null,null,null,null,-5641.525455177306,null,null,-4642.123936521739,null,null
Sun Oct 18 12:00:00 UTC 2026,2.0058,-6421.91198,null,null,null,null,-5656.079828699765,null,null,-4659.629371304348,null,null
Sun Oct 18 13:00:00 UTC 2026,2.0058,-6421.91198,null,null,null,null,-5670.6342022222225,null,null,-4677.134806086957,null,null
Sun Oct 18 14:00:00 UTC 2026,2.0058,-6421.91198,null,null,null,null,-5685.188575744682,null,null,-4694.640240869566,null,null
Sun Oct 18 15:00:00 UTC 2026,2.0058,-6421.91198,null,null,null,null,-5699.74294926714,null,null,-4712.145675652175,null,null
Sun Oct 18 16:00:00 UTC 2026,2.0058,-6421.91198,null,null,null,null,-5714.2973227896,null,null,-4729.651110434783,null,null
Sun Oct 18 17:00:00 UTC 2026,2.0058,-6421.91198,null,null,null,null,-5728.851696312058,null,null,-4747.156545217392,null,null
Sun Oct 18 18:00:00 UTC 2026,2.0058,-6421.91198,null,null,null,null,-5743.4060698345165,null,null,-4764.661980000001,null,null
Sun Oct 18 19:00:00 UTC 2026,2.0058,-6421.91198,null,null,null,null,-5757.960443356975,null,null,-4782.167414782609,null,null
Sun Oct 18 20:00:00 UTC 2026,2.0058,-6421.91198,null,null,null,null,-5772.514816879434,null,null,-4799.672849565218,null,null
Sun Oct 18 21:00:00 UTC 2026,2.0058,-6470.91198,null,null,null,null,-5787.069190401892,null,null,-4817.178284347826,null,null
Sun Oct 18 22:00:00 UTC 2026,2.0058,-6369.91198,null,null,null,null,-5801.62356392435,null,null,-4834.683719130435,null,null
Sun Oct 18 23:00:00 UTC 2026,2.0058,-6338.91198,null,null,null,null,-5816.177937446809,null,null,-4852.189153913044,null,null
Mon Oct 19 00:00:00 UTC 2026,2.0058,-6373.91198,null,null,null,null,-5830.732310969268,null,null,-4869.694588695653,null,null
Mon Oct 19 01:00:00 UTC 2026,2.0058,-6330.91198,null,null,null,null,-5845.286684491727,null,null,-4887.200023478261,null,null
Mon Oct 19 02:00:00 UTC 2026,2.0058,-6360.91198,null,null,null,null,-5859.841058014185,null,null,-4904.70545826087,null,null
Mon Oct 19 03:00:00 UTC 2026,2.0058,-6361.91198,null,null,null,null,-5874.395431536644,null,null,-4922.210893043478,null,null
Mon Oct 19 04:00:00 UTC 2026,2.0058,-6335.91198,null,null,null,null,-5888.949805059102,null,null,-4939.716327826087,null,null
Mon Oct 19 05:00:00 UTC 2026,2.0058,-6321.91198,null,null,null,null,-5903.504178581561,null,null,-4957.221762608696,null,null
Mon Oct 19 06:00:00 UTC 2026,2.0058,-6150.91198,null,null,null,null,-5918.058552104019,null,null,-4974.727197391304,null,null
Mon Oct 19 07:00:00 UTC 2026,2.0058,-6109.91198,null,null,null,null,-5932.6129256264785,null,null,-4992.232632173913,null,null
Mon Oct 19 08:00:00 UTC 2026,2.0058,-6192.91198,null,null,null,null,-5947.167299148936,null,null,-5009.738066956522,null,null
Mon Oct 19 09:00:00 UTC 2026,2.0058,-6200.91198,null,null,null,null,-5961.721672671396,null,null,-5027.243501739131,null,null
Mon Oct 19 10:00:00 UTC 2026,2.0058,-6110.91198,null,null,null,null,-5976.276046193854,null,null,-5044.74893652174,null,null
Mon Oct 19 11:00:00 UTC 2026,2.0058,-6112.91198,null,null,null,null,-5990.830419716313,null,null,-5062.254371304348,null,null
Mon Oct 19 12:00:00 UTC 2026,2.0058,-6059.91198,null,null,null,null,-6005.384793238772,null,null,-5079.759806086957,null,null
Mon Oct 19 13:00:00 UTC 2026,2.0058,-6038.91198,null,null,null,null,-6019.93916676123,null,null,-5097.265240869566,null,null
Mon Oct 19 14:00:00 UTC 2026,2.0058,-6031.91198,null,null,null,null,-6034.493540283688,null,null,-5114.770675652174,null,null
Mon Oct 19 15:00:00 UTC 2026,2.0058,-6122.91198,null,null,null,null,-6049.047913806147,null,null,-5132.276110434783,null,null
Mon Oct 19 16:00:00 UTC 2026,2.0058,-6138.91198,null,null,null,null,-6063.602287328606,null,null,-5149.781545217391,null,null
Mon Oct 19 17:00:00 UTC 2026,2.0058,-6180.91198,null,null,null,null,-6078.156660851066,null,null,-5167.28698,null,null
Mon Oct 19 18:00:00 UTC 2026,2.0058,-6190.91198,null,null,null,null,-6092.711034373523,null,null,-5184.792414782609,null,null
Mon Oct 19 19:00:00 UTC 2026,2.0058,-6187.91198,null,null,null,null,-6107.265407895982,null,null,-5202.297849565218,null,null
Mon Oct 19 20:00:00 UTC 2026,2.0058,-6193.91198,null,null,null,null,-6121.8197814184405,null,null,-5219.803284347827,null,null
Mon Oct 19 21:00:00 UTC 2026,2.0058,-6244.91198,null,null,null,null,-6136.3741549409,null,null,-5237.308719130435,null,null
Mon Oct 19 22:00:00 UTC 2026,2.0058,-6091.91198,null,null,null,null,-6150.928528463358,null,null,-5254.814153913044,null,null
Mon Oct 19 23:00:00 UTC 2026,2.0058,-5996.91198,null,null,null,null,-6165.482901985816,null,null,-5272.319588695653,null,null
Tue Oct 20 00:00:00 UTC 2026,2.0058,-6075.91198,null,null,null,null,-6180.037275508274,null,null,-5289.825023478261,null,null
Tue Oct 20 01:00:00 UTC 2026,2.0058,-6173.91198,null,null,null,null,-6194.591649030734,null,null,-5307.33045826087,null,null
Tue Oct 20 02:00:00 UTC 2026,2.0058,-6099.91198,null,null,null,null,-6209.146022553193,null,null,-5324.835893043479,null,null
Tue Oct 20 03:00:00 UTC 2026,2.0058,-6116.91198,null,null,null,null,-6223.700396075652,null,null,-5342.341327826087,null,null
Tue Oct 20 04:00:00 UTC 2026,2.0058,-6070.91198,null,null,null,null,-6238.254769598109,null,null,-5359.846762608696,null,null
Tue Oct 20 05:00:00 UTC 2026,2.0058,-6089.91198,null,null,null,null,-6252.809143120568,null,null,-5377.352197391305,null,null
Tue Oct 20 06:00:00 UTC 2026,2.0058,-6061.91198,null,null,null,null,-6267.363516643027,null,null,-5394.857632173913,null,null
Tue Oct 20 07:00:00 UTC 2026,2.0058,-6073.91198,null,null,null,null,-6281.917890165485,null,null,-5412.363066956522,null,null
Tue Oct 20 08:00:00 UTC 2026,2.0058,-8663.91198,null,null,null,null,-6296.472263687943,null,null,-5429.868501739131,null,null
Tue Oct 20 09:00:00 UTC 2026,2.0058,-8653.91198,null,null,null,null,-6311.0266372104015,null,null,-5447.37393652174,null,null
Tue Oct 20 10:00:00 UTC 2026,2.0058,-8657.91198,null,null,null,null,-6325.581010732862,null,null,-5464.879371304348,null,null
Tue Oct 20 11:00:00 UTC 2026,2.0058,-8690.91198,null,null,null,null,-6340.13538425532,null,null,-5482.384806086957,null,null
Tue Oct 20 12:00:00 UTC 2026,2.0058,-8695.91198,null,null,null,null,-6354.689757777779,null,null,-5499.890240869566,null,null
Tue Oct 20 13:00:00 UTC 2026,2.0058,-8703.91198,null,null,null,null,-6369.244131300236,null,null,-5517.395675652175,null,null
Tue Oct 20 14:00:00 UTC 2026,2.0058,-8714.91198,null,null,null,null,-6383.798504822696,null,null,-5534.901110434783,null,null
Tue Oct 20 15:00:00 UTC 2026,2.0058,-8733.91198,null,null,null,null,-6398.352878345154,null,null,-5552.406545217392,null,null
Tue Oct 20 16:00:00 UTC 2026,2.0058,-8730.91198,null,null,null,null,-6412.907251867613,null,null,-5569.911980000001,null,null
Tue Oct 20 17:00:00 UTC 2026,2.0058,-8709.91198,null,null,null,null,-6427.461625390071,null,null,-5587.417414782609,null,null
Tue Oct 20 18:00:00 UTC 2026,2.0058,-8714.91198,null,null,null,null,-6442.01599891253,null,null,-5604.922849565218,null,null
Tue Oct 20 19:00:00 UTC 2026,2.0058,-8705.91198,null,null,null,null,-6456.570372434989,null,null,-5622.428284347827,null,null
Tue Oct 20 20:00:00 UTC 2026,2.0058,-8733.91198,null,null,null,null,-6471.124745957448,null,null,-5639.933719130436,null,null
Tue Oct 20 21:00:00 UTC 2026,2.0058,-8722.91198,null,null,null,null,-6485.679119479906,null,null,-5657.439153913043,null,null
Tue Oct 20 22:00:00 UTC 2026,2.0058,-8715.91198,null,null,null,null,-6500.233493002365,null,null,-5674.944588695652,null,null
Tue Oct 20 23:00:00 UTC 2026,2.0058,-8726.91198,null,null,null,null,-6514.787866524823,null,null,-5692.450023478262,null,null
Wed Oct 21 00:00:00 UTC 2026,2.0058,-8746.91198,null,null,null,null,-6529.342240047282,null,null,-5709.955458260869,null,null
Wed Oct 21 01:00:00 UTC 2026,2.0058,-8719.91198,null,null,null,null,-6543.896613569741,null,null,-5727.460893043479,null,null
Wed Oct 21 02:00:00 UTC 2026,2.0058,-8704.91198,null,null,null,null,-6558.4509870922,null,null,-5744.966327826088,null,null
Wed Oct 21 03:00:00 UTC 2026,2.0058,-8697.91198,null,null,null,null,-6573.0053606146585,null,null,-5762.471762608696,null,null
Wed Oct 21 04:00:00 UTC 2026,2.0058,-8701.91198,null,null,null,null,-6587.559734137117,null,null,-5779.977197391305,null,null
Wed Oct 21 05:00:00 UTC 2026,2.0058,-8694.91198,null,null,null,null,-6602.114107659575,null,null,-5797.482632173913,null,null
Wed Oct 21 06:00:00 UTC 2026,2.0058,-8700.91198,null,null,null,null,-6616.668481182034,null,null,-5814.988066956522,null,null
Wed Oct 21 07:00:00 UTC 2026,2.0058,-8720.91198,null,null,null,null,-6631.222854704492,null,null,-5832.493501739131,null,null
Wed Oct 21 08:00:00 UTC 2026,2.0058,-8723.91198,null,null,null,null,-6645.777228226952,null,null,-5849.998936521739,null,null
Wed Oct 21 09:00:00 UTC 2026,2.0058,-8722.91198,null,null,null,null,-6660.331601749409,null,null,-5867.504371304349,null,null
Wed Oct 21 10:00:00 UTC 2026,2.0058,-8710.91198,null,null,null,null,-6674.885975271869,null,null,-5885.009806086957,null,null
Wed Oct 21 11:00:00 UTC 2026,2.0058,-8704.91198,null,null,null,null,-6689.440348794327,null,null,-5902.515240869565,null,null
Wed Oct 21 12:00:00 UTC 2026,2.0058,-8689.91198,null,null,null,null,-6703.9947223167865,null,null,-5920.020675652175,null,null
Wed Oct 21 13:00:00 UTC 2026,2.0058,-8680.91198,null,null,null,null,-6718.549095839245,null,null,-5937.526110434783,null,null
Wed Oct 21 14:00:00 UTC 2026,2.0058,-8636.91198,null,null,null,null,-6733.103469361702,null,null,-5955.031545217392,null,null
Wed Oct 21 15:00:00 UTC 2026,2.0058,-8637.91198,null,null,null,null,-6747.657842884161,null,null,-5972.536980000001,null,null
Wed Oct 21 16:00:00 UTC 2026,2.0058,-8608.91198,null,null,null,null,-6762.2122164066195,null,null,-5990.042414782608,null,null
Wed Oct 21 17:00:00 UTC 2026,2.0058,-8635.91198,null,null,null,null,-6776.766589929079,null,null,-6007.547849565218,null,null
Wed Oct 21 18:00:00 UTC 2026,2.0058,-8597.91198,null,null,null,null,-6791.320963451537,null,null,-6025.053284347827,null,null
Wed Oct 21 19:00:00 UTC 2026,2.0058,-8597.91198,null,null,null,null,-6805.875336973996,null,null,-6042.558719130436,null,null
Wed Oct 21 20:00:00 UTC 2026,2.0058,-8612.91198,null,null,null,null,-6820.429710496454,null,null,-6060.064153913044,null,null
Wed Oct 21 21:00:00 UTC 2026,2.0058,-8636.91198,null,null,null,null,-6834.984084018914,null,null,-6077.569588695653,null,null
Wed Oct 21 22:00:00 UTC 2026,2.0058,-8613.91198,null,null,null,null,-6849.538457541372,null,null,-6095.075023478262,null,null
Wed Oct 21 23:00:00 UTC 2026,2.0058,-8619.91198,null,null,null,null,-6864.09283106383,null,null,-6112.58045826087,null,null
Thu Oct 22 00:00:00 UTC 2026,2.0058,-8614.91198,null,null,null,null,-6878.647204586288,null,null,-6130.085893043479,null,null
Thu Oct 22 01:00:00 UTC 2026,2.0058,-8612.91198,null,null,null,null,-6893.2015781087475,null,null,-6147.591327826088,null,null
Thu Oct 22 02:00:00 UTC 2026,2.0058,-8586.91198,null,null,null,null,-6907.755951631207,null,null,-6165.096762608696,null,null
Thu Oct 22 03:00:00 UTC 2026,2.0058,-8585.91198,null,null,null,null,-6922.310325153666,null,null,-6182.602197391305,null,null
Thu Oct 22 04:00:00 UTC 2026,2.0058,-8565.91198,null,null,null,null,-6936.864698676123,null,null,-6200.107632173914,null,null
Thu Oct 22 05:00:00 UTC 2026,2.0058,-8568.91198,null,null,null,null,-6951.419072198582,null,null,-6217.613066956521,null,null
Thu Oct 22 06:00:00 UTC 2026,2.0058,-8583.91198,null,null,null,null,-6965.973445721041,null,null,-6235.118501739131,null,null
Thu Oct 22 07:00:00 UTC 2026,2.0058,-8596.91198,null,null,null,null,-6980.5278192435,null,null,-6252.62393652174,null,null
Thu Oct 22 08:00:00 UTC 2026,2.0058,-8611.91198,null,null,null,null,-6995.082192765958,null,null,-6270.129371304348,null,null
Thu Oct 22 09:00:00 UTC 2026,2.0058,-8620.91198,null,null,null,null,-7009.636566288416,null,null,-6287.634806086957,null,null
Thu Oct 22 10:00:00 UTC 2026,2.0058,-8606.91198,null,null,null,null,-7024.1909398108755,null,null,-6305.140240869566,null,null
Thu Oct 22 11:00:00 UTC 2026,2.0058,-8619.91198,null,null,null,null,-7038.745313333335,null,null,-6322.645675652174,null,null
Thu Oct 22 12:00:00 UTC 2026,2.0058,-8604.91198,null,null,null,null,-7053.299686855793,null,null,-6340.151110434783,null,null
Thu Oct 22 13:00:00 UTC 2026,2.0058,-8621.91198,null,null,null,null,-7067.854060378252,null,null,-6357.656545217393,null,null
Thu Oct 22 14:00:00 UTC 2026,2.0058,-8615.91198,null,null,null,null,-7082.4084339007095,null,null,-6375.161980000001,null,null
Thu Oct 22 15:00:00 UTC 2026,2.0058,-8617.91198,null,null,null,null,-7096.962807423169,null,null,-6392.667414782609,null,null
Thu Oct 22 16:00:00 UTC 2026,2.0058,-8633.91198,null,null,null,null,-7111.517180945627,null,null,-6410.172849565218,null,null
Thu Oct 22 17:00:00 UTC 2026,2.0058,-8626.91198,null,null,null,null,-7126.071554468086,null,null,-6427.678284347827,null,null
Thu Oct 22 18:00:00 UTC 2026,2.0058,-8637.91198,null,null,null,null,-7140.625927990544,null,null,-6445.183719130436,null,null
Thu Oct 22 19:00:00 UTC 2026,2.0058,-8646.91198,null,null,null,null,-7155.1803015130035,null,null,-6462.689153913044,null,null
Thu Oct 22 20:00:00 UTC 2026,2.0058,-8648.91198,null,null,null,null,-7169.734675035462,null,null,-6480.194588695653,null,null
Thu Oct 22 21:00:00 UTC 2026,2.0058,-8680.91198,null,null,null,null,-7184.289048557921,null,null,-6497.700023478261,null,null
Thu Oct 22 22:00:00 UTC 2026,2.0058,-8658.91198,null,null,null,null,-7198.843422080379,null,null,-6515.20545826087,null,null
Thu Oct 22 23:00:00 UTC 2026,2.0058,-8635.91198,null,null,null,null,-7213.397795602837,null,null,-6532.71089304348,null,null
Fri Oct 23 00:00:00 UTC 2026,2.0058,-8631.91198,null,null,null,null,-7227.952169125296,null,null,-6550.216327826087,null,null
Fri Oct 23 01:00:00 UTC 2026,2.0058,-8612.91198,null,null,null,null,-7242.506542647754,null,null,-6567.721762608696,null,null
Fri Oct 23 02:00:00 UTC 2026,2.0058,-8604.91198,null,null,null,null,-7257.060916170214,null,null,-6585.227197391306,null,null
Fri Oct 23 03:00:00 UTC 2026,2.0058,-8558.91198,null,null,null,null,-7271.615289692672,null,null,-6602.732632173913,null,null
Fri Oct 23 04:00:00 UTC 2026,2.0058,-8578.91198,null,null,null,null,-7286.169663215132,null,null,-6620.238066956522,null,null
Fri Oct 23 05:00:00 UTC 2026,2.0058,-8577.91198,null,null,null,null,-7300.724036737589,null,null,-6637.743501739131,null,null
Fri Oct 23 06:00:00 UTC 2026,2.0058,-8573.91198,null,null,null,null,-7315.278410260048,null,null,-6655.248936521739,null,null
Fri Oct 23 07:00:00 UTC 2026,2.0058,-8546.91198,null,null,null,null,-7329.832783782506,null,null,-6672.754371304349,null,null
Fri Oct 23 08:00:00 UTC 2026,2.0058,-8561.91198,null,null,null,null,-7344.3871573049655,null,null,-6690.259806086957,null,null
Fri Oct 23 09:00:00 UTC 2026,2.0058,-8539.91198,null,null,null,null,-7358.941530827423,null,null,-6707.765240869565,null,null
Fri Oct 23 10:00:00 UTC 2026,2.0058,-8549.91198,null,null,null,null,-7373.495904349882,null,null,-6725.270675652175,null,null
Fri Oct 23 11:00:00 UTC 2026,2.0058,-8533.91198,null,null,null,null,-7388.050277872341,null,null,-6742.776110434783,null,null
Fri Oct 23 12:00:00 UTC 2026,2.0058,-8529.91198,null,null,null,null,-7402.6046513948,null,null,-6760.281545217393,null,null
Fri Oct 23 13:00:00 UTC 2026,2.0058,-8530.91198,null,null,null,null,-7417.159024917259,null,null,-6777.786980000001,null,null
Fri Oct 23 14:00:00 UTC 2026,2.0058,-8520.91198,null,null,null,null,-7431.713398439717,null,null,-6795.292414782609,null,null
Fri Oct 23 15:00:00 UTC 2026,2.0058,-8518.91198,null,null,null,null,-7446.267771962175,null,null,-6812.797849565219,null,null
Fri Oct 23 16:00:00 UTC 2026,2.0058,-8521.91198,null,null,null,null,-7460.822145484634,null,null,-6830.303284347826,null,null
Fri Oct 23 17:00:00 UTC 2026,2.0058,-8513.91198,null,null,null,null,-7475.376519007093,null,null,-6847.808719130436,null,null
Fri Oct 23 18:00:00 UTC 2026,2.0058,-8512.91198,null,null,null,null,-7489.930892529552,null,null,-6865.314153913045,null,null
Fri Oct 23 19:00:00 UTC 2026,2.0058,-8507.91198,null,null,null,null,-7504.48526605201,null,null,-6882.819588695652,null,null
Fri Oct 23 20:00:00 UTC 2026,2.0058,-8516.91198,null,null,null,null,-7519.039639574469,null,null,-6900.325023478262,null,null
Fri Oct 23 21:00:00 UTC 2026,2.0058,-8516.91198,null,null,null,null,-7533.5940130969275,null,null,-6917.830458260871,null,null
Fri Oct 23 22:00:00 UTC 2026,2.0058,-8516.91198,null,null,null,null,-7548.148386619387,null,null,-6935.335893043479,null,null
Fri Oct 23 23:00:00 UTC 2026,2.0058,-8516.91198,null,null,null,null,-7562.702760141845,null,null,-6952.841327826088,null,null
Sat Oct 24 00:00:00 UTC 2026,2.0058,-8516.91198,null,null,null,null,-7577.257133664303,null,null,-6970.346762608696,null,null
Sat Oct 24 01:00:00 UTC 2026,2.0058,-8516.91198,null,null,null,null,-7591.811507186761,null,null,-6987.852197391305,null,null
Sat Oct 24 02:00:00 UTC 2026,2.0058,-8516.91198,null,null,null,null,-7606.3658807092215,null,null,-7005.357632173913,null,null
Sat Oct 24 03:00:00 UTC 2026,2.0058,-8516.91198,null,null,null,null,-7620.92025423168,null,null,-7022.863066956522,null,null
Sat Oct 24 04:00:00 UTC 2026,2.0058,-8516.91198,null,null,null,null,-7635.474627754139,null,null,-7040.368501739132,null,null
Sat Oct 24 05:00:00 UTC 2026,2.0058,-8516.91198,null,null,null,null,-7650.029001276596,null,null,-7057.873936521739,null,null
Sat Oct 24 06:00:00 UTC 2026,2.0058,-8516.91198,null,null,null,null,-7664.5833747990555,null,null,-7075.379371304349,null,null
Sat Oct 24 07:00:00 UTC 2026,2.0058,-8516.91198,null,null,null,null,-7679.137748321514,null,null,-7092.884806086958,null,null
Sat Oct 24 08:00:00 UTC 2026,2.0058,-8516.91198,null,null,null,null,-7693.692121843972,null,null,-7110.390240869565,null,null
Sat Oct 24 09:00:00 UTC 2026,2.0058,-8516.91198,null,null,null,null,-7708.246495366431,null,null,-7127.895675652175,null,null
Sat Oct 24 10:00:00 UTC 2026,2.0058,-8516.91198,null,null,null,null,-7722.8008688888885,null,null,-7145.401110434784,null,null
Sat Oct 24 11:00:00 UTC 2026,2.0058,-8516.91198,null,null,null,null,-7737.355242411349,null,null,-7162.906545217392,null,null
Sat Oct 24 12:00:00 UTC 2026,2.0058,-8516.91198,null,null,null,null,-7751.909615933807,null,null,-7180.411980000001,null,null
Sat Oct 24 13:00:00 UTC 2026,2.0058,-8516.91198,null,null,null,null,-7766.463989456266,null,null,-7197.917414782609,null,null
Sat Oct 24 14:00:00 UTC 2026,2.0058,-8516.91198,null,null,null,null,-7781.018362978723,null,null,-7215.422849565218,null,null
Sat Oct 24 15:00:00 UTC 2026,2.0058,-8516.91198,null,null,null,null,-7795.572736501183,null,null,-7232.928284347827,null,null
Sat Oct 24 16:00:00 UTC 2026,2.0058,-8516.91198,null,null,null,null,-7810.127110023641,null,null,-7250.433719130436,null,null
Sat Oct 24 17:00:00 UTC 2026,2.0058,-8516.91198,null,null,null,null,-7824.6814835461,null,null,-7267.939153913044,null,null
Sat Oct 24 18:00:00 UTC 2026,2.0058,-8516.91198,null,null,null,null,-7839.235857068558,null,null,-7285.444588695653,null,null
Sat Oct 24 19:00:00 UTC 2026,2.0058,-8516.91198,null,null,null,null,-7853.7902305910175,null,null,-7302.950023478262,null,null
Sat Oct 24 20:00:00 UTC 2026,2.0058,-8516.91198,null,null,null,null,-7868.344604113476,null,null,-7320.45545826087,null,null
Sat Oct 24 21:00:00 UTC 2026,2.0058,-8516.91198,null,null,null,null,-7882.898977635936,null,null,-7337.960893043479,null,null
Sat Oct 24 22:00:00 UTC 2026,2.0058,-8516.91198,null,null,null,null,-7897.453351158392,null,null,-7355.466327826088,null,null
Sat Oct 24 23:00:00 UTC 2026,2.0058,-8516.91198,null,null,null,null,-7912.007724680852,null,null,-7372.971762608697,null,null
Sun Oct 25 00:00:00 UTC 2026,2.0058,-8516.91198,null,null,null,null,-7926.562098203311,null,null,-7390.477197391305,null,null
Sun Oct 25 01:00:00 UTC 2026,2.0058,-8516.91198,null,null,null,null,-7941.116471725769,null,null,-7407.982632173914,null,null
Sun Oct 25 02:00:00 UTC 2026,2.0058,-8516.91198,null,null,null,null,-7955.670845248227,null,null,-7425.488066956522,null,null
Sun Oct 25 03:00:00 UTC 2026,2.0058,-8516.91198,null,null,null,null,-7970.225218770685,null,null,-7442.993501739131,null,null
Sun Oct 25 04:00:00 UTC 2026,2.0058,-8516.91198,null,null,null,null,-7984.779592293145,null,null,-7460.49893652174,null,null
Sun Oct 25 05:00:00 UTC 2026,2.0058,-8516.91198,null,null,null,null,-7999.333965815605,null,null,-7478.004371304349,null,null
Sun Oct 25 06:00:00 UTC 2026,2.0058,-8516.91198,null,null,null,null,-8013.888339338063,null,null,-7495.509806086957,null,null
Sun Oct 25 07:00:00 UTC 2026,2.0058,-8516.91198,null,null,null,null,-8028.442712860521,null,null,-7513.015240869566,null,null
Sun Oct 25 08:00:00 UTC 2026,2.0058,-8516.91198,null,null,null,null,-8042.997086382979,null,null,-7530.520675652175,null,null
Sun Oct 25 09:00:00 UTC 2026,2.0058,-8516.91198,null,null,null,null,-8057.551459905438,null,null,-7548.026110434783,null,null
Sun Oct 25 10:00:00 UTC 2026,2.0058,-8516.91198,null,null,null,null,-8072.105833427896,null,null,-7565.531545217393,null,null
Sun Oct 25 11:00:00 UTC 2026,2.0058,-8516.91198,null,null,null,null,-8086.660206950357,null,null,-7583.036980000001,null,null
Sun Oct 25 12:00:00 UTC 2026,2.0058,-8516.91198,null,null,null,null,-8101.214580472813,null,null,-7600.542414782609,null,null
Sun Oct 25 13:00:00 UTC 2026,2.0058,-8516.91198,null,null,null,null,-8115.7689539952735,null,null,-7618.047849565218,null,null
Sun Oct 25 14:00:00 UTC 2026,2.0058,-8516.91198,null,null,null,null,-8130.323327517732,null,null,-7635.553284347827,null,null
Sun Oct 25 15:00:00 UTC 2026,2.0058,-8516.91198,null,null,null,null,-8144.87770104019,null,null,-7653.058719130437,null,null
Sun Oct 25 16:00:00 UTC 2026,2.0058,-8516.91198,null,null,null,null,-8159.432074562648,null,null,-7670.564153913044,null,null
Sun Oct 25 17:00:00 UTC 2026,2.0058,-8516.91198,null,null,null,null,-8173.9864480851065,null,null,-7688.069588695653,null,null
Sun Oct 25 18:00:00 UTC 2026,2.0058,-8516.91198,null,null,null,null,-8188.540821607565,null,null,-7705.575023478262,null,null
Sun Oct 25 19:00:00 UTC 2026,2.0058,-8516.91198,null,null,null,null,-8203.095195130023,null,null,-7723.08045826087,null,null
Sun Oct 25 20:00:00 UTC 2026,2.0058,-8516.91198,null,null,null,null,-8217.649568652483,null,null,-7740.58589304348,null,null
Sun Oct 25 21:00:00 UTC 2026,2.0058,-8524.91198,null,null,null,null,-8232.203942174941,null,null,-7758.091327826088,null,null
Sun Oct 25 22:00:00 UTC 2026,2.0058,-8471.91198,null,null,null,null,-8246.7583156974,null,null,-7775.596762608696,null,null
Sun Oct 25 23:00:00 UTC 2026,2.0058,-8477.91198,null,null,null,null,-8261.31268921986,null,null,-7793.102197391305,null,null
Mon Oct 26 00:00:00 UTC 2026,2.0058,-8504.91198,null,null,null,null,-8275.867062742318,null,null,-7810.607632173914,null,null
Mon Oct 26 01:00:00 UTC 2026,2.0058,-8516.91198,null,null,null,null,-8290.421436264776,null,null,-7828.113066956522,null,null
Mon Oct 26 02:00:00 UTC 2026,2.0058,-8542.91198,null,null,null,null,-8304.975809787236,null,null,-7845.618501739131,null,null
Mon Oct 26 03:00:00 UTC 2026,2.0058,-8547.91198,null,null,null,null,-8319.530183309693,null,null,-7863.12393652174,null,null
Mon Oct 26 04:00:00 UTC 2026,2.0058,-8549.91198,null,null,null,null,-8334.084556832153,null,null,-7880.629371304349,null,null
Mon Oct 26 05:00:00 UTC 2026,2.0058,-8549.91198,null,null,null,null,-8348.638930354611,null,null,-7898.134806086957,null,null
Mon Oct 26 06:00:00 UTC 2026,2.0058,-8518.91198,null,null,null,null,-8363.19330387707,null,null,-7915.640240869566,null,null
Mon Oct 26 07:00:00 UTC 2026,2.0058,-8523.91198,null,null,null,null,-8377.747677399528,null,null,-7933.145675652175,null,null
Mon Oct 26 08:00:00 UTC 2026,2.0058,-8572.91198,null,null,null,null,-8392.302050921986,null,null,-7950.651110434783,null,null
Mon Oct 26 09:00:00 UTC 2026,2.0058,-8561.91198,null,null,null,null,-8406.856424444444,null,null,-7968.156545217393,null,null
Mon Oct 26 10:00:00 UTC 2026,2.0058,-8562.91198,null,null,null,null,-8421.410797966904,null,null,-7985.66198,null,null
Mon Oct 26 11:00:00 UTC 2026,2.0058,-8551.91198,null,null,null,null,-8435.965171489363,null,null,-8003.167414782609,null,null
Mon Oct 26 12:00:00 UTC 2026,2.0058,-8540.91198,null,null,null,null,-8450.51954501182,null,null,-8020.672849565219,null,null
Mon Oct 26 13:00:00 UTC 2026,2.0058,-8534.91198,null,null,null,null,-8465.073918534279,null,null,-8038.178284347827,null,null
Mon Oct 26 14:00:00 UTC 2026,2.0058,-8538.91198,null,null,null,null,-8479.628292056737,null,null,-8055.683719130436,null,null
Mon Oct 26 15:00:00 UTC 2026,2.0058,-8564.91198,null,null,null,null,-8494.182665579196,null,null,-8073.189153913045,null,null
Mon Oct 26 16:00:00 UTC 2026,2.0058,-8549.91198,null,null,null,null,-8508.737039101658,null,null,-8090.694588695653,null,null
Mon Oct 26 17:00:00 UTC 2026,2.0058,-8567.91198,null,null,null,null,-8523.291412624116,null,null,-8108.200023478262,null,null
Mon Oct 26 18:00:00 UTC 2026,2.0058,-8597.91198,null,null,null,null,-8537.845786146574,null,null,-8125.70545826087,null,null
Mon Oct 26 19:00:00 UTC 2026,2.0058,-8601.91198,null,null,null,null,-8552.400159669032,null,null,-8143.21089304348,null,null
Mon Oct 26 20:00:00 UTC 2026,2.0058,-8598.91198,null,null,null,null,-8566.95453319149,null,null,-8160.716327826088,null,null
Mon Oct 26 21:00:00 UTC 2026,2.0058,-8608.91198,null,null,null,null,-8581.508906713949,null,null,-8178.221762608696,null,null
Mon Oct 26 22:00:00 UTC 2026,2.0058,-8607.91198,null,null,null,null,-8596.063280236409,null,null,-8195.727197391305,null,null
Mon Oct 26 23:00:00 UTC 2026,2.0058,-8604.91198,null,null,null,null,-8610.617653758865,null,null,-8213.232632173913,null,null
Tue Oct 27 00:00:00 UTC 2026,2.0058,-8611.91198,null,null,null,null,-8625.172027281324,null,null,-8230.738066956523,null,null
Tue Oct 27 01:00:00 UTC 2026,2.0058,-8618.91198,null,null,null,null,-8639.726400803784,null,null,-8248.24350173913,null,null
Tue Oct 27 02:00:00 UTC 2026,2.0058,-8611.91198,null,null,null,null,-8654.280774326242,null,null,-8265.748936521739,null,null
Tue Oct 27 03:00:00 UTC 2026,2.0058,-8629.91198,null,null,null,null,-8668.8351478487,null,null,-8283.254371304349,null,null
Tue Oct 27 04:00:00 UTC 2026,2.0058,-8625.91198,null,null,null,null,-8683.389521371158,null,null,-8300.759806086957,null,null
Tue Oct 27 05:00:00 UTC 2026,2.0058,-8634.91198,null,null,null,null,-8697.943894893617,null,null,-8318.265240869565,null,null
Tue Oct 27 06:00:00 UTC 2026,2.0058,-8626.91198,null,null,null,null,-8712.498268416075,null,null,-8335.770675652175,null,null
Tue Oct 27 07:00:00 UTC 2026,2.0058,-8673.91198,null,null,null,null,-8727.052641938535,null,null,-8353.276110434783,null,null
Tue Oct 27 08:00:00 UTC 2026,2.0058,-9489.91198,null,null,null,null,-8741.607015460993,null,null,-8370.781545217393,null,null
Tue Oct 27 09:00:00 UTC 2026,2.0058,-9489.91198,null,null,null,null,-8756.161388983453,null,null,-8388.28698,null,null
Tue Oct 27 10:00:00 UTC 2026,2.0058,-9489.91198,null,null,null,null,-8770.715762505912,null,null,-8405.792414782609,null,null
Tue Oct 27 11:00:00 UTC 2026,2.0058,-9489.91198,null,null,null,null,-8785.27013602837,null,null,-8423.297849565217,null,null
Tue Oct 27 12:00:00 UTC 2026,2.0058,-9489.91198,null,null,null,null,-8799.824509550828,null,null,-8440.803284347827,null,null
Tue Oct 27 13:00:00 UTC 2026,2.0058,-9489.91198,null,null,null,null,-8814.378883073286,null,null,-8458.308719130437,null,null
Tue Oct 27 14:00:00 UTC 2026,2.0058,-9489.91198,null,null,null,null,-8828.933256595745,null,null,-8475.814153913043,null,null
Tue Oct 27 15:00:00 UTC 2026,2.0058,-9488.91198,null,null,null,null,-8843.487630118205,null,null,-8493.319588695653,null,null
Tue Oct 27 16:00:00 UTC 2026,2.0058,-9488.91198,null,null,null,null,-8858.042003640663,null,null,-8510.825023478263,null,null
Tue Oct 27 17:00:00 UTC 2026,2.0058,-9488.91198,null,null,null,null,-8872.596377163121,null,null,-8528.330458260869,null,null
Tue Oct 27 18:00:00 UTC 2026,2.0058,-9489.91198,null,null,null,null,-8887.15075068558,null,null,-8545.83589304348,null,null
Tue Oct 27 19:00:00 UTC 2026,2.0058,-9489.91198,null,null,null,null,-8901.705124208038,null,null,-8563.341327826089,null,null
Tue Oct 27 20:00:00 UTC 2026,2.0058,-9489.91198,null,null,null,null,-8916.259497730496,null,null,-8580.846762608695,null,null
Tue Oct 27 21:00:00 UTC 2026,2.0058,-9489.91198,null,null,null,null,-8930.813871252956,null,null,-8598.352197391307,null,null
Tue Oct 27 22:00:00 UTC 2026,2.0058,-9489.91198,null,null,null,null,-8945.368244775414,null,null,-8615.857632173915,null,null
Tue Oct 27 23:00:00 UTC 2026,2.0058,-9488.91198,null,null,null,null,-8959.922618297873,null,null,-8633.363066956521,null,null
Wed Oct 28 00:00:00 UTC 2026,2.0058,-9489.91198,null,null,null,null,-8974.476991820333,null,null,-8650.868501739133,null,null
Wed Oct 28 01:00:00 UTC 2026,2.0058,-9489.91198,null,null,null,null,-8989.031365342791,null,null,-8668.37393652174,null,null
Wed Oct 28 02:00:00 UTC 2026,2.0058,-9489.91198,null,null,null,null,-9003.58573886525,null,null,-8685.879371304349,null,null
Wed Oct 28 03:00:00 UTC 2026,2.0058,-9489.91198,null,null,null,null,-9018.14011238771,null,null,-8703.384806086957,null,null
Wed Oct 28 04:00:00 UTC 2026,2.0058,-9489.91198,null,null,null,null,-9032.694485910166,null,null,-8720.890240869567,null,null
Wed Oct 28 05:00:00 UTC 2026,2.0058,-9489.91198,null,null,null,null,-9047.248859432626,null,null,-8738.395675652175,null,null
Wed Oct 28 06:00:00 UTC 2026,2.0058,-9490.91198,null,null,null,null,-9061.803232955084,null,null,-8755.901110434783,null,null
Wed Oct 28 07:00:00 UTC 2026,2.0058,-9490.91198,null,null,null,null,-9076.357606477543,null,null,-8773.406545217393,null,null
Wed Oct 28 08:00:00 UTC 2026,2.0058,-9490.91198,null,null,null,null,-9090.91198,null,null,-8790.91198,null,null
Wed Oct 28 09:00:00 UTC 2026,2.0058,-9489.91198,null,null,null,null,null,null,null,null,null,null
Wed Oct 28 10:00:00 UTC 2026,2.0058,-9489.91198,null,null,null,null,null,null,null,null,null,null
Wed Oct 28 11:00:00 UTC 2026,2.0058,-9489.91198,null,null,null,null,null,null,null,null,null,null
Wed Oct 28 12:00:00 UTC 2026,2.0058,-9489.91198,null,null,null,null,null,null,null,null,null,null
Wed Oct 28 13:00:00 UTC 2026,2.0058,-9489.91198,null,null,null,null,null,null,null,null,null,null
Wed Oct 28 14:00:00 UTC 2026,2.0058,-9489.91198,null,null,null,null,null,null,null,null,null,null
Wed Oct 28 15:00:00 UTC 2026,2.0058,-9488.91198,null,null,null,null,null,null,null,null,null,null
Wed Oct 28 16:00:00 UTC 2026,2.0058,-9488.91198,null,null,null,null,null,null,null,null,null,null
Wed Oct 28 17:00:00 UTC 2026,2.0058,-9488.91198,null,null,null,null,null,null,null,null,null,null
Wed Oct 28 18:00:00 UTC 2026,2.0058,-9489.91198,null,null,null,null,null,null,null,null,null,null
Wed Oct 28 19:00:00 UTC 2026,2.0058,-9488.91198,null,null,null,null,null,null,null,null,null,null
Wed Oct 28 20:00:00 UTC 2026,2.0058,-9488.91198,null,null,null,null,null,null,null,null,null,null
Wed Oct 28 21:00:00 UTC 2026,2.0058,-9488.91198,null,null,null,null,null,null,null,null,null,null
Wed Oct 28 22:00:00 UTC 2026,2.0058,-9488.91198,null,null,null,null,null,null,null,null,null,null
Wed Oct 28 23:00:00 UTC 2026,2.0058,-9488.91198,null,null,null,null,null,null,null,null,null,null
Thu Oct 29 00:00:00 UTC 2026,2.0058,-9488.91198,null,null,null,null,null,null,null,null,null,null
Thu Oct 29 01:00:00 UTC 2026,2.0058,-9488.91198,null,null,null,null,null,null,null,null,null,null
Thu Oct 29 02:00:00 UTC 2026,2.0058,-9488.91198,null,null,null,null,null,null,null,null,null,null
Thu Oct 29 03:00:00 UTC 2026,2.0058,-9488.91198,null,null,null,null,null,null,null,null,null,null
Thu Oct 29 04:00:00 UTC 2026,2.0058,-9488.91198,null,null,null,null,null,null,null,null,null,null
Thu Oct 29 05:00:00 UTC 2026,2.0058,-9488.91198,null,null,null,null,null,null,null,null,null,null
Thu Oct 29 06:00:00 UTC 2026,2.0058,-9488.91198,null,null,null,null,null,null,null,null,null,null
Thu Oct 29 07:00:00 UTC 2026,2.0058,-9488.91198,null,null,null,null,null,null,null,null,null,null
Thu Oct 29 08:00:00 UTC 2026,2.0058,-9488.91198,null,null,null,null,null,null,null,null,null,null
Thu Oct 29 09:00:00 UTC 2026,2.0058,-9487.91198,null,null,null,null,null,null,null,null,null,null
Thu Oct 29 10:00:00 UTC 2026,2.0058,-9487.91198,null,null,null,null,null,null,null,null,null,null
Thu Oct 29 11:00:00 UTC 2026,2.0058,-9488.91198,null,null,null,null,null,null,null,null,null,null
Thu Oct 29 12:00:00 UTC 2026,2.0058,-9488.91198,null,null,null,null,null,null,null,null,null,null
Thu Oct 29 13:00:00 UTC 2026,2.0058,-9488.91198,null,null,null,null,null,null,null,null,null,null
Thu Oct 29 14:00:00 UTC 2026,2.0058,-9488.91198,null,null,null,null,null,null,null,null,null,null
Thu Oct 29 15:00:00 UTC 2026,2.0058,-9487.91198,null,null,null,null,null,null,null,null,null,null
Thu Oct 29 16:00:00 UTC 2026,2.0058,-9487.91198,null,null,null,null,null,null,null,null,null,null
Thu Oct 29 17:00:00 UTC 2026,2.0058,-9487.91198,null,null,null,null,null,null,null,null,null,null
Thu Oct 29 18:00:00 UTC 2026,2.0058,-9487.91198,null,null,null,null,null,null,null,null,null,null
Thu Oct 29 19:00:00 UTC 2026,2.0058,-9487.91198,null,null,null,null,null,null,null,null,null,null
Thu Oct 29 20:00:00 UTC 2026,2.0058,-9487.91198,null,null,null,null,null,null,null,null,null,null
Thu Oct 29 21:00:00 UTC 2026,2.0058,-9487.91198,null,null,null,null,null,null,null,null,null,null
Thu Oct 29 22:00:00 UTC 2026,2.0058,-9487.91198,null,null,null,null,null,null,null,null,null,null
Thu Oct 29 23:00:00 UTC 2026,2.0058,-9486.91198,null,null,null,null,null,null,null,null,null,null
Fri Oct 30 00:00:00 UTC 2026,2.0058,-9487.91198,null,null,null,null,null,null,null,null,null,null
Fri Oct 30 01:00:00 UTC 2026,2.0058,-9487.91198,null,null,null,null,null,null,null,null,null,null
Fri Oct 30 02:00:00 UTC 2026,2.0058,-9487.91198,null,null,null,null,null,null,null,null,null,null
Fri Oct 30 03:00:00 UTC 2026,2.0058,-9487.91198,null,null,null,null,null,null,null,null,null,null
Fri Oct 30 04:00:00 UTC 2026,2.0058,-9486.91198,null,null,null,null,null,null,null,null,null,null
Fri Oct 30 05:00:00 UTC 2026,2.0058,-9487.91198,null,null,null,null,null,null,null,null,null,null
Fri Oct 30 06:00:00 UTC 2026,2.0058,-9487.91198,null,null,null,null,null,null,null,null,null,null
Fri Oct 30 07:00:00 UTC 2026,2.0058,-9487.91198,null,null,null,null,null,null,null,null,null,null
Fri Oct 30 08:00:00 UTC 2026,2.0058,-9487.91198,null,null,null,null,null,null,null,null,null,null
Fri Oct 30 09:00:00 UTC 2026,2.0058,-9486.91198,null,null,null,null,null,null,null,null,null,null
Fri Oct 30 10:00:00 UTC 2026,2.0058,-9486.91198,null,null,null,null,null,null,null,null,null,null
Fri Oct 30 11:00:00 UTC 2026,2.0058,-9487.91198,null,null,null,null,null,null,null,null,null,null
Fri Oct 30 12:00:00 UTC 2026,2.0058,-9487.91198,null,null,null,null,null,null,null,null,null,null
Fri Oct 30 13:00:00 UTC 2026,2.0058,-9487.91198,null,null,null,null,null,null,null,null,null,null
Fri Oct 30 14:00:00 UTC 2026,2.0058,-9487.91198,null,null,null,null,null,null,null,null,null,null
Fri Oct 30 15:00:00 UTC 2026,2.0058,-9487.91198,null,null,null,null,null,null,null,null,null,null
Fri Oct 30 16:00:00 UTC 2026,2.0058,-9487.91198,null,null,null,null,null,null,null,null,null,null
Fri Oct 30 17:00:00 UTC 2026,2.0058,-9487.91198,null,null,null,null,null,null,null,null,null,null
Fri Oct 30 18:00:00 UTC 2026,2.0058,-9487.91198,null,null,null,null,null,null,null,null,null,null
Fri Oct 30 19:00:00 UTC 2026,2.0058,-9487.91198,null,null,null,null,null,null,null,null,null,null
