date,P_Kweek_12_Kday_79_ETE_58_ORD_53_EXT_65_E2Ekor_71_EXTkor_61_DIFF_26051,a,b,c,d,e,f,g,h,i,j
Thu Sep 24 21:00:00 UTC 2026,-3594539.038453731,1.502530001103878,-5149232.093274195,null,-5149032.093274195,-5148932.093274195,null,null,null,null
Thu Sep 24 22:00:00 UTC 2026,-4746151.497469999,855890.5025300011,-5212260.16879867,null,-5212060.168798671,-5211960.168798669,null,null,null,null
Thu Sep 24 23:00:00 UTC 2026,-3440990.7105847253,-297338.4974699989,-5275288.244323146,null,-5275088.244323146,-5274988.244323146,null,null,null,null
Fri Sep 25 00:00:00 UTC 2026,-3364216.546650222,-711662.4974699989,-5338316.319847621,null,-5338116.31984762,-5338016.31984762,null,null,null,null
Fri Sep 25 01:00:00 UTC 2026,-3268248.8417324126,-1363765.497469999,-5401344.395372098,null,-5401144.395372096,-5401044.395372098,null,null,null,null
Fri Sep 25 02:00:00 UTC 2026,-3709700.2843552725,865459.5025300011,-5464372.470896573,null,-5464172.470896573,-5464072.470896572,null,null,null,null
Fri Sep 25 03:00:00 UTC 2026,-2327765.3335354957,805563.5025300011,-5527400.546421048,null,-5527200.546421048,-5527100.546421048,null,null,null,null
Fri Sep 25 04:00:00 UTC 2026,-4669377.333535496,1245416.502530001,-5590428.621945523,null,-5590228.621945522,-5590128.621945522,null,null,null,null
Fri Sep 25 05:00:00 UTC 2026,-3210668.218781642,926407.5025300011,-5653456.69747,null,-5653256.69747,-5653156.69747,null,null,null,null
Fri Sep 25 06:00:00 UTC 2026,-2769216.776158356,806426.5025300011,-5716484.772994475,null,-5716284.7729944745,-5716184.7729944745,null,null,null,null
Fri Sep 25 07:00:00 UTC 2026,-2001475.136814177,887760.5025300011,-5779512.848518951,null,-5779312.848518949,-5779212.848518949,null,null,null,null
Fri Sep 25 08:00:00 UTC 2026,-2558087.825339005,60931.502530001104,-5842540.924043425,null,-5842340.924043424,-5842240.924043425,null,null,null,null
Fri Sep 25 09:00:00 UTC 2026,-2500507.2023882344,-1081152.497469999,-5905568.999567901,null,-5905368.999567903,-5905268.999567901,null,null,null,null
Fri Sep 25 10:00:00 UTC 2026,-3153087.5958308713,-2035879.497469999,-5968597.075092376,null,-5968397.075092377,-5968297.075092377,null,null,null,null
Fri Sep 25 11:00:00 UTC 2026,-3153087.5958308713,-2075398.497469999,-6031625.150616852,null,-6031425.150616852,-6031325.150616852,null,null,null,null
Fri Sep 25 12:00:00 UTC 2026,-3191474.67779791,523853.5025300011,-6094653.226141327,null,-6094453.226141328,-6094353.226141328,null,null,null,null
Fri Sep 25 13:00:00 UTC 2026,-3613732.5794370375,-1335837.497469999,-6157681.3016658025,null,-6157481.3016658025,-6157381.3016658025,null,null,null,null
Fri Sep 25 14:00:00 UTC 2026,-4151151.7269781325,-185721.4974699989,-6220709.377190279,null,-6220509.37719028,-6220409.377190281,null,null,null,null
Fri Sep 25 15:00:00 UTC 2026,-4151151.7269781325,815051.5025300011,-6283737.452714753,null,-6283537.452714753,-6283437.452714754,null,null,null,null
Fri Sep 25 16:00:00 UTC 2026,-3229861.759764948,1106298.502530001,-6346765.528239229,null,-6346565.52823923,-6346465.528239228,null,null,null,null
Fri Sep 25 17:00:00 UTC 2026,-542766.0220603235,2328301.502530001,-6409793.603763704,null,-6409593.603763704,-6409493.603763704,null,null,null,null
Fri Sep 25 18:00:00 UTC 2026,-235669.36632231064,3449490.502530001,-6472821.6792881815,null,-6472621.679288181,-6472521.679288181,3450090.502530001,null,null,null
Fri Sep 25 19:00:00 UTC 2026,109814.37138231378,2534599.502530001,-6535849.754812657,null,-6535649.754812658,-6535549.754812657,3336262.14141889,null,null,null
Fri Sep 25 20:00:00 UTC 2026,33040.207448236644,2114862.502530001,-6598877.830337131,null,-6598677.830337132,-6598577.830337131,3222433.7803077786,null,null,null
Fri Sep 25 21:00:00 UTC 2026,1376588.0763005484,2114862.502530001,-6661905.905861607,null,-6661705.905861607,-6661605.905861608,3108605.419196668,null,null,null
Fri Sep 25 22:00:00 UTC 2026,2336265.125480772,2114862.502530001,-6724933.981386082,null,-6724733.981386081,-6724633.981386082,2994777.0580855566,null,null,null
Fri Sep 25 23:00:00 UTC 2026,2048362.0107269185,2114862.502530001,-6787962.05691056,null,-6787762.05691056,-6787662.05691056,2880948.6969744456,null,null,null
Sat Sep 26 00:00:00 UTC 2026,1952394.305808683,2114862.502530001,-6850990.132435035,null,-6850790.132435034,-6850690.132435034,2767120.335863334,null,null,null
Sat Sep 26 01:00:00 UTC 2026,1818039.5189234093,2114862.502530001,-6914018.207959509,null,-6913818.207959509,-6913718.2079595085,2653291.974752223,null,null,null
Sat Sep 26 02:00:00 UTC 2026,416911.0271203257,2114862.502530001,-6977046.283483984,null,-6976846.283483985,-6976746.283483984,2539463.613641112,null,null,null
Sat Sep 26 03:00:00 UTC 2026,378523.94515286107,2114862.502530001,-7040074.359008461,null,-7039874.359008461,-7039774.35900846,2425635.252530001,null,null,null
Sat Sep 26 04:00:00 UTC 2026,-62927.497469998896,2114862.502530001,-7103102.434532937,null,-7102902.434532936,-7102802.434532937,2311806.89141889,null,null,null
Sat Sep 26 05:00:00 UTC 2026,1626104.1090873647,2114862.502530001,-7166130.510057412,null,-7165930.51005741,-7165830.510057411,2197978.5303077786,null,null,null
Sat Sep 26 06:00:00 UTC 2026,896749.5517102238,2114862.502530001,-7229158.5855818875,null,-7228958.5855818875,-7228858.5855818875,2084150.169196668,null,null,null
Sat Sep 26 07:00:00 UTC 2026,-43733.95648626704,2114862.502530001,-7292186.661106362,null,-7291986.661106362,-7291886.661106361,1970321.8080855566,null,null,null
Sat Sep 26 08:00:00 UTC 2026,474491.6500710957,2114862.502530001,-7355214.736630839,null,-7355014.736630838,-7354914.736630839,1856493.4469744456,null,null,null
Sat Sep 26 09:00:00 UTC 2026,455298.1090873638,2114862.502530001,-7418242.812155313,null,-7418042.812155315,-7417942.812155314,1742665.0858633341,null,null,null
Sat Sep 26 10:00:00 UTC 2026,455298.1090873638,2114862.502530001,-7481270.887679788,null,-7481070.887679789,-7480970.887679788,1628836.7247522234,null,null,null
Sat Sep 26 11:00:00 UTC 2026,-24540.415502960794,2114862.502530001,-7544298.963204264,null,-7544098.963204264,-7543998.963204265,1515008.363641112,null,null,null
Sat Sep 26 12:00:00 UTC 2026,-24540.415502960794,2114862.502530001,-7607327.03872874,null,-7607127.03872874,-7607027.03872874,1401180.002530001,null,null,null
Sat Sep 26 13:00:00 UTC 2026,-24540.415502960794,2114862.502530001,-7670355.114253215,null,-7670155.114253216,-7670055.114253216,1287351.64141889,null,null,null
Sat Sep 26 14:00:00 UTC 2026,-24540.415502960794,2114862.502530001,-7733383.18977769,null,-7733183.189777691,-7733083.18977769,1173523.2803077789,null,null,null
Sat Sep 26 15:00:00 UTC 2026,-24540.415502960794,2114862.502530001,-7796411.265302165,null,-7796211.265302165,-7796111.265302166,1059694.9191966678,null,null,null
Sat Sep 26 16:00:00 UTC 2026,-5346.874519228935,2114862.502530001,-7859439.340826643,null,-7859239.340826642,-7859139.340826643,945866.5580855564,null,null,null
Sat Sep 26 17:00:00 UTC 2026,-24540.415502960794,2114862.502530001,-7922467.416351118,null,-7922267.416351119,-7922167.416351119,832038.1969744458,null,null,null
Sat Sep 26 18:00:00 UTC 2026,-24540.415502960794,2114862.502530001,-7985495.491875594,null,-7985295.491875594,-7985195.491875594,718209.8358633344,null,null,null
Sat Sep 26 19:00:00 UTC 2026,-24540.415502960794,2114862.502530001,-8048523.567400068,null,-8048323.567400068,-8048223.567400068,604381.4747522234,null,null,null
Sat Sep 26 20:00:00 UTC 2026,-24540.415502960794,2114862.502530001,-8111551.6429245435,null,-8111351.642924544,-8111251.642924544,490553.1136411121,null,null,null
Sat Sep 26 21:00:00 UTC 2026,-24540.415502960794,2114862.502530001,-8174579.718449021,null,-8174379.718449021,-8174279.71844902,376724.7525300011,null,null,null
Sat Sep 26 22:00:00 UTC 2026,-24540.415502960794,2114862.502530001,-8237607.793973496,null,-8237407.793973495,-8237307.793973496,262896.3914188901,null,null,null
Sat Sep 26 23:00:00 UTC 2026,-43733.95648626704,2114862.502530001,-8300635.869497971,null,-8300435.86949797,-8300335.86949797,149068.03030777886,null,null,null
Sun Sep 27 00:00:00 UTC 2026,-24540.415502960794,2114862.502530001,-8363663.945022446,null,-8363463.945022446,-8363363.945022446,35239.66919666785,null,null,null
Sun Sep 27 01:00:00 UTC 2026,-24540.415502960794,2114862.502530001,-8426692.020546922,null,-8426492.020546922,-8426392.020546922,-78588.69191444363,null,null,null
Sun Sep 27 02:00:00 UTC 2026,-43733.95648626704,2114862.502530001,-8489720.096071398,null,-8489520.096071396,-8489420.096071398,-192417.0530255544,null,null,null
Sun Sep 27 03:00:00 UTC 2026,-24540.415502960794,2114862.502530001,-8552748.171595873,null,-8552548.171595873,-8552448.171595873,-306245.4141366654,null,null,null
Sun Sep 27 04:00:00 UTC 2026,-24540.415502960794,2114862.502530001,-8615776.247120349,null,-8615576.247120349,-8615476.247120347,-420073.7752477764,null,null,null
Sun Sep 27 05:00:00 UTC 2026,-120508.12042076979,2114862.502530001,-8678804.322644824,null,-8678604.322644822,-8678504.322644824,-533902.1363588879,null,null,null
Sun Sep 27 06:00:00 UTC 2026,-101314.57943703793,2114862.502530001,-8741832.398169301,null,-8741632.3981693,-8741532.3981693,-647730.4974699989,null,null,null
Sun Sep 27 07:00:00 UTC 2026,-101314.57943703793,2114862.502530001,-8804860.473693777,null,-8804660.473693777,-8804560.473693777,-761558.8585811097,null,null,null
Sun Sep 27 08:00:00 UTC 2026,109814.37138231378,2114862.502530001,-8867888.549218252,null,-8867688.54921825,-8867588.54921825,-875387.2196922214,null,null,null
Sun Sep 27 09:00:00 UTC 2026,33040.207448236644,2114862.502530001,-8930916.624742728,null,-8930716.624742726,-8930616.624742726,-989215.5808033322,null,null,null
Sun Sep 27 10:00:00 UTC 2026,-5346.874519228935,2114862.502530001,-8993944.700267201,null,-8993744.700267203,-8993644.700267201,-1103043.9419144434,null,null,null
Sun Sep 27 11:00:00 UTC 2026,-24540.415502960794,2114862.502530001,-9056972.775791677,null,-9056772.775791679,-9056672.775791679,-1216872.3030255544,null,null,null
Sun Sep 27 12:00:00 UTC 2026,13846.666464504786,2114862.502530001,-9120000.851316152,null,-9119800.851316152,-9119700.851316152,-1330700.6641366656,null,null,null
Sun Sep 27 13:00:00 UTC 2026,-5346.874519228935,2114862.502530001,-9183028.926840626,null,-9182828.926840626,-9182728.926840626,-1444529.0252477764,null,null,null
Sun Sep 27 14:00:00 UTC 2026,-5346.874519228935,2114862.502530001,-9246057.002365105,null,-9245857.002365105,-9245757.002365105,-1558357.3863588881,null,null,null
Sun Sep 27 15:00:00 UTC 2026,90620.83039900754,2114862.502530001,-9309085.07788958,null,-9308885.07788958,-9308785.07788958,-1672185.747469999,null,null,null
Sun Sep 27 16:00:00 UTC 2026,244169.1582675865,2114862.502530001,-9372113.153414054,null,-9371913.153414054,-9371813.153414056,-1786014.1085811097,null,null,null
Sun Sep 27 17:00:00 UTC 2026,263362.6992513202,2114862.502530001,-9435141.22893853,null,-9434941.228938531,-9434841.22893853,-1899842.4696922214,null,null,null
Sun Sep 27 18:00:00 UTC 2026,320943.3222020902,2114862.502530001,-9498169.304463005,null,-9497969.304463005,-9497869.304463007,-2013670.8308033322,null,null,null
Sun Sep 27 19:00:00 UTC 2026,167394.99433308374,2114862.502530001,-9561197.379987482,null,-9560997.379987482,-9560897.379987482,-2127499.1919144434,null,null,null
Sun Sep 27 20:00:00 UTC 2026,13846.666464504786,2114862.502530001,-9624225.455511957,null,-9624025.455511957,-9623925.455511957,-2241327.5530255544,null,null,null
Sun Sep 27 21:00:00 UTC 2026,340136.86318582296,1253965.502530001,-9687253.531036433,null,-9687053.531036433,-9686953.531036433,-2355155.914136666,null,null,null
Sun Sep 27 22:00:00 UTC 2026,896749.5517102238,437415.5025300011,-9750281.606560908,null,-9750081.606560908,-9749981.606560906,-2468984.2752477764,null,null,null
Sun Sep 27 23:00:00 UTC 2026,3449490.502530001,419529.5025300011,-9813309.682085384,null,-9813109.682085384,-9813009.682085384,-2582812.636358888,null,null,null
Mon Sep 28 00:00:00 UTC 2026,2931264.8959726384,1968452.502530001,-9876337.75760986,null,-9876137.75760986,-9876037.75760986,-2696640.997469999,null,null,null
Mon Sep 28 01:00:00 UTC 2026,1510942.863185823,1766271.502530001,-9939365.833134335,null,-9939165.833134335,-9939065.833134335,-2810469.35858111,null,null,null
Mon Sep 28 02:00:00 UTC 2026,2816103.6500710966,2371394.502530001,-1.000239390865881E7,null,-1.000219390865881E7,-1.000209390865881E7,-2924297.7196922214,null,null,null
Mon Sep 28 03:00:00 UTC 2026,1606910.568103632,1249675.502530001,-1.0065421984183285E7,null,-1.0065221984183284E7,-1.0065121984183285E7,-3038126.080803332,null,null,null
Mon Sep 28 04:00:00 UTC 2026,608846.4369563702,453005.5025300011,-1.012845005970776E7,null,-1.0128250059707763E7,-1.012815005970776E7,-3151954.4419144434,null,null,null
Mon Sep 28 05:00:00 UTC 2026,71427.28941527475,625765.5025300011,-1.0191478135232236E7,null,-1.0191278135232236E7,-1.0191178135232238E7,-3265782.8030255544,null,null,null
Mon Sep 28 06:00:00 UTC 2026,-274056.4482897762,-121389.4974699989,-1.0254506210756712E7,null,-1.0254306210756712E7,-1.0254206210756712E7,-3379611.164136666,null,null,null
Mon Sep 28 07:00:00 UTC 2026,-1483249.5302568143,-1749610.497469999,-1.0317534286281187E7,null,-1.0317334286281187E7,-1.0317234286281187E7,-3493439.5252477764,null,null,null
Mon Sep 28 08:00:00 UTC 2026,-1099378.7105847248,-1355908.497469999,-1.0380562361805664E7,null,-1.0380362361805664E7,-1.0380262361805664E7,-3607267.886358888,null,null,null
Mon Sep 28 09:00:00 UTC 2026,-2634861.989273082,-750954.4974699989,-1.044359043733014E7,null,-1.044339043733014E7,-1.0443290437330138E7,-3721096.247469999,null,null,null
Mon Sep 28 10:00:00 UTC 2026,-2558087.825339005,1182343.502530001,-1.0506618512854615E7,null,-1.0506418512854613E7,-1.0506318512854613E7,-3834924.60858111,null,null,null
Mon Sep 28 11:00:00 UTC 2026,-1080185.1696009925,-834566.4974699989,-1.056964658837909E7,null,-1.0569446588379089E7,-1.0569346588379089E7,-3948752.9696922214,null,null,null
Mon Sep 28 12:00:00 UTC 2026,-427604.7761583561,-1138426.497469999,-1.0632674663903564E7,null,-1.0632474663903564E7,-1.0632374663903564E7,-4062581.3308033315,null,null,null
Mon Sep 28 13:00:00 UTC 2026,-485185.39910955355,-2007073.497469999,-1.069570273942804E7,null,-1.0695502739428042E7,-1.0695402739428042E7,-4176409.691914444,null,null,null
Mon Sep 28 14:00:00 UTC 2026,-811475.5958304452,-3242995.497469999,-1.0758730814952515E7,null,-1.0758530814952515E7,-1.0758430814952517E7,-4290238.053025554,null,null,null
Mon Sep 28 15:00:00 UTC 2026,-869056.2187816422,-3239916.497469999,-1.082175889047699E7,null,-1.0821558890476992E7,-1.082145889047699E7,-4404066.414136666,null,null,null
Mon Sep 28 16:00:00 UTC 2026,-1655991.3991095526,-2163256.497469999,-1.0884786966001466E7,null,-1.0884586966001466E7,-1.0884486966001466E7,-4517894.775247777,null,null,null
Mon Sep 28 17:00:00 UTC 2026,-2730829.6941913175,-2927433.497469999,-1.0947815041525943E7,null,-1.0947615041525943E7,-1.0947515041525945E7,-4631723.136358888,null,null,null
Mon Sep 28 18:00:00 UTC 2026,-2730829.6941913175,-4746151.497469999,-1.1010843117050419E7,null,-1.101064311705042E7,-1.1010543117050419E7,-4745551.497469999,null,null,null
Mon Sep 28 19:00:00 UTC 2026,-2730829.6941913175,-3559924.497469999,-1.1073871192574894E7,null,-1.1073671192574894E7,-1.1073571192574894E7,null,null,null,null
Mon Sep 28 20:00:00 UTC 2026,-2730829.6941913175,-4206285.497469999,-1.1136899268099368E7,null,-1.1136699268099368E7,-1.1136599268099368E7,null,null,null,null
Mon Sep 28 21:00:00 UTC 2026,1.13771,-4071552.497469999,null,-1.1199927343623845E7,null,-1.1199727343623845E7,-1.1199627343623847E7,null,null,null,null,null
Mon Sep 28 22:00:00 UTC 2026,1.13771,-3841585.497469999,null,-1.126295541914832E7,null,-1.1262755419148322E7,-1.126265541914832E7,null,null,null,null,null
Mon Sep 28 23:00:00 UTC 2026,1.13771,-3800224.497469999,null,-1.1325983494672796E7,null,-1.1325783494672796E7,-1.1325683494672798E7,null,null,null,null,null
Tue Sep 29 00:00:00 UTC 2026,1.13771,-1857289.497469999,null,-1.1389011570197271E7,null,-1.1388811570197271E7,-1.1388711570197271E7,null,null,null,null,null
Tue Sep 29 01:00:00 UTC 2026,1.13771,-1157410.497469999,null,-1.1452039645721747E7,null,-1.1451839645721747E7,-1.1451739645721745E7,null,null,null,null,null
Tue Sep 29 02:00:00 UTC 2026,1.13771,-674291.4974699989,null,-1.1515067721246224E7,null,-1.1514867721246224E7,-1.1514767721246224E7,null,null,null,null,null
Tue Sep 29 03:00:00 UTC 2026,1.13771,-891402.4974699989,null,-1.15780957967707E7,null,-1.1577895796770697E7,-1.1577795796770697E7,null,null,null,null,null
Tue Sep 29 04:00:00 UTC 2026,1.13771,-931855.4974699989,null,-1.1641123872295175E7,null,-1.1640923872295173E7,-1.1640823872295175E7,null,null,null,null,null
Tue Sep 29 05:00:00 UTC 2026,1.13771,-816041.4974699989,null,-1.1704151947819648E7,null,-1.170395194781965E7,-1.1703851947819648E7,null,null,null,null,null
Tue Sep 29 06:00:00 UTC 2026,1.13771,-1406456.497469999,null,-1.1767180023344126E7,null,-1.1766980023344126E7,-1.1766880023344126E7,null,null,null,null,null
Tue Sep 29 07:00:00 UTC 2026,1.13771,-2219185.497469999,null,-1.1830208098868601E7,null,-1.18300080988686E7,-1.1829908098868601E7,null,null,null,null,null
Tue Sep 29 08:00:00 UTC 2026,1.13771,-8844938.497469999,null,-1.1893236174393076E7,null,-1.1893036174393076E7,-1.1892936174393075E7,null,null,null,null,null
Tue Sep 29 09:00:00 UTC 2026,1.13771,-9403714.497469999,null,-1.1956264249917552E7,null,-1.1956064249917552E7,-1.1955964249917552E7,null,null,null,null,null
Tue Sep 29 10:00:00 UTC 2026,1.13771,-9849408.497469999,null,-1.2019292325442027E7,null,-1.2019092325442025E7,-1.2018992325442025E7,null,null,null,null,null
Tue Sep 29 11:00:00 UTC 2026,1.13771,-1.0611950497469999E7,null,-1.2082320400966503E7,null,-1.2082120400966503E7,-1.2082020400966503E7,null,null,null,null,null
Tue Sep 29 12:00:00 UTC 2026,1.13771,-8939023.497469999,null,-1.2145348476490978E7,null,-1.2145148476490978E7,-1.2145048476490978E7,null,null,null,null,null
Tue Sep 29 13:00:00 UTC 2026,1.13771,-7791116.497469999,null,-1.2208376552015454E7,null,-1.2208176552015454E7,-1.2208076552015454E7,null,null,null,null,null
Tue Sep 29 14:00:00 UTC 2026,1.13771,-1.0145566497469999E7,null,-1.2271404627539929E7,null,-1.2271204627539927E7,-1.2271104627539927E7,null,null,null,null,null
Tue Sep 29 15:00:00 UTC 2026,1.13771,-1.1230061497469999E7,null,-1.2334432703064404E7,null,-1.2334232703064404E7,-1.2334132703064406E7,null,null,null,null,null
Tue Sep 29 16:00:00 UTC 2026,1.13771,-1.1217734497469999E7,null,-1.239746077858888E7,null,-1.239726077858888E7,-1.239716077858888E7,null,null,null,null,null
Tue Sep 29 17:00:00 UTC 2026,1.13771,-1.1334158497469999E7,null,-1.2460488854113355E7,null,-1.2460288854113355E7,-1.2460188854113355E7,null,null,null,null,null
Tue Sep 29 18:00:00 UTC 2026,1.13771,-1.2769112497469999E7,null,-1.252351692963783E7,null,-1.252331692963783E7,-1.252321692963783E7,null,null,null,null,null
Tue Sep 29 19:00:00 UTC 2026,1.13771,-1.0060921497469999E7,null,-1.2586545005162306E7,null,-1.2586345005162308E7,-1.2586245005162306E7,null,null,null,null,null
Tue Sep 29 20:00:00 UTC 2026,1.13771,-1.1765246497469999E7,null,-1.2649573080686782E7,null,-1.2649373080686783E7,-1.2649273080686783E7,null,null,null,null,null
Tue Sep 29 21:00:00 UTC 2026,1.13771,-1.3183926497469999E7,null,-1.2712601156211257E7,null,-1.2712401156211257E7,-1.2712301156211257E7,null,null,null,null,null
Tue Sep 29 22:00:00 UTC 2026,1.13771,-1.2304704497469999E7,null,-1.2775629231735732E7,null,-1.2775429231735734E7,-1.2775329231735732E7,null,null,null,null,null
Tue Sep 29 23:00:00 UTC 2026,1.13771,-1.1048532497469999E7,null,-1.2838657307260208E7,null,-1.2838457307260208E7,-1.2838357307260208E7,null,null,null,null,null
Wed Sep 30 00:00:00 UTC 2026,1.13771,-1.0973149497469999E7,null,-1.2901685382784685E7,null,-1.2901485382784685E7,-1.2901385382784685E7,null,null,null,null,null
Wed Sep 30 01:00:00 UTC 2026,1.13771,-1.3095773497469999E7,null,-1.296471345830916E7,null,-1.2964513458309159E7,-1.296441345830916E7,null,null,null,null,null
Wed Sep 30 02:00:00 UTC 2026,1.13771,-1.1874869497469999E7,null,-1.3027741533833634E7,null,-1.3027541533833636E7,-1.3027441533833634E7,null,null,null,null,null
Wed Sep 30 03:00:00 UTC 2026,1.13771,-1.0130163497469999E7,null,-1.309076960935811E7,null,-1.309056960935811E7,-1.309046960935811E7,null,null,null,null,null
Wed Sep 30 04:00:00 UTC 2026,1.13771,-1.1856307497469999E7,null,-1.3153797684882587E7,null,-1.3153597684882587E7,-1.3153497684882587E7,null,null,null,null,null
Wed Sep 30 05:00:00 UTC 2026,1.13771,-1.0448220497469999E7,null,-1.3216825760407062E7,null,-1.321662576040706E7,-1.3216525760407062E7,null,null,null,null,null
Wed Sep 30 06:00:00 UTC 2026,1.13771,-1.0027373497469999E7,null,-1.3279853835931538E7,null,-1.3279653835931538E7,-1.3279553835931538E7,null,null,null,null,null
Wed Sep 30 07:00:00 UTC 2026,1.13771,-9109430.497469999,null,-1.3342881911456013E7,null,-1.3342681911456013E7,-1.3342581911456013E7,null,null,null,null,null
Wed Sep 30 08:00:00 UTC 2026,1.13771,-7504549.497469999,null,-1.3405909986980489E7,null,-1.3405709986980487E7,-1.3405609986980487E7,null,null,null,null,null
Wed Sep 30 09:00:00 UTC 2026,1.13771,-6662019.497469999,null,-1.3468938062504966E7,null,-1.3468738062504966E7,-1.3468638062504966E7,null,null,null,null,null
Wed Sep 30 10:00:00 UTC 2026,1.13771,-5150811.497469999,null,-1.353196613802944E7,null,-1.353176613802944E7,-1.353166613802944E7,null,-5150211.497469999,null,null,null
Wed Sep 30 11:00:00 UTC 2026,1.13771,-5777563.497469999,null,-1.3594994213553915E7,null,-1.3594794213553915E7,-1.3594694213553913E7,null,-5678864.830803332,null,null,null
Wed Sep 30 12:00:00 UTC 2026,1.13771,-1.1186471497469999E7,null,-1.365802228907839E7,null,-1.365782228907839E7,-1.365772228907839E7,null,-6207518.164136665,null,null,null
Wed Sep 30 13:00:00 UTC 2026,1.13771,-1.0158877497469999E7,null,-1.3721050364602868E7,null,-1.3720850364602868E7,-1.3720750364602866E7,null,-6736171.497469999,null,null,null
Wed Sep 30 14:00:00 UTC 2026,1.13771,-8292285.497469999,null,-1.3784078440127343E7,null,-1.3783878440127341E7,-1.3783778440127343E7,null,-7264824.830803333,null,null,null
Wed Sep 30 15:00:00 UTC 2026,1.13771,-1.0282288497469999E7,null,-1.3847106515651818E7,null,-1.3846906515651817E7,-1.3846806515651817E7,null,-7793478.164136665,null,null,null
Wed Sep 30 16:00:00 UTC 2026,1.13771,-4820978.497469999,null,-1.3910134591176294E7,null,-1.3909934591176292E7,-1.3909834591176292E7,null,-8322131.497469999,null,null,null
Wed Sep 30 17:00:00 UTC 2026,1.13771,-1.1201986497469999E7,null,-1.3973162666700767E7,null,-1.397296266670077E7,-1.397286266670077E7,null,-8850784.830803333,null,null,null
Wed Sep 30 18:00:00 UTC 2026,1.13771,-8841713.497469999,null,-1.4036190742225243E7,null,-1.4035990742225245E7,-1.4035890742225245E7,null,-9379438.164136667,null,null,null
Wed Sep 30 19:00:00 UTC 2026,1.13771,-1.0098024497469999E7,null,-1.4099218817749718E7,null,-1.4099018817749718E7,-1.409891881774972E7,null,-9908091.497469999,null,null,null
Wed Sep 30 20:00:00 UTC 2026,1.13771,-1.0297846497469999E7,null,-1.4162246893274194E7,null,-1.4162046893274195E7,-1.4161946893274194E7,null,-1.0436744830803331E7,null,null,null
Wed Sep 30 21:00:00 UTC 2026,1.13771,-1.0654164497469999E7,null,-1.4225274968798669E7,null,-1.4225074968798669E7,-1.4224974968798669E7,null,-1.0965398164136665E7,null,null,null
Wed Sep 30 22:00:00 UTC 2026,1.13771,-8800067.497469999,null,-1.4288303044323146E7,null,-1.4288103044323146E7,-1.4288003044323146E7,null,-1.1494051497469999E7,null,null,null
Wed Sep 30 23:00:00 UTC 2026,1.13771,-7686674.497469999,null,-1.4351331119847622E7,null,-1.4351131119847622E7,-1.4351031119847622E7,null,-1.2022704830803333E7,null,null,null
Thu Oct 01 00:00:00 UTC 2026,1.13771,-1.0103425497469999E7,null,-1.4414359195372097E7,null,-1.4414159195372097E7,-1.4414059195372095E7,null,-1.2551358164136665E7,null,null,null
Thu Oct 01 01:00:00 UTC 2026,1.13771,-1.3192494497469999E7,null,-1.447738727089657E7,null,-1.447718727089657E7,-1.4477087270896573E7,null,-1.3080011497469999E7,null,null,null
Thu Oct 01 02:00:00 UTC 2026,1.13771,-1.4585837497469999E7,null,-1.4540415346421048E7,null,-1.4540215346421048E7,-1.4540115346421048E7,null,-1.3608664830803333E7,null,null,null
Thu Oct 01 03:00:00 UTC 2026,1.13771,-1.1633689497469999E7,null,-1.4603443421945523E7,null,-1.4603243421945523E7,-1.4603143421945525E7,null,-1.4137318164136665E7,null,null,null
Thu Oct 01 04:00:00 UTC 2026,1.13771,-1.4666571497469999E7,null,-1.4666471497469999E7,null,-1.4666271497469999E7,-1.4666171497469999E7,null,-1.4665971497469999E7,null,null,null
Thu Oct 01 05:00:00 UTC 2026,1.13771,-1.3569981497469999E7,null,null,null,null,null,null,null,null,null,null
Thu Oct 01 06:00:00 UTC 2026,1.13771,-1.1852056497469999E7,null,null,null,null,null,null,null,null,null,null
Thu Oct 01 07:00:00 UTC 2026,1.13771,-1.0641200497469999E7,null,null,null,null,null,null,null,null,null,null
Thu Oct 01 08:00:00 UTC 2026,1.13771,-1.1786743497469999E7,null,null,null,null,null,null,null,null,null,null
Thu Oct 01 09:00:00 UTC 2026,1.13771,-8228801.497469999,null,null,null,null,null,null,null,null,null,null
Thu Oct 01 10:00:00 UTC 2026,1.13771,-4861684.497469999,null,null,null,null,null,null,null,null,null,null
Thu Oct 01 11:00:00 UTC 2026,1.13771,-3689904.497469999,null,null,null,null,null,null,null,null,null,null
Thu Oct 01 12:00:00 UTC 2026,1.13771,-4958266.497469999,null,null,null,null,null,null,null,null,null,null
Thu Oct 01 13:00:00 UTC 2026,1.13771,-67346.4974699989,null,null,null,null,null,null,null,null,null,null
Thu Oct 01 14:00:00 UTC 2026,1.13771,1514028.502530001,null,null,null,null,null,null,null,null,null,null
Thu Oct 01 15:00:00 UTC 2026,1.13771,2770902.502530001,null,null,null,null,null,null,null,null,null,null
Thu Oct 01 16:00:00 UTC 2026,1.13771,2859664.502530001,null,null,null,null,null,null,null,null,null,null
Thu Oct 01 17:00:00 UTC 2026,1.13771,256440.5025300011,null,null,null,null,null,null,null,null,null,null
Thu Oct 01 18:00:00 UTC 2026,1.13771,4945159.502530001,null,null,null,null,null,null,null,null,null,null
Thu Oct 01 19:00:00 UTC 2026,1.13771,4759604.502530001,null,null,null,null,null,null,null,null,null,null
Thu Oct 01 20:00:00 UTC 2026,1.13771,5020712.502530001,null,null,null,null,null,null,null,null,null,null
Thu Oct 01 21:00:00 UTC 2026,1.13771,7113974.502530001,null,null,null,null,null,null,null,null,null,null
Thu Oct 01 22:00:00 UTC 2026,1.13771,1.037479850253E7,null,null,null,null,null,null,null,null,null,null
Thu Oct 01 23:00:00 UTC 2026,1.13771,9909688.502530001,null,null,null,null,null,null,null,null,null,null
Fri Oct 02 00:00:00 UTC 2026,1.13771,9002066.502530001,null,null,null,null,null,null,null,null,null,null
Fri Oct 02 01:00:00 UTC 2026,1.13771,9012513.502530001,null,null,null,null,null,null,null,null,null,null
Fri Oct 02 02:00:00 UTC 2026,1.13771,9147035.502530001,null,null,null,null,null,null,null,null,null,null
Fri Oct 02 03:00:00 UTC 2026,1.13771,9490750.502530001,null,null,null,null,null,null,null,null,null,null
Fri Oct 02 04:00:00 UTC 2026,1.13771,9777653.502530001,null,null,null,null,null,null,null,null,null,null
Fri Oct 02 05:00:00 UTC 2026,1.13771,9681112.502530001,null,null,null,null,null,null,null,null,null,null
Fri Oct 02 06:00:00 UTC 2026,1.13771,8055971.502530001,null,null,null,null,null,null,null,null,null,null
Fri Oct 02 07:00:00 UTC 2026,1.13771,8324707.502530001,null,null,null,null,null,null,null,null,null,null
Fri Oct 02 08:00:00 UTC 2026,1.13771,8292193.502530001,null,null,null,null,null,null,null,null,null,null
Fri Oct 02 09:00:00 UTC 2026,1.13771,1.138727250253E7,null,null,null,null,null,null,null,null,null,null
Fri Oct 02 10:00:00 UTC 2026,1.13771,1.155672950253E7,null,null,null,null,null,null,null,null,null,null
Fri Oct 02 11:00:00 UTC 2026,1.13771,1.204474550253E7,null,null,null,null,null,null,null,null,null,null
Fri Oct 02 12:00:00 UTC 2026,1.13771,1.490417750253E7,null,null,null,null,null,null,null,null,null,null
Fri Oct 02 13:00:00 UTC 2026,1.13771,1.589387150253E7,null,null,null,null,null,null,null,null,null,null
Fri Oct 02 14:00:00 UTC 2026,1.13771,1.508967950253E7,null,null,null,null,null,null,null,null,null,null
Fri Oct 02 15:00:00 UTC 2026,1.13771,1.689229750253E7,null,null,null,null,null,null,null,null,null,null
Fri Oct 02 16:00:00 UTC 2026,1.13771,1.782149750253E7,null,null,null,null,null,null,null,null,null,null
Fri Oct 02 17:00:00 UTC 2026,1.13771,1.627727150253E7,null,null,null,null,null,null,null,null,null,null
Fri Oct 02 18:00:00 UTC 2026,1.13771,1.428273050253E7,null,null,null,null,null,null,null,null,null,null
Fri Oct 02 19:00:00 UTC 2026,1.13771,1.458771550253E7,null,null,null,null,null,null,null,null,null,null
Fri Oct 02 20:00:00 UTC 2026,1.13771,1.655064650253E7,null,null,null,null,null,null,null,null,null,null
Fri Oct 02 21:00:00 UTC 2026,1.13771,1.655064650253E7,null,null,null,null,null,null,null,null,null,null
Fri Oct 02 22:00:00 UTC 2026,1.13771,1.655064650253E7,null,null,null,null,null,null,null,null,null,null
Fri Oct 02 23:00:00 UTC 2026,1.13771,1.655064650253E7,null,null,null,null,null,null,null,null,null,null
Sat Oct 03 00:00:00 UTC 2026,1.13771,1.655064650253E7,null,null,null,null,null,null,null,null,null,null
Sat Oct 03 01:00:00 UTC 2026,1.13771,1.655064650253E7,null,null,null,null,null,null,null,null,null,null
Sat Oct 03 02:00:00 UTC 2026,1.13771,1.655064650253E7,null,null,null,null,null,null,null,null,null,null
Sat Oct 03 03:00:00 UTC 2026,1.13771,1.655064650253E7,null,null,null,null,null,null,null,null,null,null
Sat Oct 03 04:00:00 UTC 2026,1.13771,1.655064650253E7,null,null,null,null,null,null,null,null,null,null
Sat Oct 03 05:00:00 UTC 2026,1.13771,1.655064650253E7,null,null,null,null,null,null,null,null,null,null
Sat Oct 03 06:00:00 UTC 2026,1.13771,1.655064650253E7,null,null,null,null,null,null,null,null,null,null
Sat Oct 03 07:00:00 UTC 2026,1.13771,1.655064650253E7,null,null,null,null,null,null,null,null,null,null
Sat Oct 03 08:00:00 UTC 2026,1.13771,1.655064650253E7,null,null,null,null,null,null,null,null,null,null
Sat Oct 03 09:00:00 UTC 2026,1.13771,1.655064650253E7,null,null,null,null,null,null,null,null,null,null
Sat Oct 03 10:00:00 UTC 2026,1.13771,1.655064650253E7,null,null,null,null,null,null,null,null,null,null
Sat Oct 03 11:00:00 UTC 2026,1.13771,1.655064650253E7,null,null,null,null,null,null,null,null,null,null
Sat Oct 03 12:00:00 UTC 2026,1.13771,1.655064650253E7,null,null,null,null,null,null,null,null,null,null
Sat Oct 03 13:00:00 UTC 2026,1.13771,1.655064650253E7,null,null,null,null,null,null,null,null,null,null
Sat Oct 03 14:00:00 UTC 2026,1.13771,1.655064650253E7,null,null,null,null,null,null,null,null,null,null
Sat Oct 03 15:00:00 UTC 2026,1.13771,1.655064650253E7,null,null,null,null,null,null,null,null,null,null
Sat Oct 03 16:00:00 UTC 2026,1.13771,1.655064650253E7,null,null,null,null,null,null,null,null,null,null
Sat Oct 03 17:00:00 UTC 2026,1.13771,1.655064650253E7,null,null,null,null,null,null,null,null,null,null
Sat Oct 03 18:00:00 UTC 2026,1.13771,1.655064650253E7,null,null,null,null,null,null,null,null,null,null
Sat Oct 03 19:00:00 UTC 2026,1.13771,1.655064650253E7,null,null,null,null,null,null,null,null,null,null
Sat Oct 03 20:00:00 UTC 2026,1.13771,1.655064650253E7,null,null,null,null,null,null,null,null,null,null
Sat Oct 03 21:00:00 UTC 2026,1.13771,1.655064650253E7,null,null,null,null,null,null,null,null,null,null
Sat Oct 03 22:00:00 UTC 2026,1.13771,1.655064650253E7,null,null,null,null,null,null,null,null,null,null
Sat Oct 03 23:00:00 UTC 2026,1.13771,1.655064650253E7,null,null,null,null,null,null,null,null,null,null
Sun Oct 04 00:00:00 UTC 2026,1.13771,1.655064650253E7,null,null,null,null,null,null,null,null,null,null
Sun Oct 04 01:00:00 UTC 2026,1.13771,1.655064650253E7,null,null,null,null,null,null,null,null,null,null
Sun Oct 04 02:00:00 UTC 2026,1.13771,1.655064650253E7,null,null,null,null,null,null,null,null,null,null
Sun Oct 04 03:00:00 UTC 2026,1.13771,1.655064650253E7,null,null,null,null,null,null,null,null,null,null
Sun Oct 04 04:00:00 UTC 2026,1.13771,1.655064650253E7,null,null,null,null,null,null,null,null,null,null
Sun Oct 04 05:00:00 UTC 2026,1.13771,1.655064650253E7,null,null,null,null,null,null,null,null,null,null
Sun Oct 04 06:00:00 UTC 2026,1.13771,1.655064650253E7,null,null,null,null,null,null,null,null,null,null
Sun Oct 04 07:00:00 UTC 2026,1.13771,1.655064650253E7,null,null,null,null,null,null,null,null,null,null
Sun Oct 04 08:00:00 UTC 2026,1.13771,1.655064650253E7,null,null,null,null,null,null,null,null,null,null
Sun Oct 04 09:00:00 UTC 2026,1.13771,1.655064650253E7,null,null,null,null,null,null,null,null,null,null
Sun Oct 04 10:00:00 UTC 2026,1.13771,1.655064650253E7,null,null,null,null,null,null,null,null,null,null
Sun Oct 04 11:00:00 UTC 2026,1.13771,1.655064650253E7,null,null,null,null,null,null,null,null,null,null
Sun Oct 04 12:00:00 UTC 2026,1.13771,1.655064650253E7,null,null,null,null,null,null,null,null,null,null
Sun Oct 04 13:00:00 UTC 2026,1.13771,1.655064650253E7,null,null,null,null,null,null,null,null,null,null
Sun Oct 04 14:00:00 UTC 2026,1.13771,1.655064650253E7,null,null,null,null,null,null,null,null,null,null
Sun Oct 04 15:00:00 UTC 2026,1.13771,1.655064650253E7,null,null,null,null,null,null,null,null,null,null
Sun Oct 04 16:00:00 UTC 2026,1.13771,1.655064650253E7,null,null,null,null,null,null,null,null,null,null
Sun Oct 04 17:00:00 UTC 2026,1.13771,1.655064650253E7,null,null,null,null,null,null,null,null,null,null
Sun Oct 04 18:00:00 UTC 2026,1.13771,1.655064650253E7,null,null,null,null,null,null,null,null,null,null
Sun Oct 04 19:00:00 UTC 2026,1.13771,1.655064650253E7,null,null,null,null,null,null,null,null,null,null
Sun Oct 04 20:00:00 UTC 2026,1.13771,1.655064650253E7,null,null,null,null,null,null,null,null,null,null
Sun Oct 04 21:00:00 UTC 2026,1.13771,1.848930650253E7,null,null,null,null,null,null,null,null,null,null
Sun Oct 04 22:00:00 UTC 2026,1.13771,1.982911450253E7,null,null,null,null,null,null,null,null,null,null
Sun Oct 04 23:00:00 UTC 2026,1.13771,1.871939850253E7,null,null,null,null,null,null,null,null,null,null
Mon Oct 05 00:00:00 UTC 2026,1.13771,1.643904950253E7,null,null,null,null,null,null,null,null,null,null
Mon Oct 05 01:00:00 UTC 2026,1.13771,1.554084650253E7,null,null,null,null,null,null,null,null,null,null
Mon Oct 05 02:00:00 UTC 2026,1.13771,1.660918850253E7,null,null,null,null,null,null,null,null,null,null
Mon Oct 05 03:00:00 UTC 2026,1.13771,1.805624250253E7,null,null,null,null,null,null,null,null,null,null
Mon Oct 05 04:00:00 UTC 2026,1.13771,1.860126850253E7,null,null,null,null,null,null,null,null,null,null
Mon Oct 05 05:00:00 UTC 2026,1.13771,1.857405950253E7,null,null,null,null,null,null,null,null,null,null
Mon Oct 05 06:00:00 UTC 2026,1.13771,1.728004350253E7,null,null,null,null,null,null,null,null,null,null
Mon Oct 05 07:00:00 UTC 2026,1.13771,1.785505750253E7,null,null,null,null,null,null,null,null,null,null
Mon Oct 05 08:00:00 UTC 2026,1.13771,1.860086050253E7,null,null,null,null,null,null,null,null,null,null
Mon Oct 05 09:00:00 UTC 2026,1.13771,1.907597750253E7,null,null,null,null,null,null,null,null,null,null
Mon Oct 05 10:00:00 UTC 2026,1.13771,1.839979250253E7,null,null,null,null,null,null,null,null,null,null
Mon Oct 05 11:00:00 UTC 2026,1.13771,1.794099950253E7,null,null,null,null,null,null,null,null,null,null
Mon Oct 05 12:00:00 UTC 2026,1.13771,1.852775250253E7,null,null,null,null,null,null,null,null,null,null
Mon Oct 05 13:00:00 UTC 2026,1.13771,2.011266550253E7,null,null,null,null,null,null,null,null,null,null
Mon Oct 05 14:00:00 UTC 2026,1.13771,2.050989050253E7,null,null,null,null,null,null,null,null,null,null
Mon Oct 05 15:00:00 UTC 2026,1.13771,2.324968450253E7,null,null,null,null,null,null,null,null,null,null
Mon Oct 05 16:00:00 UTC 2026,1.13771,2.433549750253E7,null,null,null,null,null,null,null,null,null,null
Mon Oct 05 17:00:00 UTC 2026,1.13771,2.276765250253E7,null,null,null,null,null,null,null,null,null,null
Mon Oct 05 18:00:00 UTC 2026,1.13771,2.242663350253E7,null,null,null,null,null,null,null,null,null,null
Mon Oct 05 19:00:00 UTC 2026,1.13771,2.286854250253E7,null,null,null,null,null,null,null,null,null,null
Mon Oct 05 20:00:00 UTC 2026,1.13771,2.265479350253E7,null,null,null,null,null,null,null,null,null,null
Mon Oct 05 21:00:00 UTC 2026,1.13771,2.262992250253E7,null,null,null,null,null,null,null,null,null,null
Mon Oct 05 22:00:00 UTC 2026,1.13771,2.389955350253E7,null,null,null,null,null,null,null,null,null,null
Mon Oct 05 23:00:00 UTC 2026,1.13771,2.223816350253E7,null,null,null,null,null,null,null,null,null,null
Tue Oct 06 00:00:00 UTC 2026,1.13771,2.076348150253E7,null,null,null,null,null,null,null,null,null,null
Tue Oct 06 01:00:00 UTC 2026,1.13771,1.829089550253E7,null,null,null,null,null,null,null,null,null,null
Tue Oct 06 02:00:00 UTC 2026,1.13771,1.997214650253E7,null,null,null,null,null,null,null,null,null,null
Tue Oct 06 03:00:00 UTC 2026,1.13771,1.988254250253E7,null,null,null,null,null,null,null,null,null,null
Tue Oct 06 04:00:00 UTC 2026,1.13771,2.192688450253E7,null,null,null,null,null,null,null,null,null,null
Tue Oct 06 05:00:00 UTC 2026,1.13771,2.352057250253E7,null,null,null,null,null,null,null,null,null,null
Tue Oct 06 06:00:00 UTC 2026,1.13771,2.398101950253E7,null,null,null,null,null,null,null,null,null,null
Tue Oct 06 07:00:00 UTC 2026,1.13771,2.395661150253E7,null,null,null,null,null,null,null,null,null,null
Tue Oct 06 08:00:00 UTC 2026,1.13771,2.327212650253E7,null,null,null,null,null,null,null,null,null,null
Tue Oct 06 09:00:00 UTC 2026,1.13771,2.434830650253E7,null,null,null,null,null,null,null,null,null,null
Tue Oct 06 10:00:00 UTC 2026,1.13771,2.310895450253E7,null,null,null,null,null,null,null,null,null,null
Tue Oct 06 11:00:00 UTC 2026,1.13771,2.250746450253E7,null,null,null,null,null,null,null,null,null,null
Tue Oct 06 12:00:00 UTC 2026,1.13771,2.188337750253E7,null,null,null,null,null,null,null,null,null,null
Tue Oct 06 13:00:00 UTC 2026,1.13771,2.395251550253E7,null,null,null,null,null,null,null,null,null,null
Tue Oct 06 14:00:00 UTC 2026,1.13771,2.568779750253E7,null,null,null,null,null,null,null,null,null,null
Tue Oct 06 15:00:00 UTC 2026,1.13771,2.634175050253E7,null,null,null,null,null,null,null,null,null,null
Tue Oct 06 16:00:00 UTC 2026,1.13771,2.616209550253E7,null,null,null,null,null,null,null,null,null,null
Tue Oct 06 17:00:00 UTC 2026,1.13771,2.730304750253E7,null,null,null,null,null,null,null,null,null,null
Tue Oct 06 18:00:00 UTC 2026,1.13771,2.820734650253E7,null,null,null,null,null,null,null,null,null,null
Tue Oct 06 19:00:00 UTC 2026,1.13771,2.715911550253E7,null,null,null,null,null,null,null,null,null,null
Tue Oct 06 20:00:00 UTC 2026,1.13771,2.744519450253E7,null,null,null,null,null,null,null,null,null,null
Tue Oct 06 21:00:00 UTC 2026,1.13771,2.643303450253E7,null,null,null,null,null,null,null,null,null,null
Tue Oct 06 22:00:00 UTC 2026,1.13771,2.660856650253E7,null,null,null,null,null,null,null,null,null,null
Tue Oct 06 23:00:00 UTC 2026,1.13771,2.794450450253E7,null,null,null,null,null,null,null,null,null,null
Wed Oct 07 00:00:00 UTC 2026,1.13771,2.837653150253E7,null,null,null,null,null,null,null,null,null,null
Wed Oct 07 01:00:00 UTC 2026,1.13771,2.668022750253E7,null,null,null,null,null,null,null,null,null,null
Wed Oct 07 02:00:00 UTC 2026,1.13771,2.587815850253E7,null,null,null,null,null,null,null,null,null,null
Wed Oct 07 03:00:00 UTC 2026,1.13771,2.652411550253E7,null,null,null,null,null,null,null,null,null,null
Wed Oct 07 04:00:00 UTC 2026,1.13771,2.641032550253E7,null,null,null,null,null,null,null,null,null,null
Wed Oct 07 05:00:00 UTC 2026,1.13771,2.533773750253E7,null,null,null,null,null,null,null,null,null,null
Wed Oct 07 06:00:00 UTC 2026,1.13771,2.594940250253E7,null,null,null,null,null,null,null,null,null,null
Wed Oct 07 07:00:00 UTC 2026,1.13771,2.543618450253E7,null,null,null,null,null,null,null,null,null,null
Wed Oct 07 08:00:00 UTC 2026,1.13771,2.611615250253E7,null,null,null,null,null,null,null,null,null,null
Wed Oct 07 09:00:00 UTC 2026,1.13771,2.546889150253E7,null,null,null,null,null,null,null,null,null,null
Wed Oct 07 10:00:00 UTC 2026,1.13771,2.635272750253E7,null,null,null,null,null,null,null,null,null,null
Wed Oct 07 11:00:00 UTC 2026,1.13771,2.663484150253E7,null,null,null,null,null,null,null,null,null,null
Wed Oct 07 12:00:00 UTC 2026,1.13771,2.670572650253E7,null,null,null,null,null,null,null,null,null,null
Wed Oct 07 13:00:00 UTC 2026,1.13771,2.642267950253E7,null,null,null,null,null,null,null,null,null,null
Wed Oct 07 14:00:00 UTC 2026,1.13771,2.834181250253E7,null,null,null,null,null,null,null,null,null,null
Wed Oct 07 15:00:00 UTC 2026,1.13771,2.939241150253E7,null,null,null,null,null,null,null,null,null,null
Wed Oct 07 16:00:00 UTC 2026,1.13771,2.843611750253E7,null,null,null,null,null,null,null,null,null,null
Wed Oct 07 17:00:00 UTC 2026,1.13771,2.837882850253E7,null,null,null,null,null,null,null,null,null,null
Wed Oct 07 18:00:00 UTC 2026,1.13771,2.773303050253E7,null,null,null,null,null,null,null,null,null,null
Wed Oct 07 19:00:00 UTC 2026,1.13771,2.786700450253E7,null,null,null,null,null,null,null,null,null,null
Wed Oct 07 20:00:00 UTC 2026,1.13771,2.859518550253E7,null,null,null,null,null,null,null,null,null,null
Wed Oct 07 21:00:00 UTC 2026,1.13771,2.991034550253E7,null,null,null,null,null,null,null,null,null,null
Wed Oct 07 22:00:00 UTC 2026,1.13771,2.941562850253E7,null,null,null,null,null,null,null,null,null,null
Wed Oct 07 23:00:00 UTC 2026,1.13771,2.945243450253E7,null,null,null,null,null,null,null,null,null,null
Thu Oct 08 00:00:00 UTC 2026,1.13771,3.036701550253E7,null,null,null,null,null,null,null,null,null,null
Thu Oct 08 01:00:00 UTC 2026,1.13771,3.071037450253E7,null,null,null,null,null,null,null,null,null,null
Thu Oct 08 02:00:00 UTC 2026,1.13771,3.020562150253E7,null,null,null,null,null,null,null,null,null,null
Thu Oct 08 03:00:00 UTC 2026,1.13771,3.014543150253E7,null,null,null,null,null,null,null,null,null,null
Thu Oct 08 04:00:00 UTC 2026,1.13771,3.126082750253E7,null,null,null,null,null,null,null,null,null,null
Thu Oct 08 05:00:00 UTC 2026,1.13771,3.122102050253E7,null,null,null,null,null,null,null,null,null,null
Thu Oct 08 06:00:00 UTC 2026,1.13771,3.207523850253E7,null,null,null,null,null,null,null,null,null,null
Thu Oct 08 07:00:00 UTC 2026,1.13771,3.114341750253E7,null,null,null,null,null,null,null,null,null,null
Thu Oct 08 08:00:00 UTC 2026,1.13771,3.109244050253E7,null,null,null,null,null,null,null,null,null,null
Thu Oct 08 09:00:00 UTC 2026,1.13771,3.250131450253E7,null,null,null,null,null,null,null,null,null,null
Thu Oct 08 10:00:00 UTC 2026,1.13771,3.286386550253E7,null,null,null,null,null,null,null,null,null,null
Thu Oct 08 11:00:00 UTC 2026,1.13771,3.091676550253E7,null,null,null,null,null,null,null,null,null,null
Thu Oct 08 12:00:00 UTC 2026,1.13771,3.028866650253E7,null,null,null,null,null,null,null,null,null,null
Thu Oct 08 13:00:00 UTC 2026,1.13771,3.244724450253E7,null,null,null,null,null,null,null,null,null,null
Thu Oct 08 14:00:00 UTC 2026,1.13771,3.134517850253E7,null,null,null,null,null,null,null,null,null,null
Thu Oct 08 15:00:00 UTC 2026,1.13771,3.292958750253E7,null,null,null,null,null,null,3.293018750253E7,null,null,null
Thu Oct 08 16:00:00 UTC 2026,1.13771,3.107907750253E7,null,null,null,null,null,null,3.247007237753E7,null,null,null
Thu Oct 08 17:00:00 UTC 2026,1.13771,3.150975050253E7,null,null,null,null,null,null,3.200995725253E7,null,null,null
Thu Oct 08 18:00:00 UTC 2026,1.13771,3.104903350253E7,null,null,null,null,null,null,3.154984212753E7,null,null,null
Thu Oct 08 19:00:00 UTC 2026,1.13771,2.972722350253E7,null,null,null,null,null,null,3.108972700253E7,null,null,null
Thu Oct 08 20:00:00 UTC 2026,1.13771,2.772775250253E7,null,null,null,null,null,null,3.062961187753E7,null,null,null
Thu Oct 08 21:00:00 UTC 2026,1.13771,2.778399750253E7,null,null,null,null,null,null,3.016949675253E7,null,null,null
Thu Oct 08 22:00:00 UTC 2026,1.13771,2.762737350253E7,null,null,null,null,null,null,2.970938162753E7,null,null,null
Thu Oct 08 23:00:00 UTC 2026,1.13771,2.666063550253E7,null,null,null,null,null,null,2.924926650253E7,null,null,null
Fri Oct 09 00:00:00 UTC 2026,1.13771,2.680771950253E7,null,null,null,null,null,null,2.878915137753E7,null,null,null
Fri Oct 09 01:00:00 UTC 2026,1.13771,2.709838650253E7,null,null,null,null,null,null,2.832903625253E7,null,null,null
Fri Oct 09 02:00:00 UTC 2026,1.13771,2.630005050253E7,null,null,null,null,null,null,2.786892112753E7,null,null,null
Fri Oct 09 03:00:00 UTC 2026,1.13771,2.585683250253E7,null,null,null,null,null,null,2.740880600253E7,null,null,null
Fri Oct 09 04:00:00 UTC 2026,1.13771,2.611902650253E7,null,null,null,null,null,null,2.694869087753E7,null,null,null
Fri Oct 09 05:00:00 UTC 2026,1.13771,2.612390350253E7,null,null,null,null,null,null,2.648857575253E7,null,null,null
Fri Oct 09 06:00:00 UTC 2026,1.13771,2.585187150253E7,null,null,null,null,null,null,2.602846062753E7,null,null,null
Fri Oct 09 07:00:00 UTC 2026,1.13771,2.556774550253E7,null,null,null,null,null,null,2.556834550253E7,null,null,null
Fri Oct 09 08:00:00 UTC 2026,1.13771,2.569612350253E7,null,null,null,null,null,null,null,null,null,null
Fri Oct 09 09:00:00 UTC 2026,1.13771,2.600756750253E7,null,null,null,null,null,null,null,null,null,null
Fri Oct 09 10:00:00 UTC 2026,1.13771,2.701913650253E7,null,null,null,null,null,null,null,null,null,null
Fri Oct 09 11:00:00 UTC 2026,1.13771,2.818537150253E7,null,null,null,null,null,null,null,null,null,null
Fri Oct 09 12:00:00 UTC 2026,1.13771,2.839379750253E7,null,null,null,null,null,null,null,null,null,null
Fri Oct 09 13:00:00 UTC 2026,1.13771,2.676009550253E7,null,null,null,null,null,null,null,null,null,null
Fri Oct 09 14:00:00 UTC 2026,1.13771,2.830314550253E7,null,null,null,null,null,null,null,null,null,null
Fri Oct 09 15:00:00 UTC 2026,1.13771,2.954338250253E7,null,null,null,null,null,null,null,null,null,null
Fri Oct 09 16:00:00 UTC 2026,1.13771,2.971651650253E7,null,null,null,null,null,null,null,null,null,null
Fri Oct 09 17:00:00 UTC 2026,1.13771,3.006022750253E7,null,null,null,null,null,null,null,null,null,null
Fri Oct 09 18:00:00 UTC 2026,1.13771,3.013970650253E7,null,null,null,null,null,null,null,null,null,null
Fri Oct 09 19:00:00 UTC 2026,1.13771,2.880497750253E7,null,null,null,null,null,null,null,null,null,null
Fri Oct 09 20:00:00 UTC 2026,1.13771,2.915828250253E7,null,null,null,null,null,null,null,null,null,null
Fri Oct 09 21:00:00 UTC 2026,1.13771,2.915828250253E7,null,null,null,null,null,null,null,null,null,null
Fri Oct 09 22:00:00 UTC 2026,1.13771,2.915828250253E7,null,null,null,null,null,null,null,null,null,null
Fri Oct 09 23:00:00 UTC 2026,1.13771,2.915828250253E7,null,null,null,null,null,null,null,null,null,null
Sat Oct 10 00:00:00 UTC 2026,1.13771,2.915828250253E7,null,null,null,null,null,null,null,null,null,null
Sat Oct 10 01:00:00 UTC 2026,1.13771,2.915828250253E7,null,null,null,null,null,null,null,null,null,null
Sat Oct 10 02:00:00 UTC 2026,1.13771,2.915828250253E7,null,null,null,null,null,null,null,null,null,null
Sat Oct 10 03:00:00 UTC 2026,1.13771,2.915828250253E7,null,null,null,null,null,null,null,null,null,null
Sat Oct 10 04:00:00 UTC 2026,1.13771,2.915828250253E7,null,null,null,null,null,null,null,null,null,null
Sat Oct 10 05:00:00 UTC 2026,1.13771,2.915828250253E7,null,null,null,null,null,null,null,null,null,null
Sat Oct 10 06:00:00 UTC 2026,1.13771,2.915828250253E7,null,null,null,null,null,null,null,null,null,null
Sat Oct 10 07:00:00 UTC 2026,1.13771,2.915828250253E7,null,null,null,null,null,null,null,null,null,null
Sat Oct 10 08:00:00 UTC 2026,1.13771,2.915828250253E7,null,null,null,null,null,null,null,null,null,null
Sat Oct 10 09:00:00 UTC 2026,1.13771,2.915828250253E7,null,null,null,null,null,null,null,null,null,null
Sat Oct 10 10:00:00 UTC 2026,1.13771,2.915828250253E7,null,null,null,null,null,null,null,null,null,null
Sat Oct 10 11:00:00 UTC 2026,1.13771,2.915828250253E7,null,null,null,null,null,null,null,null,null,null
Sat Oct 10 12:00:00 UTC 2026,1.13771,2.915828250253E7,null,null,null,null,null,null,null,null,null,null
Sat Oct 10 13:00:00 UTC 2026,1.13771,2.915828250253E7,null,null,null,null,null,null,null,null,null,null
Sat Oct 10 14:00:00 UTC 2026,1.13771,2.915828250253E7,null,null,null,null,null,null,null,null,null,null
Sat Oct 10 15:00:00 UTC 2026,1.13771,2.915828250253E7,null,null,null,null,null,null,null,null,null,null
Sat Oct 10 16:00:00 UTC 2026,1.13771,2.915828250253E7,null,null,null,null,null,null,null,null,null,null
Sat Oct 10 17:00:00 UTC 2026,1.13771,2.915828250253E7,null,null,null,null,null,null,null,null,null,null
Sat Oct 10 18:00:00 UTC 2026,1.13771,2.915828250253E7,null,null,null,null,null,null,null,null,null,null
Sat Oct 10 19:00:00 UTC 2026,1.13771,2.915828250253E7,null,null,null,null,null,null,null,null,null,null
Sat Oct 10 20:00:00 UTC 2026,1.13771,2.915828250253E7,null,null,null,null,null,null,null,null,null,null
Sat Oct 10 21:00:00 UTC 2026,1.13771,2.915828250253E7,null,null,null,null,null,null,null,null,null,null
Sat Oct 10 22:00:00 UTC 2026,1.13771,2.915828250253E7,null,null,null,null,null,null,null,null,null,null
Sat Oct 10 23:00:00 UTC 2026,1.13771,2.915828250253E7,null,null,null,null,null,null,null,null,null,null
Sun Oct 11 00:00:00 UTC 2026,1.13771,2.915828250253E7,null,null,null,null,null,null,null,null,null,null
Sun Oct 11 01:00:00 UTC 2026,1.13771,2.915828250253E7,null,null,null,null,null,null,null,null,null,null
Sun Oct 11 02:00:00 UTC 2026,1.13771,2.915828250253E7,null,null,null,null,null,null,null,null,null,null
Sun Oct 11 03:00:00 UTC 2026,1.13771,2.915828250253E7,null,null,null,null,null,null,null,null,null,null
Sun Oct 11 04:00:00 UTC 2026,1.13771,2.915828250253E7,null,null,null,null,null,null,null,null,null,null
Sun Oct 11 05:00:00 UTC 2026,1.13771,2.915828250253E7,null,null,null,null,null,null,null,null,null,null
Sun Oct 11 06:00:00 UTC 2026,1.13771,2.915828250253E7,null,null,null,null,null,null,null,null,null,null
Sun Oct 11 07:00:00 UTC 2026,1.13771,2.915828250253E7,null,null,null,null,null,null,null,null,null,null
Sun Oct 11 08:00:00 UTC 2026,1.13771,2.915828250253E7,null,null,null,null,null,null,null,null,null,null
Sun Oct 11 09:00:00 UTC 2026,1.13771,2.915828250253E7,null,null,null,null,null,null,null,null,null,null
Sun Oct 11 10:00:00 UTC 2026,1.13771,2.915828250253E7,null,null,null,null,null,null,null,null,null,null
Sun Oct 11 11:00:00 UTC 2026,1.13771,2.915828250253E7,null,null,null,null,null,null,null,null,null,null
Sun Oct 11 12:00:00 UTC 2026,1.13771,2.915828250253E7,null,null,null,null,null,null,null,null,null,null
Sun Oct 11 13:00:00 UTC 2026,1.13771,2.915828250253E7,null,null,null,null,null,null,null,null,null,null
Sun Oct 11 14:00:00 UTC 2026,1.13771,2.915828250253E7,null,null,null,null,null,null,null,null,null,null
Sun Oct 11 15:00:00 UTC 2026,1.13771,2.915828250253E7,null,null,null,null,null,null,null,null,null,null
Sun Oct 11 16:00:00 UTC 2026,1.13771,2.915828250253E7,null,null,null,null,null,null,null,null,null,null
Sun Oct 11 17:00:00 UTC 2026,1.13771,2.915828250253E7,null,null,null,null,null,null,null,null,null,null
Sun Oct 11 18:00:00 UTC 2026,1.13771,2.915828250253E7,null,null,null,null,null,null,null,null,null,null
Sun Oct 11 19:00:00 UTC 2026,1.13771,2.915828250253E7,null,null,null,null,null,null,null,null,null,null
Sun Oct 11 20:00:00 UTC 2026,1.13771,2.915828250253E7,null,null,null,null,null,null,null,null,null,null
Sun Oct 11 21:00:00 UTC 2026,1.13771,2.921887550253E7,null,null,null,null,null,null,null,null,null,null
Sun Oct 11 22:00:00 UTC 2026,1.13771,2.920608650253E7,null,null,null,null,null,null,null,null,null,null
Sun Oct 11 23:00:00 UTC 2026,1.13771,3.009273150253E7,null,null,null,null,null,null,null,null,null,null
Mon Oct 12 00:00:00 UTC 2026,1.13771,2.833797350253E7,null,null,null,null,null,null,null,null,null,null
Mon Oct 12 01:00:00 UTC 2026,1.13771,2.981525450253E7,null,null,null,null,null,null,null,null,null,null
Mon Oct 12 02:00:00 UTC 2026,1.13771,2.927094650253E7,null,null,null,null,null,null,null,null,null,null
Mon Oct 12 03:00:00 UTC 2026,1.13771,2.996956550253E7,null,null,null,null,null,null,null,null,null,null
Mon Oct 12 04:00:00 UTC 2026,1.13771,2.974245050253E7,null,null,null,null,null,null,null,null,null,null
Mon Oct 12 05:00:00 UTC 2026,1.13771,2.979768150253E7,null,null,null,null,null,null,null,null,null,null
Mon Oct 12 06:00:00 UTC 2026,1.13771,2.954136450253E7,null,null,null,null,null,null,null,null,null,null
Mon Oct 12 07:00:00 UTC 2026,1.13771,2.905516950253E7,null,null,null,null,null,null,null,null,null,null
Mon Oct 12 08:00:00 UTC 2026,1.13771,3.147171350253E7,null,null,null,null,null,null,3.147231350253E7,null,null,null
Mon Oct 12 09:00:00 UTC 2026,1.13771,3.074526450253E7,null,null,null,null,null,null,3.1318848297401797E7,null,null,null
Mon Oct 12 10:00:00 UTC 2026,1.13771,3.120324650253E7,null,null,null,null,null,null,3.116538309227359E7,null,null,null
Mon Oct 12 11:00:00 UTC 2026,1.13771,3.057010850253E7,null,null,null,null,null,null,3.101191788714539E7,null,null,null
Mon Oct 12 12:00:00 UTC 2026,1.13771,3.056088750253E7,null,null,null,null,null,null,3.085845268201718E7,null,null,null
Mon Oct 12 13:00:00 UTC 2026,1.13771,2.821898350253E7,null,null,null,null,null,null,3.0704987476888977E7,null,null,null
Mon Oct 12 14:00:00 UTC 2026,1.13771,2.907795650253E7,null,null,null,null,null,null,3.055152227176077E7,null,null,null
Mon Oct 12 15:00:00 UTC 2026,1.13771,3.102090450253E7,null,null,null,null,null,null,3.0398057066632565E7,null,null,null
Mon Oct 12 16:00:00 UTC 2026,1.13771,2.926906150253E7,null,null,null,null,null,null,3.024459186150436E7,null,null,null
Mon Oct 12 17:00:00 UTC 2026,1.13771,2.940487050253E7,null,null,null,null,null,null,3.0091126656376157E7,null,null,null
Mon Oct 12 18:00:00 UTC 2026,1.13771,2.962972650253E7,null,null,null,null,null,null,2.9937661451247953E7,null,null,null
Mon Oct 12 19:00:00 UTC 2026,1.13771,2.949455750253E7,null,null,null,null,null,null,2.9784196246119745E7,null,null,null
Mon Oct 12 20:00:00 UTC 2026,1.13771,2.912648950253E7,null,null,null,null,null,null,2.963073104099154E7,null,null,null
Mon Oct 12 21:00:00 UTC 2026,1.13771,2.981204850253E7,null,null,null,null,null,null,2.947726583586333E7,null,null,null
Mon Oct 12 22:00:00 UTC 2026,1.13771,3.042386750253E7,null,null,null,null,null,null,2.932380063073513E7,null,null,null
Mon Oct 12 23:00:00 UTC 2026,1.13771,3.122764150253E7,null,null,null,null,null,null,2.9170335425606925E7,null,null,null
Tue Oct 13 00:00:00 UTC 2026,1.13771,3.126727150253E7,null,null,null,null,null,null,2.901687022047872E7,null,null,null
Tue Oct 13 01:00:00 UTC 2026,1.13771,3.000993350253E7,null,null,null,null,null,null,2.8863405015350513E7,null,null,null
Tue Oct 13 02:00:00 UTC 2026,1.13771,2.964433250253E7,null,null,null,null,null,null,2.8709939810222305E7,null,null,null
Tue Oct 13 03:00:00 UTC 2026,1.13771,3.006071050253E7,null,null,null,null,null,null,2.85564746050941E7,null,null,null
Tue Oct 13 04:00:00 UTC 2026,1.13771,3.032503550253E7,null,null,null,null,null,null,2.8403009399965897E7,null,null,null
Tue Oct 13 05:00:00 UTC 2026,1.13771,3.007307350253E7,null,null,null,null,null,null,2.8249544194837697E7,null,null,null
Tue Oct 13 06:00:00 UTC 2026,1.13771,3.072872850253E7,null,null,null,null,null,null,2.809607898970949E7,null,null,null
Tue Oct 13 07:00:00 UTC 2026,1.13771,2.979639650253E7,null,null,null,null,null,null,2.794261378458128E7,null,null,null
Tue Oct 13 08:00:00 UTC 2026,1.13771,2.815814150253E7,null,null,null,null,null,null,2.778914857945308E7,null,null,null
Tue Oct 13 09:00:00 UTC 2026,1.13771,2.831621550253E7,null,null,null,null,null,null,2.7635683374324873E7,null,null,null
Tue Oct 13 10:00:00 UTC 2026,1.13771,2.875342850253E7,null,null,null,null,null,null,2.7482218169196665E7,null,null,null
Tue Oct 13 11:00:00 UTC 2026,1.13771,2.662694150253E7,null,null,null,null,null,null,2.732875296406846E7,null,null,null
Tue Oct 13 12:00:00 UTC 2026,1.13771,2.656209550253E7,null,null,null,null,null,null,2.7175287758940257E7,null,null,null
Tue Oct 13 13:00:00 UTC 2026,1.13771,2.638212150253E7,null,null,null,null,null,null,2.702182255381205E7,null,null,null
Tue Oct 13 14:00:00 UTC 2026,1.13771,2.692811050253E7,null,null,null,null,null,null,2.686835734868385E7,null,null,null
Tue Oct 13 15:00:00 UTC 2026,1.13771,2.698589050253E7,null,null,null,null,null,null,2.671489214355564E7,null,null,null
Tue Oct 13 16:00:00 UTC 2026,1.13771,2.730343450253E7,null,null,null,null,null,null,2.6561426938427437E7,null,null,null
Tue Oct 13 17:00:00 UTC 2026,1.13771,2.752821950253E7,null,null,null,null,null,null,2.6407961733299233E7,null,null,null
Tue Oct 13 18:00:00 UTC 2026,1.13771,2.725236250253E7,null,null,null,null,null,null,2.6254496528171025E7,null,null,null
Tue Oct 13 19:00:00 UTC 2026,1.13771,2.698284350253E7,null,null,null,null,null,null,2.610103132304282E7,null,null,null
Tue Oct 13 20:00:00 UTC 2026,1.13771,2.753464750253E7,null,null,null,null,null,null,2.5947566117914617E7,null,null,null
Tue Oct 13 21:00:00 UTC 2026,1.13771,2.821025250253E7,null,null,null,null,null,null,2.579410091278641E7,null,null,null
Tue Oct 13 22:00:00 UTC 2026,1.13771,2.581467550253E7,null,null,null,null,null,null,2.5640635707658205E7,null,null,null
Tue Oct 13 23:00:00 UTC 2026,1.13771,2.548657050253E7,null,null,null,null,null,null,2.548717050253E7,null,null,null
Wed Oct 14 00:00:00 UTC 2026,1.13771,2.589266250253E7,null,null,null,null,null,null,null,null,null,null
Wed Oct 14 01:00:00 UTC 2026,1.13771,2.660151150253E7,null,null,null,null,null,null,null,null,null,null
Wed Oct 14 02:00:00 UTC 2026,1.13771,2.678011550253E7,null,null,null,null,null,null,null,null,null,null
Wed Oct 14 03:00:00 UTC 2026,1.13771,2.749992450253E7,null,null,null,null,null,null,null,null,null,null
Wed Oct 14 04:00:00 UTC 2026,1.13771,2.778020950253E7,null,null,null,null,null,null,null,null,null,null
Wed Oct 14 05:00:00 UTC 2026,1.13771,2.775682750253E7,null,null,null,null,null,null,null,null,null,null
Wed Oct 14 06:00:00 UTC 2026,1.13771,2.728213050253E7,null,null,null,null,null,null,null,null,null,null
Wed Oct 14 07:00:00 UTC 2026,1.13771,2.729897450253E7,null,null,null,null,null,null,null,null,null,null
Wed Oct 14 08:00:00 UTC 2026,1.13771,2.764430150253E7,null,null,null,null,null,null,null,null,null,null
Wed Oct 14 09:00:00 UTC 2026,1.13771,2.698087550253E7,null,null,null,null,null,null,null,null,null,null
Wed Oct 14 10:00:00 UTC 2026,1.13771,2.671282650253E7,null,null,null,null,null,null,null,null,null,null
Wed Oct 14 11:00:00 UTC 2026,1.13771,2.686586550253E7,null,null,null,null,null,null,null,null,null,null
Wed Oct 14 12:00:00 UTC 2026,1.13771,2.658480850253E7,null,null,null,null,null,null,null,null,null,null
Wed Oct 14 13:00:00 UTC 2026,1.13771,2.664917950253E7,null,null,null,null,null,null,null,null,null,null
Wed Oct 14 14:00:00 UTC 2026,1.13771,2.604527250253E7,null,null,null,null,null,null,null,null,null,null
Wed Oct 14 15:00:00 UTC 2026,1.13771,2.688890450253E7,null,null,null,null,null,null,null,null,null,null
Wed Oct 14 16:00:00 UTC 2026,1.13771,2.664606950253E7,null,null,null,null,null,null,null,null,null,null
Wed Oct 14 17:00:00 UTC 2026,1.13771,2.672063050253E7,null,null,null,null,null,null,null,null,null,null
Wed Oct 14 18:00:00 UTC 2026,1.13771,2.675496250253E7,null,null,null,null,null,null,null,null,null,null
Wed Oct 14 19:00:00 UTC 2026,1.13771,2.689251350253E7,null,null,null,null,null,null,null,null,null,null
Wed Oct 14 20:00:00 UTC 2026,1.13771,2.671216050253E7,null,null,null,null,null,null,null,null,null,null
Wed Oct 14 21:00:00 UTC 2026,1.13771,2.728661050253E7,null,null,null,null,null,null,null,null,null,null
Wed Oct 14 22:00:00 UTC 2026,1.13771,2.771056850253E7,null,null,null,null,null,null,null,null,null,null
Wed Oct 14 23:00:00 UTC 2026,1.13771,2.758736450253E7,null,null,null,null,null,null,null,null,null,null
Thu Oct 15 00:00:00 UTC 2026,1.13771,2.778132350253E7,null,null,null,null,null,null,null,null,null,null
Thu Oct 15 01:00:00 UTC 2026,1.13771,2.735922750253E7,null,null,null,null,null,null,null,null,null,null
Thu Oct 15 02:00:00 UTC 2026,1.13771,2.777472650253E7,null,null,null,null,null,null,null,null,null,null
Thu Oct 15 03:00:00 UTC 2026,1.13771,2.830423050253E7,null,null,null,null,null,null,null,null,null,null
Thu Oct 15 04:00:00 UTC 2026,1.13771,2.838849650253E7,null,null,null,null,null,null,null,null,null,null
Thu Oct 15 05:00:00 UTC 2026,1.13771,2.835655350253E7,null,null,null,null,null,null,null,null,null,null
Thu Oct 15 06:00:00 UTC 2026,1.13771,2.857425250253E7,null,null,null,null,null,null,null,null,null,null
Thu Oct 15 07:00:00 UTC 2026,1.13771,2.850866550253E7,null,null,null,null,null,null,null,null,null,null
Thu Oct 15 08:00:00 UTC 2026,1.13771,2.814935350253E7,null,null,null,null,null,null,null,null,null,null
Thu Oct 15 09:00:00 UTC 2026,1.13771,2.804571350253E7,null,null,null,null,null,null,null,null,null,null
Thu Oct 15 10:00:00 UTC 2026,1.13771,2.803081150253E7,null,null,null,null,null,null,null,null,null,null
Thu Oct 15 11:00:00 UTC 2026,1.13771,2.860023650253E7,null,null,null,null,null,null,null,null,null,null
Thu Oct 15 12:00:00 UTC 2026,1.13771,2.849334350253E7,null,null,null,null,null,null,null,null,null,null
Thu Oct 15 13:00:00 UTC 2026,1.13771,2.780157450253E7,null,null,null,null,null,null,null,null,null,null
Thu Oct 15 14:00:00 UTC 2026,1.13771,2.796662250253E7,null,null,null,null,null,null,null,null,null,null
Thu Oct 15 15:00:00 UTC 2026,1.13771,2.668509350253E7,null,null,null,null,null,null,null,null,null,null
Thu Oct 15 16:00:00 UTC 2026,1.13771,2.666164050253E7,null,null,null,null,null,null,null,null,null,null
Thu Oct 15 17:00:00 UTC 2026,1.13771,2.627067450253E7,null,null,null,null,null,null,null,null,null,null
Thu Oct 15 18:00:00 UTC 2026,1.13771,2.789731350253E7,null,null,null,null,null,null,null,null,null,null
Thu Oct 15 19:00:00 UTC 2026,1.13771,2.830124050253E7,null,null,null,null,null,null,null,null,null,null
Thu Oct 15 20:00:00 UTC 2026,1.13771,2.814986250253E7,null,null,null,null,null,null,null,null,null,null
Thu Oct 15 21:00:00 UTC 2026,1.13771,2.792772650253E7,null,null,null,null,null,null,null,null,null,null
Thu Oct 15 22:00:00 UTC 2026,1.13771,2.798830050253E7,null,null,null,null,null,null,null,null,null,null
Thu Oct 15 23:00:00 UTC 2026,1.13771,2.754840450253E7,null,null,null,null,null,null,null,null,null,null
Fri Oct 16 00:00:00 UTC 2026,1.13771,2.827317250253E7,null,null,null,null,null,null,null,null,null,null
Fri Oct 16 01:00:00 UTC 2026,1.13771,2.827092950253E7,null,null,null,null,null,null,null,null,null,null
Fri Oct 16 02:00:00 UTC 2026,1.13771,2.844240750253E7,null,null,null,null,null,null,null,null,null,null
Fri Oct 16 03:00:00 UTC 2026,1.13771,2.763603550253E7,null,null,null,null,null,null,null,null,null,null
Fri Oct 16 04:00:00 UTC 2026,1.13771,2.746975450253E7,null,null,null,null,null,null,null,null,null,null
Fri Oct 16 05:00:00 UTC 2026,1.13771,2.732793150253E7,null,null,null,null,null,null,null,null,null,null
Fri Oct 16 06:00:00 UTC 2026,1.13771,2.716816150253E7,null,null,null,null,null,null,null,null,null,null
Fri Oct 16 07:00:00 UTC 2026,1.13771,2.781247550253E7,null,null,null,null,null,null,null,null,null,null
Fri Oct 16 08:00:00 UTC 2026,1.13771,2.796069350253E7,null,null,null,null,null,null,null,null,null,null
Fri Oct 16 09:00:00 UTC 2026,1.13771,2.788550150253E7,null,null,null,null,null,null,null,null,null,null
Fri Oct 16 10:00:00 UTC 2026,1.13771,2.760980350253E7,null,null,null,null,null,null,null,null,null,null
Fri Oct 16 11:00:00 UTC 2026,1.13771,2.817955550253E7,null,null,null,null,null,null,null,null,null,null
Fri Oct 16 12:00:00 UTC 2026,1.13771,2.795407750253E7,null,null,null,null,null,null,null,null,null,null
Fri Oct 16 13:00:00 UTC 2026,1.13771,2.807707350253E7,null,null,null,null,null,null,null,null,null,null
Fri Oct 16 14:00:00 UTC 2026,1.13771,2.801189250253E7,null,null,null,null,null,null,null,null,null,null
Fri Oct 16 15:00:00 UTC 2026,1.13771,2.609333050253E7,null,null,null,null,null,null,null,null,null,null
Fri Oct 16 16:00:00 UTC 2026,1.13771,2.669295450253E7,null,null,null,null,null,null,null,null,null,null
Fri Oct 16 17:00:00 UTC 2026,1.13771,2.711823250253E7,null,null,null,null,null,null,null,null,null,null
Fri Oct 16 18:00:00 UTC 2026,1.13771,2.676576350253E7,null,null,null,null,null,null,null,null,null,null
Fri Oct 16 19:00:00 UTC 2026,1.13771,2.672698950253E7,null,null,null,null,null,null,null,null,null,null
Fri Oct 16 20:00:00 UTC 2026,1.13771,2.653559950253E7,null,null,null,null,null,null,null,null,null,null
Fri Oct 16 21:00:00 UTC 2026,1.13771,2.653559950253E7,null,null,null,null,null,null,null,null,null,null
Fri Oct 16 22:00:00 UTC 2026,1.13771,2.653559950253E7,null,null,null,null,null,null,null,null,null,null
Fri Oct 16 23:00:00 UTC 2026,1.13771,2.653559950253E7,null,null,null,null,null,null,null,null,null,null
Sat Oct 17 00:00:00 UTC 2026,1.13771,2.653559950253E7,null,null,null,null,null,null,null,null,null,null
Sat Oct 17 01:00:00 UTC 2026,1.13771,2.653559950253E7,null,null,null,null,null,null,null,null,null,null
Sat Oct 17 02:00:00 UTC 2026,1.13771,2.653559950253E7,null,null,null,null,null,null,null,null,null,null
Sat Oct 17 03:00:00 UTC 2026,1.13771,2.653559950253E7,null,null,null,null,null,null,null,null,null,null
Sat Oct 17 04:00:00 UTC 2026,1.13771,2.653559950253E7,null,null,null,null,null,null,null,null,null,null
Sat Oct 17 05:00:00 UTC 2026,1.13771,2.653559950253E7,null,null,null,null,null,null,null,null,null,null
Sat Oct 17 06:00:00 UTC 2026,1.13771,2.653559950253E7,null,null,null,null,null,null,null,null,null,null
Sat Oct 17 07:00:00 UTC 2026,1.13771,2.653559950253E7,null,null,null,null,null,null,null,null,null,null
Sat Oct 17 08:00:00 UTC 2026,1.13771,2.653559950253E7,null,null,null,null,null,null,null,null,null,null
Sat Oct 17 09:00:00 UTC 2026,1.13771,2.653559950253E7,null,null,null,null,null,null,null,null,null,null
Sat Oct 17 10:00:00 UTC 2026,1.13771,2.653559950253E7,null,null,null,null,null,null,null,null,null,null
Sat Oct 17 11:00:00 UTC 2026,1.13771,2.653559950253E7,null,null,null,null,null,null,null,null,null,null
Sat Oct 17 12:00:00 UTC 2026,1.13771,2.653559950253E7,null,null,null,null,null,null,null,null,null,null
Sat Oct 17 13:00:00 UTC 2026,1.13771,2.653559950253E7,null,null,null,null,null,null,null,null,null,null
Sat Oct 17 14:00:00 UTC 2026,1.13771,2.653559950253E7,null,null,null,null,null,null,null,null,null,null
Sat Oct 17 15:00:00 UTC 2026,1.13771,2.653559950253E7,null,null,null,null,null,null,null,null,null,null
Sat Oct 17 16:00:00 UTC 2026,1.13771,2.653559950253E7,null,null,null,null,null,null,null,null,null,null
Sat Oct 17 17:00:00 UTC 2026,1.13771,2.653559950253E7,null,null,null,null,null,null,null,null,null,null
Sat Oct 17 18:00:00 UTC 2026,1.13771,2.653559950253E7,null,null,null,null,null,null,null,null,null,null
Sat Oct 17 19:00:00 UTC 2026,1.13771,2.653559950253E7,null,null,null,null,null,null,null,null,null,null
Sat Oct 17 20:00:00 UTC 2026,1.13771,2.653559950253E7,null,null,null,null,null,null,null,null,null,null
Sat Oct 17 21:00:00 UTC 2026,1.13771,2.653559950253E7,null,null,null,null,null,null,null,null,null,null
Sat Oct 17 22:00:00 UTC 2026,1.13771,2.653559950253E7,null,null,null,null,null,null,null,null,null,null
Sat Oct 17 23:00:00 UTC 2026,1.13771,2.653559950253E7,null,null,null,null,null,null,null,null,null,null
Sun Oct 18 00:00:00 UTC 2026,1.13771,2.653559950253E7,null,null,null,null,null,null,null,null,null,null
Sun Oct 18 01:00:00 UTC 2026,1.13771,2.653559950253E7,null,null,null,null,null,null,null,null,null,null
Sun Oct 18 02:00:00 UTC 2026,1.13771,2.653559950253E7,null,null,null,null,null,null,null,null,null,null
Sun Oct 18 03:00:00 UTC 2026,1.13771,2.653559950253E7,null,null,null,null,null,null,null,null,null,null
Sun Oct 18 04:00:00 UTC 2026,1.13771,2.653559950253E7,null,null,null,null,null,null,null,null,null,null
Sun Oct 18 05:00:00 UTC 2026,1.13771,2.653559950253E7,null,null,null,null,null,null,null,null,null,null
Sun Oct 18 06:00:00 UTC 2026,1.13771,2.653559950253E7,null,null,null,null,null,null,null,null,null,null
Sun Oct 18 07:00:00 UTC 2026,1.13771,2.653559950253E7,null,null,null,null,null,null,null,null,null,null
Sun Oct 18 08:00:00 UTC 2026,1.13771,2.653559950253E7,null,null,null,null,null,null,null,null,null,null
Sun Oct 18 09:00:00 UTC 2026,1.13771,2.653559950253E7,null,null,null,null,null,null,null,null,null,null
Sun Oct 18 10:00:00 UTC 2026,1.13771,2.653559950253E7,null,null,null,null,null,null,null,null,null,null
Sun Oct 18 11:00:00 UTC 2026,1.13771,2.653559950253E7,null,null,null,null,null,null,null,null,null,null
Sun Oct 18 12:00:00 UTC 2026,1.13771,2.653559950253E7,null,null,null,null,null,null,null,null,null,null
Sun Oct 18 13:00:00 UTC 2026,1.13771,2.653559950253E7,null,null,null,null,null,null,null,null,null,null
Sun Oct 18 14:00:00 UTC 2026,1.13771,2.653559950253E7,null,null,null,null,null,null,null,null,null,null
Sun Oct 18 15:00:00 UTC 2026,1.13771,2.653559950253E7,null,null,null,null,null,null,null,null,null,null
Sun Oct 18 16:00:00 UTC 2026,1.13771,2.653559950253E7,null,null,null,null,null,null,null,null,null,null
Sun Oct 18 17:00:00 UTC 2026,1.13771,2.653559950253E7,null,null,null,null,null,null,null,null,null,null
Sun Oct 18 18:00:00 UTC 2026,1.13771,2.653559950253E7,null,null,null,null,null,null,null,null,null,null
Sun Oct 18 19:00:00 UTC 2026,1.13771,2.653559950253E7,null,null,null,null,null,null,null,null,null,null
Sun Oct 18 20:00:00 UTC 2026,1.13771,2.653559950253E7,null,null,null,null,null,null,null,null,null,null
Sun Oct 18 21:00:00 UTC 2026,1.13771,2.671709950253E7,null,null,null,null,null,null,null,null,null,null
Sun Oct 18 22:00:00 UTC 2026,1.13771,2.742615250253E7,null,null,null,null,null,null,null,null,null,null
Sun Oct 18 23:00:00 UTC 2026,1.13771,2.688409850253E7,null,null,null,null,null,null,null,null,null,null
Mon Oct 19 00:00:00 UTC 2026,1.13771,2.775197550253E7,null,null,null,null,null,null,null,null,null,null
Mon Oct 19 01:00:00 UTC 2026,1.13771,2.742952550253E7,null,null,null,null,null,null,null,null,null,null
Mon Oct 19 02:00:00 UTC 2026,1.13771,2.774095650253E7,null,null,null,null,null,null,null,null,null,null
Mon Oct 19 03:00:00 UTC 2026,1.13771,2.733168450253E7,null,null,null,null,null,null,null,null,null,null
Mon Oct 19 04:00:00 UTC 2026,1.13771,2.717417150253E7,null,null,null,null,null,null,null,null,null,null
Mon Oct 19 05:00:00 UTC 2026,1.13771,2.791178150253E7,null,null,null,null,null,null,null,null,null,null
Mon Oct 19 06:00:00 UTC 2026,1.13771,2.793129450253E7,null,null,null,null,null,null,null,null,null,null
Mon Oct 19 07:00:00 UTC 2026,1.13771,2.718211050253E7,null,null,null,null,null,null,null,null,null,null
Mon Oct 19 08:00:00 UTC 2026,1.13771,2.763381350253E7,null,null,null,null,null,null,null,null,null,null
Mon Oct 19 09:00:00 UTC 2026,1.13771,2.785631650253E7,null,null,null,null,null,null,null,null,null,null
Mon Oct 19 10:00:00 UTC 2026,1.13771,2.835481750253E7,null,null,null,null,null,null,null,null,null,null
Mon Oct 19 11:00:00 UTC 2026,1.13771,2.803141550253E7,null,null,null,null,null,null,null,null,null,null
Mon Oct 19 12:00:00 UTC 2026,1.13771,2.826792750253E7,null,null,null,null,null,null,null,null,null,null
Mon Oct 19 13:00:00 UTC 2026,1.13771,2.771033350253E7,null,null,null,null,null,null,null,null,null,null
Mon Oct 19 14:00:00 UTC 2026,1.13771,2.705147650253E7,null,null,null,null,null,null,null,null,null,null
Mon Oct 19 15:00:00 UTC 2026,1.13771,2.835815550253E7,null,null,null,null,null,null,null,null,null,null
Mon Oct 19 16:00:00 UTC 2026,1.13771,2.788387250253E7,null,null,null,null,null,null,null,null,null,null
Mon Oct 19 17:00:00 UTC 2026,1.13771,2.879470950253E7,null,null,null,null,null,null,null,null,null,null
Mon Oct 19 18:00:00 UTC 2026,1.13771,2.935212250253E7,null,null,null,null,null,null,null,null,null,null
Mon Oct 19 19:00:00 UTC 2026,1.13771,3.000521950253E7,null,null,null,null,null,null,null,null,null,null
Mon Oct 19 20:00:00 UTC 2026,1.13771,3.034350750253E7,null,null,null,null,null,null,null,null,null,null
Mon Oct 19 21:00:00 UTC 2026,1.13771,3.028182750253E7,null,null,null,null,null,null,null,null,null,null
Mon Oct 19 22:00:00 UTC 2026,1.13771,2.989610850253E7,null,null,null,null,null,null,null,null,null,null
Mon Oct 19 23:00:00 UTC 2026,1.13771,2.946030550253E7,null,null,null,null,null,null,null,null,null,null
Tue Oct 20 00:00:00 UTC 2026,1.13771,3.021289950253E7,null,null,null,null,null,null,null,null,null,null
Tue Oct 20 01:00:00 UTC 2026,1.13771,3.049046850253E7,null,null,null,null,null,null,null,null,null,null
Tue Oct 20 02:00:00 UTC 2026,1.13771,3.068110950253E7,null,null,null,null,null,null,null,null,null,null
Tue Oct 20 03:00:00 UTC 2026,1.13771,3.089745050253E7,null,null,null,null,null,null,null,null,null,null
Tue Oct 20 04:00:00 UTC 2026,1.13771,3.066147650253E7,null,null,null,null,null,null,null,null,null,null
Tue Oct 20 05:00:00 UTC 2026,1.13771,2.966405250253E7,null,null,null,null,null,null,null,null,null,null
Tue Oct 20 06:00:00 UTC 2026,1.13771,2.969376350253E7,null,null,null,null,null,null,null,null,null,null
Tue Oct 20 07:00:00 UTC 2026,1.13771,2.939098250253E7,null,null,null,null,null,null,null,null,null,null
Tue Oct 20 08:00:00 UTC 2026,1.13771,2.813147750253E7,null,null,null,null,null,null,null,null,null,null
Tue Oct 20 09:00:00 UTC 2026,1.13771,2.810575350253E7,null,null,null,null,null,null,null,null,null,null
Tue Oct 20 10:00:00 UTC 2026,1.13771,2.806578350253E7,null,null,null,null,null,null,null,null,null,null
Tue Oct 20 11:00:00 UTC 2026,1.13771,2.782579750253E7,null,null,null,null,null,null,null,null,null,null
Tue Oct 20 12:00:00 UTC 2026,1.13771,2.773133050253E7,null,null,null,null,null,null,null,null,null,null
Tue Oct 20 13:00:00 UTC 2026,1.13771,2.765454050253E7,null,null,null,null,null,null,null,null,null,null
Tue Oct 20 14:00:00 UTC 2026,1.13771,2.776804750253E7,null,null,null,null,null,null,null,null,null,null
Tue Oct 20 15:00:00 UTC 2026,1.13771,2.769946850253E7,null,null,null,null,null,null,null,null,null,null
Tue Oct 20 16:00:00 UTC 2026,1.13771,2.767337150253E7,null,null,null,null,null,null,null,null,null,null
Tue Oct 20 17:00:00 UTC 2026,1.13771,2.769075350253E7,null,null,null,null,null,null,null,null,null,null
Tue Oct 20 18:00:00 UTC 2026,1.13771,2.767690750253E7,null,null,null,null,null,null,null,null,null,null
Tue Oct 20 19:00:00 UTC 2026,1.13771,2.765106050253E7,null,null,null,null,null,null,null,null,null,null
Tue Oct 20 20:00:00 UTC 2026,1.13771,2.768067250253E7,null,null,null,null,null,null,null,null,null,null
Tue Oct 20 21:00:00 UTC 2026,1.13771,2.761448950253E7,null,null,null,null,null,null,null,null,null,null
Tue Oct 20 22:00:00 UTC 2026,1.13771,2.758273450253E7,null,null,null,null,null,null,null,null,null,null
Tue Oct 20 23:00:00 UTC 2026,1.13771,2.757781550253E7,null,null,null,null,null,null,null,null,null,null
Wed Oct 21 00:00:00 UTC 2026,1.13771,2.770672050253E7,null,null,null,null,null,null,null,null,null,null
Wed Oct 21 01:00:00 UTC 2026,1.13771,2.763507450253E7,null,null,null,null,null,null,null,null,null,null
Wed Oct 21 02:00:00 UTC 2026,1.13771,2.764069750253E7,null,null,null,null,null,null,null,null,null,null
Wed Oct 21 03:00:00 UTC 2026,1.13771,2.761848250253E7,null,null,null,null,null,null,null,null,null,null
Wed Oct 21 04:00:00 UTC 2026,1.13771,2.760568850253E7,null,null,null,null,null,null,null,null,null,null
Wed Oct 21 05:00:00 UTC 2026,1.13771,2.766828650253E7,null,null,null,null,null,null,null,null,null,null
Wed Oct 21 06:00:00 UTC 2026,1.13771,2.766466650253E7,null,null,null,null,null,null,null,null,null,null
Wed Oct 21 07:00:00 UTC 2026,1.13771,2.766829550253E7,null,null,null,null,null,null,null,null,null,null
Wed Oct 21 08:00:00 UTC 2026,1.13771,2.770206450253E7,null,null,null,null,null,null,null,null,null,null
Wed Oct 21 09:00:00 UTC 2026,1.13771,2.770642350253E7,null,null,null,null,null,null,null,null,null,null
Wed Oct 21 10:00:00 UTC 2026,1.13771,2.768143950253E7,null,null,null,null,null,null,null,null,null,null
Wed Oct 21 11:00:00 UTC 2026,1.13771,2.767975050253E7,null,null,null,null,null,null,null,null,null,null
Wed Oct 21 12:00:00 UTC 2026,1.13771,2.770334150253E7,null,null,null,null,null,null,null,null,null,null
Wed Oct 21 13:00:00 UTC 2026,1.13771,2.776826650253E7,null,null,null,null,null,null,null,null,null,null
Wed Oct 21 14:00:00 UTC 2026,1.13771,2.773880050253E7,null,null,null,null,null,null,null,null,null,null
Wed Oct 21 15:00:00 UTC 2026,1.13771,2.785765250253E7,null,null,null,null,null,null,null,null,null,null
Wed Oct 21 16:00:00 UTC 2026,1.13771,2.787096850253E7,null,null,null,null,null,null,null,null,null,null
Wed Oct 21 17:00:00 UTC 2026,1.13771,2.783001250253E7,null,null,null,null,null,null,null,null,null,null
Wed Oct 21 18:00:00 UTC 2026,1.13771,2.777683750253E7,null,null,null,null,null,null,null,null,null,null
Wed Oct 21 19:00:00 UTC 2026,1.13771,2.789001850253E7,null,null,null,null,null,null,null,null,null,null
Wed Oct 21 20:00:00 UTC 2026,1.13771,2.798156650253E7,null,null,null,null,null,null,null,null,null,null
Wed Oct 21 21:00:00 UTC 2026,1.13771,2.798641050253E7,null,null,null,null,null,null,null,null,null,null
Wed Oct 21 22:00:00 UTC 2026,1.13771,2.799602250253E7,null,null,null,null,null,null,null,null,null,null
Wed Oct 21 23:00:00 UTC 2026,1.13771,2.813462850253E7,null,null,null,null,null,null,null,null,null,null
Thu Oct 22 00:00:00 UTC 2026,1.13771,2.804150150253E7,null,null,null,null,null,null,null,null,null,null
Thu Oct 22 01:00:00 UTC 2026,1.13771,2.788238050253E7,null,null,null,null,null,null,null,null,null,null
Thu Oct 22 02:00:00 UTC 2026,1.13771,2.783240250253E7,null,null,null,null,null,null,null,null,null,null
Thu Oct 22 03:00:00 UTC 2026,1.13771,2.780447250253E7,null,null,null,null,null,null,null,null,null,null
Thu Oct 22 04:00:00 UTC 2026,1.13771,2.777481850253E7,null,null,null,null,null,null,null,null,null,null
Thu Oct 22 05:00:00 UTC 2026,1.13771,2.771141550253E7,null,null,null,null,null,null,null,null,null,null
Thu Oct 22 06:00:00 UTC 2026,1.13771,2.776543350253E7,null,null,null,null,null,null,null,null,null,null
Thu Oct 22 07:00:00 UTC 2026,1.13771,2.784182550253E7,null,null,null,null,null,null,null,null,null,null
Thu Oct 22 08:00:00 UTC 2026,1.13771,2.793726350253E7,null,null,null,null,null,null,null,null,null,null
Thu Oct 22 09:00:00 UTC 2026,1.13771,2.788546250253E7,null,null,null,null,null,null,null,null,null,null
Thu Oct 22 10:00:00 UTC 2026,1.13771,2.787809750253E7,null,null,null,null,null,null,null,null,null,null
Thu Oct 22 11:00:00 UTC 2026,1.13771,2.789111650253E7,null,null,null,null,null,null,null,null,null,null
Thu Oct 22 12:00:00 UTC 2026,1.13771,2.792738650253E7,null,null,null,null,null,null,null,null,null,null
Thu Oct 22 13:00:00 UTC 2026,1.13771,2.789870950253E7,null,null,null,null,null,null,null,null,null,null
Thu Oct 22 14:00:00 UTC 2026,1.13771,2.789459850253E7,null,null,null,null,null,null,null,null,null,null
Thu Oct 22 15:00:00 UTC 2026,1.13771,2.786640450253E7,null,null,null,null,null,null,null,null,null,null
Thu Oct 22 16:00:00 UTC 2026,1.13771,2.790483050253E7,null,null,null,null,null,null,null,null,null,null
Thu Oct 22 17:00:00 UTC 2026,1.13771,2.792835050253E7,null,null,null,null,null,null,null,null,null,null
Thu Oct 22 18:00:00 UTC 2026,1.13771,2.794620250253E7,null,null,null,null,null,null,null,null,null,null
Thu Oct 22 19:00:00 UTC 2026,1.13771,2.800132250253E7,null,null,null,null,null,null,null,null,null,null
Thu Oct 22 20:00:00 UTC 2026,1.13771,2.803357350253E7,null,null,null,null,null,null,null,null,null,null
Thu Oct 22 21:00:00 UTC 2026,1.13771,2.791682250253E7,null,null,null,null,null,null,null,null,null,null
Thu Oct 22 22:00:00 UTC 2026,1.13771,2.794491250253E7,null,null,null,null,null,null,null,null,null,null
Thu Oct 22 23:00:00 UTC 2026,1.13771,2.802293850253E7,null,null,null,null,null,null,null,null,null,null
Fri Oct 23 00:00:00 UTC 2026,1.13771,2.815277550253E7,null,null,null,null,null,null,null,null,null,null
Fri Oct 23 01:00:00 UTC 2026,1.13771,2.820892750253E7,null,null,null,null,null,null,null,null,null,null
Fri Oct 23 02:00:00 UTC 2026,1.13771,2.813348750253E7,null,null,null,null,null,null,null,null,null,null
Fri Oct 23 03:00:00 UTC 2026,1.13771,2.806624350253E7,null,null,null,null,null,null,null,null,null,null
Fri Oct 23 04:00:00 UTC 2026,1.13771,2.810434250253E7,null,null,null,null,null,null,null,null,null,null
Fri Oct 23 05:00:00 UTC 2026,1.13771,2.814835650253E7,null,null,null,null,null,null,null,null,null,null
Fri Oct 23 06:00:00 UTC 2026,1.13771,2.817448650253E7,null,null,null,null,null,null,null,null,null,null
Fri Oct 23 07:00:00 UTC 2026,1.13771,2.815030450253E7,null,null,null,null,null,null,null,null,null,null
Fri Oct 23 08:00:00 UTC 2026,1.13771,2.813413850253E7,null,null,null,null,null,null,null,null,null,null
Fri Oct 23 09:00:00 UTC 2026,1.13771,2.814819550253E7,null,null,null,null,null,null,null,null,null,null
Fri Oct 23 10:00:00 UTC 2026,1.13771,2.820382750253E7,null,null,null,null,null,null,null,null,null,null
Fri Oct 23 11:00:00 UTC 2026,1.13771,2.821816550253E7,null,null,null,null,null,null,null,null,null,null
Fri Oct 23 12:00:00 UTC 2026,1.13771,2.819304250253E7,null,null,null,null,null,null,null,null,null,null
Fri Oct 23 13:00:00 UTC 2026,1.13771,2.819663150253E7,null,null,null,null,null,null,null,null,null,null
Fri Oct 23 14:00:00 UTC 2026,1.13771,2.828183850253E7,null,null,null,null,null,null,null,null,null,null
Fri Oct 23 15:00:00 UTC 2026,1.13771,2.829320050253E7,null,null,null,null,null,null,null,null,null,null
Fri Oct 23 16:00:00 UTC 2026,1.13771,2.834729350253E7,null,null,null,null,null,null,null,null,null,null
Fri Oct 23 17:00:00 UTC 2026,1.13771,2.845222850253E7,null,null,null,null,null,null,null,null,null,null
Fri Oct 23 18:00:00 UTC 2026,1.13771,2.844657150253E7,null,null,null,null,null,null,null,null,null,null
Fri Oct 23 19:00:00 UTC 2026,1.13771,2.829187850253E7,null,null,null,null,null,null,null,null,null,null
Fri Oct 23 20:00:00 UTC 2026,1.13771,2.837979050253E7,null,null,null,null,null,null,null,null,null,null
Fri Oct 23 21:00:00 UTC 2026,1.13771,2.837979050253E7,null,null,null,null,null,null,null,null,null,null
Fri Oct 23 22:00:00 UTC 2026,1.13771,2.837979050253E7,null,null,null,null,null,null,null,null,null,null
Fri Oct 23 23:00:00 UTC 2026,1.13771,2.837979050253E7,null,null,null,null,null,null,null,null,null,null
Sat Oct 24 00:00:00 UTC 2026,1.13771,2.837979050253E7,null,null,null,null,null,null,null,null,null,null
Sat Oct 24 01:00:00 UTC 2026,1.13771,2.837979050253E7,null,null,null,null,null,null,null,null,null,null
Sat Oct 24 02:00:00 UTC 2026,1.13771,2.837979050253E7,null,null,null,null,null,null,null,null,null,null
Sat Oct 24 03:00:00 UTC 2026,1.13771,2.837979050253E7,null,null,null,null,null,null,null,null,null,null
Sat Oct 24 04:00:00 UTC 2026,1.13771,2.837979050253E7,null,null,null,null,null,null,null,null,null,null
Sat Oct 24 05:00:00 UTC 2026,1.13771,2.837979050253E7,null,null,null,null,null,null,null,null,null,null
Sat Oct 24 06:00:00 UTC 2026,1.13771,2.837979050253E7,null,null,null,null,null,null,null,null,null,null
Sat Oct 24 07:00:00 UTC 2026,1.13771,2.837979050253E7,null,null,null,null,null,null,null,null,null,null
Sat Oct 24 08:00:00 UTC 2026,1.13771,2.837979050253E7,null,null,null,null,null,null,null,null,null,null
Sat Oct 24 09:00:00 UTC 2026,1.13771,2.837979050253E7,null,null,null,null,null,null,null,null,null,null
Sat Oct 24 10:00:00 UTC 2026,1.13771,2.837979050253E7,null,null,null,null,null,null,null,null,null,null
Sat Oct 24 11:00:00 UTC 2026,1.13771,2.837979050253E7,null,null,null,null,null,null,null,null,null,null
Sat Oct 24 12:00:00 UTC 2026,1.13771,2.837979050253E7,null,null,null,null,null,null,null,null,null,null
Sat Oct 24 13:00:00 UTC 2026,1.13771,2.837979050253E7,null,null,null,null,null,null,null,null,null,null
Sat Oct 24 14:00:00 UTC 2026,1.13771,2.837979050253E7,null,null,null,null,null,null,null,null,null,null
Sat Oct 24 15:00:00 UTC 2026,1.13771,2.837979050253E7,null,null,null,null,null,null,null,null,null,null
Sat Oct 24 16:00:00 UTC 2026,1.13771,2.837979050253E7,null,null,null,null,null,null,null,null,null,null
Sat Oct 24 17:00:00 UTC 2026,1.13771,2.837979050253E7,null,null,null,null,null,null,null,null,null,null
Sat Oct 24 18:00:00 UTC 2026,1.13771,2.837979050253E7,null,null,null,null,null,null,null,null,null,null
Sat Oct 24 19:00:00 UTC 2026,1.13771,2.837979050253E7,null,null,null,null,null,null,null,null,null,null
Sat Oct 24 20:00:00 UTC 2026,1.13771,2.837979050253E7,null,null,null,null,null,null,null,null,null,null
Sat Oct 24 21:00:00 UTC 2026,1.13771,2.837979050253E7,null,null,null,null,null,null,null,null,null,null
Sat Oct 24 22:00:00 UTC 2026,1.13771,2.837979050253E7,null,null,null,null,null,null,null,null,null,null
Sat Oct 24 23:00:00 UTC 2026,1.13771,2.837979050253E7,null,null,null,null,null,null,null,null,null,null
Sun Oct 25 00:00:00 UTC 2026,1.13771,2.837979050253E7,null,null,null,null,null,null,null,null,null,null
Sun Oct 25 01:00:00 UTC 2026,1.13771,2.837979050253E7,null,null,null,null,null,null,null,null,null,null
Sun Oct 25 02:00:00 UTC 2026,1.13771,2.837979050253E7,null,null,null,null,null,null,null,null,null,null
Sun Oct 25 03:00:00 UTC 2026,1.13771,2.837979050253E7,null,null,null,null,null,null,null,null,null,null
Sun Oct 25 04:00:00 UTC 2026,1.13771,2.837979050253E7,null,null,null,null,null,null,null,null,null,null
Sun Oct 25 05:00:00 UTC 2026,1.13771,2.837979050253E7,null,null,null,null,null,null,null,null,null,null
Sun Oct 25 06:00:00 UTC 2026,1.13771,2.837979050253E7,null,null,null,null,null,null,null,null,null,null
Sun Oct 25 07:00:00 UTC 2026,1.13771,2.837979050253E7,null,null,null,null,null,null,null,null,null,null
Sun Oct 25 08:00:00 UTC 2026,1.13771,2.837979050253E7,null,null,null,null,null,null,null,null,null,null
Sun Oct 25 09:00:00 UTC 2026,1.13771,2.837979050253E7,null,null,null,null,null,null,null,null,null,null
Sun Oct 25 10:00:00 UTC 2026,1.13771,2.837979050253E7,null,null,null,null,null,null,null,null,null,null
Sun Oct 25 11:00:00 UTC 2026,1.13771,2.837979050253E7,null,null,null,null,null,null,null,null,null,null
Sun Oct 25 12:00:00 UTC 2026,1.13771,2.837979050253E7,null,null,null,null,null,null,null,null,null,null
Sun Oct 25 13:00:00 UTC 2026,1.13771,2.837979050253E7,null,null,null,null,null,null,null,null,null,null
Sun Oct 25 14:00:00 UTC 2026,1.13771,2.837979050253E7,null,null,null,null,null,null,null,null,null,null
Sun Oct 25 15:00:00 UTC 2026,1.13771,2.837979050253E7,null,null,null,null,null,null,null,null,null,null
Sun Oct 25 16:00:00 UTC 2026,1.13771,2.837979050253E7,null,null,null,null,null,null,null,null,null,null
Sun Oct 25 17:00:00 UTC 2026,1.13771,2.837979050253E7,null,null,null,null,null,null,null,null,null,null
Sun Oct 25 18:00:00 UTC 2026,1.13771,2.837979050253E7,null,null,null,null,null,null,null,null,null,null
Sun Oct 25 19:00:00 UTC 2026,1.13771,2.837979050253E7,null,null,null,null,null,null,null,null,null,null
Sun Oct 25 20:00:00 UTC 2026,1.13771,2.837979050253E7,null,null,null,null,null,null,null,null,null,null
Sun Oct 25 21:00:00 UTC 2026,1.13771,2.839721150253E7,null,null,null,null,null,null,null,null,null,null
Sun Oct 25 22:00:00 UTC 2026,1.13771,2.842229150253E7,null,null,null,null,null,null,null,null,null,null
Sun Oct 25 23:00:00 UTC 2026,1.13771,2.847298850253E7,null,null,null,null,null,null,null,null,null,null
Mon Oct 26 00:00:00 UTC 2026,1.13771,2.843881850253E7,null,null,null,null,null,null,null,null,null,null
Mon Oct 26 01:00:00 UTC 2026,1.13771,2.848780350253E7,null,null,null,null,null,null,null,null,null,null
Mon Oct 26 02:00:00 UTC 2026,1.13771,2.848068850253E7,null,null,null,null,null,null,null,null,null,null
Mon Oct 26 03:00:00 UTC 2026,1.13771,2.850092650253E7,null,null,null,null,null,null,null,null,null,null
Mon Oct 26 04:00:00 UTC 2026,1.13771,2.850719250253E7,null,null,null,null,null,null,null,null,null,null
Mon Oct 26 05:00:00 UTC 2026,1.13771,2.860363450253E7,null,null,null,null,null,null,null,null,null,null
Mon Oct 26 06:00:00 UTC 2026,1.13771,2.856038650253E7,null,null,null,null,null,null,null,null,null,null
Mon Oct 26 07:00:00 UTC 2026,1.13771,2.863388950253E7,null,null,null,null,null,null,null,null,null,null
Mon Oct 26 08:00:00 UTC 2026,1.13771,2.864551450253E7,null,null,null,null,null,null,null,null,null,null
Mon Oct 26 09:00:00 UTC 2026,1.13771,2.837859250253E7,null,null,null,null,null,null,null,null,null,null
Mon Oct 26 10:00:00 UTC 2026,1.13771,2.841046650253E7,null,null,null,null,null,null,null,null,null,null
Mon Oct 26 11:00:00 UTC 2026,1.13771,2.843104350253E7,null,null,null,null,null,null,null,null,null,null
Mon Oct 26 12:00:00 UTC 2026,1.13771,2.852758150253E7,null,null,null,null,null,null,null,null,null,null
Mon Oct 26 13:00:00 UTC 2026,1.13771,2.859662250253E7,null,null,null,null,null,null,null,null,null,null
Mon Oct 26 14:00:00 UTC 2026,1.13771,2.851797250253E7,null,null,null,null,null,null,null,null,null,null
Mon Oct 26 15:00:00 UTC 2026,1.13771,2.851651950253E7,null,null,null,null,null,null,null,null,null,null
Mon Oct 26 16:00:00 UTC 2026,1.13771,2.857487350253E7,null,null,null,null,null,null,null,null,null,null
Mon Oct 26 17:00:00 UTC 2026,1.13771,2.852543450253E7,null,null,null,null,null,null,null,null,null,null
Mon Oct 26 18:00:00 UTC 2026,1.13771,2.855153050253E7,null,null,null,null,null,null,null,null,null,null
Mon Oct 26 19:00:00 UTC 2026,1.13771,2.856791950253E7,null,null,null,null,null,null,null,null,null,null
Mon Oct 26 20:00:00 UTC 2026,1.13771,2.860438450253E7,null,null,null,null,null,null,null,null,null,null
