date,P_Kweek_-50_Kday_35_ETE_62_ORD_61_EXT_75_E2Ekor_75_EXTkor_59_DIFF_25,a,b,c,d,e,f,g,h,i,j
Mon Jul 20 23:00:00 UTC 2026,3701.657161388508,4.139499999999316,104.13949999999932,null,304.1394999999993,null,null,null,null,null
Tue Jul 21 00:00:00 UTC 2026,4304.116357490701,-262.8605000000007,null,null,null,null,null,null,null,null
Tue Jul 21 01:00:00 UTC 2026,3583.4531419001514,-355.8605000000007,null,null,null,null,null,null,null,null
Tue Jul 21 02:00:00 UTC 2026,5364.139500000001,-468.8605000000007,null,null,null,null,null,null,null,null
Tue Jul 21 03:00:00 UTC 2026,5345.074335566428,-339.8605000000007,null,null,null,null,null,null,null,null
Tue Jul 21 04:00:00 UTC 2026,4563.402593787903,-436.8605000000007,null,null,null,null,null,null,null,null
Tue Jul 21 05:00:00 UTC 2026,4872.258257612667,-641.8605000000007,null,null,null,null,null,null,null,null
Tue Jul 21 06:00:00 UTC 2026,4086.773482947562,-896.8605000000007,null,null,null,null,null,null,null,null
Tue Jul 21 07:00:00 UTC 2026,4140.155943361702,2026.1395000000011,null,null,null,null,null,null,null,null
Tue Jul 21 08:00:00 UTC 2026,4326.994554811192,1827.1395000000011,null,null,null,null,null,null,null,null
Tue Jul 21 09:00:00 UTC 2026,4082.960450060984,1335.1395000000011,null,null,null,null,null,null,null,null
Tue Jul 21 10:00:00 UTC 2026,4143.9689762486205,1668.1395000000011,null,null,null,null,null,null,null,null
Tue Jul 21 11:00:00 UTC 2026,3827.4872466503602,2063.139500000001,null,null,null,null,null,null,null,null
Tue Jul 21 12:00:00 UTC 2026,3877.056674177921,1975.1395000000011,null,null,null,null,null,null,null,null
Tue Jul 21 13:00:00 UTC 2026,3907.56093727157,2700.139500000001,null,null,null,null,null,null,null,null
Tue Jul 21 14:00:00 UTC 2026,3926.626101705143,2490.139500000001,null,null,null,null,null,null,null,null
Tue Jul 21 15:00:00 UTC 2026,4197.351436662421,2622.139500000001,null,null,null,null,null,null,null,null
Tue Jul 21 16:00:00 UTC 2026,3941.878233252137,2754.139500000001,null,null,null,null,null,null,null,null
Tue Jul 21 17:00:00 UTC 2026,3796.9829835567116,2711.139500000001,null,null,null,null,null,null,null,null
Tue Jul 21 18:00:00 UTC 2026,2473.8605718636295,2833.139500000001,null,null,null,null,null,null,null,null
Tue Jul 21 19:00:00 UTC 2026,1859.9622771010213,3390.139500000001,null,null,null,null,null,null,null,null
Tue Jul 21 20:00:00 UTC 2026,2359.469585261853,4493.139500000001,null,null,null,null,null,null,null,null
Tue Jul 21 21:00:00 UTC 2026,3221.2150176612486,5038.139500000001,null,null,null,null,null,null,null,null
Tue Jul 21 22:00:00 UTC 2026,3446.1839579782227,4148.139500000001,null,null,null,null,null,null,null,null
Tue Jul 21 23:00:00 UTC 2026,2946.676649817391,3631.139500000001,null,null,null,null,null,null,null,null
Wed Jul 22 00:00:00 UTC 2026,3766.4787204627237,4223.139500000001,null,null,null,null,null,null,null,null
Wed Jul 22 01:00:00 UTC 2026,2416.665078562572,3556.139500000001,null,null,null,null,null,null,null,null
Wed Jul 22 02:00:00 UTC 2026,1833.2710468939513,3503.139500000001,null,null,null,null,null,null,null,null
Wed Jul 22 03:00:00 UTC 2026,1962.9141650427218,3536.139500000001,null,null,null,null,null,null,null,null
Wed Jul 22 04:00:00 UTC 2026,1783.7016193667291,3413.139500000001,null,null,null,null,null,null,null,null
Wed Jul 22 05:00:00 UTC 2026,2016.2966254568619,3145.139500000001,null,null,null,null,null,null,null,null
Wed Jul 22 06:00:00 UTC 2026,1955.2880992692249,3325.139500000001,null,null,null,null,null,null,null,null
Wed Jul 22 07:00:00 UTC 2026,1722.6930931790926,3187.139500000001,null,null,null,null,null,null,null,null
Wed Jul 22 08:00:00 UTC 2026,2809.407465895124,2674.139500000001,2774.139500000001,null,2974.139500000001,null,null,null,null,null
Wed Jul 22 09:00:00 UTC 2026,2264.1437630936493,2837.139500000001,3173.739500000001,null,3373.739500000001,null,null,null,null,null
Wed Jul 22 10:00:00 UTC 2026,2252.7046644335733,2696.139500000001,3573.339500000001,null,3773.339500000001,null,null,null,null,null
Wed Jul 22 11:00:00 UTC 2026,2374.7217168088464,3505.139500000001,3972.939500000001,null,4172.9395,null,null,null,null,null
Wed Jul 22 12:00:00 UTC 2026,2355.656552375274,3935.139500000001,4372.539500000001,null,4572.539500000001,null,null,null,null,null
Wed Jul 22 13:00:00 UTC 2026,2233.6395,4672.139500000001,4772.139500000001,null,4972.139500000001,null,null,null,null,null
Wed Jul 22 14:00:00 UTC 2026,2237.4525328865793,3133.139500000001,null,null,null,null,null,null,null,null
Wed Jul 22 15:00:00 UTC 2026,2165.0049080388667,3602.139500000001,null,null,null,null,null,null,null,null
Wed Jul 22 16:00:00 UTC 2026,1753.1973562727417,3380.139500000001,null,null,null,null,null,null,null,null
Wed Jul 22 17:00:00 UTC 2026,2885.6681236297545,3388.139500000001,null,null,null,null,null,null,null,null
Wed Jul 22 18:00:00 UTC 2026,3987.6346278927795,4028.139500000001,null,null,null,null,null,null,null,null
Wed Jul 22 19:00:00 UTC 2026,2797.968367235048,4406.139500000001,null,null,null,null,null,null,null,null
Wed Jul 22 20:00:00 UTC 2026,3442.3709250913053,5364.139500000001,null,null,null,null,null,null,null,null
Wed Jul 22 21:00:00 UTC 2026,3297.475675395879,5362.139500000001,null,null,null,null,null,null,null,null
Wed Jul 22 22:00:00 UTC 2026,3427.1187935443113,4669.139500000001,null,null,null,null,null,null,null,null
Wed Jul 22 23:00:00 UTC 2026,3362.2972344700956,4056.139500000001,null,null,null,null,null,null,null,null
Thu Jul 23 00:00:00 UTC 2026,2248.891631546994,4139.139500000001,null,null,null,null,null,null,null,null
Thu Jul 23 01:00:00 UTC 2026,2172.6309738123637,4127.139500000001,null,null,null,null,null,null,null,null
Thu Jul 23 02:00:00 UTC 2026,2634.0079531060487,4180.139500000001,null,null,null,null,null,null,null,null
Thu Jul 23 03:00:00 UTC 2026,2717.8946766138383,4361.139500000001,null,null,null,null,null,null,null,null
Thu Jul 23 04:00:00 UTC 2026,3064.8806693057472,4392.139500000001,null,null,null,null,null,null,null,null
Thu Jul 23 05:00:00 UTC 2026,3049.6285377587533,4377.139500000001,null,null,null,null,null,null,null,null
Thu Jul 23 06:00:00 UTC 2026,2248.891631546994,4728.139500000001,null,null,null,null,null,null,null,null
Thu Jul 23 07:00:00 UTC 2026,2126.8745791717206,4311.139500000001,null,null,null,null,null,null,null,null
Thu Jul 23 08:00:00 UTC 2026,2519.6169665042726,3865.139500000001,null,null,null,null,null,null,null,null
Thu Jul 23 09:00:00 UTC 2026,2195.509171132854,4005.139500000001,null,null,null,null,null,null,null,null
Thu Jul 23 10:00:00 UTC 2026,2264.1437630936493,3341.139500000001,3441.139500000001,null,null,null,null,null,null,null
Thu Jul 23 11:00:00 UTC 2026,3251.7192807552365,3883.139500000001,3553.9395000000013,null,null,null,null,null,null,null
Thu Jul 23 12:00:00 UTC 2026,2614.942788672476,4772.139500000001,3666.7395000000015,null,null,null,null,null,null,null
Thu Jul 23 13:00:00 UTC 2026,2603.5036900120613,4657.139500000001,3779.5395000000017,null,null,null,null,null,null,null
Thu Jul 23 14:00:00 UTC 2026,2878.042057856257,4149.139500000001,3892.339500000001,null,null,null,null,null,null,null
Thu Jul 23 15:00:00 UTC 2026,3118.263129719887,4173.139500000001,4005.139500000001,null,null,null,null,null,null,null
Thu Jul 23 16:00:00 UTC 2026,2870.4159920827606,4068.139500000001,4117.9395,null,null,null,null,null,null,null
Thu Jul 23 17:00:00 UTC 2026,2843.7247618756905,4114.139500000001,4230.739500000001,null,null,null,null,null,null,null
Thu Jul 23 18:00:00 UTC 2026,3659.7137996344436,4279.139500000001,4343.539500000002,null,null,null,null,null,null,null
Thu Jul 23 19:00:00 UTC 2026,2980.993945797958,4717.139500000001,4456.339500000002,null,null,null,null,null,null,null
Thu Jul 23 20:00:00 UTC 2026,1425.2765280147441,4590.139500000001,4569.139500000001,null,null,null,null,null,null,null
Thu Jul 23 21:00:00 UTC 2026,769.434871498072,4552.139500000001,4681.939500000001,null,null,null,null,null,null,null
Thu Jul 23 22:00:00 UTC 2026,1829.4580140073722,4427.139500000001,4794.7395000000015,null,null,null,null,null,null,null
Thu Jul 23 23:00:00 UTC 2026,1985.792362362874,4574.139500000001,4907.539500000002,null,null,null,null,null,null,null
Fri Jul 24 00:00:00 UTC 2026,3251.7192807552365,4835.139500000001,5020.339500000001,null,null,null,null,null,null,null
Fri Jul 24 01:00:00 UTC 2026,3861.8045426309272,5033.139500000001,5133.139500000001,null,null,null,null,null,null,null
Fri Jul 24 02:00:00 UTC 2026,4403.255212545484,4845.139500000001,null,null,null,null,null,null,null,null
Fri Jul 24 03:00:00 UTC 2026,3122.076162606466,5005.139500000001,null,null,null,null,null,null,null,null
Fri Jul 24 04:00:00 UTC 2026,3667.33986540794,4998.139500000001,null,null,null,null,null,null,null,null
Fri Jul 24 05:00:00 UTC 2026,3842.739378197354,4480.139500000001,null,null,null,null,null,null,null,null
Fri Jul 24 06:00:00 UTC 2026,3209.775919001173,4515.139500000001,null,null,null,null,null,null,null,null
Fri Jul 24 07:00:00 UTC 2026,3430.9318264312296,4861.139500000001,null,null,null,null,null,null,null,null
Fri Jul 24 08:00:00 UTC 2026,3655.9007667478645,3526.139500000001,null,null,null,null,null,null,null,null
Fri Jul 24 09:00:00 UTC 2026,3263.158379415313,3818.139500000001,null,null,null,null,null,null,null,null
Fri Jul 24 10:00:00 UTC 2026,3404.240596224159,3459.139500000001,null,null,null,null,null,null,null,null
Fri Jul 24 11:00:00 UTC 2026,3324.1669056029496,3529.139500000001,null,null,null,null,null,null,null,null
Fri Jul 24 12:00:00 UTC 2026,3419.492727771153,3377.139500000001,null,null,null,null,null,null,null,null
Fri Jul 24 13:00:00 UTC 2026,3564.3879774665793,4103.139500000001,null,null,null,null,null,null,null,null
Fri Jul 24 14:00:00 UTC 2026,3286.0365767358035,3724.139500000001,null,null,null,null,null,null,null,null
Fri Jul 24 15:00:00 UTC 2026,3186.897721681021,3716.139500000001,null,null,null,null,null,null,null,null
Fri Jul 24 16:00:00 UTC 2026,2550.1212295979217,3480.139500000001,null,null,null,null,null,null,null,null
Fri Jul 24 17:00:00 UTC 2026,2241.2655657734977,3270.139500000001,null,null,null,null,null,null,null,null
Fri Jul 24 18:00:00 UTC 2026,1867.5883428745183,3905.139500000001,null,null,null,null,null,null,null,null
Fri Jul 24 19:00:00 UTC 2026,1425.2765280147441,3918.139500000001,null,null,null,null,null,null,null,null
Fri Jul 24 20:00:00 UTC 2026,918.1431540804156,3744.139500000001,null,null,null,null,null,null,null,null
Fri Jul 24 21:00:00 UTC 2026,-896.8605000000007,3380.139500000001,null,null,null,null,null,null,null,null
Fri Jul 24 22:00:00 UTC 2026,-896.8605000000007,3380.139500000001,null,null,null,null,null,null,null,null
Fri Jul 24 23:00:00 UTC 2026,4.31975,3380.139500000001,null,null,null,null,null,null,null,null,null,null
Sat Jul 25 00:00:00 UTC 2026,4.31975,3380.139500000001,null,null,null,null,null,null,null,null,null,null
Sat Jul 25 01:00:00 UTC 2026,4.31975,3380.139500000001,null,null,null,null,null,null,null,null,null,null
Sat Jul 25 02:00:00 UTC 2026,4.31975,3380.139500000001,null,null,null,null,null,null,null,null,null,null
Sat Jul 25 03:00:00 UTC 2026,4.31975,3380.139500000001,null,null,null,null,null,null,null,null,null,null
Sat Jul 25 04:00:00 UTC 2026,4.31975,3380.139500000001,null,null,null,null,null,null,null,null,null,null
Sat Jul 25 05:00:00 UTC 2026,4.31975,3380.139500000001,null,null,null,null,null,null,null,null,null,null
Sat Jul 25 06:00:00 UTC 2026,4.31975,3380.139500000001,null,null,null,null,null,null,null,null,null,null
Sat Jul 25 07:00:00 UTC 2026,4.31975,3380.139500000001,null,null,null,null,null,null,null,null,null,null
Sat Jul 25 08:00:00 UTC 2026,4.31975,3380.139500000001,null,null,null,null,null,null,null,null,null,null
Sat Jul 25 09:00:00 UTC 2026,4.31975,3380.139500000001,null,null,null,null,null,null,null,null,null,null
Sat Jul 25 10:00:00 UTC 2026,4.31975,3380.139500000001,null,null,null,null,null,null,null,null,null,null
Sat Jul 25 11:00:00 UTC 2026,4.31975,3380.139500000001,null,null,null,null,null,null,null,null,null,null
Sat Jul 25 12:00:00 UTC 2026,4.31975,3380.139500000001,null,null,null,null,null,null,null,null,null,null
Sat Jul 25 13:00:00 UTC 2026,4.31975,3380.139500000001,null,null,null,null,null,null,null,null,null,null
Sat Jul 25 14:00:00 UTC 2026,4.31975,3380.139500000001,null,null,null,null,null,null,null,null,null,null
Sat Jul 25 15:00:00 UTC 2026,4.31975,3380.139500000001,null,null,null,null,null,null,null,null,null,null
Sat Jul 25 16:00:00 UTC 2026,4.31975,3380.139500000001,null,null,null,null,null,null,null,null,null,null
Sat Jul 25 17:00:00 UTC 2026,4.31975,3380.139500000001,null,null,null,null,null,null,null,null,null,null
Sat Jul 25 18:00:00 UTC 2026,4.31975,3380.139500000001,null,null,null,null,null,null,null,null,null,null
Sat Jul 25 19:00:00 UTC 2026,4.31975,3380.139500000001,null,null,null,null,null,null,null,null,null,null
Sat Jul 25 20:00:00 UTC 2026,4.31975,3380.139500000001,null,null,null,null,null,null,null,null,null,null
Sat Jul 25 21:00:00 UTC 2026,4.31975,3380.139500000001,null,null,null,null,null,null,null,null,null,null
Sat Jul 25 22:00:00 UTC 2026,4.31975,3380.139500000001,null,null,null,null,null,null,null,null,null,null
Sat Jul 25 23:00:00 UTC 2026,4.31975,3380.139500000001,null,null,null,null,null,null,null,null,null,null
Sun Jul 26 00:00:00 UTC 2026,4.31975,3380.139500000001,null,null,null,null,null,null,null,null,null,null
Sun Jul 26 01:00:00 UTC 2026,4.31975,3380.139500000001,null,null,null,null,null,null,null,null,null,null
Sun Jul 26 02:00:00 UTC 2026,4.31975,3380.139500000001,null,null,null,null,null,null,null,null,null,null
Sun Jul 26 03:00:00 UTC 2026,4.31975,3380.139500000001,null,null,null,null,null,null,null,null,null,null
Sun Jul 26 04:00:00 UTC 2026,4.31975,3380.139500000001,null,null,null,null,null,null,null,null,null,null
Sun Jul 26 05:00:00 UTC 2026,4.31975,3380.139500000001,null,null,null,null,null,null,null,null,null,null
Sun Jul 26 06:00:00 UTC 2026,4.31975,3380.139500000001,null,null,null,null,null,null,null,null,null,null
Sun Jul 26 07:00:00 UTC 2026,4.31975,3380.139500000001,null,null,null,null,null,null,null,null,null,null
Sun Jul 26 08:00:00 UTC 2026,4.31975,3380.139500000001,null,null,null,null,null,null,null,null,null,null
Sun Jul 26 09:00:00 UTC 2026,4.31975,3380.139500000001,null,null,null,null,null,null,null,null,null,null
Sun Jul 26 10:00:00 UTC 2026,4.31975,3380.139500000001,null,null,null,null,null,null,null,null,null,null
Sun Jul 26 11:00:00 UTC 2026,4.31975,3380.139500000001,null,null,null,null,null,null,null,null,null,null
Sun Jul 26 12:00:00 UTC 2026,4.31975,3380.139500000001,null,null,null,null,null,null,null,null,null,null
Sun Jul 26 13:00:00 UTC 2026,4.31975,3380.139500000001,null,null,null,null,null,null,null,null,null,null
Sun Jul 26 14:00:00 UTC 2026,4.31975,3380.139500000001,null,null,null,null,null,null,null,null,null,null
Sun Jul 26 15:00:00 UTC 2026,4.31975,3380.139500000001,null,null,null,null,null,null,null,null,null,null
Sun Jul 26 16:00:00 UTC 2026,4.31975,3380.139500000001,null,null,null,null,null,null,null,null,null,null
Sun Jul 26 17:00:00 UTC 2026,4.31975,3380.139500000001,null,null,null,null,null,null,null,null,null,null
Sun Jul 26 18:00:00 UTC 2026,4.31975,3380.139500000001,null,null,null,null,null,null,null,null,null,null
Sun Jul 26 19:00:00 UTC 2026,4.31975,3380.139500000001,null,null,null,null,null,null,null,null,null,null
Sun Jul 26 20:00:00 UTC 2026,4.31975,3380.139500000001,null,null,null,null,null,null,null,null,null,null
Sun Jul 26 21:00:00 UTC 2026,4.31975,3467.139500000001,null,null,null,null,null,null,null,null,null,null
Sun Jul 26 22:00:00 UTC 2026,4.31975,3272.139500000001,null,null,null,null,null,null,null,null,null,null
Sun Jul 26 23:00:00 UTC 2026,4.31975,3353.139500000001,null,null,null,null,null,null,null,null,null,null
Mon Jul 27 00:00:00 UTC 2026,4.31975,3493.139500000001,null,null,null,null,null,null,null,null,null,null
Mon Jul 27 01:00:00 UTC 2026,4.31975,3270.139500000001,null,null,null,null,null,null,null,null,null,null
Mon Jul 27 02:00:00 UTC 2026,4.31975,3191.139500000001,null,null,null,null,null,null,null,null,null,null
Mon Jul 27 03:00:00 UTC 2026,4.31975,3121.139500000001,null,null,null,null,null,null,null,null,null,null
Mon Jul 27 04:00:00 UTC 2026,4.31975,2859.139500000001,null,null,null,null,null,null,null,null,null,null
Mon Jul 27 05:00:00 UTC 2026,4.31975,2937.139500000001,null,null,null,null,null,null,null,null,null,null
Mon Jul 27 06:00:00 UTC 2026,4.31975,3418.139500000001,null,null,null,null,null,null,null,null,null,null
Mon Jul 27 07:00:00 UTC 2026,4.31975,3010.139500000001,null,null,null,null,null,null,null,null,null,null
Mon Jul 27 08:00:00 UTC 2026,4.31975,2579.139500000001,null,2679.139500000001,null,null,null,null,null,null,null,null
Mon Jul 27 09:00:00 UTC 2026,4.31975,3003.139500000001,null,2809.8318076923088,null,null,null,null,null,null,null,null
Mon Jul 27 10:00:00 UTC 2026,4.31975,2847.139500000001,null,2940.5241153846164,null,null,null,null,null,null,null,null
Mon Jul 27 11:00:00 UTC 2026,4.31975,3028.139500000001,null,3071.2164230769245,null,null,null,null,null,null,null,null
Mon Jul 27 12:00:00 UTC 2026,4.31975,3077.139500000001,null,3201.9087307692316,null,null,null,null,null,null,null,null
Mon Jul 27 13:00:00 UTC 2026,4.31975,3374.139500000001,null,3332.60103846154,null,null,null,null,null,null,null,null
Mon Jul 27 14:00:00 UTC 2026,4.31975,3346.139500000001,null,3463.2933461538473,null,null,null,null,null,null,null,null
Mon Jul 27 15:00:00 UTC 2026,4.31975,2900.139500000001,null,3593.9856538461545,null,null,null,null,null,null,null,null
Mon Jul 27 16:00:00 UTC 2026,4.31975,1999.1395000000011,null,3724.677961538463,null,null,null,null,null,null,null,null
Mon Jul 27 17:00:00 UTC 2026,4.31975,2366.139500000001,null,3855.3702692307706,null,null,null,null,null,null,null,null
Mon Jul 27 18:00:00 UTC 2026,4.31975,2199.139500000001,null,3986.0625769230783,null,null,null,null,null,null,null,null
Mon Jul 27 19:00:00 UTC 2026,4.31975,2972.139500000001,null,4116.754884615386,null,null,null,null,null,null,null,null
Mon Jul 27 20:00:00 UTC 2026,4.31975,4095.139500000001,null,4247.4471923076935,null,null,null,null,null,null,null,null
Mon Jul 27 21:00:00 UTC 2026,4.31975,4278.139500000001,null,4378.139500000001,null,null,null,null,null,null,null,null
Mon Jul 27 22:00:00 UTC 2026,4.31975,4153.139500000001,null,null,null,null,null,null,null,null,null,null
Mon Jul 27 23:00:00 UTC 2026,4.31975,4138.139500000001,null,null,null,null,null,null,null,null,null,null
Tue Jul 28 00:00:00 UTC 2026,4.31975,4136.139500000001,null,null,null,null,null,null,null,null,null,null
Tue Jul 28 01:00:00 UTC 2026,4.31975,3614.139500000001,null,null,null,null,null,null,null,null,null,null
Tue Jul 28 02:00:00 UTC 2026,4.31975,3558.139500000001,null,null,null,null,null,null,null,null,null,null
Tue Jul 28 03:00:00 UTC 2026,4.31975,3744.139500000001,null,null,null,null,null,null,null,null,null,null
Tue Jul 28 04:00:00 UTC 2026,4.31975,4035.139500000001,null,null,null,null,null,null,null,null,null,null
Tue Jul 28 05:00:00 UTC 2026,4.31975,3279.139500000001,null,null,null,null,null,null,null,null,null,null
Tue Jul 28 06:00:00 UTC 2026,4.31975,3494.139500000001,null,null,null,null,null,null,null,null,null,null
Tue Jul 28 07:00:00 UTC 2026,4.31975,4149.139500000001,null,null,null,null,null,null,null,null,null,null
Tue Jul 28 08:00:00 UTC 2026,4.31975,3860.139500000001,null,null,null,null,null,null,null,null,null,null
Tue Jul 28 09:00:00 UTC 2026,4.31975,4109.139500000001,null,null,null,null,null,null,null,null,null,null
Tue Jul 28 10:00:00 UTC 2026,4.31975,3315.139500000001,null,null,null,null,null,null,null,null,null,null
Tue Jul 28 11:00:00 UTC 2026,4.31975,1788.1395000000011,null,1888.1395000000011,null,null,null,null,null,null,null,null
Tue Jul 28 12:00:00 UTC 2026,4.31975,2942.139500000001,null,2100.8061666666677,null,null,null,null,null,null,null,null
Tue Jul 28 13:00:00 UTC 2026,4.31975,3448.139500000001,null,2313.472833333334,null,null,null,null,null,null,null,null
Tue Jul 28 14:00:00 UTC 2026,4.31975,3311.139500000001,null,2526.139500000001,null,null,null,null,null,null,null,null
Tue Jul 28 15:00:00 UTC 2026,4.31975,2890.139500000001,null,2738.8061666666677,null,null,null,null,null,null,null,null
Tue Jul 28 16:00:00 UTC 2026,4.31975,3075.139500000001,null,2951.4728333333346,null,null,null,null,null,null,null,null
Tue Jul 28 17:00:00 UTC 2026,4.31975,2901.139500000001,null,3164.139500000001,null,null,null,null,null,null,null,null
Tue Jul 28 18:00:00 UTC 2026,4.31975,2947.139500000001,null,3376.8061666666677,null,null,null,null,null,null,null,null
Tue Jul 28 19:00:00 UTC 2026,4.31975,3546.139500000001,null,3589.472833333334,null,null,null,null,null,null,null,null
Tue Jul 28 20:00:00 UTC 2026,4.31975,3702.139500000001,null,3802.139500000001,3902.139500000001,null,null,null,null,4402.139500000001,null,null
Tue Jul 28 21:00:00 UTC 2026,4.31975,3456.139500000001,null,null,3805.2447631578957,null,null,null,null,4305.244763157896,null,null
Tue Jul 28 22:00:00 UTC 2026,4.31975,3492.139500000001,null,null,3708.3500263157903,null,null,null,null,4208.35002631579,null,null
Tue Jul 28 23:00:00 UTC 2026,4.31975,3610.139500000001,null,null,3611.4552894736853,null,null,null,null,4111.455289473685,null,null
Wed Jul 29 00:00:00 UTC 2026,4.31975,3436.139500000001,null,null,3514.5605526315803,null,null,null,null,4014.56055263158,null,null
Wed Jul 29 01:00:00 UTC 2026,4.31975,3556.139500000001,null,null,3417.6658157894744,null,null,null,null,3917.6658157894744,null,null
Wed Jul 29 02:00:00 UTC 2026,4.31975,3602.139500000001,null,null,3320.7710789473695,null,null,null,null,3820.77107894737,null,null
Wed Jul 29 03:00:00 UTC 2026,4.31975,3698.139500000001,null,null,3223.876342105264,null,null,null,null,3723.8763421052645,null,null
Wed Jul 29 04:00:00 UTC 2026,4.31975,3615.139500000001,null,null,3126.981605263159,null,null,null,null,3626.981605263159,null,null
Wed Jul 29 05:00:00 UTC 2026,4.31975,3451.139500000001,null,null,3030.0868684210536,null,null,null,null,3530.0868684210536,null,null
Wed Jul 29 06:00:00 UTC 2026,4.31975,3108.139500000001,null,null,2933.192131578948,null,null,null,null,3433.1921315789486,null,null
Wed Jul 29 07:00:00 UTC 2026,4.31975,3612.139500000001,null,null,2836.297394736843,null,null,null,null,3336.297394736843,null,null
Wed Jul 29 08:00:00 UTC 2026,4.31975,2877.139500000001,null,null,2739.402657894738,null,null,null,null,3239.402657894738,null,null
Wed Jul 29 09:00:00 UTC 2026,4.31975,3043.139500000001,null,null,2642.507921052633,null,null,null,null,3142.507921052633,null,null
Wed Jul 29 10:00:00 UTC 2026,4.31975,2771.139500000001,null,null,2545.6131842105274,null,null,null,null,3045.6131842105274,null,null
Wed Jul 29 11:00:00 UTC 2026,4.31975,2671.139500000001,null,null,2448.7184473684224,null,null,null,null,2948.718447368422,null,null
Wed Jul 29 12:00:00 UTC 2026,4.31975,3148.139500000001,null,null,2351.8237105263165,null,null,null,null,2851.8237105263165,null,null
Wed Jul 29 13:00:00 UTC 2026,4.31975,2175.139500000001,null,null,2254.9289736842115,null,null,null,null,2754.9289736842115,null,null
Wed Jul 29 14:00:00 UTC 2026,4.31975,2012.1395000000011,null,null,2158.034236842106,null,null,null,null,2658.034236842106,null,null
Wed Jul 29 15:00:00 UTC 2026,4.31975,1861.1395000000011,null,1961.1395000000011,2061.139500000001,null,null,null,null,2561.139500000001,null,null
Wed Jul 29 16:00:00 UTC 2026,4.31975,2235.139500000001,null,2105.472833333334,null,null,null,null,null,null,null,null
Wed Jul 29 17:00:00 UTC 2026,4.31975,2285.139500000001,null,2249.8061666666677,null,null,null,null,null,null,null,null
Wed Jul 29 18:00:00 UTC 2026,4.31975,1999.1395000000011,null,2394.139500000001,null,null,null,null,null,null,null,null
Wed Jul 29 19:00:00 UTC 2026,4.31975,2609.139500000001,null,2538.472833333334,null,null,null,null,null,null,null,null
Wed Jul 29 20:00:00 UTC 2026,4.31975,2990.139500000001,null,2682.806166666668,null,null,null,null,null,3690.139500000001,null,null
Wed Jul 29 21:00:00 UTC 2026,4.31975,2628.139500000001,null,2827.1395000000007,null,null,null,null,null,3595.60103846154,null,null
Wed Jul 29 22:00:00 UTC 2026,4.31975,2361.139500000001,null,2971.472833333334,null,null,null,null,null,3501.0625769230783,null,null
Wed Jul 29 23:00:00 UTC 2026,4.31975,2723.139500000001,null,3115.8061666666677,null,null,null,null,null,3406.5241153846164,null,null
Thu Jul 30 00:00:00 UTC 2026,4.31975,3160.139500000001,null,3260.139500000001,null,null,null,null,null,3311.985653846155,null,null
Thu Jul 30 01:00:00 UTC 2026,4.31975,2779.139500000001,null,null,null,null,null,null,null,3217.4471923076935,null,null
Thu Jul 30 02:00:00 UTC 2026,4.31975,2572.139500000001,null,null,null,null,null,null,null,3122.9087307692316,null,null
Thu Jul 30 03:00:00 UTC 2026,4.31975,2926.139500000001,null,null,null,null,null,null,null,3028.3702692307706,null,null
Thu Jul 30 04:00:00 UTC 2026,4.31975,2695.139500000001,null,null,null,null,null,null,null,2933.8318076923088,null,null
Thu Jul 30 05:00:00 UTC 2026,4.31975,2592.139500000001,null,null,null,null,null,null,null,2839.2933461538473,null,null
Thu Jul 30 06:00:00 UTC 2026,4.31975,2769.139500000001,null,null,null,null,null,null,null,2744.754884615386,null,null
Thu Jul 30 07:00:00 UTC 2026,4.31975,2533.139500000001,null,null,null,null,null,null,null,2650.216423076924,null,null
Thu Jul 30 08:00:00 UTC 2026,4.31975,2416.139500000001,null,null,null,null,null,null,null,2555.677961538463,null,null
Thu Jul 30 09:00:00 UTC 2026,4.31975,1761.1395000000011,null,null,null,null,null,null,null,2461.139500000001,null,null
Thu Jul 30 10:00:00 UTC 2026,4.31975,2885.139500000001,null,null,null,null,null,null,null,null,null,null
Thu Jul 30 11:00:00 UTC 2026,4.31975,2429.139500000001,null,null,null,null,null,null,null,null,null,null
Thu Jul 30 12:00:00 UTC 2026,4.31975,2494.139500000001,null,null,null,null,null,null,null,null,null,null
Thu Jul 30 13:00:00 UTC 2026,4.31975,1491.1395000000011,null,null,null,null,null,null,null,null,null,null
Thu Jul 30 14:00:00 UTC 2026,4.31975,2448.139500000001,null,null,null,null,null,null,null,null,null,null
Thu Jul 30 15:00:00 UTC 2026,4.31975,2515.139500000001,null,null,null,null,null,null,null,null,null,null
Thu Jul 30 16:00:00 UTC 2026,4.31975,2931.139500000001,null,null,null,null,null,null,null,null,null,null
Thu Jul 30 17:00:00 UTC 2026,4.31975,3301.139500000001,null,null,null,null,null,null,null,null,null,null
Thu Jul 30 18:00:00 UTC 2026,4.31975,3563.139500000001,null,null,null,null,null,null,null,null,null,null
Thu Jul 30 19:00:00 UTC 2026,4.31975,2877.139500000001,null,null,null,null,null,null,null,null,null,null
Thu Jul 30 20:00:00 UTC 2026,4.31975,3216.139500000001,null,null,null,null,null,null,null,null,null,null
Thu Jul 30 21:00:00 UTC 2026,4.31975,3099.139500000001,null,null,null,null,null,null,null,null,null,null
Thu Jul 30 22:00:00 UTC 2026,4.31975,2611.139500000001,null,null,null,null,null,null,null,null,null,null
Thu Jul 30 23:00:00 UTC 2026,4.31975,2416.139500000001,null,null,null,null,null,null,null,null,null,null
Fri Jul 31 00:00:00 UTC 2026,4.31975,2153.139500000001,null,null,null,null,null,null,null,null,null,null
Fri Jul 31 01:00:00 UTC 2026,4.31975,2674.139500000001,null,null,null,null,null,null,null,null,null,null
Fri Jul 31 02:00:00 UTC 2026,4.31975,2723.139500000001,null,null,null,null,null,null,null,null,null,null
Fri Jul 31 03:00:00 UTC 2026,4.31975,2793.139500000001,null,null,null,null,null,null,null,null,null,null
Fri Jul 31 04:00:00 UTC 2026,4.31975,2441.139500000001,null,null,null,null,null,null,null,null,null,null
Fri Jul 31 05:00:00 UTC 2026,4.31975,2083.139500000001,null,null,null,null,null,null,null,null,null,null
Fri Jul 31 06:00:00 UTC 2026,4.31975,1844.1395000000011,null,1944.1395000000011,null,null,null,null,null,null,null,null
Fri Jul 31 07:00:00 UTC 2026,4.31975,2784.139500000001,null,2188.639500000001,null,null,null,null,null,null,null,null
Fri Jul 31 08:00:00 UTC 2026,4.31975,2745.139500000001,null,2433.139500000001,null,null,null,null,null,null,null,null
Fri Jul 31 09:00:00 UTC 2026,4.31975,2365.139500000001,null,2677.639500000001,null,null,null,null,null,null,null,null
Fri Jul 31 10:00:00 UTC 2026,4.31975,2822.139500000001,null,2922.139500000001,null,null,null,null,null,null,null,null
Fri Jul 31 11:00:00 UTC 2026,4.31975,1890.1395000000011,null,null,null,null,null,null,null,null,null,null
Fri Jul 31 12:00:00 UTC 2026,4.31975,1080.1395000000011,null,null,null,null,null,null,null,null,null,null
Fri Jul 31 13:00:00 UTC 2026,4.31975,630.1395000000011,null,730.1395000000011,null,null,null,null,null,null,null,null
Fri Jul 31 14:00:00 UTC 2026,4.31975,788.1395000000011,null,1108.1395000000011,null,null,null,null,null,null,null,null
Fri Jul 31 15:00:00 UTC 2026,4.31975,1933.1395000000011,null,1486.1395000000011,null,null,null,null,null,null,null,null
Fri Jul 31 16:00:00 UTC 2026,4.31975,2224.139500000001,null,1864.1395000000011,null,null,null,null,null,null,null,null
Fri Jul 31 17:00:00 UTC 2026,4.31975,2451.139500000001,null,2242.139500000001,null,null,null,null,null,null,null,null
Fri Jul 31 18:00:00 UTC 2026,4.31975,2520.139500000001,null,2620.139500000001,null,null,null,null,null,null,null,null
Fri Jul 31 19:00:00 UTC 2026,4.31975,1975.1395000000011,null,null,null,null,null,null,null,null,null,null
Fri Jul 31 20:00:00 UTC 2026,4.31975,1317.1395000000011,null,null,null,null,null,null,null,null,null,null
Fri Jul 31 21:00:00 UTC 2026,4.31975,1402.1395000000011,null,null,null,null,null,null,null,null,null,null
Fri Jul 31 22:00:00 UTC 2026,4.31975,1402.1395000000011,null,null,null,null,null,null,null,null,null,null
Fri Jul 31 23:00:00 UTC 2026,4.31975,1402.1395000000011,null,null,null,null,null,null,null,null,null,null
Sat Aug 01 00:00:00 UTC 2026,4.31975,1402.1395000000011,null,null,null,null,null,null,null,null,null,null
Sat Aug 01 01:00:00 UTC 2026,4.31975,1402.1395000000011,null,null,null,null,null,null,null,null,null,null
Sat Aug 01 02:00:00 UTC 2026,4.31975,1402.1395000000011,null,null,null,null,null,null,null,null,null,null
Sat Aug 01 03:00:00 UTC 2026,4.31975,1402.1395000000011,null,null,null,null,null,null,null,null,null,null
Sat Aug 01 04:00:00 UTC 2026,4.31975,1402.1395000000011,null,null,null,null,null,null,null,null,null,null
Sat Aug 01 05:00:00 UTC 2026,4.31975,1402.1395000000011,null,null,null,null,null,null,null,null,null,null
Sat Aug 01 06:00:00 UTC 2026,4.31975,1402.1395000000011,null,null,null,null,null,null,null,null,null,null
Sat Aug 01 07:00:00 UTC 2026,4.31975,1402.1395000000011,null,null,null,null,null,null,null,null,null,null
Sat Aug 01 08:00:00 UTC 2026,4.31975,1402.1395000000011,null,null,null,null,null,null,null,null,null,null
Sat Aug 01 09:00:00 UTC 2026,4.31975,1402.1395000000011,null,null,null,null,null,null,null,null,null,null
Sat Aug 01 10:00:00 UTC 2026,4.31975,1402.1395000000011,null,null,null,null,null,null,null,null,null,null
Sat Aug 01 11:00:00 UTC 2026,4.31975,1402.1395000000011,null,null,null,null,null,null,null,null,null,null
Sat Aug 01 12:00:00 UTC 2026,4.31975,1402.1395000000011,null,null,null,null,null,null,null,null,null,null
Sat Aug 01 13:00:00 UTC 2026,4.31975,1402.1395000000011,null,null,null,null,null,null,null,null,null,null
Sat Aug 01 14:00:00 UTC 2026,4.31975,1402.1395000000011,null,null,null,null,null,null,null,null,null,null
Sat Aug 01 15:00:00 UTC 2026,4.31975,1402.1395000000011,null,null,null,null,null,null,null,null,null,null
Sat Aug 01 16:00:00 UTC 2026,4.31975,1402.1395000000011,null,null,null,null,null,null,null,null,null,null
Sat Aug 01 17:00:00 UTC 2026,4.31975,1402.1395000000011,null,null,null,null,null,null,null,null,null,null
Sat Aug 01 18:00:00 UTC 2026,4.31975,1402.1395000000011,null,null,null,null,null,null,null,null,null,null
Sat Aug 01 19:00:00 UTC 2026,4.31975,1402.1395000000011,null,null,null,null,null,null,null,null,null,null
Sat Aug 01 20:00:00 UTC 2026,4.31975,1402.1395000000011,null,null,null,null,null,null,null,null,null,null
Sat Aug 01 21:00:00 UTC 2026,4.31975,1402.1395000000011,null,null,null,null,null,null,null,null,null,null
Sat Aug 01 22:00:00 UTC 2026,4.31975,1402.1395000000011,null,null,null,null,null,null,null,null,null,null
Sat Aug 01 23:00:00 UTC 2026,4.31975,1402.1395000000011,null,null,null,null,null,null,null,null,null,null
Sun Aug 02 00:00:00 UTC 2026,4.31975,1402.1395000000011,null,null,null,null,null,null,null,null,null,null
Sun Aug 02 01:00:00 UTC 2026,4.31975,1402.1395000000011,null,null,null,null,null,null,null,null,null,null
Sun Aug 02 02:00:00 UTC 2026,4.31975,1402.1395000000011,null,null,null,null,null,null,null,null,null,null
Sun Aug 02 03:00:00 UTC 2026,4.31975,1402.1395000000011,null,null,null,null,null,null,null,null,null,null
Sun Aug 02 04:00:00 UTC 2026,4.31975,1402.1395000000011,null,null,null,null,null,null,null,null,null,null
Sun Aug 02 05:00:00 UTC 2026,4.31975,1402.1395000000011,null,null,null,null,null,null,null,null,null,null
Sun Aug 02 06:00:00 UTC 2026,4.31975,1402.1395000000011,null,null,null,null,null,null,null,null,null,null
Sun Aug 02 07:00:00 UTC 2026,4.31975,1402.1395000000011,null,null,null,null,null,null,null,null,null,null
Sun Aug 02 08:00:00 UTC 2026,4.31975,1402.1395000000011,null,null,null,null,null,null,null,null,null,null
Sun Aug 02 09:00:00 UTC 2026,4.31975,1402.1395000000011,null,null,null,null,null,null,null,null,null,null
Sun Aug 02 10:00:00 UTC 2026,4.31975,1402.1395000000011,null,null,null,null,null,null,null,null,null,null
Sun Aug 02 11:00:00 UTC 2026,4.31975,1402.1395000000011,null,null,null,null,null,null,null,null,null,null
Sun Aug 02 12:00:00 UTC 2026,4.31975,1402.1395000000011,null,null,null,null,null,null,null,null,null,null
Sun Aug 02 13:00:00 UTC 2026,4.31975,1402.1395000000011,null,null,null,null,null,null,null,null,null,null
Sun Aug 02 14:00:00 UTC 2026,4.31975,1402.1395000000011,null,null,null,null,null,null,null,null,null,null
Sun Aug 02 15:00:00 UTC 2026,4.31975,1402.1395000000011,null,null,null,null,null,null,null,null,null,null
Sun Aug 02 16:00:00 UTC 2026,4.31975,1402.1395000000011,null,null,null,null,null,null,null,null,null,null
Sun Aug 02 17:00:00 UTC 2026,4.31975,1402.1395000000011,null,null,null,null,null,null,null,null,null,null
Sun Aug 02 18:00:00 UTC 2026,4.31975,1402.1395000000011,null,null,null,null,null,null,null,null,null,null
Sun Aug 02 19:00:00 UTC 2026,4.31975,1402.1395000000011,null,null,null,null,null,null,null,null,null,null
Sun Aug 02 20:00:00 UTC 2026,4.31975,1402.1395000000011,null,null,null,null,null,null,null,null,null,null
Sun Aug 02 21:00:00 UTC 2026,4.31975,2332.139500000001,null,null,null,null,null,null,null,null,null,null
Sun Aug 02 22:00:00 UTC 2026,4.31975,1683.1395000000011,null,null,null,null,null,null,null,null,null,null
Sun Aug 02 23:00:00 UTC 2026,4.31975,2102.139500000001,null,null,null,null,null,null,null,null,null,null
Mon Aug 03 00:00:00 UTC 2026,4.31975,977.1395000000011,null,null,null,null,null,null,null,null,null,null
Mon Aug 03 01:00:00 UTC 2026,4.31975,204.13949999999932,null,null,null,null,null,null,null,null,null,null
Mon Aug 03 02:00:00 UTC 2026,4.31975,612.1395000000011,null,null,null,null,null,null,null,null,null,null
Mon Aug 03 03:00:00 UTC 2026,4.31975,932.1395000000011,null,null,null,null,null,null,null,null,null,null
Mon Aug 03 04:00:00 UTC 2026,4.31975,90.13949999999932,null,null,null,null,null,null,null,null,null,null
Mon Aug 03 05:00:00 UTC 2026,4.31975,68.13949999999932,null,168.13949999999932,null,null,null,null,null,null,null,null
Mon Aug 03 06:00:00 UTC 2026,4.31975,520.1395000000011,null,395.7394999999997,null,null,null,null,null,null,null,null
Mon Aug 03 07:00:00 UTC 2026,4.31975,617.1395000000011,null,623.3395000000002,null,null,null,null,null,null,null,null
Mon Aug 03 08:00:00 UTC 2026,4.31975,1177.1395000000011,null,850.9395000000003,null,null,null,null,null,null,null,null
Mon Aug 03 09:00:00 UTC 2026,4.31975,615.1395000000011,null,1078.539500000001,null,null,null,null,null,null,null,null
Mon Aug 03 10:00:00 UTC 2026,4.31975,1206.1395000000011,null,1306.1395000000011,null,null,null,null,null,null,null,null
Mon Aug 03 11:00:00 UTC 2026,4.31975,781.1395000000011,null,null,null,null,null,null,null,null,null,null
Mon Aug 03 12:00:00 UTC 2026,4.31975,878.1395000000011,null,null,null,null,null,null,null,null,null,null
Mon Aug 03 13:00:00 UTC 2026,4.31975,1083.1395000000011,null,null,null,null,null,null,null,null,null,null
Mon Aug 03 14:00:00 UTC 2026,4.31975,692.1395000000011,null,null,null,null,null,null,null,null,null,null
Mon Aug 03 15:00:00 UTC 2026,4.31975,633.1395000000011,null,null,null,null,null,null,null,null,null,null
Mon Aug 03 16:00:00 UTC 2026,4.31975,441.1394999999993,null,null,null,null,null,null,null,null,null,null
Mon Aug 03 17:00:00 UTC 2026,4.31975,415.1394999999993,null,null,null,null,null,null,null,null,null,null
Mon Aug 03 18:00:00 UTC 2026,4.31975,-111.86050000000068,null,null,null,null,null,null,null,null,null,null
Mon Aug 03 19:00:00 UTC 2026,4.31975,-600.8605000000007,null,-500.8605000000007,null,null,null,null,null,null,null,null
Mon Aug 03 20:00:00 UTC 2026,4.31975,-279.8605000000007,null,-395.97161111111177,null,null,null,null,null,null,null,null
Mon Aug 03 21:00:00 UTC 2026,4.31975,44.139499999999316,null,-291.0827222222229,null,null,null,null,null,null,null,null
Mon Aug 03 22:00:00 UTC 2026,4.31975,-35.860500000000684,null,-186.193833333334,null,null,null,null,null,null,null,null
Mon Aug 03 23:00:00 UTC 2026,4.31975,-70.86050000000068,null,-81.30494444444514,null,null,null,null,null,null,null,null
Tue Aug 04 00:00:00 UTC 2026,4.31975,37.139499999999316,null,23.583944444443773,null,null,null,null,null,null,null,null
Tue Aug 04 01:00:00 UTC 2026,4.31975,81.13949999999932,null,128.47283333333266,null,null,null,null,null,null,null,null
Tue Aug 04 02:00:00 UTC 2026,4.31975,236.13949999999932,null,233.36172222222154,null,null,null,null,null,null,null,null
Tue Aug 04 03:00:00 UTC 2026,4.31975,195.13949999999932,null,338.2506111111104,null,null,null,null,null,null,null,null
Tue Aug 04 04:00:00 UTC 2026,4.31975,343.1394999999993,null,443.1394999999993,543.1394999999993,null,null,null,null,1043.1394999999993,null,null
Tue Aug 04 05:00:00 UTC 2026,4.31975,312.1394999999993,null,null,-501.19383333333394,null,null,null,null,-1.1938333333339415,null,null
Tue Aug 04 06:00:00 UTC 2026,4.31975,342.1394999999993,null,null,-1545.5271666666672,null,null,null,null,-1045.5271666666672,null,null
Tue Aug 04 07:00:00 UTC 2026,4.31975,-5652.860500000001,null,null,-2589.8605000000007,null,null,null,null,-2089.8605000000007,null,null
Tue Aug 04 08:00:00 UTC 2026,4.31975,-5600.860500000001,null,null,-3634.1938333333337,null,null,null,null,-3134.1938333333337,null,null
Tue Aug 04 09:00:00 UTC 2026,4.31975,-5642.860500000001,null,null,-4678.527166666668,null,null,null,null,-4178.527166666668,null,null
Tue Aug 04 10:00:00 UTC 2026,4.31975,-5922.860500000001,null,-5822.860500000001,-5722.860500000001,null,null,null,null,-5222.860500000001,null,null
Tue Aug 04 11:00:00 UTC 2026,4.31975,-5889.860500000001,null,-5437.193833333334,null,null,null,null,null,null,null,null
Tue Aug 04 12:00:00 UTC 2026,4.31975,-5051.860500000001,null,-5051.527166666667,null,null,null,null,null,null,null,null
Tue Aug 04 13:00:00 UTC 2026,4.31975,-4765.860500000001,null,-4665.860500000001,null,null,null,null,null,null,null,null
Tue Aug 04 14:00:00 UTC 2026,4.31975,-4963.860500000001,null,null,null,null,null,null,null,null,null,null
Tue Aug 04 15:00:00 UTC 2026,4.31975,-5412.860500000001,null,null,null,null,null,null,null,null,null,null
Tue Aug 04 16:00:00 UTC 2026,4.31975,-5531.860500000001,null,null,null,null,null,null,null,null,null,null
Tue Aug 04 17:00:00 UTC 2026,4.31975,-5335.860500000001,null,null,null,null,null,null,null,null,null,null
Tue Aug 04 18:00:00 UTC 2026,4.31975,-5270.860500000001,null,null,null,null,null,null,null,null,null,null
Tue Aug 04 19:00:00 UTC 2026,4.31975,-4678.860500000001,null,null,null,null,null,null,null,null,null,null
Tue Aug 04 20:00:00 UTC 2026,4.31975,-5621.860500000001,null,null,null,null,null,null,null,null,null,null
Tue Aug 04 21:00:00 UTC 2026,4.31975,-5652.860500000001,null,null,null,null,null,null,null,null,null,null
Tue Aug 04 22:00:00 UTC 2026,4.31975,-5652.860500000001,null,null,null,null,null,null,null,null,null,null
Tue Aug 04 23:00:00 UTC 2026,4.31975,-5358.860500000001,null,null,null,null,null,null,null,null,null,null
Wed Aug 05 00:00:00 UTC 2026,4.31975,-5583.860500000001,null,null,null,null,null,null,null,null,null,null
Wed Aug 05 01:00:00 UTC 2026,4.31975,-5419.860500000001,null,null,null,null,null,null,null,null,null,null
Wed Aug 05 02:00:00 UTC 2026,4.31975,-5551.860500000001,null,null,null,null,null,null,null,null,null,null
Wed Aug 05 03:00:00 UTC 2026,4.31975,-5685.860500000001,null,-5585.860500000001,null,null,null,null,null,null,null,null
Wed Aug 05 04:00:00 UTC 2026,4.31975,-5508.860500000001,null,-5479.83485897436,null,null,null,null,null,null,null,null
Wed Aug 05 05:00:00 UTC 2026,4.31975,-5335.860500000001,null,-5373.8092179487185,null,null,null,null,null,null,null,null
Wed Aug 05 06:00:00 UTC 2026,4.31975,-4641.860500000001,null,-5267.783576923078,null,null,null,null,null,null,null,null
Wed Aug 05 07:00:00 UTC 2026,4.31975,-4106.860500000001,null,-5161.757935897436,null,null,null,null,null,null,null,null
Wed Aug 05 08:00:00 UTC 2026,4.31975,-3808.8605000000007,null,-5055.732294871796,null,null,null,null,null,null,null,null
Wed Aug 05 09:00:00 UTC 2026,4.31975,-4257.860500000001,null,-4949.706653846154,null,null,null,null,null,null,null,null
Wed Aug 05 10:00:00 UTC 2026,4.31975,-4085.8605000000007,null,-4843.681012820513,null,null,null,null,null,null,null,null
Wed Aug 05 11:00:00 UTC 2026,4.31975,-4485.860500000001,null,-4737.655371794872,null,null,null,null,null,null,null,null
Wed Aug 05 12:00:00 UTC 2026,4.31975,-4406.860500000001,null,-4631.629730769231,null,null,null,null,null,null,null,null
Wed Aug 05 13:00:00 UTC 2026,4.31975,-3808.8605000000007,null,-4525.6040897435905,null,null,null,null,null,null,null,null
Wed Aug 05 14:00:00 UTC 2026,4.31975,-3197.8605000000007,null,-4419.57844871795,null,null,null,null,null,null,null,null
Wed Aug 05 15:00:00 UTC 2026,4.31975,-3289.8605000000007,null,-4313.552807692308,null,null,null,null,null,null,null,null
Wed Aug 05 16:00:00 UTC 2026,4.31975,-3553.8605000000007,null,-4207.527166666667,null,null,null,null,null,null,null,null
Wed Aug 05 17:00:00 UTC 2026,4.31975,-3346.8605000000007,null,-4101.501525641026,null,null,null,null,null,null,null,null
Wed Aug 05 18:00:00 UTC 2026,4.31975,-3636.8605000000007,null,-3995.4758846153854,null,null,null,null,null,null,null,null
Wed Aug 05 19:00:00 UTC 2026,4.31975,-3194.8605000000007,null,-3889.4502435897443,null,null,null,null,null,null,null,null
Wed Aug 05 20:00:00 UTC 2026,4.31975,-2525.8605000000007,null,-3783.424602564103,null,null,null,null,null,null,null,null
Wed Aug 05 21:00:00 UTC 2026,4.31975,-2855.8605000000007,null,-3677.3989615384626,null,null,null,null,null,null,null,null
Wed Aug 05 22:00:00 UTC 2026,4.31975,-2881.8605000000007,null,-3571.373320512821,null,null,null,null,null,null,null,null
Wed Aug 05 23:00:00 UTC 2026,4.31975,-2493.8605000000007,null,-3465.3476794871804,null,null,null,null,null,null,null,null
Thu Aug 06 00:00:00 UTC 2026,4.31975,-2599.8605000000007,null,-3359.322038461539,null,null,null,null,null,null,null,null
Thu Aug 06 01:00:00 UTC 2026,4.31975,-2489.8605000000007,null,-3253.296397435898,null,null,null,null,null,null,null,null
Thu Aug 06 02:00:00 UTC 2026,4.31975,-2544.8605000000007,null,-3147.270756410257,null,null,null,null,null,null,null,null
Thu Aug 06 03:00:00 UTC 2026,4.31975,-2637.8605000000007,null,-3041.245115384616,null,null,null,null,null,null,null,null
Thu Aug 06 04:00:00 UTC 2026,4.31975,-2845.8605000000007,null,-2935.2194743589753,null,null,null,null,null,null,null,null
Thu Aug 06 05:00:00 UTC 2026,4.31975,-2975.8605000000007,null,-2829.1938333333337,null,null,null,null,null,null,null,null
Thu Aug 06 06:00:00 UTC 2026,4.31975,-3017.8605000000007,null,-2723.168192307693,null,null,null,null,null,null,null,null
Thu Aug 06 07:00:00 UTC 2026,4.31975,-2376.8605000000007,null,-2617.142551282052,null,null,null,null,null,null,null,null
Thu Aug 06 08:00:00 UTC 2026,4.31975,-2576.8605000000007,null,-2511.116910256411,null,null,null,null,null,null,null,null
Thu Aug 06 09:00:00 UTC 2026,4.31975,-2916.8605000000007,null,-2405.09126923077,null,null,null,null,null,null,null,null
Thu Aug 06 10:00:00 UTC 2026,4.31975,-2750.8605000000007,null,-2299.0656282051286,null,null,null,null,null,null,null,null
Thu Aug 06 11:00:00 UTC 2026,4.31975,-3031.8605000000007,null,-2193.039987179488,null,null,null,null,null,null,null,null
Thu Aug 06 12:00:00 UTC 2026,4.31975,-2831.8605000000007,null,-2087.014346153847,null,null,null,null,null,null,null,null
Thu Aug 06 13:00:00 UTC 2026,4.31975,-2553.8605000000007,null,-1980.9887051282058,null,null,null,null,null,null,null,null
Thu Aug 06 14:00:00 UTC 2026,4.31975,-2251.8605000000007,null,-1874.9630641025647,null,null,null,null,null,null,null,null
Thu Aug 06 15:00:00 UTC 2026,4.31975,-2453.8605000000007,null,-1768.937423076924,null,null,null,null,null,null,null,null
Thu Aug 06 16:00:00 UTC 2026,4.31975,-2071.8605000000007,null,-1662.9117820512827,null,null,null,null,null,null,null,null
Thu Aug 06 17:00:00 UTC 2026,4.31975,-2055.8605000000007,null,-1556.8861410256418,null,null,null,null,null,null,null,null
Thu Aug 06 18:00:00 UTC 2026,4.31975,-1550.8605000000007,null,-1450.8605000000007,null,null,null,null,null,null,null,null
Thu Aug 06 19:00:00 UTC 2026,4.31975,-1973.8605000000007,null,null,null,null,null,null,null,null,null,null
Thu Aug 06 20:00:00 UTC 2026,4.31975,-3273.8605000000007,null,null,null,null,null,null,null,null,null,null
Thu Aug 06 21:00:00 UTC 2026,4.31975,-3266.8605000000007,null,null,null,null,null,null,null,null,null,null
Thu Aug 06 22:00:00 UTC 2026,4.31975,-2746.8605000000007,null,null,null,null,null,null,null,null,null,null
Thu Aug 06 23:00:00 UTC 2026,4.31975,-2814.8605000000007,null,null,null,null,null,null,null,null,null,null
Fri Aug 07 00:00:00 UTC 2026,4.31975,-2329.8605000000007,null,null,null,null,null,null,null,null,null,null
Fri Aug 07 01:00:00 UTC 2026,4.31975,-2486.8605000000007,null,null,null,null,null,null,null,null,null,null
Fri Aug 07 02:00:00 UTC 2026,4.31975,-2305.8605000000007,null,null,null,null,null,null,null,null,null,null
Fri Aug 07 03:00:00 UTC 2026,4.31975,-2169.8605000000007,null,null,null,null,null,null,null,null,null,null
Fri Aug 07 04:00:00 UTC 2026,4.31975,-1805.8605000000007,null,null,null,null,null,null,null,null,null,null
Fri Aug 07 05:00:00 UTC 2026,4.31975,-2107.8605000000007,null,null,null,null,null,null,null,null,null,null
Fri Aug 07 06:00:00 UTC 2026,4.31975,-2112.8605000000007,null,null,null,null,null,null,null,null,null,null
Fri Aug 07 07:00:00 UTC 2026,4.31975,-2461.8605000000007,null,null,null,null,null,null,null,null,null,null
Fri Aug 07 08:00:00 UTC 2026,4.31975,-2289.8605000000007,null,null,null,null,null,null,null,null,null,null
Fri Aug 07 09:00:00 UTC 2026,4.31975,-2276.8605000000007,null,null,null,null,null,null,null,null,null,null
Fri Aug 07 10:00:00 UTC 2026,4.31975,-1974.8605000000007,null,null,null,null,null,null,null,null,null,null
Fri Aug 07 11:00:00 UTC 2026,4.31975,-2034.8605000000007,null,null,null,null,null,null,null,null,null,null
Fri Aug 07 12:00:00 UTC 2026,4.31975,-1991.8605000000007,null,null,null,null,null,null,null,null,null,null
Fri Aug 07 13:00:00 UTC 2026,4.31975,-1256.8605000000007,null,null,null,null,null,null,null,null,null,null
Fri Aug 07 14:00:00 UTC 2026,4.31975,-880.8605000000007,null,null,null,null,null,null,null,null,null,null
Fri Aug 07 15:00:00 UTC 2026,4.31975,-856.8605000000007,null,null,null,null,null,null,null,null,null,null
Fri Aug 07 16:00:00 UTC 2026,4.31975,-529.8605000000007,null,null,null,null,null,null,null,null,null,null
Fri Aug 07 17:00:00 UTC 2026,4.31975,-471.8605000000007,null,null,null,null,null,null,null,null,null,null
Fri Aug 07 18:00:00 UTC 2026,4.31975,-238.86050000000068,null,null,null,null,null,null,null,null,null,null
Fri Aug 07 19:00:00 UTC 2026,4.31975,-571.8605000000007,null,null,null,null,null,null,null,null,null,null
Fri Aug 07 20:00:00 UTC 2026,4.31975,-864.8605000000007,null,null,null,null,null,null,null,null,null,null
Fri Aug 07 21:00:00 UTC 2026,4.31975,-864.8605000000007,null,null,null,null,null,null,null,null,null,null
Fri Aug 07 22:00:00 UTC 2026,4.31975,-864.8605000000007,null,null,null,null,null,null,null,null,null,null
Fri Aug 07 23:00:00 UTC 2026,4.31975,-864.8605000000007,null,null,null,null,null,null,null,null,null,null
Sat Aug 08 00:00:00 UTC 2026,4.31975,-864.8605000000007,null,null,null,null,null,null,null,null,null,null
Sat Aug 08 01:00:00 UTC 2026,4.31975,-864.8605000000007,null,null,null,null,null,null,null,null,null,null
Sat Aug 08 02:00:00 UTC 2026,4.31975,-864.8605000000007,null,null,null,null,null,null,null,null,null,null
Sat Aug 08 03:00:00 UTC 2026,4.31975,-864.8605000000007,null,null,null,null,null,null,null,null,null,null
Sat Aug 08 04:00:00 UTC 2026,4.31975,-864.8605000000007,null,null,null,null,null,null,null,null,null,null
Sat Aug 08 05:00:00 UTC 2026,4.31975,-864.8605000000007,null,null,null,null,null,null,null,null,null,null
Sat Aug 08 06:00:00 UTC 2026,4.31975,-864.8605000000007,null,null,null,null,null,null,null,null,null,null
Sat Aug 08 07:00:00 UTC 2026,4.31975,-864.8605000000007,null,null,null,null,null,null,null,null,null,null
Sat Aug 08 08:00:00 UTC 2026,4.31975,-864.8605000000007,null,null,null,null,null,null,null,null,null,null
Sat Aug 08 09:00:00 UTC 2026,4.31975,-864.8605000000007,null,null,null,null,null,null,null,null,null,null
Sat Aug 08 10:00:00 UTC 2026,4.31975,-864.8605000000007,null,null,null,null,null,null,null,null,null,null
Sat Aug 08 11:00:00 UTC 2026,4.31975,-864.8605000000007,null,null,null,null,null,null,null,null,null,null
Sat Aug 08 12:00:00 UTC 2026,4.31975,-864.8605000000007,null,null,null,null,null,null,null,null,null,null
Sat Aug 08 13:00:00 UTC 2026,4.31975,-864.8605000000007,null,null,null,null,null,null,null,null,null,null
Sat Aug 08 14:00:00 UTC 2026,4.31975,-864.8605000000007,null,null,null,null,null,null,null,null,null,null
Sat Aug 08 15:00:00 UTC 2026,4.31975,-864.8605000000007,null,null,null,null,null,null,null,null,null,null
Sat Aug 08 16:00:00 UTC 2026,4.31975,-864.8605000000007,null,null,null,null,null,null,null,null,null,null
Sat Aug 08 17:00:00 UTC 2026,4.31975,-864.8605000000007,null,null,null,null,null,null,null,null,null,null
Sat Aug 08 18:00:00 UTC 2026,4.31975,-864.8605000000007,null,null,null,null,null,null,null,null,null,null
Sat Aug 08 19:00:00 UTC 2026,4.31975,-864.8605000000007,null,null,null,null,null,null,null,null,null,null
Sat Aug 08 20:00:00 UTC 2026,4.31975,-864.8605000000007,null,null,null,null,null,null,null,null,null,null
Sat Aug 08 21:00:00 UTC 2026,4.31975,-864.8605000000007,null,null,null,null,null,null,null,null,null,null
Sat Aug 08 22:00:00 UTC 2026,4.31975,-864.8605000000007,null,null,null,null,null,null,null,null,null,null
Sat Aug 08 23:00:00 UTC 2026,4.31975,-864.8605000000007,null,null,null,null,null,null,null,null,null,null
Sun Aug 09 00:00:00 UTC 2026,4.31975,-864.8605000000007,null,null,null,null,null,null,null,null,null,null
Sun Aug 09 01:00:00 UTC 2026,4.31975,-864.8605000000007,null,null,null,null,null,null,null,null,null,null
Sun Aug 09 02:00:00 UTC 2026,4.31975,-864.8605000000007,null,null,null,null,null,null,null,null,null,null
Sun Aug 09 03:00:00 UTC 2026,4.31975,-864.8605000000007,null,null,null,null,null,null,null,null,null,null
Sun Aug 09 04:00:00 UTC 2026,4.31975,-864.8605000000007,null,null,null,null,null,null,null,null,null,null
Sun Aug 09 05:00:00 UTC 2026,4.31975,-864.8605000000007,null,null,null,null,null,null,null,null,null,null
Sun Aug 09 06:00:00 UTC 2026,4.31975,-864.8605000000007,null,null,null,null,null,null,null,null,null,null
Sun Aug 09 07:00:00 UTC 2026,4.31975,-864.8605000000007,null,null,null,null,null,null,null,null,null,null
Sun Aug 09 08:00:00 UTC 2026,4.31975,-864.8605000000007,null,null,null,null,null,null,null,null,null,null
Sun Aug 09 09:00:00 UTC 2026,4.31975,-864.8605000000007,null,null,null,null,null,null,null,null,null,null
Sun Aug 09 10:00:00 UTC 2026,4.31975,-864.8605000000007,null,null,null,null,null,null,null,null,null,null
Sun Aug 09 11:00:00 UTC 2026,4.31975,-864.8605000000007,null,null,null,null,null,null,null,null,null,null
Sun Aug 09 12:00:00 UTC 2026,4.31975,-864.8605000000007,null,null,null,null,null,null,null,null,null,null
Sun Aug 09 13:00:00 UTC 2026,4.31975,-864.8605000000007,null,null,null,null,null,null,null,null,null,null
Sun Aug 09 14:00:00 UTC 2026,4.31975,-864.8605000000007,null,null,null,null,null,null,null,null,null,null
Sun Aug 09 15:00:00 UTC 2026,4.31975,-864.8605000000007,null,null,null,null,null,null,null,null,null,null
Sun Aug 09 16:00:00 UTC 2026,4.31975,-864.8605000000007,null,null,null,null,null,null,null,null,null,null
Sun Aug 09 17:00:00 UTC 2026,4.31975,-864.8605000000007,null,null,null,null,null,null,null,null,null,null
Sun Aug 09 18:00:00 UTC 2026,4.31975,-864.8605000000007,null,null,null,null,null,null,null,null,null,null
Sun Aug 09 19:00:00 UTC 2026,4.31975,-864.8605000000007,null,null,null,null,null,null,null,null,null,null
Sun Aug 09 20:00:00 UTC 2026,4.31975,-864.8605000000007,null,null,null,null,null,null,null,null,null,null
Sun Aug 09 21:00:00 UTC 2026,4.31975,-950.8605000000007,null,null,null,null,null,null,null,null,null,null
Sun Aug 09 22:00:00 UTC 2026,4.31975,-786.8605000000007,null,null,null,null,null,null,null,null,null,null
Sun Aug 09 23:00:00 UTC 2026,4.31975,-917.8605000000007,null,null,null,null,null,null,null,null,null,null
Mon Aug 10 00:00:00 UTC 2026,4.31975,-711.8605000000007,null,null,null,null,null,null,null,null,null,null
Mon Aug 10 01:00:00 UTC 2026,4.31975,-842.8605000000007,null,null,null,null,null,null,null,null,null,null
Mon Aug 10 02:00:00 UTC 2026,4.31975,-1053.8605000000007,null,null,null,null,null,null,null,null,null,null
Mon Aug 10 03:00:00 UTC 2026,4.31975,-1105.8605000000007,null,null,null,null,null,null,null,null,null,null
Mon Aug 10 04:00:00 UTC 2026,4.31975,-913.8605000000007,null,null,null,null,null,null,null,null,null,null
Mon Aug 10 05:00:00 UTC 2026,4.31975,-1290.8605000000007,null,null,null,null,null,null,null,null,null,null
Mon Aug 10 06:00:00 UTC 2026,4.31975,-1323.8605000000007,null,-1223.8605000000007,null,null,null,null,null,null,null,null
Mon Aug 10 07:00:00 UTC 2026,4.31975,-924.8605000000007,null,-921.6382777777783,null,null,null,null,null,null,null,null
Mon Aug 10 08:00:00 UTC 2026,4.31975,-683.8605000000007,null,-619.4160555555559,null,null,null,null,null,null,null,null
Mon Aug 10 09:00:00 UTC 2026,4.31975,-562.8605000000007,null,-317.1938333333334,null,null,null,null,null,null,null,null
Mon Aug 10 10:00:00 UTC 2026,4.31975,-25.860500000000684,null,-14.971611111110974,null,null,null,null,null,null,null,null
Mon Aug 10 11:00:00 UTC 2026,4.31975,-736.8605000000007,null,287.2506111111114,null,null,null,null,null,null,null,null
Mon Aug 10 12:00:00 UTC 2026,4.31975,-446.8605000000007,null,589.4728333333338,null,null,null,null,null,null,null,null
Mon Aug 10 13:00:00 UTC 2026,4.31975,-671.8605000000007,null,891.6950555555562,null,null,null,null,null,null,null,null
Mon Aug 10 14:00:00 UTC 2026,4.31975,28.139499999999316,null,1193.9172777777787,null,null,null,null,null,null,null,null
Mon Aug 10 15:00:00 UTC 2026,4.31975,1396.1395000000011,null,1496.1395000000011,null,null,null,null,null,null,null,null
Mon Aug 10 16:00:00 UTC 2026,4.31975,215.13949999999932,null,null,null,null,null,null,null,null,null,null
Mon Aug 10 17:00:00 UTC 2026,4.31975,-125.86050000000068,null,null,null,null,null,null,null,null,null,null
Mon Aug 10 18:00:00 UTC 2026,4.31975,846.1395000000011,null,null,null,null,null,null,null,null,null,null
Mon Aug 10 19:00:00 UTC 2026,4.31975,-605.8605000000007,null,null,null,null,null,null,null,null,null,null
Mon Aug 10 20:00:00 UTC 2026,4.31975,803.1395000000011,null,null,null,null,null,null,null,null,null,null
Mon Aug 10 21:00:00 UTC 2026,4.31975,-713.8605000000007,null,null,null,null,null,null,null,null,null,null
Mon Aug 10 22:00:00 UTC 2026,4.31975,-310.8605000000007,null,null,null,null,null,null,null,null,null,null
Mon Aug 10 23:00:00 UTC 2026,4.31975,-433.8605000000007,null,null,null,null,null,null,null,null,null,null
Tue Aug 11 00:00:00 UTC 2026,4.31975,-142.86050000000068,null,null,null,null,null,null,null,null,null,null
Tue Aug 11 01:00:00 UTC 2026,4.31975,-213.86050000000068,null,null,null,null,null,null,null,null,null,null
Tue Aug 11 02:00:00 UTC 2026,4.31975,-180.86050000000068,null,null,null,null,null,null,null,null,null,null
Tue Aug 11 03:00:00 UTC 2026,4.31975,-181.86050000000068,null,null,null,null,null,null,null,null,null,null
Tue Aug 11 04:00:00 UTC 2026,4.31975,-179.86050000000068,null,null,null,null,null,null,null,null,null,null
Tue Aug 11 05:00:00 UTC 2026,4.31975,-474.8605000000007,null,null,null,null,null,null,null,null,null,null
Tue Aug 11 06:00:00 UTC 2026,4.31975,-709.8605000000007,null,null,null,null,null,null,null,null,null,null
Tue Aug 11 07:00:00 UTC 2026,4.31975,-5099.860500000001,null,null,null,null,null,null,null,null,null,null
Tue Aug 11 08:00:00 UTC 2026,4.31975,-5762.860500000001,null,null,null,null,null,null,null,null,null,null
Tue Aug 11 09:00:00 UTC 2026,4.31975,-5628.860500000001,null,null,null,null,null,null,null,null,null,null
Tue Aug 11 10:00:00 UTC 2026,4.31975,-5338.860500000001,null,null,null,null,null,null,null,null,null,null
Tue Aug 11 11:00:00 UTC 2026,4.31975,-5575.860500000001,null,null,null,null,null,null,null,null,null,null
Tue Aug 11 12:00:00 UTC 2026,4.31975,-6063.860500000001,null,null,null,null,null,null,null,null,null,null
Tue Aug 11 13:00:00 UTC 2026,4.31975,-5879.860500000001,null,null,null,null,null,null,null,null,null,null
Tue Aug 11 14:00:00 UTC 2026,4.31975,-5948.860500000001,null,null,null,null,null,null,null,null,null,null
Tue Aug 11 15:00:00 UTC 2026,4.31975,-5840.860500000001,null,null,null,null,null,null,null,null,null,null
Tue Aug 11 16:00:00 UTC 2026,4.31975,-5885.860500000001,null,null,null,null,null,null,null,null,null,null
Tue Aug 11 17:00:00 UTC 2026,4.31975,-6035.860500000001,null,null,null,null,null,null,null,null,null,null
Tue Aug 11 18:00:00 UTC 2026,4.31975,-6063.860500000001,null,null,null,null,null,null,null,null,null,null
Tue Aug 11 19:00:00 UTC 2026,4.31975,-5883.860500000001,null,null,null,null,null,null,null,null,null,null
Tue Aug 11 20:00:00 UTC 2026,4.31975,-5812.860500000001,null,null,null,null,null,null,null,null,null,null
Tue Aug 11 21:00:00 UTC 2026,4.31975,-5951.860500000001,null,null,null,null,null,null,null,null,null,null
Tue Aug 11 22:00:00 UTC 2026,4.31975,-5648.860500000001,null,null,null,null,null,null,null,null,null,null
Tue Aug 11 23:00:00 UTC 2026,4.31975,-5891.860500000001,null,null,null,null,null,null,null,null,null,null
Wed Aug 12 00:00:00 UTC 2026,4.31975,-6020.860500000001,null,null,null,null,null,null,null,null,null,null
Wed Aug 12 01:00:00 UTC 2026,4.31975,-6202.860500000001,null,null,null,null,null,null,null,null,null,null
Wed Aug 12 02:00:00 UTC 2026,4.31975,-6343.860500000001,null,null,null,null,null,null,null,null,null,null
Wed Aug 12 03:00:00 UTC 2026,4.31975,-6214.860500000001,null,null,null,null,null,null,null,null,null,null
Wed Aug 12 04:00:00 UTC 2026,4.31975,-6057.860500000001,null,null,null,null,null,null,null,null,null,null
Wed Aug 12 05:00:00 UTC 2026,4.31975,-6137.860500000001,null,null,null,null,null,null,null,null,null,null
Wed Aug 12 06:00:00 UTC 2026,4.31975,-4717.860500000001,null,null,null,null,null,null,null,null,null,null
Wed Aug 12 07:00:00 UTC 2026,4.31975,-6032.860500000001,null,null,null,null,null,null,null,null,null,null
Wed Aug 12 08:00:00 UTC 2026,4.31975,-6467.860500000001,null,null,null,null,null,null,null,null,null,null
Wed Aug 12 09:00:00 UTC 2026,4.31975,-6337.860500000001,null,null,null,null,null,null,null,null,null,null
Wed Aug 12 10:00:00 UTC 2026,4.31975,-6678.860500000001,null,null,null,null,null,null,null,null,null,null
Wed Aug 12 11:00:00 UTC 2026,4.31975,-6421.860500000001,null,null,null,null,null,null,null,null,null,null
Wed Aug 12 12:00:00 UTC 2026,4.31975,-6286.860500000001,null,null,null,null,null,null,null,null,null,null
Wed Aug 12 13:00:00 UTC 2026,4.31975,-6486.860500000001,null,null,null,null,null,null,null,null,null,null
Wed Aug 12 14:00:00 UTC 2026,4.31975,-6342.860500000001,null,null,null,null,null,null,null,null,null,null
Wed Aug 12 15:00:00 UTC 2026,4.31975,-6426.860500000001,null,null,null,null,null,null,null,null,null,null
Wed Aug 12 16:00:00 UTC 2026,4.31975,-6447.860500000001,null,null,null,null,null,null,null,null,null,null
Wed Aug 12 17:00:00 UTC 2026,4.31975,-6385.860500000001,null,null,null,null,null,null,null,null,null,null
Wed Aug 12 18:00:00 UTC 2026,4.31975,-6434.860500000001,null,null,null,null,null,null,null,null,null,null
Wed Aug 12 19:00:00 UTC 2026,4.31975,-6453.860500000001,null,null,null,null,null,null,null,null,null,null
Wed Aug 12 20:00:00 UTC 2026,4.31975,-6454.860500000001,null,null,null,null,null,null,null,null,null,null
Wed Aug 12 21:00:00 UTC 2026,4.31975,-6563.860500000001,null,null,null,null,null,null,null,null,null,null
Wed Aug 12 22:00:00 UTC 2026,4.31975,-6330.860500000001,null,null,null,null,null,null,null,null,null,null
Wed Aug 12 23:00:00 UTC 2026,4.31975,-6138.860500000001,null,null,null,null,null,null,null,null,null,null
Thu Aug 13 00:00:00 UTC 2026,4.31975,-6230.860500000001,null,null,null,null,null,null,null,null,null,null
Thu Aug 13 01:00:00 UTC 2026,4.31975,-6367.860500000001,null,null,null,null,null,null,null,null,null,null
Thu Aug 13 02:00:00 UTC 2026,4.31975,-6372.860500000001,null,null,null,null,null,null,null,null,null,null
Thu Aug 13 03:00:00 UTC 2026,4.31975,-6893.860500000001,null,null,null,null,null,null,null,null,null,null
Thu Aug 13 04:00:00 UTC 2026,4.31975,-6829.860500000001,null,null,null,null,null,null,null,null,null,null
Thu Aug 13 05:00:00 UTC 2026,4.31975,-6710.860500000001,null,null,null,null,null,null,null,null,null,null
Thu Aug 13 06:00:00 UTC 2026,4.31975,-6531.860500000001,null,null,null,null,null,null,null,null,null,null
Thu Aug 13 07:00:00 UTC 2026,4.31975,-6293.860500000001,null,null,null,null,null,null,null,null,null,null
Thu Aug 13 08:00:00 UTC 2026,4.31975,-6390.860500000001,null,null,null,null,null,null,null,null,null,null
Thu Aug 13 09:00:00 UTC 2026,4.31975,-6383.860500000001,null,null,null,null,null,null,null,null,null,null
Thu Aug 13 10:00:00 UTC 2026,4.31975,-6455.860500000001,null,null,null,null,null,null,null,null,null,null
Thu Aug 13 11:00:00 UTC 2026,4.31975,-6372.860500000001,null,null,null,null,null,null,null,null,null,null
Thu Aug 13 12:00:00 UTC 2026,4.31975,-6407.860500000001,null,null,null,null,null,null,null,null,null,null
Thu Aug 13 13:00:00 UTC 2026,4.31975,-7204.860500000001,null,null,null,null,null,null,null,null,null,null
Thu Aug 13 14:00:00 UTC 2026,4.31975,-7033.860500000001,null,null,null,null,null,null,null,null,null,null
Thu Aug 13 15:00:00 UTC 2026,4.31975,-7129.860500000001,null,null,null,null,null,null,null,null,null,null
Thu Aug 13 16:00:00 UTC 2026,4.31975,-7042.860500000001,null,null,null,null,null,null,null,null,null,null
Thu Aug 13 17:00:00 UTC 2026,4.31975,-7094.860500000001,null,null,null,null,null,null,null,null,null,null
Thu Aug 13 18:00:00 UTC 2026,4.31975,-6991.860500000001,null,null,null,null,null,null,null,null,null,null
Thu Aug 13 19:00:00 UTC 2026,4.31975,-7021.860500000001,null,null,null,null,null,null,null,null,null,null
Thu Aug 13 20:00:00 UTC 2026,4.31975,-7142.860500000001,null,null,null,null,null,null,null,null,null,null
Thu Aug 13 21:00:00 UTC 2026,4.31975,-6983.860500000001,null,null,null,null,null,null,null,null,null,null
Thu Aug 13 22:00:00 UTC 2026,4.31975,-7159.860500000001,null,null,null,null,null,null,null,null,null,null
Thu Aug 13 23:00:00 UTC 2026,4.31975,-7061.860500000001,null,null,null,null,null,null,null,null,null,null
Fri Aug 14 00:00:00 UTC 2026,4.31975,-7174.860500000001,null,null,null,null,null,null,null,null,null,null
Fri Aug 14 01:00:00 UTC 2026,4.31975,-7288.860500000001,null,null,null,null,null,null,null,null,null,null
Fri Aug 14 02:00:00 UTC 2026,4.31975,-7319.860500000001,null,null,null,null,null,null,null,null,null,null
Fri Aug 14 03:00:00 UTC 2026,4.31975,-7367.860500000001,null,null,null,null,null,null,null,null,null,null
Fri Aug 14 04:00:00 UTC 2026,4.31975,-7324.860500000001,null,null,null,null,null,null,null,null,null,null
Fri Aug 14 05:00:00 UTC 2026,4.31975,-7295.860500000001,null,null,null,null,null,null,null,null,null,null
Fri Aug 14 06:00:00 UTC 2026,4.31975,-7295.860500000001,null,null,null,null,null,null,null,null,null,null
Fri Aug 14 07:00:00 UTC 2026,4.31975,-7077.860500000001,null,null,null,null,null,null,null,null,null,null
Fri Aug 14 08:00:00 UTC 2026,4.31975,-6882.860500000001,null,null,null,null,null,null,null,null,null,null
Fri Aug 14 09:00:00 UTC 2026,4.31975,-7048.860500000001,null,null,null,null,null,null,null,null,null,null
Fri Aug 14 10:00:00 UTC 2026,4.31975,-7190.860500000001,null,null,null,null,null,null,null,null,null,null
Fri Aug 14 11:00:00 UTC 2026,4.31975,-7054.860500000001,null,null,null,null,null,null,null,null,null,null
Fri Aug 14 12:00:00 UTC 2026,4.31975,-7112.860500000001,null,null,null,null,null,null,null,null,null,null
Fri Aug 14 13:00:00 UTC 2026,4.31975,-7127.860500000001,null,null,null,null,null,null,null,null,null,null
Fri Aug 14 14:00:00 UTC 2026,4.31975,-7185.860500000001,null,null,null,null,null,null,null,null,null,null
Fri Aug 14 15:00:00 UTC 2026,4.31975,-7059.860500000001,null,null,null,null,null,null,null,null,null,null
Fri Aug 14 16:00:00 UTC 2026,4.31975,-7159.860500000001,null,null,null,null,null,null,null,null,null,null
Fri Aug 14 17:00:00 UTC 2026,4.31975,-7048.860500000001,null,null,null,null,null,null,null,null,null,null
Fri Aug 14 18:00:00 UTC 2026,4.31975,-7019.860500000001,null,null,null,null,null,null,null,null,null,null
Fri Aug 14 19:00:00 UTC 2026,4.31975,-6881.860500000001,null,null,null,null,null,null,null,null,null,null
Fri Aug 14 20:00:00 UTC 2026,4.31975,-7009.860500000001,null,null,null,null,null,null,null,null,null,null
Fri Aug 14 21:00:00 UTC 2026,4.31975,-7009.860500000001,null,null,null,null,null,null,null,null,null,null
Fri Aug 14 22:00:00 UTC 2026,4.31975,-7009.860500000001,null,null,null,null,null,null,null,null,null,null
Fri Aug 14 23:00:00 UTC 2026,4.31975,-7009.860500000001,null,null,null,null,null,null,null,null,null,null
Sat Aug 15 00:00:00 UTC 2026,4.31975,-7009.860500000001,null,null,null,null,null,null,null,null,null,null
Sat Aug 15 01:00:00 UTC 2026,4.31975,-7009.860500000001,null,null,null,null,null,null,null,null,null,null
Sat Aug 15 02:00:00 UTC 2026,4.31975,-7009.860500000001,null,null,null,null,null,null,null,null,null,null
Sat Aug 15 03:00:00 UTC 2026,4.31975,-7009.860500000001,null,null,null,null,null,null,null,null,null,null
Sat Aug 15 04:00:00 UTC 2026,4.31975,-7009.860500000001,null,null,null,null,null,null,null,null,null,null
Sat Aug 15 05:00:00 UTC 2026,4.31975,-7009.860500000001,null,null,null,null,null,null,null,null,null,null
Sat Aug 15 06:00:00 UTC 2026,4.31975,-7009.860500000001,null,null,null,null,null,null,null,null,null,null
Sat Aug 15 07:00:00 UTC 2026,4.31975,-7009.860500000001,null,null,null,null,null,null,null,null,null,null
Sat Aug 15 08:00:00 UTC 2026,4.31975,-7009.860500000001,null,null,null,null,null,null,null,null,null,null
Sat Aug 15 09:00:00 UTC 2026,4.31975,-7009.860500000001,null,null,null,null,null,null,null,null,null,null
Sat Aug 15 10:00:00 UTC 2026,4.31975,-7009.860500000001,null,null,null,null,null,null,null,null,null,null
Sat Aug 15 11:00:00 UTC 2026,4.31975,-7009.860500000001,null,null,null,null,null,null,null,null,null,null
Sat Aug 15 12:00:00 UTC 2026,4.31975,-7009.860500000001,null,null,null,null,null,null,null,null,null,null
Sat Aug 15 13:00:00 UTC 2026,4.31975,-7009.860500000001,null,null,null,null,null,null,null,null,null,null
Sat Aug 15 14:00:00 UTC 2026,4.31975,-7009.860500000001,null,null,null,null,null,null,null,null,null,null
Sat Aug 15 15:00:00 UTC 2026,4.31975,-7009.860500000001,null,null,null,null,null,null,null,null,null,null
Sat Aug 15 16:00:00 UTC 2026,4.31975,-7009.860500000001,null,null,null,null,null,null,null,null,null,null
Sat Aug 15 17:00:00 UTC 2026,4.31975,-7009.860500000001,null,null,null,null,null,null,null,null,null,null
Sat Aug 15 18:00:00 UTC 2026,4.31975,-7009.860500000001,null,null,null,null,null,null,null,null,null,null
Sat Aug 15 19:00:00 UTC 2026,4.31975,-7009.860500000001,null,null,null,null,null,null,null,null,null,null
Sat Aug 15 20:00:00 UTC 2026,4.31975,-7009.860500000001,null,null,null,null,null,null,null,null,null,null
Sat Aug 15 21:00:00 UTC 2026,4.31975,-7009.860500000001,null,null,null,null,null,null,null,null,null,null
Sat Aug 15 22:00:00 UTC 2026,4.31975,-7009.860500000001,null,null,null,null,null,null,null,null,null,null
Sat Aug 15 23:00:00 UTC 2026,4.31975,-7009.860500000001,null,null,null,null,null,null,null,null,null,null
Sun Aug 16 00:00:00 UTC 2026,4.31975,-7009.860500000001,null,null,null,null,null,null,null,null,null,null
Sun Aug 16 01:00:00 UTC 2026,4.31975,-7009.860500000001,null,null,null,null,null,null,null,null,null,null
Sun Aug 16 02:00:00 UTC 2026,4.31975,-7009.860500000001,null,null,null,null,null,null,null,null,null,null
Sun Aug 16 03:00:00 UTC 2026,4.31975,-7009.860500000001,null,null,null,null,null,null,null,null,null,null
Sun Aug 16 04:00:00 UTC 2026,4.31975,-7009.860500000001,null,null,null,null,null,null,null,null,null,null
Sun Aug 16 05:00:00 UTC 2026,4.31975,-7009.860500000001,null,null,null,null,null,null,null,null,null,null
Sun Aug 16 06:00:00 UTC 2026,4.31975,-7009.860500000001,null,null,null,null,null,null,null,null,null,null
Sun Aug 16 07:00:00 UTC 2026,4.31975,-7009.860500000001,null,null,null,null,null,null,null,null,null,null
Sun Aug 16 08:00:00 UTC 2026,4.31975,-7009.860500000001,null,null,null,null,null,null,null,null,null,null
Sun Aug 16 09:00:00 UTC 2026,4.31975,-7009.860500000001,null,null,null,null,null,null,null,null,null,null
Sun Aug 16 10:00:00 UTC 2026,4.31975,-7009.860500000001,null,null,null,null,null,null,null,null,null,null
Sun Aug 16 11:00:00 UTC 2026,4.31975,-7009.860500000001,null,null,null,null,null,null,null,null,null,null
Sun Aug 16 12:00:00 UTC 2026,4.31975,-7009.860500000001,null,null,null,null,null,null,null,null,null,null
Sun Aug 16 13:00:00 UTC 2026,4.31975,-7009.860500000001,null,null,null,null,null,null,null,null,null,null
Sun Aug 16 14:00:00 UTC 2026,4.31975,-7009.860500000001,null,null,null,null,null,null,null,null,null,null
Sun Aug 16 15:00:00 UTC 2026,4.31975,-7009.860500000001,null,null,null,null,null,null,null,null,null,null
Sun Aug 16 16:00:00 UTC 2026,4.31975,-7009.860500000001,null,null,null,null,null,null,null,null,null,null
Sun Aug 16 17:00:00 UTC 2026,4.31975,-7009.860500000001,null,null,null,null,null,null,null,null,null,null
Sun Aug 16 18:00:00 UTC 2026,4.31975,-7009.860500000001,null,null,null,null,null,null,null,null,null,null
Sun Aug 16 19:00:00 UTC 2026,4.31975,-7009.860500000001,null,null,null,null,null,null,null,null,null,null
Sun Aug 16 20:00:00 UTC 2026,4.31975,-7009.860500000001,null,null,null,null,null,null,null,null,null,null
Sun Aug 16 21:00:00 UTC 2026,4.31975,-7074.860500000001,null,null,null,null,null,null,null,null,null,null
Sun Aug 16 22:00:00 UTC 2026,4.31975,-7005.860500000001,null,null,null,null,null,null,null,null,null,null
Sun Aug 16 23:00:00 UTC 2026,4.31975,-6955.860500000001,null,null,null,null,null,null,null,null,null,null
Mon Aug 17 00:00:00 UTC 2026,4.31975,-7440.860500000001,null,null,null,null,null,null,null,null,null,null
Mon Aug 17 01:00:00 UTC 2026,4.31975,-7478.860500000001,null,null,null,null,null,null,null,null,null,null
Mon Aug 17 02:00:00 UTC 2026,4.31975,-7438.860500000001,null,null,null,null,null,null,null,null,null,null
Mon Aug 17 03:00:00 UTC 2026,4.31975,-7499.860500000001,null,NaN,-7299.860500000001,null,null,null,null,null,null,null
Mon Aug 17 04:00:00 UTC 2026,4.31975,-7401.860500000001,null,null,-7330.539256476684,null,null,null,null,null,null,null
Mon Aug 17 05:00:00 UTC 2026,4.31975,-7375.860500000001,null,null,-7361.218012953369,null,null,null,null,null,null,null
Mon Aug 17 06:00:00 UTC 2026,4.31975,-7486.860500000001,null,null,-7391.896769430053,null,null,null,null,null,null,null
Mon Aug 17 07:00:00 UTC 2026,4.31975,-7277.860500000001,null,null,-7422.575525906736,null,null,null,null,null,null,null
Mon Aug 17 08:00:00 UTC 2026,4.31975,-7174.860500000001,null,null,-7453.25428238342,null,null,null,null,null,null,null
Mon Aug 17 09:00:00 UTC 2026,4.31975,-7047.860500000001,null,null,-7483.933038860104,null,null,null,null,null,null,null
Mon Aug 17 10:00:00 UTC 2026,4.31975,-7142.860500000001,null,null,-7514.611795336788,null,null,null,null,null,null,null
Mon Aug 17 11:00:00 UTC 2026,4.31975,-6940.860500000001,null,null,-7545.290551813472,null,null,null,null,null,null,null
Mon Aug 17 12:00:00 UTC 2026,4.31975,-6825.860500000001,null,null,-7575.969308290156,null,null,null,null,null,null,null
Mon Aug 17 13:00:00 UTC 2026,4.31975,-6889.860500000001,null,null,-7606.6480647668395,null,null,null,null,null,null,null
Mon Aug 17 14:00:00 UTC 2026,4.31975,-6846.860500000001,null,null,-7637.326821243524,null,null,null,null,null,null,null
Mon Aug 17 15:00:00 UTC 2026,4.31975,-7039.860500000001,null,null,-7668.005577720208,null,null,null,null,null,null,null
Mon Aug 17 16:00:00 UTC 2026,4.31975,-7280.860500000001,null,null,-7698.6843341968915,null,null,null,null,null,null,null
Mon Aug 17 17:00:00 UTC 2026,4.31975,-7067.860500000001,null,null,-7729.363090673575,null,null,null,null,null,null,null
Mon Aug 17 18:00:00 UTC 2026,4.31975,-7096.860500000001,null,null,-7760.04184715026,null,null,null,null,null,null,null
Mon Aug 17 19:00:00 UTC 2026,4.31975,-6998.860500000001,null,null,-7790.720603626944,null,null,null,null,null,null,null
Mon Aug 17 20:00:00 UTC 2026,4.31975,-6859.860500000001,null,null,-7821.399360103627,null,null,null,null,null,null,null
Mon Aug 17 21:00:00 UTC 2026,4.31975,-6985.860500000001,null,null,-7852.078116580311,null,null,null,null,null,null,null
Mon Aug 17 22:00:00 UTC 2026,4.31975,-7016.860500000001,null,null,-7882.756873056996,null,null,null,null,null,null,null
Mon Aug 17 23:00:00 UTC 2026,4.31975,-6975.860500000001,null,null,-7913.435629533679,null,null,null,null,null,null,null
Tue Aug 18 00:00:00 UTC 2026,4.31975,-6749.860500000001,null,null,-7944.114386010363,null,null,null,null,null,null,null
Tue Aug 18 01:00:00 UTC 2026,4.31975,-6955.860500000001,null,null,-7974.793142487048,null,null,null,null,null,null,null
Tue Aug 18 02:00:00 UTC 2026,4.31975,-6866.860500000001,null,null,-8005.47189896373,null,null,null,null,null,null,null
Tue Aug 18 03:00:00 UTC 2026,4.31975,-6831.860500000001,null,null,-8036.150655440415,null,null,null,null,null,null,null
Tue Aug 18 04:00:00 UTC 2026,4.31975,-6943.860500000001,null,null,-8066.829411917099,null,null,null,null,null,null,null
Tue Aug 18 05:00:00 UTC 2026,4.31975,-7312.860500000001,null,null,-8097.508168393782,null,null,null,null,null,null,null
Tue Aug 18 06:00:00 UTC 2026,4.31975,-7110.860500000001,null,null,-8128.186924870466,null,null,null,null,null,null,null
Tue Aug 18 07:00:00 UTC 2026,4.31975,-11998.860499999999,null,null,-8158.865681347152,null,null,null,null,null,null,null
Tue Aug 18 08:00:00 UTC 2026,4.31975,-12048.860499999999,null,null,-8189.544437823835,null,null,null,null,null,null,null
Tue Aug 18 09:00:00 UTC 2026,4.31975,-12007.860499999999,null,null,-8220.223194300519,null,null,null,null,null,null,null
Tue Aug 18 10:00:00 UTC 2026,4.31975,-11995.860499999999,null,null,-8250.901950777203,null,null,null,null,null,null,null
Tue Aug 18 11:00:00 UTC 2026,4.31975,-11827.860499999999,null,null,-8281.580707253886,null,null,null,null,null,null,null
Tue Aug 18 12:00:00 UTC 2026,4.31975,-11819.860499999999,null,null,-8312.25946373057,null,null,null,null,null,null,null
Tue Aug 18 13:00:00 UTC 2026,4.31975,-11858.860499999999,null,null,-8342.938220207254,null,null,null,null,null,null,null
Tue Aug 18 14:00:00 UTC 2026,4.31975,-11938.860499999999,null,null,-8373.616976683938,null,null,null,null,null,null,null
Tue Aug 18 15:00:00 UTC 2026,4.31975,-11912.860499999999,null,null,-8404.295733160623,null,null,null,null,null,null,null
Tue Aug 18 16:00:00 UTC 2026,4.31975,-11941.860499999999,null,null,-8434.974489637305,null,null,null,null,null,null,null
Tue Aug 18 17:00:00 UTC 2026,4.31975,-11900.860499999999,null,null,-8465.65324611399,null,null,null,null,null,null,null
Tue Aug 18 18:00:00 UTC 2026,4.31975,-11874.860499999999,null,null,-8496.332002590672,null,null,null,null,null,null,null
Tue Aug 18 19:00:00 UTC 2026,4.31975,-11965.860499999999,null,null,-8527.010759067358,null,null,null,null,null,null,null
Tue Aug 18 20:00:00 UTC 2026,4.31975,-11855.860499999999,null,null,-8557.689515544042,null,null,null,null,null,null,null
Tue Aug 18 21:00:00 UTC 2026,4.31975,-11868.860499999999,null,null,-8588.368272020725,null,null,null,null,null,null,null
Tue Aug 18 22:00:00 UTC 2026,4.31975,-11871.860499999999,null,null,-8619.047028497409,null,null,null,null,null,null,null
Tue Aug 18 23:00:00 UTC 2026,4.31975,-11886.860499999999,null,null,-8649.725784974093,null,null,null,null,null,null,null
Wed Aug 19 00:00:00 UTC 2026,4.31975,-11923.860499999999,null,null,-8680.404541450778,null,null,null,null,null,null,null
Wed Aug 19 01:00:00 UTC 2026,4.31975,-11910.860499999999,null,null,-8711.083297927462,null,null,null,null,null,null,null
Wed Aug 19 02:00:00 UTC 2026,4.31975,-11907.860499999999,null,null,-8741.762054404146,null,null,null,null,null,null,null
Wed Aug 19 03:00:00 UTC 2026,4.31975,-11915.860499999999,null,null,-8772.44081088083,null,null,null,null,null,null,null
Wed Aug 19 04:00:00 UTC 2026,4.31975,-11930.860499999999,null,null,-8803.119567357513,null,null,null,null,null,null,null
Wed Aug 19 05:00:00 UTC 2026,4.31975,-11930.860499999999,null,null,-8833.798323834197,null,null,null,null,null,null,null
Wed Aug 19 06:00:00 UTC 2026,4.31975,-12035.860499999999,null,null,-8864.47708031088,null,null,null,null,null,null,null
Wed Aug 19 07:00:00 UTC 2026,4.31975,-11944.860499999999,null,null,-8895.155836787566,null,null,null,null,null,null,null
Wed Aug 19 08:00:00 UTC 2026,4.31975,-11888.860499999999,null,null,-8925.83459326425,null,null,null,null,null,null,null
Wed Aug 19 09:00:00 UTC 2026,4.31975,-11786.860499999999,null,null,-8956.513349740933,null,null,null,null,null,null,null
Wed Aug 19 10:00:00 UTC 2026,4.31975,-11874.860499999999,null,null,-8987.192106217617,null,null,null,null,null,null,null
Wed Aug 19 11:00:00 UTC 2026,4.31975,-11872.860499999999,null,null,-9017.8708626943,null,null,null,null,null,null,null
Wed Aug 19 12:00:00 UTC 2026,4.31975,-11837.860499999999,null,null,-9048.549619170984,null,null,null,null,null,null,null
Wed Aug 19 13:00:00 UTC 2026,4.31975,-11803.860499999999,null,null,-9079.228375647668,null,null,null,null,null,null,null
Wed Aug 19 14:00:00 UTC 2026,4.31975,-11789.860499999999,null,null,-9109.907132124352,null,null,null,null,null,null,null
Wed Aug 19 15:00:00 UTC 2026,4.31975,-11657.860499999999,null,null,-9140.585888601036,null,null,null,null,null,null,null
Wed Aug 19 16:00:00 UTC 2026,4.31975,-11691.860499999999,null,null,-9171.264645077721,null,null,null,null,null,null,null
Wed Aug 19 17:00:00 UTC 2026,4.31975,-11691.860499999999,null,null,-9201.943401554403,null,null,null,null,null,null,null
Wed Aug 19 18:00:00 UTC 2026,4.31975,-12644.860499999999,null,null,-9232.622158031088,null,null,null,null,null,null,null
Wed Aug 19 19:00:00 UTC 2026,4.31975,-12678.860499999999,null,null,-9263.300914507772,null,null,null,null,null,null,null
Wed Aug 19 20:00:00 UTC 2026,4.31975,-12591.860499999999,null,null,-9293.979670984456,null,null,null,null,null,null,null
Wed Aug 19 21:00:00 UTC 2026,4.31975,-12539.860499999999,null,null,-9324.658427461141,null,null,null,null,null,null,null
Wed Aug 19 22:00:00 UTC 2026,4.31975,-12528.860499999999,null,null,-9355.337183937823,null,null,null,null,null,null,null
Wed Aug 19 23:00:00 UTC 2026,4.31975,-12522.860499999999,null,null,-9386.015940414507,null,null,null,null,null,null,null
Thu Aug 20 00:00:00 UTC 2026,4.31975,-12526.860499999999,null,null,-9416.69469689119,null,null,null,null,null,null,null
Thu Aug 20 01:00:00 UTC 2026,4.31975,-12596.860499999999,null,null,-9447.373453367876,null,null,null,null,null,null,null
Thu Aug 20 02:00:00 UTC 2026,4.31975,-12594.860499999999,null,null,-9478.05220984456,null,null,null,null,null,null,null
Thu Aug 20 03:00:00 UTC 2026,4.31975,-12551.860499999999,null,null,-9508.730966321244,null,null,null,null,null,null,null
Thu Aug 20 04:00:00 UTC 2026,4.31975,-12599.860499999999,null,null,-9539.409722797927,null,null,null,null,null,null,null
Thu Aug 20 05:00:00 UTC 2026,4.31975,-12526.860499999999,null,null,-9570.088479274611,null,null,null,null,null,null,null
Thu Aug 20 06:00:00 UTC 2026,4.31975,-12520.860499999999,null,null,-9600.767235751295,null,null,null,null,null,null,null
Thu Aug 20 07:00:00 UTC 2026,4.31975,-12540.860499999999,null,null,-9631.445992227978,null,null,null,null,null,null,null
Thu Aug 20 08:00:00 UTC 2026,4.31975,-12553.860499999999,null,null,-9662.124748704664,null,null,null,null,null,null,null
Thu Aug 20 09:00:00 UTC 2026,4.31975,-12740.860499999999,null,null,-9692.803505181348,null,null,null,null,null,null,null
Thu Aug 20 10:00:00 UTC 2026,4.31975,-12684.860499999999,null,null,-9723.482261658031,null,null,null,null,null,null,null
Thu Aug 20 11:00:00 UTC 2026,4.31975,-12772.860499999999,null,null,-9754.161018134713,null,null,null,null,null,null,null
Thu Aug 20 12:00:00 UTC 2026,4.31975,-12841.860499999999,null,null,-9784.839774611399,null,null,null,null,null,null,null
Thu Aug 20 13:00:00 UTC 2026,4.31975,-12921.860499999999,null,null,-9815.518531088084,null,null,null,null,null,null,null
Thu Aug 20 14:00:00 UTC 2026,4.31975,-12860.860499999999,null,null,-9846.197287564766,null,null,null,null,null,null,null
Thu Aug 20 15:00:00 UTC 2026,4.31975,-12898.860499999999,null,null,-9876.876044041452,null,null,null,null,null,null,null
Thu Aug 20 16:00:00 UTC 2026,4.31975,-12906.860499999999,null,null,-9907.554800518135,null,null,null,null,null,null,null
Thu Aug 20 17:00:00 UTC 2026,4.31975,-12928.860499999999,null,null,-9938.233556994817,null,null,null,null,null,null,null
Thu Aug 20 18:00:00 UTC 2026,4.31975,-12951.860499999999,null,null,-9968.912313471501,null,null,null,null,null,null,null
Thu Aug 20 19:00:00 UTC 2026,4.31975,-13032.860499999999,null,null,-9999.591069948186,null,null,null,null,null,null,null
Thu Aug 20 20:00:00 UTC 2026,4.31975,-13122.860499999999,null,null,-10030.26982642487,null,null,null,null,null,null,null
Thu Aug 20 21:00:00 UTC 2026,4.31975,-13091.860499999999,null,null,-10060.948582901554,null,null,null,null,null,null,null
Thu Aug 20 22:00:00 UTC 2026,4.31975,-13008.860499999999,null,null,-10091.627339378238,null,null,null,null,null,null,null
Thu Aug 20 23:00:00 UTC 2026,4.31975,-13049.860499999999,null,null,-10122.306095854921,null,null,null,null,null,null,null
Fri Aug 21 00:00:00 UTC 2026,4.31975,-13112.860499999999,null,null,-10152.984852331605,null,null,null,null,null,null,null
Fri Aug 21 01:00:00 UTC 2026,4.31975,-13145.860499999999,null,null,-10183.66360880829,null,null,null,null,null,null,null
Fri Aug 21 02:00:00 UTC 2026,4.31975,-13119.860499999999,null,null,-10214.342365284974,null,null,null,null,null,null,null
Fri Aug 21 03:00:00 UTC 2026,4.31975,-13117.860499999999,null,null,-10245.021121761658,null,null,null,null,null,null,null
Fri Aug 21 04:00:00 UTC 2026,4.31975,-13111.860499999999,null,null,-10275.699878238342,null,null,null,null,null,null,null
Fri Aug 21 05:00:00 UTC 2026,4.31975,-13117.860499999999,null,null,-10306.378634715025,null,null,null,null,null,null,null
Fri Aug 21 06:00:00 UTC 2026,4.31975,-13116.860499999999,null,null,-10337.057391191709,null,null,null,null,null,null,null
Fri Aug 21 07:00:00 UTC 2026,4.31975,-13143.860499999999,null,null,-10367.736147668393,null,null,null,null,null,null,null
Fri Aug 21 08:00:00 UTC 2026,4.31975,-13186.860499999999,null,null,-10398.414904145076,null,null,null,null,null,null,null
Fri Aug 21 09:00:00 UTC 2026,4.31975,-13234.860499999999,null,null,-10429.093660621762,null,null,null,null,null,null,null
Fri Aug 21 10:00:00 UTC 2026,4.31975,-13213.860499999999,null,null,-10459.772417098446,null,null,null,null,null,null,null
Fri Aug 21 11:00:00 UTC 2026,4.31975,-13250.860499999999,null,null,-10490.45117357513,null,null,null,null,null,null,null
Fri Aug 21 12:00:00 UTC 2026,4.31975,-13113.860499999999,null,null,-10521.129930051813,null,null,null,null,null,null,null
Fri Aug 21 13:00:00 UTC 2026,4.31975,-13085.860499999999,null,null,-10551.808686528497,null,null,null,null,null,null,null
Fri Aug 21 14:00:00 UTC 2026,4.31975,-13156.860499999999,null,null,-10582.48744300518,null,null,null,null,null,null,null
Fri Aug 21 15:00:00 UTC 2026,4.31975,-13126.860499999999,null,null,-10613.166199481864,null,null,null,null,null,null,null
Fri Aug 21 16:00:00 UTC 2026,4.31975,-13111.860499999999,null,null,-10643.84495595855,null,null,null,null,null,null,null
Fri Aug 21 17:00:00 UTC 2026,4.31975,-13069.860499999999,null,null,-10674.523712435232,null,null,null,null,null,null,null
Fri Aug 21 18:00:00 UTC 2026,4.31975,-13080.860499999999,null,null,-10705.202468911917,null,null,null,null,null,null,null
Fri Aug 21 19:00:00 UTC 2026,4.31975,-13130.860499999999,null,null,-10735.881225388599,null,null,null,null,null,null,null
Fri Aug 21 20:00:00 UTC 2026,4.31975,-13081.860499999999,null,null,-10766.559981865284,null,null,null,null,null,null,null
Fri Aug 21 21:00:00 UTC 2026,4.31975,-13081.860499999999,null,null,-10797.238738341968,null,null,null,null,null,null,null
Fri Aug 21 22:00:00 UTC 2026,4.31975,-13081.860499999999,null,null,-10827.917494818652,null,null,null,null,null,null,null
