date,P_Kweek_61_Kday_0_ETE_65_ORD_56_EXT_78_E2Ekor_80_EXTkor_66_DIFF_20094,a,b,c,d,e,f,g,h,i,j
Sat Oct 03 07:00:00 UTC 2026,-79285.50465222541,0.91385000012815,-566012.597261111,null,-565812.597261111,null,null,null,null,null
Sat Oct 03 08:00:00 UTC 2026,114086.94248434715,0.91385000012815,-587095.623187037,null,-586895.623187037,null,null,null,null,null
Sat Oct 03 09:00:00 UTC 2026,147427.019576855,0.91385000012815,-608178.6491129631,null,-607978.6491129627,null,null,null,null,null
Sat Oct 03 10:00:00 UTC 2026,114086.94248434715,0.91385000012815,-629261.6750388888,null,-629061.6750388888,null,null,null,null,null
Sat Oct 03 11:00:00 UTC 2026,27402.742043843027,0.91385000012815,-650344.7009648148,null,-650144.700964815,null,null,null,null,null
Sat Oct 03 12:00:00 UTC 2026,20734.726625296753,0.91385000012815,-671427.7268907409,null,-671227.7268907405,null,null,null,null,null
Sat Oct 03 13:00:00 UTC 2026,34070.757462314796,0.91385000012815,-692510.7528166668,null,-692310.7528166666,null,null,null,null,null
Sat Oct 03 14:00:00 UTC 2026,34070.757462314796,0.91385000012815,-713593.7787425925,null,-713393.7787425923,null,null,null,null,null
Sat Oct 03 15:00:00 UTC 2026,40738.772880860604,0.91385000012815,-734676.8046685182,null,-734476.804668518,null,null,null,null,null
Sat Oct 03 16:00:00 UTC 2026,67410.83455482218,0.91385000012815,-755759.8305944444,null,-755559.8305944442,null,null,null,null,null
Sat Oct 03 17:00:00 UTC 2026,27402.742043843027,0.91385000012815,-776842.8565203706,null,-776642.8565203703,null,null,null,null,null
Sat Oct 03 18:00:00 UTC 2026,40738.772880860604,0.91385000012815,-797925.882446296,null,-797725.882446296,null,null,null,null,null
Sat Oct 03 19:00:00 UTC 2026,27402.742043843027,0.91385000012815,-819008.9083722222,null,-818808.908372222,null,null,null,null,null
Sat Oct 03 20:00:00 UTC 2026,34070.757462314796,0.91385000012815,-840091.9342981481,null,-839891.9342981481,null,null,null,null,null
Sat Oct 03 21:00:00 UTC 2026,27402.742043843027,0.91385000012815,-861174.9602240738,null,-860974.9602240738,null,null,null,null,null
Sat Oct 03 22:00:00 UTC 2026,14066.711206824984,0.91385000012815,-882257.98615,null,-882057.98615,null,null,null,null,null
Sat Oct 03 23:00:00 UTC 2026,54074.80371780414,0.91385000012815,-903341.012075926,null,-903141.012075926,null,null,null,null,null
Sun Oct 04 00:00:00 UTC 2026,40738.772880860604,0.91385000012815,-924424.0380018521,null,-924224.0380018521,null,null,null,null,null
Sun Oct 04 01:00:00 UTC 2026,47406.78829933237,0.91385000012815,-945507.0639277776,null,-945307.0639277778,null,null,null,null,null
Sun Oct 04 03:00:00 UTC 2026,74078.849973368,0.91385000012815,-966590.0898537035,null,-966390.0898537037,null,null,null,null,null
Sun Oct 04 04:00:00 UTC 2026,40738.772880860604,0.91385000012815,-987673.1157796297,null,-987473.1157796292,null,null,null,null,null
Sun Oct 04 05:00:00 UTC 2026,214107.17376186978,0.91385000012815,-1008756.1417055556,null,-1008556.1417055554,null,null,null,null,null
Sun Oct 04 06:00:00 UTC 2026,40738.772880860604,0.91385000012815,-1029839.1676314813,null,-1029639.1676314811,null,null,null,null,null
Sun Oct 04 07:00:00 UTC 2026,47406.78829933237,0.91385000012815,-1050922.1935574072,null,-1050722.193557407,null,null,null,null,null
Sun Oct 04 08:00:00 UTC 2026,27402.742043843027,0.91385000012815,-1072005.2194833334,null,-1071805.2194833332,null,null,null,null,null
Sun Oct 04 09:00:00 UTC 2026,187435.1120879082,0.91385000012815,-1093088.2454092589,null,-1092888.2454092589,null,null,null,null,null
Sun Oct 04 10:00:00 UTC 2026,114086.94248434715,0.91385000012815,-1114171.271335185,null,-1113971.271335185,null,null,null,null,null
Sun Oct 04 11:00:00 UTC 2026,47406.78829933237,0.91385000012815,-1135254.2972611112,null,-1135054.297261111,null,null,null,null,null
Sun Oct 04 12:00:00 UTC 2026,174099.08125089016,0.91385000012815,-1156337.3231870371,null,-1156137.3231870371,null,null,null,null,null
Sun Oct 04 13:00:00 UTC 2026,227443.20459888736,0.91385000012815,-1177420.3491129626,null,-1177220.3491129626,null,null,null,null,null
Sun Oct 04 14:00:00 UTC 2026,100750.91164732957,0.91385000012815,-1198503.3750388888,null,-1198303.3750388888,null,null,null,null,null
Sun Oct 04 15:00:00 UTC 2026,134090.98873983696,0.91385000012815,-1219586.4009648147,null,-1219386.400964815,null,null,null,null,null
Sun Oct 04 16:00:00 UTC 2026,167431.06583234435,0.91385000012815,-1240669.4268907406,null,-1240469.4268907409,null,null,null,null,null
Sun Oct 04 17:00:00 UTC 2026,180767.09666936193,0.91385000012815,-1261752.4528166663,null,-1261552.4528166666,null,null,null,null,null
Sun Oct 04 18:00:00 UTC 2026,120754.95790289342,0.91385000012815,-1282835.4787425925,null,-1282635.4787425925,null,null,null,null,null
Sun Oct 04 19:00:00 UTC 2026,107418.92706587538,0.91385000012815,-1303918.5046685184,null,-1303718.504668519,null,null,null,null,null
Sun Oct 04 20:00:00 UTC 2026,140759.00415838277,0.91385000012815,-1325001.5305944441,null,-1324801.5305944444,null,null,null,null,null
Sun Oct 04 21:00:00 UTC 2026,167431.06583234435,-276218.0861499999,-1346084.55652037,null,-1345884.5565203703,null,null,null,null,null
Sun Oct 04 22:00:00 UTC 2026,167431.06583234435,-450648.0861499999,-1367167.5824462962,null,-1366967.582446296,null,null,null,null,null
Sun Oct 04 23:00:00 UTC 2026,394143.59006142477,-673336.0861499999,-1388250.6083722222,null,-1388050.6083722222,null,null,null,null,null
Mon Oct 05 00:00:00 UTC 2026,334131.4512949558,-655448.0861499999,-1409333.6342981476,null,-1409133.6342981476,null,null,null,null,null
Mon Oct 05 01:00:00 UTC 2026,294123.35878390213,-563254.0861499999,-1430416.660224074,null,-1430216.6602240738,null,null,null,null,null
Mon Oct 05 02:00:00 UTC 2026,14066.711206824984,-1033940.0861499999,-1451499.68615,null,-1451299.68615,null,null,null,null,null
Mon Oct 05 03:00:00 UTC 2026,267451.297109941,-1080382.0861499999,-1472582.712075926,null,-1472382.712075926,null,null,null,null,null
Mon Oct 05 04:00:00 UTC 2026,534171.9138500001,-1134484.0861499999,-1493665.7380018514,null,-1493465.7380018516,null,null,null,null,null
Mon Oct 05 05:00:00 UTC 2026,27402.742043843027,-1002083.0861499999,-1514748.7639277775,null,-1514548.7639277778,null,null,null,null,null
Mon Oct 05 06:00:00 UTC 2026,154095.03499540035,-1322566.0861499999,-1535831.7898537037,null,-1535631.7898537037,null,null,null,null,null
Mon Oct 05 07:00:00 UTC 2026,480827.7905020029,-1298936.0861499999,-1556914.8157796292,null,-1556714.8157796292,null,null,null,null,null
Mon Oct 05 08:00:00 UTC 2026,240779.2354359054,-1197859.0861499999,-1577997.841705555,null,-1577797.8417055556,null,null,null,null,null
Mon Oct 05 09:00:00 UTC 2026,27402.742043843027,-1193471.0861499999,-1599080.8676314813,null,-1598880.8676314815,null,null,null,null,null
Mon Oct 05 10:00:00 UTC 2026,730.6803698074073,-1112970.0861499999,-1620163.8935574074,null,-1619963.8935574077,null,null,null,null,null
Mon Oct 05 11:00:00 UTC 2026,-59281.4583967356,-1511900.0861499999,-1641246.919483333,null,-1641046.9194833334,null,null,null,null,null
Mon Oct 05 12:00:00 UTC 2026,-446026.35266980715,-1388389.0861499999,-1662329.9454092588,null,-1662129.9454092593,null,null,null,null,null
Mon Oct 05 13:00:00 UTC 2026,-999471.6324054895,-2017378.0861499999,-1683412.971335185,null,-1683212.9713351848,null,null,null,null,null
Mon Oct 05 14:00:00 UTC 2026,-2273062.5773394657,-1426326.0861499999,-1704495.9972611112,null,-1704295.997261111,null,null,null,null,null
Mon Oct 05 15:00:00 UTC 2026,-2493107.08615,-1097716.0861499999,-1725579.0231870366,null,-1725379.023187037,null,null,null,null,null
Mon Oct 05 16:00:00 UTC 2026,-2273062.5773394657,-1639438.0861499999,-1746662.0491129626,null,-1746462.0491129626,null,null,null,null,null
Mon Oct 05 17:00:00 UTC 2026,-1739621.343859273,-1764496.0861499999,-1767745.0750388887,null,-1767545.075038889,null,null,null,null,null
Mon Oct 05 18:00:00 UTC 2026,-2253058.531083902,-1641598.0861499999,-1788828.100964815,null,-1788628.1009648144,null,null,null,null,null
Mon Oct 05 19:00:00 UTC 2026,-1986337.9143438425,-998308.0861499999,-1809911.1268907408,null,-1809711.1268907404,null,null,null,null,null
Mon Oct 05 20:00:00 UTC 2026,-1779629.4363702522,-844150.0861499999,-1830994.1528166663,null,-1830794.1528166665,null,null,null,null,null
Mon Oct 05 21:00:00 UTC 2026,-1746289.3592777448,-638737.0861499999,-1852077.1787425925,null,-1851877.1787425927,null,null,null,null,null
Mon Oct 05 22:00:00 UTC 2026,-1866313.6368108308,-652006.0861499999,-1873160.2046685186,null,-1872960.2046685182,null,null,null,null,null
Mon Oct 05 23:00:00 UTC 2026,-1899653.7139033382,-361601.0861499999,-1894243.2305944446,null,-1894043.2305944443,null,null,null,null,null
Tue Oct 06 00:00:00 UTC 2026,-1199512.094960608,-171399.08614999987,-1915326.25652037,null,-1915126.2565203705,null,null,null,null,null
Tue Oct 06 01:00:00 UTC 2026,-1372880.495841617,-247499.08614999987,-1936409.2824462962,null,-1936209.282446296,null,null,null,null,null
Tue Oct 06 02:00:00 UTC 2026,-1479568.7425376852,-721642.0861499999,-1957492.3083722224,null,-1957292.3083722221,null,null,null,null,null
Tue Oct 06 03:00:00 UTC 2026,-1152835.9870310829,403221.9138500001,-1978575.3342981483,null,-1978375.3342981483,null,null,null,null,null
Tue Oct 06 04:00:00 UTC 2026,-1459564.6962821956,399168.9138500001,-1999658.3602240738,null,-1999458.3602240742,null,null,null,null,null
Tue Oct 06 05:00:00 UTC 2026,-1126163.9253570472,534171.9138500001,-2020741.38615,null,-2020541.38615,null,534771.9138500001,null,null,535071.9138500001
Tue Oct 06 06:00:00 UTC 2026,-1072819.8020090503,483628.9138500001,-2041824.4120759259,null,-2041624.412075926,null,419058.7657018519,null,null,419358.765701852
Tue Oct 06 07:00:00 UTC 2026,-952795.5244759643,466184.9138500001,-2062907.438001852,null,-2062707.4380018516,null,303345.61755370384,null,null,303645.61755370384
Tue Oct 06 08:00:00 UTC 2026,-779427.1235949555,220194.91385000013,-2083990.4639277775,null,-2083790.4639277777,null,187632.4694055557,null,null,187932.4694055557
Tue Oct 06 09:00:00 UTC 2026,-759423.0773394657,-1152405.0861499999,-2105073.4898537034,null,-2104873.4898537034,null,71919.32125740754,null,null,72219.32125740754
Tue Oct 06 10:00:00 UTC 2026,-859443.3086169879,-780875.0861499999,-2126156.5157796293,null,-2125956.5157796293,null,-43793.8268907406,null,null,-43493.8268907406
Tue Oct 06 11:00:00 UTC 2026,-906119.4165465131,355142.9138500001,-2147239.5417055557,null,-2147039.5417055553,null,-159506.9750388887,null,null,-159206.9750388887
Tue Oct 06 12:00:00 UTC 2026,-866111.3240354599,-1030617.0861499999,-2168322.567631481,null,-2168122.567631481,null,-275220.1231870369,null,null,-274920.12318703695
Tue Oct 06 13:00:00 UTC 2026,-912787.4319649851,-994880.0861499999,-2189405.593557407,null,-2189205.593557407,null,-390933.271335185,null,null,-390633.271335185
Tue Oct 06 14:00:00 UTC 2026,-886115.3702909495,-1052022.0861499999,-2210488.6194833335,null,-2210288.619483333,null,-506646.41948333324,null,null,-506346.41948333324
Tue Oct 06 15:00:00 UTC 2026,-766091.0927579375,-559450.0861499999,-2231571.6454092595,null,-2231371.6454092595,null,-622359.5676314812,null,null,-622059.5676314812
Tue Oct 06 16:00:00 UTC 2026,-779427.1235949555,-959379.0861499999,-2252654.671335185,null,-2252454.671335185,null,-738072.7157796294,null,null,-737772.7157796293
Tue Oct 06 17:00:00 UTC 2026,-859443.3086169879,-955800.0861499999,-2273737.697261111,null,-2273537.697261111,null,-853785.8639277775,null,null,-853485.8639277776
Tue Oct 06 18:00:00 UTC 2026,-1066151.7865905042,-884274.0861499999,-2294820.7231870373,null,-2294620.7231870373,null,-969499.0120759258,null,null,-969199.0120759257
Tue Oct 06 19:00:00 UTC 2026,-526042.5376918395,-1300523.0861499999,-2315903.749112963,null,-2315703.749112963,null,-1085212.160224074,null,null,-1084912.160224074
Tue Oct 06 20:00:00 UTC 2026,-632730.784387908,-1708856.0861499999,-2336986.7750388887,null,-2336786.7750388887,null,-1200925.3083722224,null,null,-1200625.3083722221
Tue Oct 06 21:00:00 UTC 2026,-606058.7227138723,-2287028.08615,-2358069.8009648146,null,-2357869.8009648146,null,-1316638.4565203702,null,null,-1316338.4565203702
Tue Oct 06 22:00:00 UTC 2026,-839439.2623614243,-1865003.0861499999,-2379152.826890741,null,-2378952.8268907405,null,-1432351.6046685185,null,null,-1432051.6046685183
Tue Oct 06 23:00:00 UTC 2026,-846107.2777799703,-1369156.0861499999,-2400235.8528166665,null,-2400035.8528166665,null,-1548064.7528166666,null,null,-1547764.7528166666
Wed Oct 07 00:00:00 UTC 2026,-1112827.8945200294,-1662539.0861499999,-2421318.8787425924,null,-2421118.8787425924,null,-1663777.9009648147,null,null,-1663477.9009648147
Wed Oct 07 01:00:00 UTC 2026,-1266192.249145623,-1618806.0861499999,-2442401.9046685183,null,-2442201.9046685183,null,-1779491.0491129628,null,null,-1779191.0491129628
Wed Oct 07 02:00:00 UTC 2026,-1412888.5883526704,-1959450.0861499999,-2463484.9305944447,null,-2463284.9305944443,null,-1895204.197261111,null,null,-1894904.1972611109
Wed Oct 07 03:00:00 UTC 2026,-1172840.0332865724,-2007990.0861499999,-2484567.95652037,null,-2484367.9565203697,null,-2010917.345409259,null,null,-2010617.345409259
Wed Oct 07 04:00:00 UTC 2026,-1166172.0178681007,-2460719.08615,-2505650.982446296,null,-2505450.982446296,null,-2126630.4935574075,null,null,-2126330.493557407
Wed Oct 07 05:00:00 UTC 2026,-1112827.8945200294,-2493107.08615,-2526734.008372222,null,-2526534.008372222,null,-2242343.641705555,null,null,-2242043.6417055554
Wed Oct 07 06:00:00 UTC 2026,-1112827.8945200294,-2364034.08615,-2547817.0342981485,null,-2547617.034298148,null,-2358056.7898537037,null,null,-2357756.7898537037
Wed Oct 07 07:00:00 UTC 2026,-1112827.8945200294,-2170887.08615,-2568900.060224074,null,-2568700.060224074,null,-2473769.9380018516,null,null,-2473469.9380018516
Wed Oct 07 08:00:00 UTC 2026,0.84828,-2590083.08615,null,-2589983.08615,null,-2589783.08615,null,null,-2589483.08615,null,null,-2589183.08615
Wed Oct 07 09:00:00 UTC 2026,0.84828,-2489809.08615,null,null,null,null,null,null,null,null,null,null
Wed Oct 07 10:00:00 UTC 2026,0.84828,67936.91385000013,null,null,null,null,null,null,null,null,null,null
Wed Oct 07 11:00:00 UTC 2026,0.84828,68551.91385000013,null,null,null,null,null,null,null,null,null,null
Wed Oct 07 12:00:00 UTC 2026,0.84828,340124.9138500001,null,null,null,null,null,null,null,null,null,null
Wed Oct 07 13:00:00 UTC 2026,0.84828,381161.9138500001,null,null,null,null,null,null,null,null,null,null
Wed Oct 07 14:00:00 UTC 2026,0.84828,387094.9138500001,null,null,null,null,null,null,null,null,null,null
Wed Oct 07 15:00:00 UTC 2026,0.84828,651976.9138500001,null,null,null,null,null,null,null,null,null,null
Wed Oct 07 16:00:00 UTC 2026,0.84828,142785.91385000013,null,null,null,null,null,null,null,null,null,null
Wed Oct 07 17:00:00 UTC 2026,0.84828,-205730.08614999987,null,null,null,null,null,null,null,null,null,null
Wed Oct 07 18:00:00 UTC 2026,0.84828,488300.9138500001,null,null,null,null,null,null,null,null,null,null
Wed Oct 07 19:00:00 UTC 2026,0.84828,797579.9138500001,null,null,null,null,null,null,null,null,null,null
Wed Oct 07 20:00:00 UTC 2026,0.84828,894527.9138500001,null,null,null,null,null,null,null,null,null,null
Wed Oct 07 21:00:00 UTC 2026,0.84828,777183.9138500001,null,null,null,null,null,null,null,null,null,null
Wed Oct 07 22:00:00 UTC 2026,0.84828,1197431.9138500001,null,null,null,null,null,null,null,null,null,null
Wed Oct 07 23:00:00 UTC 2026,0.84828,1114414.9138500001,null,null,null,null,null,null,null,null,null,null
Thu Oct 08 00:00:00 UTC 2026,0.84828,1131598.9138500001,null,null,null,null,null,null,null,null,null,null
Thu Oct 08 01:00:00 UTC 2026,0.84828,873572.9138500001,null,null,null,null,null,null,null,null,null,null
Thu Oct 08 02:00:00 UTC 2026,0.84828,966381.9138500001,null,null,null,null,null,null,null,null,null,null
Thu Oct 08 03:00:00 UTC 2026,0.84828,930708.9138500001,null,null,null,null,null,null,null,null,null,null
Thu Oct 08 04:00:00 UTC 2026,0.84828,698347.9138500001,null,null,null,null,null,null,null,null,null,null
Thu Oct 08 05:00:00 UTC 2026,0.84828,1031768.9138500001,null,null,null,null,null,null,null,null,null,null
Thu Oct 08 06:00:00 UTC 2026,0.84828,1105968.9138500001,null,null,null,null,null,null,null,null,null,null
Thu Oct 08 07:00:00 UTC 2026,0.84828,1376953.9138500001,null,null,null,null,null,null,null,null,null,null
Thu Oct 08 08:00:00 UTC 2026,0.84828,835106.9138500001,null,null,null,null,null,null,null,null,null,null
Thu Oct 08 09:00:00 UTC 2026,0.84828,1066365.9138500001,null,null,null,null,null,null,null,null,null,null
Thu Oct 08 10:00:00 UTC 2026,0.84828,1379231.9138500001,null,null,null,null,null,null,null,null,null,null
Thu Oct 08 11:00:00 UTC 2026,0.84828,1504495.9138500001,null,null,null,null,null,null,null,null,null,null
Thu Oct 08 12:00:00 UTC 2026,0.84828,1910008.91385,null,null,null,null,null,null,null,null,null,null
Thu Oct 08 13:00:00 UTC 2026,0.84828,1238271.9138500001,null,null,null,null,null,null,null,null,null,null
Thu Oct 08 14:00:00 UTC 2026,0.84828,1686570.91385,null,null,null,null,null,null,null,null,null,null
Thu Oct 08 15:00:00 UTC 2026,0.84828,1750918.91385,null,null,null,null,null,null,null,null,null,null
Thu Oct 08 16:00:00 UTC 2026,0.84828,1862535.91385,null,null,null,null,null,null,null,null,null,null
Thu Oct 08 17:00:00 UTC 2026,0.84828,2248787.91385,null,null,null,null,null,null,null,null,null,null
Thu Oct 08 18:00:00 UTC 2026,0.84828,2279480.91385,null,null,null,null,null,null,2280080.91385,null,null,null
Thu Oct 08 19:00:00 UTC 2026,0.84828,1842891.91385,null,null,null,null,null,null,2122096.380516667,null,null,null
Thu Oct 08 20:00:00 UTC 2026,0.84828,1926281.91385,null,null,null,null,null,null,1964111.8471833335,null,null,null
Thu Oct 08 21:00:00 UTC 2026,0.84828,1783046.91385,null,null,null,null,null,null,1806127.3138500003,null,null,null
Thu Oct 08 22:00:00 UTC 2026,0.84828,1968389.91385,null,null,null,null,null,null,1648142.7805166666,null,null,null
Thu Oct 08 23:00:00 UTC 2026,0.84828,1633203.91385,null,null,null,null,null,null,1490158.2471833334,null,null,null
Fri Oct 09 00:00:00 UTC 2026,0.84828,1630381.91385,null,null,null,null,null,null,1332173.71385,null,null,null
Fri Oct 09 01:00:00 UTC 2026,0.84828,1870855.91385,null,null,null,null,null,null,1174189.1805166667,null,null,null
Fri Oct 09 02:00:00 UTC 2026,0.84828,1459458.9138500001,null,null,null,null,null,null,1016204.6471833334,null,null,null
Fri Oct 09 03:00:00 UTC 2026,0.84828,1403616.9138500001,null,null,null,null,null,null,858220.1138500002,null,null,null
Fri Oct 09 04:00:00 UTC 2026,0.84828,1134667.9138500001,null,null,null,null,null,null,700235.5805166668,null,null,null
Fri Oct 09 05:00:00 UTC 2026,0.84828,950335.9138500001,null,null,null,null,null,null,542251.0471833334,null,null,null
Fri Oct 09 06:00:00 UTC 2026,0.84828,405986.9138500001,null,null,null,null,null,null,384266.51385000016,null,null,null
Fri Oct 09 07:00:00 UTC 2026,0.84828,191343.91385000013,null,null,null,null,null,null,226281.9805166668,null,null,null
Fri Oct 09 08:00:00 UTC 2026,0.84828,25274.913850000128,null,null,null,null,null,null,68297.44718333347,null,null,null
Fri Oct 09 09:00:00 UTC 2026,0.84828,-90287.08614999987,null,null,null,null,null,null,-89687.08614999987,null,null,null
Fri Oct 09 10:00:00 UTC 2026,0.84828,-64954.08614999987,null,null,null,null,null,null,null,null,null,null
Fri Oct 09 11:00:00 UTC 2026,0.84828,193885.91385000013,null,null,null,null,null,null,null,null,null,null
Fri Oct 09 12:00:00 UTC 2026,0.84828,327026.9138500001,null,null,null,null,null,null,null,null,null,null
Fri Oct 09 13:00:00 UTC 2026,0.84828,217575.91385000013,null,null,null,null,null,null,null,null,null,null
Fri Oct 09 14:00:00 UTC 2026,0.84828,469284.9138500001,null,null,null,null,null,null,null,null,null,null
Fri Oct 09 15:00:00 UTC 2026,0.84828,733204.9138500001,null,null,null,null,null,null,null,null,null,null
Fri Oct 09 16:00:00 UTC 2026,0.84828,805663.9138500001,null,null,null,null,null,null,null,null,null,null
Fri Oct 09 17:00:00 UTC 2026,0.84828,1341738.9138500001,null,null,null,null,null,null,null,null,null,null
Fri Oct 09 18:00:00 UTC 2026,0.84828,1440743.9138500001,null,null,null,null,null,null,null,null,null,null
Fri Oct 09 19:00:00 UTC 2026,0.84828,2118825.91385,null,null,null,null,null,null,null,null,null,null
Fri Oct 09 20:00:00 UTC 2026,0.84828,2333250.91385,null,null,null,null,null,null,null,null,null,null
Fri Oct 09 21:00:00 UTC 2026,0.84828,2333250.91385,null,null,null,null,null,null,null,null,null,null
Fri Oct 09 22:00:00 UTC 2026,0.84828,2333250.91385,null,null,null,null,null,null,null,null,null,null
Fri Oct 09 23:00:00 UTC 2026,0.84828,2333250.91385,null,null,null,null,null,null,null,null,null,null
Sat Oct 10 00:00:00 UTC 2026,0.84828,2333250.91385,null,null,null,null,null,null,null,null,null,null
Sat Oct 10 01:00:00 UTC 2026,0.84828,2333250.91385,null,null,null,null,null,null,null,null,null,null
Sat Oct 10 02:00:00 UTC 2026,0.84828,2333250.91385,null,null,null,null,null,null,null,null,null,null
Sat Oct 10 03:00:00 UTC 2026,0.84828,2333250.91385,null,null,null,null,null,null,null,null,null,null
Sat Oct 10 04:00:00 UTC 2026,0.84828,2333250.91385,null,null,null,null,null,null,null,null,null,null
Sat Oct 10 05:00:00 UTC 2026,0.84828,2333250.91385,null,null,null,null,null,null,null,null,null,null
Sat Oct 10 06:00:00 UTC 2026,0.84828,2333250.91385,null,null,null,null,null,null,null,null,null,null
Sat Oct 10 07:00:00 UTC 2026,0.84828,2333250.91385,null,null,null,null,null,null,null,null,null,null
Sat Oct 10 08:00:00 UTC 2026,0.84828,2333250.91385,null,null,null,null,null,null,null,null,null,null
Sat Oct 10 09:00:00 UTC 2026,0.84828,2333250.91385,null,null,null,null,null,null,null,null,null,null
Sat Oct 10 10:00:00 UTC 2026,0.84828,2333250.91385,null,null,null,null,null,null,null,null,null,null
Sat Oct 10 11:00:00 UTC 2026,0.84828,2333250.91385,null,null,null,null,null,null,null,null,null,null
Sat Oct 10 12:00:00 UTC 2026,0.84828,2333250.91385,null,null,null,null,null,null,null,null,null,null
Sat Oct 10 13:00:00 UTC 2026,0.84828,2333250.91385,null,null,null,null,null,null,null,null,null,null
Sat Oct 10 14:00:00 UTC 2026,0.84828,2333250.91385,null,null,null,null,null,null,null,null,null,null
Sat Oct 10 15:00:00 UTC 2026,0.84828,2333250.91385,null,null,null,null,null,null,null,null,null,null
Sat Oct 10 16:00:00 UTC 2026,0.84828,2333250.91385,null,null,null,null,null,null,null,null,null,null
Sat Oct 10 17:00:00 UTC 2026,0.84828,2333250.91385,null,null,null,null,null,null,null,null,null,null
Sat Oct 10 18:00:00 UTC 2026,0.84828,2333250.91385,null,null,null,null,null,null,null,null,null,null
Sat Oct 10 19:00:00 UTC 2026,0.84828,2333250.91385,null,null,null,null,null,null,null,null,null,null
Sat Oct 10 20:00:00 UTC 2026,0.84828,2333250.91385,null,null,null,null,null,null,null,null,null,null
Sat Oct 10 21:00:00 UTC 2026,0.84828,2333250.91385,null,null,null,null,null,null,null,null,null,null
Sat Oct 10 22:00:00 UTC 2026,0.84828,2333250.91385,null,null,null,null,null,null,null,null,null,null
Sat Oct 10 23:00:00 UTC 2026,0.84828,2333250.91385,null,null,null,null,null,null,null,null,null,null
Sun Oct 11 00:00:00 UTC 2026,0.84828,2333250.91385,null,null,null,null,null,null,null,null,null,null
Sun Oct 11 01:00:00 UTC 2026,0.84828,2333250.91385,null,null,null,null,null,null,null,null,null,null
Sun Oct 11 02:00:00 UTC 2026,0.84828,2333250.91385,null,null,null,null,null,null,null,null,null,null
Sun Oct 11 03:00:00 UTC 2026,0.84828,2333250.91385,null,null,null,null,null,null,null,null,null,null
Sun Oct 11 04:00:00 UTC 2026,0.84828,2333250.91385,null,null,null,null,null,null,null,null,null,null
Sun Oct 11 05:00:00 UTC 2026,0.84828,2333250.91385,null,null,null,null,null,null,null,null,null,null
Sun Oct 11 06:00:00 UTC 2026,0.84828,2333250.91385,null,null,null,null,null,null,null,null,null,null
Sun Oct 11 07:00:00 UTC 2026,0.84828,2333250.91385,null,null,null,null,null,null,null,null,null,null
Sun Oct 11 08:00:00 UTC 2026,0.84828,2333250.91385,null,null,null,null,null,null,null,null,null,null
Sun Oct 11 09:00:00 UTC 2026,0.84828,2333250.91385,null,null,null,null,null,null,null,null,null,null
Sun Oct 11 10:00:00 UTC 2026,0.84828,2333250.91385,null,null,null,null,null,null,null,null,null,null
Sun Oct 11 11:00:00 UTC 2026,0.84828,2333250.91385,null,null,null,null,null,null,null,null,null,null
Sun Oct 11 12:00:00 UTC 2026,0.84828,2333250.91385,null,null,null,null,null,null,null,null,null,null
Sun Oct 11 13:00:00 UTC 2026,0.84828,2333250.91385,null,null,null,null,null,null,null,null,null,null
Sun Oct 11 14:00:00 UTC 2026,0.84828,2333250.91385,null,null,null,null,null,null,null,null,null,null
Sun Oct 11 15:00:00 UTC 2026,0.84828,2333250.91385,null,null,null,null,null,null,null,null,null,null
Sun Oct 11 16:00:00 UTC 2026,0.84828,2333250.91385,null,null,null,null,null,null,null,null,null,null
Sun Oct 11 17:00:00 UTC 2026,0.84828,2333250.91385,null,null,null,null,null,null,null,null,null,null
Sun Oct 11 18:00:00 UTC 2026,0.84828,2333250.91385,null,null,null,null,null,null,null,null,null,null
Sun Oct 11 19:00:00 UTC 2026,0.84828,2333250.91385,null,null,null,null,null,null,null,null,null,null
Sun Oct 11 20:00:00 UTC 2026,0.84828,2333250.91385,null,null,null,null,null,null,null,null,null,null
Sun Oct 11 21:00:00 UTC 2026,0.84828,1764973.91385,null,null,null,null,null,null,null,null,null,null
Sun Oct 11 22:00:00 UTC 2026,0.84828,1905297.91385,null,null,null,null,null,null,null,null,null,null
Sun Oct 11 23:00:00 UTC 2026,0.84828,2711076.91385,null,null,null,null,null,null,null,null,null,null
Mon Oct 12 00:00:00 UTC 2026,0.84828,2144380.91385,null,null,null,null,null,null,null,null,null,null
Mon Oct 12 01:00:00 UTC 2026,0.84828,2202542.91385,null,null,null,null,null,null,null,null,null,null
Mon Oct 12 02:00:00 UTC 2026,0.84828,2120048.91385,null,null,null,null,null,null,null,null,null,null
Mon Oct 12 03:00:00 UTC 2026,0.84828,2877440.91385,null,null,null,null,null,null,2878040.91385,null,null,null
Mon Oct 12 04:00:00 UTC 2026,0.84828,2842711.91385,null,null,null,null,null,null,2771912.3471833337,null,null,null
Mon Oct 12 05:00:00 UTC 2026,0.84828,2497430.91385,null,null,null,null,null,null,2665783.780516667,null,null,null
Mon Oct 12 06:00:00 UTC 2026,0.84828,2690883.91385,null,null,null,null,null,null,2559655.2138500004,null,null,null
Mon Oct 12 07:00:00 UTC 2026,0.84828,2138017.91385,null,null,null,null,null,null,2453526.6471833335,null,null,null
Mon Oct 12 08:00:00 UTC 2026,0.84828,2214932.91385,null,null,null,null,null,null,2347398.0805166666,null,null,null
Mon Oct 12 09:00:00 UTC 2026,0.84828,1314903.9138500001,null,null,null,null,null,null,2241269.51385,null,null,null
Mon Oct 12 10:00:00 UTC 2026,0.84828,1291932.9138500001,null,null,null,null,null,null,2135140.947183334,null,null,null
Mon Oct 12 11:00:00 UTC 2026,0.84828,802107.9138500001,null,null,null,null,null,null,2029012.3805166665,null,null,null
Mon Oct 12 12:00:00 UTC 2026,0.84828,55850.91385000013,null,null,null,null,null,null,1922883.81385,null,null,null
Mon Oct 12 13:00:00 UTC 2026,0.84828,662327.9138500001,null,null,null,null,null,null,1816755.2471833334,null,null,null
Mon Oct 12 14:00:00 UTC 2026,0.84828,605793.9138500001,null,null,null,null,null,null,1710626.6805166667,null,null,null
Mon Oct 12 15:00:00 UTC 2026,0.84828,862096.9138500001,null,null,null,null,null,null,1604498.11385,null,null,null
Mon Oct 12 16:00:00 UTC 2026,0.84828,1405866.9138500001,null,null,null,null,null,null,1498369.5471833334,null,null,null
Mon Oct 12 17:00:00 UTC 2026,0.84828,1522580.9138500001,null,null,null,null,null,null,1392240.9805166668,null,null,null
Mon Oct 12 18:00:00 UTC 2026,0.84828,816380.9138500001,null,null,null,null,null,null,1286112.4138500001,null,null,null
Mon Oct 12 19:00:00 UTC 2026,0.84828,303748.9138500001,null,null,null,null,null,null,1179983.8471833335,null,null,null
Mon Oct 12 20:00:00 UTC 2026,0.84828,173409.91385000013,null,null,null,null,null,null,1073855.2805166668,null,null,null
Mon Oct 12 21:00:00 UTC 2026,0.84828,895475.9138500001,null,null,null,null,null,null,967726.7138500002,null,null,null
Mon Oct 12 22:00:00 UTC 2026,0.84828,915501.9138500001,null,null,null,null,null,null,861598.1471833333,null,null,null
Mon Oct 12 23:00:00 UTC 2026,0.84828,847576.9138500001,null,null,null,null,null,null,755469.5805166669,null,null,null
Tue Oct 13 00:00:00 UTC 2026,0.84828,751645.9138500001,null,null,null,null,null,null,649341.0138500001,null,null,null
Tue Oct 13 01:00:00 UTC 2026,0.84828,724342.9138500001,null,null,null,null,null,null,543212.4471833336,null,null,null
Tue Oct 13 02:00:00 UTC 2026,0.84828,1097261.9138500001,null,null,null,null,null,null,437083.88051666674,null,null,null
Tue Oct 13 03:00:00 UTC 2026,0.84828,924153.9138500001,null,null,null,null,null,null,330955.31385000015,null,null,null
Tue Oct 13 04:00:00 UTC 2026,0.84828,942038.9138500001,null,null,null,null,null,null,224826.74718333344,null,null,null
Tue Oct 13 05:00:00 UTC 2026,0.84828,917265.9138500001,null,null,null,null,null,null,118698.18051666679,null,null,null
Tue Oct 13 06:00:00 UTC 2026,0.84828,971039.9138500001,null,null,null,null,null,null,12569.61385000014,null,null,null
Tue Oct 13 07:00:00 UTC 2026,0.84828,892979.9138500001,null,null,null,null,null,null,-93558.95281666654,null,null,null
Tue Oct 13 08:00:00 UTC 2026,0.84828,143342.91385000013,null,null,null,null,null,null,-199687.51948333322,null,null,null
Tue Oct 13 09:00:00 UTC 2026,0.84828,-306416.0861499999,null,null,null,null,null,null,-305816.0861499999,null,null,null
Tue Oct 13 10:00:00 UTC 2026,0.84828,-209533.08614999987,null,null,null,null,null,null,null,null,null,null
Tue Oct 13 11:00:00 UTC 2026,0.84828,-79692.08614999987,null,null,null,null,null,null,null,null,null,null
Tue Oct 13 12:00:00 UTC 2026,0.84828,-284162.0861499999,null,null,null,null,null,null,null,null,null,null
Tue Oct 13 13:00:00 UTC 2026,0.84828,49964.91385000013,null,null,null,null,null,null,null,null,null,null
Tue Oct 13 14:00:00 UTC 2026,0.84828,141174.91385000013,null,null,null,null,null,null,null,null,null,null
Tue Oct 13 15:00:00 UTC 2026,0.84828,8162.913850000128,null,null,null,null,null,null,null,null,null,null
Tue Oct 13 16:00:00 UTC 2026,0.84828,388199.9138500001,null,null,null,null,null,null,null,null,null,null
Tue Oct 13 17:00:00 UTC 2026,0.84828,419607.9138500001,null,null,null,null,null,null,null,null,null,null
Tue Oct 13 18:00:00 UTC 2026,0.84828,370934.9138500001,null,null,null,null,null,null,null,null,null,null
Tue Oct 13 19:00:00 UTC 2026,0.84828,677175.9138500001,null,null,null,null,null,null,null,null,null,null
Tue Oct 13 20:00:00 UTC 2026,0.84828,763922.9138500001,null,null,null,null,null,null,null,null,null,null
Tue Oct 13 21:00:00 UTC 2026,0.84828,539209.9138500001,null,null,null,null,null,null,null,null,null,null
Tue Oct 13 22:00:00 UTC 2026,0.84828,640669.9138500001,null,null,null,null,null,null,null,null,null,null
Tue Oct 13 23:00:00 UTC 2026,0.84828,841353.9138500001,null,null,null,null,null,null,null,null,null,null
Wed Oct 14 00:00:00 UTC 2026,0.84828,385178.9138500001,null,null,null,null,null,null,null,null,null,null
Wed Oct 14 01:00:00 UTC 2026,0.84828,278251.9138500001,null,null,null,null,null,null,null,null,null,null
Wed Oct 14 02:00:00 UTC 2026,0.84828,265804.9138500001,null,null,null,null,null,null,null,null,null,null
Wed Oct 14 03:00:00 UTC 2026,0.84828,217771.91385000013,null,null,null,null,null,null,null,null,null,null
Wed Oct 14 04:00:00 UTC 2026,0.84828,361721.9138500001,null,null,null,null,null,null,null,null,null,null
Wed Oct 14 05:00:00 UTC 2026,0.84828,272301.9138500001,null,null,null,null,null,null,null,null,null,null
Wed Oct 14 06:00:00 UTC 2026,0.84828,215366.91385000013,null,null,null,null,null,null,null,null,null,null
Wed Oct 14 07:00:00 UTC 2026,0.84828,214689.91385000013,null,null,null,null,null,null,null,null,null,null
Wed Oct 14 08:00:00 UTC 2026,0.84828,352882.9138500001,null,null,null,null,null,null,null,null,null,null
Wed Oct 14 09:00:00 UTC 2026,0.84828,354801.9138500001,null,null,null,null,null,null,null,null,null,null
Wed Oct 14 10:00:00 UTC 2026,0.84828,414243.9138500001,null,null,null,null,null,null,null,null,null,null
Wed Oct 14 11:00:00 UTC 2026,0.84828,1272138.9138500001,null,null,null,null,null,null,null,null,null,null
Wed Oct 14 12:00:00 UTC 2026,0.84828,1460055.9138500001,null,null,null,null,null,null,null,null,null,null
Wed Oct 14 13:00:00 UTC 2026,0.84828,1136291.9138500001,null,null,null,null,null,null,null,null,null,null
Wed Oct 14 14:00:00 UTC 2026,0.84828,1174802.9138500001,null,null,null,null,null,null,null,null,null,null
Wed Oct 14 15:00:00 UTC 2026,0.84828,1204884.9138500001,null,null,null,null,null,null,null,null,null,null
Wed Oct 14 16:00:00 UTC 2026,0.84828,1178661.9138500001,null,null,null,null,null,null,null,null,null,null
Wed Oct 14 17:00:00 UTC 2026,0.84828,1245788.9138500001,null,null,null,null,null,null,null,null,null,null
Wed Oct 14 18:00:00 UTC 2026,0.84828,1253663.9138500001,null,null,null,null,null,null,null,null,null,null
Wed Oct 14 19:00:00 UTC 2026,0.84828,1364095.9138500001,null,null,null,null,null,null,null,null,null,null
Wed Oct 14 20:00:00 UTC 2026,0.84828,1445880.9138500001,null,null,null,null,null,null,null,null,null,null
Wed Oct 14 21:00:00 UTC 2026,0.84828,1530332.9138500001,null,null,null,null,null,null,null,null,null,null
Wed Oct 14 22:00:00 UTC 2026,0.84828,639629.9138500001,null,null,null,null,null,null,null,null,null,null
Wed Oct 14 23:00:00 UTC 2026,0.84828,1688227.91385,null,null,null,null,null,null,null,null,null,null
Thu Oct 15 00:00:00 UTC 2026,0.84828,1530390.9138500001,null,null,null,null,null,null,null,null,null,null
Thu Oct 15 01:00:00 UTC 2026,0.84828,1262481.9138500001,null,null,null,null,null,null,null,null,null,null
Thu Oct 15 02:00:00 UTC 2026,0.84828,1183842.9138500001,null,null,null,null,null,null,null,null,null,null
Thu Oct 15 03:00:00 UTC 2026,0.84828,936137.9138500001,null,null,null,null,null,null,null,null,null,null
Thu Oct 15 04:00:00 UTC 2026,0.84828,877589.9138500001,null,null,null,null,null,null,null,null,null,null
Thu Oct 15 05:00:00 UTC 2026,0.84828,845470.9138500001,null,null,null,null,null,null,null,null,null,null
Thu Oct 15 06:00:00 UTC 2026,0.84828,1218884.9138500001,null,null,null,null,null,null,null,null,null,null
Thu Oct 15 07:00:00 UTC 2026,0.84828,1163545.9138500001,null,null,null,null,null,null,null,null,null,null
Thu Oct 15 08:00:00 UTC 2026,0.84828,1359050.9138500001,null,null,null,null,null,null,null,null,null,null
Thu Oct 15 09:00:00 UTC 2026,0.84828,1239316.9138500001,null,null,null,null,null,null,null,null,null,null
Thu Oct 15 10:00:00 UTC 2026,0.84828,989506.9138500001,null,null,null,null,null,null,null,null,null,null
Thu Oct 15 11:00:00 UTC 2026,0.84828,1114316.9138500001,null,null,null,null,null,null,null,null,null,null
Thu Oct 15 12:00:00 UTC 2026,0.84828,890629.9138500001,null,null,null,null,null,null,null,null,null,null
Thu Oct 15 13:00:00 UTC 2026,0.84828,783092.9138500001,null,null,null,null,null,null,null,null,null,null
Thu Oct 15 14:00:00 UTC 2026,0.84828,939598.9138500001,null,null,null,null,null,null,null,null,null,null
Thu Oct 15 15:00:00 UTC 2026,0.84828,1314195.9138500001,null,null,null,null,null,null,null,null,null,null
Thu Oct 15 16:00:00 UTC 2026,0.84828,1683306.91385,null,null,null,null,null,null,null,null,null,null
Thu Oct 15 17:00:00 UTC 2026,0.84828,1972999.91385,null,null,null,null,null,null,null,null,null,null
Thu Oct 15 18:00:00 UTC 2026,0.84828,2225945.91385,null,null,null,null,null,null,null,null,null,null
Thu Oct 15 19:00:00 UTC 2026,0.84828,2230881.91385,null,null,null,null,null,null,null,null,null,null
Thu Oct 15 20:00:00 UTC 2026,0.84828,1948191.91385,null,null,null,null,null,null,null,null,null,null
Thu Oct 15 21:00:00 UTC 2026,0.84828,1746862.91385,null,null,null,null,null,null,null,null,null,null
Thu Oct 15 22:00:00 UTC 2026,0.84828,1894957.91385,null,null,null,null,null,null,null,null,null,null
Thu Oct 15 23:00:00 UTC 2026,0.84828,2026957.91385,null,null,null,null,null,null,null,null,null,null
Fri Oct 16 00:00:00 UTC 2026,0.84828,2169411.91385,null,null,null,null,null,null,null,null,null,null
Fri Oct 16 01:00:00 UTC 2026,0.84828,2191746.91385,null,null,null,null,null,null,null,null,null,null
Fri Oct 16 02:00:00 UTC 2026,0.84828,2061757.91385,null,null,null,null,null,null,null,null,null,null
Fri Oct 16 03:00:00 UTC 2026,0.84828,2273026.91385,null,null,null,null,null,null,null,null,null,null
Fri Oct 16 04:00:00 UTC 2026,0.84828,2141942.91385,null,null,null,null,null,null,null,null,null,null
Fri Oct 16 05:00:00 UTC 2026,0.84828,2198986.91385,null,null,null,null,null,null,null,null,null,null
Fri Oct 16 06:00:00 UTC 2026,0.84828,1987291.91385,null,null,null,null,null,null,null,null,null,null
Fri Oct 16 07:00:00 UTC 2026,0.84828,1619947.91385,null,null,null,null,null,null,null,null,null,null
Fri Oct 16 08:00:00 UTC 2026,0.84828,1563059.91385,null,null,null,null,null,null,null,null,null,null
Fri Oct 16 09:00:00 UTC 2026,0.84828,1424289.9138500001,null,null,null,null,null,null,null,null,null,null
Fri Oct 16 10:00:00 UTC 2026,0.84828,1444757.9138500001,null,null,null,null,null,null,null,null,null,null
Fri Oct 16 11:00:00 UTC 2026,0.84828,1895154.91385,null,null,null,null,null,null,null,null,null,null
Fri Oct 16 12:00:00 UTC 2026,0.84828,1685315.91385,null,null,null,null,null,null,null,null,null,null
Fri Oct 16 13:00:00 UTC 2026,0.84828,1780910.91385,null,null,null,null,null,null,null,null,null,null
Fri Oct 16 14:00:00 UTC 2026,0.84828,1931984.91385,null,null,null,null,null,null,null,null,null,null
Fri Oct 16 15:00:00 UTC 2026,0.84828,1686870.91385,null,null,null,null,null,null,null,null,null,null
Fri Oct 16 16:00:00 UTC 2026,0.84828,1647602.91385,null,null,null,null,null,null,null,null,null,null
Fri Oct 16 17:00:00 UTC 2026,0.84828,1377517.9138500001,null,null,null,null,null,null,null,null,null,null
Fri Oct 16 18:00:00 UTC 2026,0.84828,1744795.91385,null,null,null,null,null,null,null,null,null,null
Fri Oct 16 19:00:00 UTC 2026,0.84828,1954916.91385,null,null,null,null,null,null,null,null,null,null
Fri Oct 16 20:00:00 UTC 2026,0.84828,1955690.91385,null,null,null,null,null,null,null,null,null,null
Fri Oct 16 21:00:00 UTC 2026,0.84828,1955690.91385,null,null,null,null,null,null,null,null,null,null
Fri Oct 16 22:00:00 UTC 2026,0.84828,1955690.91385,null,null,null,null,null,null,null,null,null,null
Fri Oct 16 23:00:00 UTC 2026,0.84828,1955690.91385,null,null,null,null,null,null,null,null,null,null
Sat Oct 17 00:00:00 UTC 2026,0.84828,1955690.91385,null,null,null,null,null,null,null,null,null,null
Sat Oct 17 01:00:00 UTC 2026,0.84828,1955690.91385,null,null,null,null,null,null,null,null,null,null
Sat Oct 17 02:00:00 UTC 2026,0.84828,1955690.91385,null,null,null,null,null,null,null,null,null,null
Sat Oct 17 03:00:00 UTC 2026,0.84828,1955690.91385,null,null,null,null,null,null,null,null,null,null
Sat Oct 17 04:00:00 UTC 2026,0.84828,1955690.91385,null,null,null,null,null,null,null,null,null,null
Sat Oct 17 05:00:00 UTC 2026,0.84828,1955690.91385,null,null,null,null,null,null,null,null,null,null
Sat Oct 17 06:00:00 UTC 2026,0.84828,1955690.91385,null,null,null,null,null,null,null,null,null,null
Sat Oct 17 07:00:00 UTC 2026,0.84828,1955690.91385,null,null,null,null,null,null,null,null,null,null
Sat Oct 17 08:00:00 UTC 2026,0.84828,1955690.91385,null,null,null,null,null,null,null,null,null,null
Sat Oct 17 09:00:00 UTC 2026,0.84828,1955690.91385,null,null,null,null,null,null,null,null,null,null
Sat Oct 17 10:00:00 UTC 2026,0.84828,1955690.91385,null,null,null,null,null,null,null,null,null,null
Sat Oct 17 11:00:00 UTC 2026,0.84828,1955690.91385,null,null,null,null,null,null,null,null,null,null
Sat Oct 17 12:00:00 UTC 2026,0.84828,1955690.91385,null,null,null,null,null,null,null,null,null,null
Sat Oct 17 13:00:00 UTC 2026,0.84828,1955690.91385,null,null,null,null,null,null,null,null,null,null
Sat Oct 17 14:00:00 UTC 2026,0.84828,1955690.91385,null,null,null,null,null,null,null,null,null,null
Sat Oct 17 15:00:00 UTC 2026,0.84828,1955690.91385,null,null,null,null,null,null,null,null,null,null
Sat Oct 17 16:00:00 UTC 2026,0.84828,1955690.91385,null,null,null,null,null,null,null,null,null,null
Sat Oct 17 17:00:00 UTC 2026,0.84828,1955690.91385,null,null,null,null,null,null,null,null,null,null
Sat Oct 17 18:00:00 UTC 2026,0.84828,1955690.91385,null,null,null,null,null,null,null,null,null,null
Sat Oct 17 19:00:00 UTC 2026,0.84828,1955690.91385,null,null,null,null,null,null,null,null,null,null
Sat Oct 17 20:00:00 UTC 2026,0.84828,1955690.91385,null,null,null,null,null,null,null,null,null,null
Sat Oct 17 21:00:00 UTC 2026,0.84828,1955690.91385,null,null,null,null,null,null,null,null,null,null
Sat Oct 17 22:00:00 UTC 2026,0.84828,1955690.91385,null,null,null,null,null,null,null,null,null,null
Sat Oct 17 23:00:00 UTC 2026,0.84828,1955690.91385,null,null,null,null,null,null,null,null,null,null
Sun Oct 18 00:00:00 UTC 2026,0.84828,1955690.91385,null,null,null,null,null,null,null,null,null,null
Sun Oct 18 01:00:00 UTC 2026,0.84828,1955690.91385,null,null,null,null,null,null,null,null,null,null
Sun Oct 18 02:00:00 UTC 2026,0.84828,1955690.91385,null,null,null,null,null,null,null,null,null,null
Sun Oct 18 03:00:00 UTC 2026,0.84828,1955690.91385,null,null,null,null,null,null,null,null,null,null
Sun Oct 18 04:00:00 UTC 2026,0.84828,1955690.91385,null,null,null,null,null,null,null,null,null,null
Sun Oct 18 05:00:00 UTC 2026,0.84828,1955690.91385,null,null,null,null,null,null,null,null,null,null
Sun Oct 18 06:00:00 UTC 2026,0.84828,1955690.91385,null,null,null,null,null,null,null,null,null,null
Sun Oct 18 07:00:00 UTC 2026,0.84828,1955690.91385,null,null,null,null,null,null,null,null,null,null
Sun Oct 18 08:00:00 UTC 2026,0.84828,1955690.91385,null,null,null,null,null,null,null,null,null,null
Sun Oct 18 09:00:00 UTC 2026,0.84828,1955690.91385,null,null,null,null,null,null,null,null,null,null
Sun Oct 18 10:00:00 UTC 2026,0.84828,1955690.91385,null,null,null,null,null,null,null,null,null,null
Sun Oct 18 11:00:00 UTC 2026,0.84828,1955690.91385,null,null,null,null,null,null,null,null,null,null
Sun Oct 18 12:00:00 UTC 2026,0.84828,1955690.91385,null,null,null,null,null,null,null,null,null,null
Sun Oct 18 13:00:00 UTC 2026,0.84828,1955690.91385,null,null,null,null,null,null,null,null,null,null
Sun Oct 18 14:00:00 UTC 2026,0.84828,1955690.91385,null,null,null,null,null,null,null,null,null,null
Sun Oct 18 15:00:00 UTC 2026,0.84828,1955690.91385,null,null,null,null,null,null,null,null,null,null
Sun Oct 18 16:00:00 UTC 2026,0.84828,1955690.91385,null,null,null,null,null,null,null,null,null,null
Sun Oct 18 17:00:00 UTC 2026,0.84828,1955690.91385,null,null,null,null,null,null,null,null,null,null
Sun Oct 18 18:00:00 UTC 2026,0.84828,1955690.91385,null,null,null,null,null,null,null,null,null,null
Sun Oct 18 19:00:00 UTC 2026,0.84828,1955690.91385,null,null,null,null,null,null,null,null,null,null
Sun Oct 18 20:00:00 UTC 2026,0.84828,1955690.91385,null,null,null,null,null,null,null,null,null,null
Sun Oct 18 21:00:00 UTC 2026,0.84828,1790591.91385,null,null,null,null,null,null,null,null,null,null
Sun Oct 18 22:00:00 UTC 2026,0.84828,2144718.91385,null,null,null,null,null,null,null,null,null,null
Sun Oct 18 23:00:00 UTC 2026,0.84828,2621450.91385,null,null,null,null,null,null,null,null,null,null
Mon Oct 19 00:00:00 UTC 2026,0.84828,2439889.91385,null,null,null,null,null,null,null,null,null,null
Mon Oct 19 01:00:00 UTC 2026,0.84828,2407000.91385,null,null,null,null,null,null,null,null,null,null
Mon Oct 19 02:00:00 UTC 2026,0.84828,2543412.91385,null,null,null,null,null,null,null,null,null,null
Mon Oct 19 03:00:00 UTC 2026,0.84828,2880010.91385,null,null,null,null,null,null,null,null,null,null
Mon Oct 19 04:00:00 UTC 2026,0.84828,2811166.91385,null,null,null,null,null,null,null,null,null,null
Mon Oct 19 05:00:00 UTC 2026,0.84828,2368757.91385,null,null,null,null,null,null,null,null,null,null
Mon Oct 19 06:00:00 UTC 2026,0.84828,2193517.91385,null,null,null,null,null,null,null,null,null,null
Mon Oct 19 07:00:00 UTC 2026,0.84828,2405685.91385,null,null,null,null,null,null,null,null,null,null
Mon Oct 19 08:00:00 UTC 2026,0.84828,2426045.91385,null,null,null,null,null,null,null,null,null,null
Mon Oct 19 09:00:00 UTC 2026,0.84828,2469584.91385,null,null,null,null,null,null,null,null,null,null
Mon Oct 19 10:00:00 UTC 2026,0.84828,2802426.91385,null,null,null,null,null,null,null,null,null,null
Mon Oct 19 11:00:00 UTC 2026,0.84828,2769989.91385,null,null,null,null,null,null,null,null,null,null
Mon Oct 19 12:00:00 UTC 2026,0.84828,3039627.91385,null,null,null,null,null,null,null,null,null,null
Mon Oct 19 13:00:00 UTC 2026,0.84828,3013889.91385,null,null,null,null,null,null,null,null,null,null
Mon Oct 19 14:00:00 UTC 2026,0.84828,3280339.91385,null,null,null,null,null,null,null,null,null,null
Mon Oct 19 15:00:00 UTC 2026,0.84828,3346868.91385,null,null,null,null,null,null,null,null,null,null
Mon Oct 19 16:00:00 UTC 2026,0.84828,3275392.91385,null,null,null,null,null,null,null,null,null,null
Mon Oct 19 17:00:00 UTC 2026,0.84828,3284533.91385,null,null,null,null,null,null,null,null,null,null
Mon Oct 19 18:00:00 UTC 2026,0.84828,3733931.91385,null,null,null,null,null,null,null,null,null,null
Mon Oct 19 19:00:00 UTC 2026,0.84828,3826878.91385,null,null,null,null,null,null,null,null,null,null
Mon Oct 19 20:00:00 UTC 2026,0.84828,3997015.91385,null,null,null,null,null,null,null,null,null,null
Mon Oct 19 21:00:00 UTC 2026,0.84828,3937988.91385,null,null,null,null,null,null,null,null,null,null
Mon Oct 19 22:00:00 UTC 2026,0.84828,3988340.91385,null,null,null,null,null,null,null,null,null,null
Mon Oct 19 23:00:00 UTC 2026,0.84828,3712813.91385,null,null,null,null,null,null,null,null,null,null
Tue Oct 20 00:00:00 UTC 2026,0.84828,3599192.91385,null,null,null,null,null,null,null,null,null,null
Tue Oct 20 01:00:00 UTC 2026,0.84828,3546842.91385,null,null,null,null,null,null,null,null,null,null
Tue Oct 20 02:00:00 UTC 2026,0.84828,3066274.91385,null,null,null,null,null,null,null,null,null,null
Tue Oct 20 03:00:00 UTC 2026,0.84828,2866044.91385,null,null,null,null,null,null,null,null,null,null
Tue Oct 20 04:00:00 UTC 2026,0.84828,2840461.91385,null,null,null,null,null,null,null,null,null,null
Tue Oct 20 05:00:00 UTC 2026,0.84828,2884523.91385,null,null,null,null,null,null,null,null,null,null
Tue Oct 20 06:00:00 UTC 2026,0.84828,2866931.91385,null,null,null,null,null,null,null,null,null,null
Tue Oct 20 07:00:00 UTC 2026,0.84828,2770998.91385,null,null,null,null,null,null,null,null,null,null
Tue Oct 20 08:00:00 UTC 2026,0.84828,3685250.91385,null,null,null,null,null,null,null,null,null,null
Tue Oct 20 09:00:00 UTC 2026,0.84828,3851730.91385,null,null,null,null,null,null,null,null,null,null
Tue Oct 20 10:00:00 UTC 2026,0.84828,3682586.91385,null,null,null,null,null,null,null,null,null,null
Tue Oct 20 11:00:00 UTC 2026,0.84828,3697433.91385,null,null,null,null,null,null,null,null,null,null
Tue Oct 20 12:00:00 UTC 2026,0.84828,3747248.91385,null,null,null,null,null,null,null,null,null,null
Tue Oct 20 13:00:00 UTC 2026,0.84828,3806946.91385,null,null,null,null,null,null,null,null,null,null
Tue Oct 20 14:00:00 UTC 2026,0.84828,3932014.91385,null,null,null,null,null,null,null,null,null,null
Tue Oct 20 15:00:00 UTC 2026,0.84828,3816963.91385,null,null,null,null,null,null,null,null,null,null
Tue Oct 20 16:00:00 UTC 2026,0.84828,3840291.91385,null,null,null,null,null,null,null,null,null,null
Tue Oct 20 17:00:00 UTC 2026,0.84828,3708957.91385,null,null,null,null,null,null,null,null,null,null
Tue Oct 20 18:00:00 UTC 2026,0.84828,3506645.91385,null,null,null,null,null,null,null,null,null,null
Tue Oct 20 19:00:00 UTC 2026,0.84828,3568618.91385,null,null,null,null,null,null,null,null,null,null
Tue Oct 20 20:00:00 UTC 2026,0.84828,3303174.91385,null,null,null,null,null,null,null,null,null,null
Tue Oct 20 21:00:00 UTC 2026,0.84828,3256692.91385,null,null,null,null,null,null,null,null,null,null
Tue Oct 20 22:00:00 UTC 2026,0.84828,3405410.91385,null,null,null,null,null,null,null,null,null,null
Tue Oct 20 23:00:00 UTC 2026,0.84828,3555241.91385,null,null,null,null,null,null,null,null,null,null
Wed Oct 21 00:00:00 UTC 2026,0.84828,3458745.91385,null,null,null,null,null,null,null,null,null,null
Wed Oct 21 01:00:00 UTC 2026,0.84828,3252223.91385,null,null,null,null,null,null,null,null,null,null
Wed Oct 21 02:00:00 UTC 2026,0.84828,3238350.91385,null,null,null,null,null,null,null,null,null,null
Wed Oct 21 03:00:00 UTC 2026,0.84828,3176965.91385,null,null,null,null,null,null,null,null,null,null
Wed Oct 21 04:00:00 UTC 2026,0.84828,3189563.91385,null,null,null,null,null,null,null,null,null,null
Wed Oct 21 05:00:00 UTC 2026,0.84828,3160324.91385,null,null,null,null,null,null,null,null,null,null
Wed Oct 21 06:00:00 UTC 2026,0.84828,3283342.91385,null,null,null,null,null,null,null,null,null,null
Wed Oct 21 07:00:00 UTC 2026,0.84828,3317312.91385,null,null,null,null,null,null,null,null,null,null
Wed Oct 21 08:00:00 UTC 2026,0.84828,3298952.91385,null,null,null,null,null,null,null,null,null,null
Wed Oct 21 09:00:00 UTC 2026,0.84828,3439284.91385,null,null,null,null,null,null,null,null,null,null
Wed Oct 21 10:00:00 UTC 2026,0.84828,3324131.91385,null,null,null,null,null,null,null,null,null,null
Wed Oct 21 11:00:00 UTC 2026,0.84828,3486321.91385,null,null,null,null,null,null,null,null,null,null
Wed Oct 21 12:00:00 UTC 2026,0.84828,3317242.91385,null,null,null,null,null,null,null,null,null,null
Wed Oct 21 13:00:00 UTC 2026,0.84828,3284929.91385,null,null,null,null,null,null,null,null,null,null
Wed Oct 21 14:00:00 UTC 2026,0.84828,3611515.91385,null,null,null,null,null,null,null,null,null,null
Wed Oct 21 15:00:00 UTC 2026,0.84828,3670476.91385,null,null,null,null,null,null,null,null,null,null
Wed Oct 21 16:00:00 UTC 2026,0.84828,3681161.91385,null,null,null,null,null,null,null,null,null,null
Wed Oct 21 17:00:00 UTC 2026,0.84828,3882586.91385,null,null,null,null,null,null,null,null,null,null
Wed Oct 21 18:00:00 UTC 2026,0.84828,3896618.91385,null,null,null,null,null,null,null,null,null,null
Wed Oct 21 19:00:00 UTC 2026,0.84828,3960935.91385,null,null,null,null,null,null,null,null,null,null
Wed Oct 21 20:00:00 UTC 2026,0.84828,3998350.91385,null,null,null,null,null,null,null,null,null,null
Wed Oct 21 21:00:00 UTC 2026,0.84828,4087822.91385,null,null,null,null,null,null,null,null,null,null
Wed Oct 21 22:00:00 UTC 2026,0.84828,4162761.91385,null,null,null,null,null,null,null,null,null,null
Wed Oct 21 23:00:00 UTC 2026,0.84828,4290326.91385,null,null,null,null,null,null,null,null,null,null
Thu Oct 22 00:00:00 UTC 2026,0.84828,4233423.91385,null,null,null,null,null,null,null,null,null,null
Thu Oct 22 01:00:00 UTC 2026,0.84828,4250146.91385,null,null,null,null,null,null,null,null,null,null
Thu Oct 22 02:00:00 UTC 2026,0.84828,4143514.91385,null,null,null,null,null,null,null,null,null,null
Thu Oct 22 03:00:00 UTC 2026,0.84828,4066271.91385,null,null,null,null,null,null,null,null,null,null
Thu Oct 22 04:00:00 UTC 2026,0.84828,4001836.91385,null,null,null,null,null,null,null,null,null,null
Thu Oct 22 05:00:00 UTC 2026,0.84828,3908340.91385,null,null,null,null,null,null,null,null,null,null
Thu Oct 22 06:00:00 UTC 2026,0.84828,3830454.91385,null,null,null,null,null,null,null,null,null,null
Thu Oct 22 07:00:00 UTC 2026,0.84828,3552705.91385,null,null,null,null,null,null,null,null,null,null
Thu Oct 22 08:00:00 UTC 2026,0.84828,3784289.91385,null,null,null,null,null,null,null,null,null,null
Thu Oct 22 09:00:00 UTC 2026,0.84828,3874304.91385,null,null,null,null,null,null,null,null,null,null
Thu Oct 22 10:00:00 UTC 2026,0.84828,3879768.91385,null,null,null,null,null,null,null,null,null,null
Thu Oct 22 11:00:00 UTC 2026,0.84828,3939700.91385,null,null,null,null,null,null,null,null,null,null
Thu Oct 22 12:00:00 UTC 2026,0.84828,3909867.91385,null,null,null,null,null,null,null,null,null,null
Thu Oct 22 13:00:00 UTC 2026,0.84828,3704911.91385,null,null,null,null,null,null,null,null,null,null
Thu Oct 22 14:00:00 UTC 2026,0.84828,3846133.91385,null,null,null,null,null,null,null,null,null,null
Thu Oct 22 15:00:00 UTC 2026,0.84828,3894661.91385,null,null,null,null,null,null,null,null,null,null
Thu Oct 22 16:00:00 UTC 2026,0.84828,3817977.91385,null,null,null,null,null,null,null,null,null,null
Thu Oct 22 17:00:00 UTC 2026,0.84828,4126758.91385,null,null,null,null,null,null,null,null,null,null
Thu Oct 22 18:00:00 UTC 2026,0.84828,4319159.91385,null,null,null,null,null,null,null,null,null,null
Thu Oct 22 19:00:00 UTC 2026,0.84828,4311970.91385,null,null,null,null,null,null,null,null,null,null
Thu Oct 22 20:00:00 UTC 2026,0.84828,4325820.91385,null,null,null,null,null,null,null,null,null,null
Thu Oct 22 21:00:00 UTC 2026,0.84828,4243610.91385,null,null,null,null,null,null,null,null,null,null
Thu Oct 22 22:00:00 UTC 2026,0.84828,4375953.91385,null,null,null,null,null,null,null,null,null,null
Thu Oct 22 23:00:00 UTC 2026,0.84828,4241503.91385,null,null,null,null,null,null,null,null,null,null
Fri Oct 23 00:00:00 UTC 2026,0.84828,4023115.91385,null,null,null,null,null,null,null,null,null,null
Fri Oct 23 01:00:00 UTC 2026,0.84828,4043836.91385,null,null,null,null,null,null,null,null,null,null
Fri Oct 23 02:00:00 UTC 2026,0.84828,3833123.91385,null,null,null,null,null,null,null,null,null,null
Fri Oct 23 03:00:00 UTC 2026,0.84828,3818051.91385,null,null,null,null,null,null,null,null,null,null
Fri Oct 23 04:00:00 UTC 2026,0.84828,3725202.91385,null,null,null,null,null,null,null,null,null,null
Fri Oct 23 05:00:00 UTC 2026,0.84828,3763110.91385,null,null,null,null,null,null,null,null,null,null
Fri Oct 23 06:00:00 UTC 2026,0.84828,3651635.91385,null,null,null,null,null,null,null,null,null,null
Fri Oct 23 07:00:00 UTC 2026,0.84828,3617276.91385,null,null,null,null,null,null,null,null,null,null
Fri Oct 23 08:00:00 UTC 2026,0.84828,3539827.91385,null,null,null,null,null,null,null,null,null,null
Fri Oct 23 09:00:00 UTC 2026,0.84828,3414939.91385,null,null,null,null,null,null,null,null,null,null
Fri Oct 23 10:00:00 UTC 2026,0.84828,3489921.91385,null,null,null,null,null,null,null,null,null,null
Fri Oct 23 11:00:00 UTC 2026,0.84828,3635128.91385,null,null,null,null,null,null,null,null,null,null
Fri Oct 23 12:00:00 UTC 2026,0.84828,3782657.91385,null,null,null,null,null,null,null,null,null,null
Fri Oct 23 13:00:00 UTC 2026,0.84828,3777701.91385,null,null,null,null,null,null,null,null,null,null
Fri Oct 23 14:00:00 UTC 2026,0.84828,3821535.91385,null,null,null,null,null,null,null,null,null,null
Fri Oct 23 15:00:00 UTC 2026,0.84828,3948178.91385,null,null,null,null,null,null,null,null,null,null
Fri Oct 23 16:00:00 UTC 2026,0.84828,3862363.91385,null,null,null,null,null,null,null,null,null,null
Fri Oct 23 17:00:00 UTC 2026,0.84828,3605466.91385,null,null,null,null,null,null,null,null,null,null
Fri Oct 23 18:00:00 UTC 2026,0.84828,3608550.91385,null,null,null,null,null,null,null,null,null,null
Fri Oct 23 19:00:00 UTC 2026,0.84828,3714049.91385,null,null,null,null,null,null,null,null,null,null
Fri Oct 23 20:00:00 UTC 2026,0.84828,3855039.91385,null,null,null,null,null,null,null,null,null,null
Fri Oct 23 21:00:00 UTC 2026,0.84828,3537541.91385,null,null,null,null,null,null,null,null,null,null
Fri Oct 23 22:00:00 UTC 2026,0.84828,3537541.91385,null,null,null,null,null,null,null,null,null,null
Fri Oct 23 23:00:00 UTC 2026,0.84828,3537541.91385,null,null,null,null,null,null,null,null,null,null
Sat Oct 24 00:00:00 UTC 2026,0.84828,3537541.91385,null,null,null,null,null,null,null,null,null,null
Sat Oct 24 01:00:00 UTC 2026,0.84828,3537541.91385,null,null,null,null,null,null,null,null,null,null
Sat Oct 24 02:00:00 UTC 2026,0.84828,3537541.91385,null,null,null,null,null,null,null,null,null,null
Sat Oct 24 03:00:00 UTC 2026,0.84828,3537541.91385,null,null,null,null,null,null,null,null,null,null
Sat Oct 24 04:00:00 UTC 2026,0.84828,3537541.91385,null,null,null,null,null,null,null,null,null,null
Sat Oct 24 05:00:00 UTC 2026,0.84828,3537541.91385,null,null,null,null,null,null,null,null,null,null
Sat Oct 24 06:00:00 UTC 2026,0.84828,3537541.91385,null,null,null,null,null,null,null,null,null,null
Sat Oct 24 07:00:00 UTC 2026,0.84828,3537541.91385,null,null,null,null,null,null,null,null,null,null
Sat Oct 24 08:00:00 UTC 2026,0.84828,3537541.91385,null,null,null,null,null,null,null,null,null,null
Sat Oct 24 09:00:00 UTC 2026,0.84828,3537541.91385,null,null,null,null,null,null,null,null,null,null
Sat Oct 24 10:00:00 UTC 2026,0.84828,3537541.91385,null,null,null,null,null,null,null,null,null,null
Sat Oct 24 11:00:00 UTC 2026,0.84828,3537541.91385,null,null,null,null,null,null,null,null,null,null
Sat Oct 24 12:00:00 UTC 2026,0.84828,3537541.91385,null,null,null,null,null,null,null,null,null,null
Sat Oct 24 13:00:00 UTC 2026,0.84828,3537541.91385,null,null,null,null,null,null,null,null,null,null
Sat Oct 24 14:00:00 UTC 2026,0.84828,3537541.91385,null,null,null,null,null,null,null,null,null,null
Sat Oct 24 15:00:00 UTC 2026,0.84828,3537541.91385,null,null,null,null,null,null,null,null,null,null
Sat Oct 24 16:00:00 UTC 2026,0.84828,3537541.91385,null,null,null,null,null,null,null,null,null,null
Sat Oct 24 17:00:00 UTC 2026,0.84828,3537541.91385,null,null,null,null,null,null,null,null,null,null
Sat Oct 24 18:00:00 UTC 2026,0.84828,3537541.91385,null,null,null,null,null,null,null,null,null,null
Sat Oct 24 19:00:00 UTC 2026,0.84828,3537541.91385,null,null,null,null,null,null,null,null,null,null
Sat Oct 24 20:00:00 UTC 2026,0.84828,3537541.91385,null,null,null,null,null,null,null,null,null,null
Sat Oct 24 21:00:00 UTC 2026,0.84828,3537541.91385,null,null,null,null,null,null,null,null,null,null
Sat Oct 24 22:00:00 UTC 2026,0.84828,3537541.91385,null,null,null,null,null,null,null,null,null,null
Sat Oct 24 23:00:00 UTC 2026,0.84828,3537541.91385,null,null,null,null,null,null,null,null,null,null
Sun Oct 25 00:00:00 UTC 2026,0.84828,3537541.91385,null,null,null,null,null,null,null,null,null,null
Sun Oct 25 01:00:00 UTC 2026,0.84828,3537541.91385,null,null,null,null,null,null,null,null,null,null
Sun Oct 25 02:00:00 UTC 2026,0.84828,3537541.91385,null,null,null,null,null,null,null,null,null,null
Sun Oct 25 03:00:00 UTC 2026,0.84828,3537541.91385,null,null,null,null,null,null,null,null,null,null
Sun Oct 25 04:00:00 UTC 2026,0.84828,3537541.91385,null,null,null,null,null,null,null,null,null,null
Sun Oct 25 05:00:00 UTC 2026,0.84828,3537541.91385,null,null,null,null,null,null,null,null,null,null
Sun Oct 25 06:00:00 UTC 2026,0.84828,3537541.91385,null,null,null,null,null,null,null,null,null,null
Sun Oct 25 07:00:00 UTC 2026,0.84828,3537541.91385,null,null,null,null,null,null,null,null,null,null
Sun Oct 25 08:00:00 UTC 2026,0.84828,3537541.91385,null,null,null,null,null,null,null,null,null,null
Sun Oct 25 09:00:00 UTC 2026,0.84828,3537541.91385,null,null,null,null,null,null,null,null,null,null
Sun Oct 25 10:00:00 UTC 2026,0.84828,3537541.91385,null,null,null,null,null,null,null,null,null,null
Sun Oct 25 11:00:00 UTC 2026,0.84828,3537541.91385,null,null,null,null,null,null,null,null,null,null
Sun Oct 25 12:00:00 UTC 2026,0.84828,3537541.91385,null,null,null,null,null,null,null,null,null,null
Sun Oct 25 13:00:00 UTC 2026,0.84828,3537541.91385,null,null,null,null,null,null,null,null,null,null
Sun Oct 25 14:00:00 UTC 2026,0.84828,3537541.91385,null,null,null,null,null,null,null,null,null,null
Sun Oct 25 15:00:00 UTC 2026,0.84828,3537541.91385,null,null,null,null,null,null,null,null,null,null
Sun Oct 25 16:00:00 UTC 2026,0.84828,3537541.91385,null,null,null,null,null,null,null,null,null,null
Sun Oct 25 17:00:00 UTC 2026,0.84828,3537541.91385,null,null,null,null,null,null,null,null,null,null
Sun Oct 25 18:00:00 UTC 2026,0.84828,3537541.91385,null,null,null,null,null,null,null,null,null,null
Sun Oct 25 19:00:00 UTC 2026,0.84828,3537541.91385,null,null,null,null,null,null,null,null,null,null
Sun Oct 25 20:00:00 UTC 2026,0.84828,3537541.91385,null,null,null,null,null,null,null,null,null,null
Sun Oct 25 21:00:00 UTC 2026,0.84828,3261736.91385,null,null,null,null,null,null,null,null,null,null
Sun Oct 25 22:00:00 UTC 2026,0.84828,3160899.91385,null,null,null,null,null,null,null,null,null,null
Sun Oct 25 23:00:00 UTC 2026,0.84828,3530175.91385,null,null,null,null,null,null,null,null,null,null
Mon Oct 26 00:00:00 UTC 2026,0.84828,3511530.91385,null,null,null,null,null,null,null,null,null,null
Mon Oct 26 01:00:00 UTC 2026,0.84828,3450332.91385,null,null,null,null,null,null,null,null,null,null
Mon Oct 26 02:00:00 UTC 2026,0.84828,3511159.91385,null,null,null,null,null,null,null,null,null,null
Mon Oct 26 03:00:00 UTC 2026,0.84828,3545097.91385,null,null,null,null,null,null,null,null,null,null
Mon Oct 26 04:00:00 UTC 2026,0.84828,3557549.91385,null,null,null,null,null,null,null,null,null,null
Mon Oct 26 05:00:00 UTC 2026,0.84828,3587169.91385,null,null,null,null,null,null,null,null,null,null
Mon Oct 26 06:00:00 UTC 2026,0.84828,3682338.91385,null,null,null,null,null,null,null,null,null,null
Mon Oct 26 07:00:00 UTC 2026,0.84828,3566860.91385,null,null,null,null,null,null,null,null,null,null
Mon Oct 26 08:00:00 UTC 2026,0.84828,3587309.91385,null,null,null,null,null,null,null,null,null,null
Mon Oct 26 09:00:00 UTC 2026,0.84828,3602998.91385,null,null,null,null,null,null,null,null,null,null
Mon Oct 26 10:00:00 UTC 2026,0.84828,3595682.91385,null,null,null,null,null,null,null,null,null,null
Mon Oct 26 11:00:00 UTC 2026,0.84828,3645149.91385,null,null,null,null,null,null,null,null,null,null
Mon Oct 26 12:00:00 UTC 2026,0.84828,3659086.91385,null,null,null,null,null,null,null,null,null,null
Mon Oct 26 13:00:00 UTC 2026,0.84828,3856116.91385,null,null,null,null,null,null,null,null,null,null
Mon Oct 26 14:00:00 UTC 2026,0.84828,3962518.91385,null,null,null,null,null,null,null,null,null,null
Mon Oct 26 15:00:00 UTC 2026,0.84828,3932036.91385,null,null,null,null,null,null,null,null,null,null
Mon Oct 26 16:00:00 UTC 2026,0.84828,3889147.91385,null,null,null,null,null,null,null,null,null,null
Mon Oct 26 17:00:00 UTC 2026,0.84828,3806116.91385,null,null,null,null,null,null,null,null,null,null
Mon Oct 26 18:00:00 UTC 2026,0.84828,3854026.91385,null,null,null,null,null,null,null,null,null,null
Mon Oct 26 19:00:00 UTC 2026,0.84828,3811010.91385,null,null,null,null,null,null,null,null,null,null
Mon Oct 26 20:00:00 UTC 2026,0.84828,3740220.91385,null,null,null,null,null,null,null,null,null,null
Mon Oct 26 21:00:00 UTC 2026,0.84828,3753007.91385,null,null,null,null,null,null,null,null,null,null
Mon Oct 26 22:00:00 UTC 2026,0.84828,3694228.91385,null,null,null,null,null,null,null,null,null,null
Mon Oct 26 23:00:00 UTC 2026,0.84828,3737798.91385,null,null,null,null,null,null,null,null,null,null
Tue Oct 27 00:00:00 UTC 2026,0.84828,3639999.91385,null,null,null,null,null,null,null,null,null,null
Tue Oct 27 01:00:00 UTC 2026,0.84828,3680387.91385,null,null,null,null,null,null,null,null,null,null
Tue Oct 27 02:00:00 UTC 2026,0.84828,3822758.91385,null,null,null,null,null,null,null,null,null,null
Tue Oct 27 03:00:00 UTC 2026,0.84828,3784276.91385,null,null,null,null,null,null,null,null,null,null
Tue Oct 27 04:00:00 UTC 2026,0.84828,3959138.91385,null,null,null,null,null,null,null,null,null,null
Tue Oct 27 05:00:00 UTC 2026,0.84828,3972929.91385,null,null,null,null,null,null,null,null,null,null
Tue Oct 27 06:00:00 UTC 2026,0.84828,3930334.91385,null,null,null,null,null,null,null,null,null,null
Tue Oct 27 07:00:00 UTC 2026,0.84828,3935895.91385,null,null,null,null,null,null,null,null,null,null
Tue Oct 27 08:00:00 UTC 2026,0.84828,4329512.91385,null,null,null,null,null,null,null,null,null,null
Tue Oct 27 09:00:00 UTC 2026,0.84828,4304631.91385,null,null,null,null,null,null,null,null,null,null
Tue Oct 27 10:00:00 UTC 2026,0.84828,4392957.91385,null,null,null,null,null,null,null,null,null,null
Tue Oct 27 11:00:00 UTC 2026,0.84828,4375632.91385,null,null,null,null,null,null,null,null,null,null
Tue Oct 27 12:00:00 UTC 2026,0.84828,4390426.91385,null,null,null,null,null,null,null,null,null,null
Tue Oct 27 13:00:00 UTC 2026,0.84828,4430972.91385,null,null,null,null,null,null,null,null,null,null
Tue Oct 27 14:00:00 UTC 2026,0.84828,4365751.91385,null,null,null,null,null,null,null,null,null,null
Tue Oct 27 15:00:00 UTC 2026,0.84828,4364666.91385,null,null,null,null,null,null,null,null,null,null
Tue Oct 27 16:00:00 UTC 2026,0.84828,4395474.91385,null,null,null,null,null,null,null,null,null,null
Tue Oct 27 17:00:00 UTC 2026,0.84828,4402757.91385,null,null,null,null,null,null,null,null,null,null
Tue Oct 27 18:00:00 UTC 2026,0.84828,4424025.91385,null,null,null,null,null,null,null,null,null,null
Tue Oct 27 19:00:00 UTC 2026,0.84828,4448242.91385,null,null,null,null,null,null,null,null,null,null
Tue Oct 27 20:00:00 UTC 2026,0.84828,4395021.91385,null,null,null,null,null,null,null,null,null,null
Tue Oct 27 21:00:00 UTC 2026,0.84828,4365617.91385,null,null,null,null,null,null,null,null,null,null
Tue Oct 27 22:00:00 UTC 2026,0.84828,4421107.91385,null,null,null,null,null,null,null,null,null,null
Tue Oct 27 23:00:00 UTC 2026,0.84828,4508012.91385,null,null,null,null,null,null,null,null,null,null
Wed Oct 28 00:00:00 UTC 2026,0.84828,4427179.91385,null,null,null,null,null,null,null,null,null,null
Wed Oct 28 01:00:00 UTC 2026,0.84828,4491373.91385,null,null,null,null,null,null,null,null,null,null
Wed Oct 28 02:00:00 UTC 2026,0.84828,4462069.91385,null,null,null,null,null,null,null,null,null,null
Wed Oct 28 03:00:00 UTC 2026,0.84828,4447181.91385,null,null,null,null,null,null,null,null,null,null
Wed Oct 28 04:00:00 UTC 2026,0.84828,4441645.91385,null,null,null,null,null,null,null,null,null,null
Wed Oct 28 05:00:00 UTC 2026,0.84828,4438433.91385,null,null,null,null,null,null,null,null,null,null
Wed Oct 28 06:00:00 UTC 2026,0.84828,4433165.91385,null,null,null,null,null,null,null,null,null,null
Wed Oct 28 07:00:00 UTC 2026,0.84828,4495566.91385,null,null,null,null,null,null,null,null,null,null
Wed Oct 28 08:00:00 UTC 2026,0.84828,4422146.91385,null,null,null,null,null,null,null,null,null,null
Wed Oct 28 09:00:00 UTC 2026,0.84828,4465161.91385,null,null,null,null,null,null,null,null,null,null
Wed Oct 28 10:00:00 UTC 2026,0.84828,4458902.91385,null,null,null,null,null,null,null,null,null,null
Wed Oct 28 11:00:00 UTC 2026,0.84828,4494000.91385,null,null,null,null,null,null,null,null,null,null
Wed Oct 28 12:00:00 UTC 2026,0.84828,4569664.91385,null,null,null,null,null,null,null,null,null,null
Wed Oct 28 13:00:00 UTC 2026,0.84828,4479771.91385,null,null,null,null,null,null,null,null,null,null
Wed Oct 28 14:00:00 UTC 2026,0.84828,4490643.91385,null,null,null,null,null,null,null,null,null,null
Wed Oct 28 15:00:00 UTC 2026,0.84828,4531294.91385,null,null,null,null,null,null,null,null,null,null
Wed Oct 28 16:00:00 UTC 2026,0.84828,4529443.91385,null,null,null,null,null,null,null,null,null,null
Wed Oct 28 17:00:00 UTC 2026,0.84828,4569203.91385,null,null,null,null,null,null,null,null,null,null
Wed Oct 28 18:00:00 UTC 2026,0.84828,4590060.91385,null,null,null,null,null,null,null,null,null,null
Wed Oct 28 19:00:00 UTC 2026,0.84828,4555710.91385,null,null,null,null,null,null,null,null,null,null
Wed Oct 28 20:00:00 UTC 2026,0.84828,4541075.91385,null,null,null,null,null,null,null,null,null,null
Wed Oct 28 21:00:00 UTC 2026,0.84828,4576193.91385,null,null,null,null,null,null,null,null,null,null
Wed Oct 28 22:00:00 UTC 2026,0.84828,4630246.91385,null,null,null,null,null,null,null,null,null,null
Wed Oct 28 23:00:00 UTC 2026,0.84828,4649538.91385,null,null,null,null,null,null,null,null,null,null
Thu Oct 29 00:00:00 UTC 2026,0.84828,4620180.91385,null,null,null,null,null,null,null,null,null,null
Thu Oct 29 01:00:00 UTC 2026,0.84828,4611502.91385,null,null,null,null,null,null,null,null,null,null
Thu Oct 29 02:00:00 UTC 2026,0.84828,4534691.91385,null,null,null,null,null,null,null,null,null,null
Thu Oct 29 03:00:00 UTC 2026,0.84828,4590381.91385,null,null,null,null,null,null,null,null,null,null
Thu Oct 29 04:00:00 UTC 2026,0.84828,4589380.91385,null,null,null,null,null,null,null,null,null,null
Thu Oct 29 05:00:00 UTC 2026,0.84828,4557078.91385,null,null,null,null,null,null,null,null,null,null
Thu Oct 29 06:00:00 UTC 2026,0.84828,4582682.91385,null,null,null,null,null,null,null,null,null,null
Thu Oct 29 07:00:00 UTC 2026,0.84828,4592657.91385,null,null,null,null,null,null,null,null,null,null
Thu Oct 29 08:00:00 UTC 2026,0.84828,4580498.91385,null,null,null,null,null,null,null,null,null,null
Thu Oct 29 09:00:00 UTC 2026,0.84828,4609690.91385,null,null,null,null,null,null,null,null,null,null
Thu Oct 29 10:00:00 UTC 2026,0.84828,4606688.91385,null,null,null,null,null,null,null,null,null,null
Thu Oct 29 11:00:00 UTC 2026,0.84828,4615367.91385,null,null,null,null,null,null,null,null,null,null
Thu Oct 29 12:00:00 UTC 2026,0.84828,4591442.91385,null,null,null,null,null,null,null,null,null,null
Thu Oct 29 13:00:00 UTC 2026,0.84828,4590348.91385,null,null,null,null,null,null,null,null,null,null
Thu Oct 29 14:00:00 UTC 2026,0.84828,4573141.91385,null,null,null,null,null,null,null,null,null,null
Thu Oct 29 15:00:00 UTC 2026,0.84828,4492164.91385,null,null,null,null,null,null,null,null,null,null
Thu Oct 29 16:00:00 UTC 2026,0.84828,4543811.91385,null,null,null,null,null,null,null,null,null,null
Thu Oct 29 17:00:00 UTC 2026,0.84828,4522790.91385,null,null,null,null,null,null,null,null,null,null
Thu Oct 29 18:00:00 UTC 2026,0.84828,4496362.91385,null,null,null,null,null,null,null,null,null,null
Thu Oct 29 19:00:00 UTC 2026,0.84828,4541915.91385,null,null,null,null,null,null,null,null,null,null
Thu Oct 29 20:00:00 UTC 2026,0.84828,4627362.91385,null,null,null,null,null,null,null,null,null,null
Thu Oct 29 21:00:00 UTC 2026,0.84828,4589502.91385,null,null,null,null,null,null,null,null,null,null
Thu Oct 29 22:00:00 UTC 2026,0.84828,4640596.91385,null,null,null,null,null,null,null,null,null,null
Thu Oct 29 23:00:00 UTC 2026,0.84828,4658872.91385,null,null,null,null,null,null,null,null,null,null
Fri Oct 30 00:00:00 UTC 2026,0.84828,4637536.91385,null,null,null,null,null,null,null,null,null,null
Fri Oct 30 01:00:00 UTC 2026,0.84828,4663420.91385,null,null,null,null,null,null,null,null,null,null
Fri Oct 30 02:00:00 UTC 2026,0.84828,4647668.91385,null,null,null,null,null,null,null,null,null,null
Fri Oct 30 03:00:00 UTC 2026,0.84828,4655653.91385,null,null,null,null,null,null,null,null,null,null
Fri Oct 30 04:00:00 UTC 2026,0.84828,4628936.91385,null,null,null,null,null,null,null,null,null,null
Fri Oct 30 05:00:00 UTC 2026,0.84828,4636313.91385,null,null,null,null,null,null,null,null,null,null
Fri Oct 30 06:00:00 UTC 2026,0.84828,4627658.91385,null,null,null,null,null,null,null,null,null,null
Fri Oct 30 07:00:00 UTC 2026,0.84828,4598143.91385,null,null,null,null,null,null,null,null,null,null
Fri Oct 30 08:00:00 UTC 2026,0.84828,4545740.91385,null,null,null,null,null,null,null,null,null,null
Fri Oct 30 09:00:00 UTC 2026,0.84828,4567596.91385,null,null,null,null,null,null,null,null,null,null
Fri Oct 30 10:00:00 UTC 2026,0.84828,4644935.91385,null,null,null,null,null,null,null,null,null,null
Fri Oct 30 11:00:00 UTC 2026,0.84828,4611167.91385,null,null,null,null,null,null,null,null,null,null
Fri Oct 30 12:00:00 UTC 2026,0.84828,4580169.91385,null,null,null,null,null,null,null,null,null,null
Fri Oct 30 13:00:00 UTC 2026,0.84828,4634884.91385,null,null,null,null,null,null,null,null,null,null
Fri Oct 30 14:00:00 UTC 2026,0.84828,4675072.91385,null,null,null,null,null,null,null,null,null,null
Fri Oct 30 15:00:00 UTC 2026,0.84828,4653584.91385,null,null,null,null,null,null,null,null,null,null
Fri Oct 30 16:00:00 UTC 2026,0.84828,4564934.91385,null,null,null,null,null,null,null,null,null,null
Fri Oct 30 17:00:00 UTC 2026,0.84828,4610173.91385,null,null,null,null,null,null,null,null,null,null
Fri Oct 30 18:00:00 UTC 2026,0.84828,4554372.91385,null,null,null,null,null,null,null,null,null,null
Fri Oct 30 19:00:00 UTC 2026,0.84828,4479002.91385,null,null,null,null,null,null,null,null,null,null
Fri Oct 30 20:00:00 UTC 2026,0.84828,4523026.91385,null,null,null,null,null,null,null,null,null,null
Fri Oct 30 21:00:00 UTC 2026,0.84828,4523026.91385,null,null,null,null,null,null,null,null,null,null
Fri Oct 30 22:00:00 UTC 2026,0.84828,4523026.91385,null,null,null,null,null,null,null,null,null,null
Fri Oct 30 23:00:00 UTC 2026,0.84828,4523026.91385,null,null,null,null,null,null,null,null,null,null
Sat Oct 31 00:00:00 UTC 2026,0.84828,4523026.91385,null,null,null,null,null,null,null,null,null,null
Sat Oct 31 01:00:00 UTC 2026,0.84828,4523026.91385,null,null,null,null,null,null,null,null,null,null
Sat Oct 31 02:00:00 UTC 2026,0.84828,4523026.91385,null,null,null,null,null,null,null,null,null,null
Sat Oct 31 03:00:00 UTC 2026,0.84828,4523026.91385,null,null,null,null,null,null,null,null,null,null
Sat Oct 31 04:00:00 UTC 2026,0.84828,4523026.91385,null,null,null,null,null,null,null,null,null,null
Sat Oct 31 05:00:00 UTC 2026,0.84828,4523026.91385,null,null,null,null,null,null,null,null,null,null
Sat Oct 31 06:00:00 UTC 2026,0.84828,4523026.91385,null,null,null,null,null,null,null,null,null,null
Sat Oct 31 07:00:00 UTC 2026,0.84828,4523026.91385,null,null,null,null,null,null,null,null,null,null
Sat Oct 31 08:00:00 UTC 2026,0.84828,4523026.91385,null,null,null,null,null,null,null,null,null,null
Sat Oct 31 09:00:00 UTC 2026,0.84828,4523026.91385,null,null,null,null,null,null,null,null,null,null
Sat Oct 31 10:00:00 UTC 2026,0.84828,4523026.91385,null,null,null,null,null,null,null,null,null,null
Sat Oct 31 11:00:00 UTC 2026,0.84828,4523026.91385,null,null,null,null,null,null,null,null,null,null
Sat Oct 31 12:00:00 UTC 2026,0.84828,4523026.91385,null,null,null,null,null,null,null,null,null,null
Sat Oct 31 13:00:00 UTC 2026,0.84828,4523026.91385,null,null,null,null,null,null,null,null,null,null
Sat Oct 31 14:00:00 UTC 2026,0.84828,4523026.91385,null,null,null,null,null,null,null,null,null,null
Sat Oct 31 15:00:00 UTC 2026,0.84828,4523026.91385,null,null,null,null,null,null,null,null,null,null
Sat Oct 31 16:00:00 UTC 2026,0.84828,4523026.91385,null,null,null,null,null,null,null,null,null,null
Sat Oct 31 17:00:00 UTC 2026,0.84828,4523026.91385,null,null,null,null,null,null,null,null,null,null
Sat Oct 31 18:00:00 UTC 2026,0.84828,4523026.91385,null,null,null,null,null,null,null,null,null,null
Sat Oct 31 19:00:00 UTC 2026,0.84828,4523026.91385,null,null,null,null,null,null,null,null,null,null
Sat Oct 31 20:00:00 UTC 2026,0.84828,4523026.91385,null,null,null,null,null,null,null,null,null,null
Sat Oct 31 21:00:00 UTC 2026,0.84828,4523026.91385,null,null,null,null,null,null,null,null,null,null
Sat Oct 31 22:00:00 UTC 2026,0.84828,4523026.91385,null,null,null,null,null,null,null,null,null,null
Sat Oct 31 23:00:00 UTC 2026,0.84828,4523026.91385,null,null,null,null,null,null,null,null,null,null
Sun Nov 01 00:00:00 UTC 2026,0.84828,4523026.91385,null,null,null,null,null,null,null,null,null,null
Sun Nov 01 01:00:00 UTC 2026,0.84828,4523026.91385,null,null,null,null,null,null,null,null,null,null
Sun Nov 01 02:00:00 UTC 2026,0.84828,4523026.91385,null,null,null,null,null,null,null,null,null,null
Sun Nov 01 03:00:00 UTC 2026,0.84828,4523026.91385,null,null,null,null,null,null,null,null,null,null
Sun Nov 01 04:00:00 UTC 2026,0.84828,4523026.91385,null,null,null,null,null,null,null,null,null,null
Sun Nov 01 05:00:00 UTC 2026,0.84828,4523026.91385,null,null,null,null,null,null,null,null,null,null
Sun Nov 01 06:00:00 UTC 2026,0.84828,4523026.91385,null,null,null,null,null,null,null,null,null,null
Sun Nov 01 07:00:00 UTC 2026,0.84828,4523026.91385,null,null,null,null,null,null,null,null,null,null
Sun Nov 01 08:00:00 UTC 2026,0.84828,4523026.91385,null,null,null,null,null,null,null,null,null,null
Sun Nov 01 09:00:00 UTC 2026,0.84828,4523026.91385,null,null,null,null,null,null,null,null,null,null
Sun Nov 01 10:00:00 UTC 2026,0.84828,4523026.91385,null,null,null,null,null,null,null,null,null,null
Sun Nov 01 11:00:00 UTC 2026,0.84828,4523026.91385,null,null,null,null,null,null,null,null,null,null
Sun Nov 01 12:00:00 UTC 2026,0.84828,4523026.91385,null,null,null,null,null,null,null,null,null,null
Sun Nov 01 13:00:00 UTC 2026,0.84828,4523026.91385,null,null,null,null,null,null,null,null,null,null
Sun Nov 01 14:00:00 UTC 2026,0.84828,4523026.91385,null,null,null,null,null,null,null,null,null,null
Sun Nov 01 15:00:00 UTC 2026,0.84828,4523026.91385,null,null,null,null,null,null,null,null,null,null
Sun Nov 01 16:00:00 UTC 2026,0.84828,4523026.91385,null,null,null,null,null,null,null,null,null,null
Sun Nov 01 17:00:00 UTC 2026,0.84828,4523026.91385,null,null,null,null,null,null,null,null,null,null
Sun Nov 01 18:00:00 UTC 2026,0.84828,4523026.91385,null,null,null,null,null,null,null,null,null,null
Sun Nov 01 19:00:00 UTC 2026,0.84828,4523026.91385,null,null,null,null,null,null,null,null,null,null
Sun Nov 01 20:00:00 UTC 2026,0.84828,4523026.91385,null,null,null,null,null,null,null,null,null,null
Sun Nov 01 21:00:00 UTC 2026,0.84828,4566223.91385,null,null,null,null,null,null,null,null,null,null
Sun Nov 01 22:00:00 UTC 2026,0.84828,4459847.91385,null,null,null,null,null,null,null,null,null,null
Sun Nov 01 23:00:00 UTC 2026,0.84828,4417927.91385,null,null,null,null,null,null,null,null,null,null
Mon Nov 02 00:00:00 UTC 2026,0.84828,4430578.91385,null,null,null,null,null,null,null,null,null,null
Mon Nov 02 01:00:00 UTC 2026,0.84828,4384777.91385,null,null,null,null,null,null,null,null,null,null
Mon Nov 02 02:00:00 UTC 2026,0.84828,4389219.91385,null,null,null,null,null,null,null,null,null,null
Mon Nov 02 03:00:00 UTC 2026,0.84828,4374403.91385,null,null,null,null,null,null,null,null,null,null
Mon Nov 02 04:00:00 UTC 2026,0.84828,4485075.91385,null,null,null,null,null,null,null,null,null,null
Mon Nov 02 05:00:00 UTC 2026,0.84828,4608785.91385,null,null,null,null,null,null,null,null,null,null
Mon Nov 02 06:00:00 UTC 2026,0.84828,4604852.91385,null,null,null,null,null,null,null,null,null,null
Mon Nov 02 07:00:00 UTC 2026,0.84828,4525768.91385,null,null,null,null,null,null,null,null,null,null
Mon Nov 02 08:00:00 UTC 2026,0.84828,4418372.91385,null,null,null,null,null,null,null,null,null,null
Mon Nov 02 09:00:00 UTC 2026,0.84828,4524422.91385,null,null,null,null,null,null,null,null,null,null
Mon Nov 02 10:00:00 UTC 2026,0.84828,4456129.91385,null,null,null,null,null,null,null,null,null,null
Mon Nov 02 11:00:00 UTC 2026,0.84828,4323017.91385,null,null,null,null,null,null,null,null,null,null
Mon Nov 02 12:00:00 UTC 2026,0.84828,4361158.91385,null,null,null,null,null,null,null,null,null,null
Mon Nov 02 13:00:00 UTC 2026,0.84828,4330554.91385,null,null,null,null,null,null,null,null,null,null
Mon Nov 02 14:00:00 UTC 2026,0.84828,4396182.91385,null,null,null,null,null,null,null,null,null,null
Mon Nov 02 15:00:00 UTC 2026,0.84828,4383290.91385,null,null,null,null,null,null,null,null,null,null
Mon Nov 02 16:00:00 UTC 2026,0.84828,4409942.91385,null,null,null,null,null,null,null,null,null,null
Mon Nov 02 17:00:00 UTC 2026,0.84828,4476266.91385,null,null,null,null,null,null,null,null,null,null
Mon Nov 02 18:00:00 UTC 2026,0.84828,4616713.91385,null,null,null,null,null,null,null,null,null,null
Mon Nov 02 19:00:00 UTC 2026,0.84828,4478247.91385,null,null,null,null,null,null,null,null,null,null
Mon Nov 02 20:00:00 UTC 2026,0.84828,4462361.91385,null,null,null,null,null,null,null,null,null,null
Mon Nov 02 21:00:00 UTC 2026,0.84828,4518324.91385,null,null,null,null,null,null,null,null,null,null
Mon Nov 02 22:00:00 UTC 2026,0.84828,4654092.91385,null,null,null,null,null,null,null,null,null,null
Mon Nov 02 23:00:00 UTC 2026,0.84828,4476391.91385,null,null,null,null,null,null,null,null,null,null
Tue Nov 03 00:00:00 UTC 2026,0.84828,4402684.91385,null,null,null,null,null,null,null,null,null,null
Tue Nov 03 01:00:00 UTC 2026,0.84828,4376933.91385,null,null,null,null,null,null,null,null,null,null
Tue Nov 03 02:00:00 UTC 2026,0.84828,4373435.91385,null,null,null,null,null,null,null,null,null,null
Tue Nov 03 03:00:00 UTC 2026,0.84828,4459845.91385,null,null,null,null,null,null,null,null,null,null
Tue Nov 03 04:00:00 UTC 2026,0.84828,4405926.91385,null,null,null,null,null,null,null,null,null,null
Tue Nov 03 05:00:00 UTC 2026,0.84828,4416322.91385,null,null,null,null,null,null,null,null,null,null
Tue Nov 03 06:00:00 UTC 2026,0.84828,4403272.91385,null,null,null,null,null,null,null,null,null,null
Tue Nov 03 07:00:00 UTC 2026,0.84828,4374926.91385,null,null,null,null,null,null,null,null,null,null
Tue Nov 03 08:00:00 UTC 2026,0.84828,3638404.91385,null,null,null,null,null,null,null,null,null,null
Tue Nov 03 09:00:00 UTC 2026,0.84828,3638131.91385,null,null,null,null,null,null,null,null,null,null
Tue Nov 03 10:00:00 UTC 2026,0.84828,3638055.91385,null,null,null,null,null,null,null,null,null,null
Tue Nov 03 11:00:00 UTC 2026,0.84828,3637783.91385,null,null,null,null,null,null,null,null,null,null
Tue Nov 03 12:00:00 UTC 2026,0.84828,3637783.91385,null,null,null,null,null,null,null,null,null,null
Tue Nov 03 13:00:00 UTC 2026,0.84828,3638131.91385,null,null,null,null,null,null,null,null,null,null
Tue Nov 03 14:00:00 UTC 2026,0.84828,3638479.91385,null,null,null,null,null,null,null,null,null,null
Tue Nov 03 15:00:00 UTC 2026,0.84828,3638131.91385,null,null,null,null,null,null,null,null,null,null
Tue Nov 03 16:00:00 UTC 2026,0.84828,3638131.91385,null,null,null,null,null,null,null,null,null,null
Tue Nov 03 17:00:00 UTC 2026,0.84828,3637707.91385,null,null,null,null,null,null,null,null,null,null
Tue Nov 03 18:00:00 UTC 2026,0.84828,3637707.91385,null,null,null,null,null,null,null,null,null,null
Tue Nov 03 19:00:00 UTC 2026,0.84828,3637707.91385,null,null,null,null,null,null,null,null,null,null
Tue Nov 03 20:00:00 UTC 2026,0.84828,3638055.91385,null,null,null,null,null,null,null,null,null,null
Tue Nov 03 21:00:00 UTC 2026,0.84828,3638055.91385,null,null,null,null,null,null,null,null,null,null
Tue Nov 03 22:00:00 UTC 2026,0.84828,3637707.91385,null,null,null,null,null,null,null,null,null,null
Tue Nov 03 23:00:00 UTC 2026,0.84828,3638206.91385,null,null,null,null,null,null,null,null,null,null
Wed Nov 04 00:00:00 UTC 2026,0.84828,3637783.91385,null,null,null,null,null,null,null,null,null,null
Wed Nov 04 01:00:00 UTC 2026,0.84828,3638131.91385,null,null,null,null,null,null,null,null,null,null
Wed Nov 04 02:00:00 UTC 2026,0.84828,3637707.91385,null,null,null,null,null,null,null,null,null,null
Wed Nov 04 03:00:00 UTC 2026,0.84828,3638131.91385,null,null,null,null,null,null,null,null,null,null
Wed Nov 04 04:00:00 UTC 2026,0.84828,3637783.91385,null,null,null,null,null,null,null,null,null,null
Wed Nov 04 05:00:00 UTC 2026,0.84828,3638131.91385,null,null,null,null,null,null,null,null,null,null
Wed Nov 04 06:00:00 UTC 2026,0.84828,3638131.91385,null,null,null,null,null,null,null,null,null,null
Wed Nov 04 07:00:00 UTC 2026,0.84828,3637707.91385,null,null,null,null,null,null,null,null,null,null
