date,P_Kweek_22_Kday_56_ETE_52_ORD_50_EXT_57_E2Ekor_59_EXTkor_55_DIFF_20589,a,b,c,d,e,f,g,h,i,j
Sun Sep 27 15:00:00 UTC 2026,1.8621509610646397E7,1.5814500004053116,null,null,null,-621120.8119926224,null,null,null,-723132.4912772723
Sun Sep 27 16:00:00 UTC 2026,1.9506924793128047E7,1.5814500004053116,null,null,null,-811115.2628122948,null,null,null,-900312.9821863632
Sun Sep 27 17:00:00 UTC 2026,1.963973707050118E7,1.5814500004053116,null,null,null,-1001109.7136319666,null,null,null,-1077493.473095454
Sun Sep 27 18:00:00 UTC 2026,1.963973707050118E7,1.5814500004053116,null,null,null,-1191104.1644516387,null,null,null,-1254673.964004545
Sun Sep 27 19:00:00 UTC 2026,1.999390314349325E7,1.5814500004053116,null,null,null,-1381098.615271311,null,null,null,-1431854.454913636
Sun Sep 27 20:00:00 UTC 2026,2.0170986179989778E7,1.5814500004053116,null,null,null,-1571093.0660909833,null,null,null,-1609034.945822727
Sun Sep 27 21:00:00 UTC 2026,1.9064217201887224E7,-968684.4185499996,null,null,null,-1761087.5169106554,null,null,null,-1786215.4367318177
Sun Sep 27 22:00:00 UTC 2026,1.9285570997508124E7,-1122780.4185499996,null,null,null,-1951081.9677303273,null,null,null,-1963395.9276409086
Sun Sep 27 23:00:00 UTC 2026,2.636889245736232E7,-2141476.4185499996,-2141376.4185499996,null,-2141176.4185499996,-2141076.4185499996,-2140876.4185499996,null,-2140676.4185499996,-2140576.4185499996
Mon Sep 28 00:00:00 UTC 2026,2.442097905590249E7,-2117072.4185499996,-1714257.1227753519,null,-1714057.1227753516,null,-1425929.8185499995,null,-1425729.8185499995,null
Mon Sep 28 01:00:00 UTC 2026,2.211889958144961E7,-1927533.4185499996,-1287137.827000704,null,-1286937.827000704,null,-710983.2185499996,null,-710783.2185499996,null
Mon Sep 28 02:00:00 UTC 2026,2.5350664997508522E7,-1265403.4185499996,-860018.5312260557,null,-859818.5312260559,null,3963.381450000452,null,4163.381450000452,null
Mon Sep 28 03:00:00 UTC 2026,2.5262123479259763E7,-519341.4185499996,-432899.23545140796,null,-432699.23545140773,null,718909.9814500005,null,719109.9814500005,null
Mon Sep 28 04:00:00 UTC 2026,1.8400155815026473E7,-108600.4185499996,-5779.939676759997,null,-5579.939676759997,null,1433856.5814500004,null,1434056.5814500004,null
Mon Sep 28 05:00:00 UTC 2026,1.7736094428164743E7,-784389.4185499996,421339.35609788774,null,421539.35609788774,null,2148803.18145,null,2149003.18145,null
Mon Sep 28 06:00:00 UTC 2026,1.5389744194588467E7,700625.5814500004,848458.6518725355,null,848658.6518725355,null,2863749.7814499997,null,2863949.7814499997,null
Mon Sep 28 07:00:00 UTC 2026,1.2157978778529555E7,1460754.5814500004,1275577.9476471834,null,1275777.9476471837,null,3578696.381450001,null,3578896.381450001,null
Mon Sep 28 08:00:00 UTC 2026,1.4858495085098885E7,132344.5814500004,1702697.2434218314,null,1702897.2434218312,null,4293642.981450001,null,4293842.981450001,null
Mon Sep 28 09:00:00 UTC 2026,1.4858495085098885E7,-1027045.4185499996,2129816.539196479,null,2130016.5391964796,null,5008589.58145,null,5008789.58145,null
Mon Sep 28 10:00:00 UTC 2026,1.5566827231084995E7,282104.5814500004,2556935.834971127,null,2557135.834971127,null,5723536.181450001,null,5723736.181450001,null
Mon Sep 28 11:00:00 UTC 2026,2.1853275026705306E7,-80653.4185499996,2984055.130745775,null,2984255.130745775,null,6438482.78145,null,6438682.78145,null
Mon Sep 28 12:00:00 UTC 2026,2.1100672121595807E7,322515.5814500004,3411174.426520423,null,3411374.426520423,null,7153429.381450001,null,7153629.381450001,null
Mon Sep 28 13:00:00 UTC 2026,2.1277755158092335E7,1493200.5814500004,3838293.72229507,null,3838493.7222950705,null,7868375.98145,null,7868575.98145,null
Mon Sep 28 14:00:00 UTC 2026,1.946265403400465E7,404104.5814500004,4265413.018069719,null,4265613.018069718,null,8583322.58145,null,8583522.58145,null
Mon Sep 28 15:00:00 UTC 2026,1.8798592647142924E7,-394407.4185499996,4692532.313844367,null,4692732.313844367,null,9298269.181450002,null,9298469.181450002,null
Mon Sep 28 16:00:00 UTC 2026,1.8532968092398625E7,1143643.5814500004,5119651.609619014,null,5119851.609619014,null,1.001321578145E7,null,1.001341578145E7,null
Mon Sep 28 17:00:00 UTC 2026,1.6319430136194497E7,1505706.5814500004,5546770.905393662,null,5546970.905393662,null,1.0728162381450001E7,null,1.0728362381450001E7,null
Mon Sep 28 18:00:00 UTC 2026,1.8488697333274245E7,4136151.5814500004,5973890.201168309,null,5974090.20116831,null,1.1443108981449999E7,null,1.1443308981449999E7,null
Mon Sep 28 19:00:00 UTC 2026,1.5301202676340695E7,1.215745558145E7,6401009.496942958,null,6401209.496942958,null,1.215805558145E7,null,1.215825558145E7,null
Mon Sep 28 20:00:00 UTC 2026,1.6009534822325818E7,1.172058458145E7,6828128.792717607,null,6828328.792717606,null,null,null,null,null
Mon Sep 28 21:00:00 UTC 2026,1.6939220763931848E7,3680649.5814500004,7255248.088492254,null,7255448.088492254,null,null,null,null,null
Mon Sep 28 22:00:00 UTC 2026,2.1012130603347052E7,3452895.5814500004,7682367.384266902,null,7682567.384266902,null,3453495.5814500004,null,3453695.5814500004,null
Mon Sep 28 23:00:00 UTC 2026,1.6407971654442266E7,7609750.58145,8109486.68004155,null,8109686.68004155,null,4765429.914783334,null,4765629.914783333,null
Tue Sep 29 00:00:00 UTC 2026,1.2600686369771363E7,1.040573858145E7,8536605.975816196,null,8536805.975816198,null,6077364.248116666,null,6077564.248116666,null
Tue Sep 29 01:00:00 UTC 2026,1.2069437260281783E7,1.029167858145E7,8963725.271590846,null,8963925.271590846,null,7389298.58145,null,7389498.58145,null
Tue Sep 29 02:00:00 UTC 2026,1.5655368749332767E7,1.075135858145E7,9390844.567365492,null,9391044.567365494,null,8701232.914783334,null,8701432.914783332,null
Tue Sep 29 03:00:00 UTC 2026,1.8710051128895152E7,1.067852958145E7,9817963.86314014,null,9818163.863140142,null,1.0013167248116666E7,null,1.0013367248116668E7,null
Tue Sep 29 04:00:00 UTC 2026,2.1410567435464483E7,1.132450158145E7,1.024508315891479E7,null,1.024528315891479E7,null,1.132510158145E7,null,1.132530158145E7,null
Tue Sep 29 05:00:00 UTC 2026,1.8577238851523E7,8925774.58145,1.0672202454689436E7,null,1.0672402454689436E7,null,null,null,null,null
Tue Sep 29 06:00:00 UTC 2026,1.817880201940557E7,4179902.5814500004,1.1099321750464085E7,null,1.1099521750464084E7,null,null,null,null,null
Tue Sep 29 07:00:00 UTC 2026,2.118921363984358E7,7927864.58145,1.1526441046238733E7,null,1.1526641046238733E7,null,null,null,null,null
Tue Sep 29 08:00:00 UTC 2026,2.0126715420865398E7,2.044642758145E7,1.1953560342013381E7,null,1.195376034201338E7,null,null,null,null,null
Tue Sep 29 09:00:00 UTC 2026,2.2251711858821757E7,2.238756758145E7,1.2380679637788028E7,null,1.2380879637788028E7,null,null,null,null,2.238846758145E7
Tue Sep 29 10:00:00 UTC 2026,2.2561607172690433E7,2.115847258145E7,1.2807798933562677E7,null,1.2807998933562677E7,null,null,null,null,2.099258558145E7
Tue Sep 29 11:00:00 UTC 2026,2.2251711858821757E7,2.140298758145E7,1.3234918229337323E7,null,1.3235118229337323E7,null,null,null,null,1.959670358145E7
Tue Sep 29 12:00:00 UTC 2026,1.9816820106996723E7,2.065372158145E7,1.3662037525111971E7,null,1.3662237525111971E7,null,null,null,null,1.820082158145E7
Tue Sep 29 13:00:00 UTC 2026,2.0126715420865398E7,1.768623058145E7,1.4089156820886618E7,null,1.408935682088662E7,null,null,null,null,1.680493958145E7
Tue Sep 29 14:00:00 UTC 2026,1.946265403400465E7,1.755550158145E7,1.451627611666127E7,null,1.451647611666127E7,null,null,null,null,1.540905758145E7
Tue Sep 29 15:00:00 UTC 2026,2.1676191990208782E7,1.401227558145E7,1.4943395412435915E7,null,1.4943595412435917E7,null,1.401287558145E7,null,null,1.401317558145E7
Tue Sep 29 16:00:00 UTC 2026,2.0082444661742005E7,1.597737258145E7,1.5370514708210565E7,null,1.5370714708210565E7,null,1.493600901002143E7,null,null,null
Tue Sep 29 17:00:00 UTC 2026,2.003817390261763E7,1.449099858145E7,1.5797634003985213E7,null,1.5797834003985211E7,null,1.5859142438592859E7,null,null,null
Tue Sep 29 18:00:00 UTC 2026,1.4637141289478965E7,1.471740058145E7,1.6224753299759861E7,null,1.6224953299759857E7,null,1.6782275867164284E7,null,null,null
Tue Sep 29 19:00:00 UTC 2026,1.4415787493858062E7,1.566811758145E7,1.6651872595534507E7,null,1.6652072595534507E7,null,1.7705409295735717E7,null,null,null
Tue Sep 29 20:00:00 UTC 2026,1.0519960690938402E7,1.918624358145E7,1.7078991891309157E7,null,1.7079191891309157E7,null,1.8628542724307142E7,null,null,null
Tue Sep 29 21:00:00 UTC 2026,1.6983491523055244E7,1.921783258145E7,1.7506111187083803E7,null,1.7506311187083803E7,null,1.955167615287857E7,null,null,null
Tue Sep 29 22:00:00 UTC 2026,1.339756003400426E7,2.047420958145E7,1.7933230482858453E7,null,1.7933430482858453E7,null,2.047480958145E7,null,null,2.047510958145E7
Tue Sep 29 23:00:00 UTC 2026,8837671.844223853,1.967794058145E7,1.83603497786331E7,null,1.83605497786331E7,null,null,null,null,1.803670783145E7
Wed Sep 30 00:00:00 UTC 2026,1.1405375873420052E7,1.348280958145E7,1.8787469074407745E7,null,1.8787669074407745E7,null,null,null,null,1.559830608145E7
Wed Sep 30 01:00:00 UTC 2026,1.0829856004807077E7,1.392133758145E7,1.921458837018239E7,null,1.9214788370182395E7,null,null,null,null,1.315990433145E7
Wed Sep 30 02:00:00 UTC 2026,6447050.851523198,1.072060258145E7,1.9641707665957045E7,null,1.9641907665957045E7,null,1.072120258145E7,null,null,1.072150258145E7
Wed Sep 30 03:00:00 UTC 2026,-2141476.4185499996,1.467177858145E7,2.006882696173169E7,null,2.006902696173169E7,null,1.491364608145E7,null,null,null
Wed Sep 30 04:00:00 UTC 2026,-1743039.5864335513,1.910548958145E7,2.0495946257506337E7,null,2.049614625750634E7,null,1.910608958145E7,null,null,null
Wed Sep 30 05:00:00 UTC 2026,3790805.304077261,1.839726558145E7,2.0923065553280983E7,null,2.0923265553280987E7,null,null,null,null,null
Wed Sep 30 06:00:00 UTC 2026,5251740.355171888,1.761745258145E7,2.1350184849055633E7,null,2.1350384849055633E7,null,null,null,null,null
Wed Sep 30 07:00:00 UTC 2026,1.1139751318675753E7,1.430520258145E7,2.177730414483028E7,null,2.1777504144830283E7,null,null,null,null,null
Wed Sep 30 08:00:00 UTC 2026,1.0254336136194104E7,1.352798158145E7,2.220442344060493E7,null,2.2204623440604933E7,null,1.352858158145E7,null,1.352878158145E7,null
Wed Sep 30 09:00:00 UTC 2026,9191837.917215925,1.956517858145E7,2.2631542736379575E7,null,2.263174273637958E7,null,1.445139908145E7,null,1.445159908145E7,null
Wed Sep 30 10:00:00 UTC 2026,1.0519960690938402E7,1.020730558145E7,2.3058662032154225E7,null,2.305886203215423E7,null,1.537421658145E7,null,1.537441658145E7,null
Wed Sep 30 11:00:00 UTC 2026,1.0431419172690628E7,1.667414558145E7,2.3485781327928875E7,null,2.348598132792887E7,null,1.629703408145E7,null,1.629723408145E7,null
Wed Sep 30 12:00:00 UTC 2026,9767357.7858289,1.721925158145E7,2.391290062370352E7,null,2.391310062370352E7,null,1.721985158145E7,null,1.722005158145E7,null
Wed Sep 30 13:00:00 UTC 2026,1.1405375873420052E7,1.316965158145E7,2.434001991947817E7,null,2.4340219919478167E7,null,null,null,null,null
Wed Sep 30 14:00:00 UTC 2026,8306422.734734273,1.400650958145E7,2.476713921525282E7,null,2.4767339215252817E7,null,null,null,null,null
Wed Sep 30 15:00:00 UTC 2026,8793401.085099477,1.864503358145E7,2.5194258511027467E7,null,2.5194458511027467E7,null,null,null,null,null
Wed Sep 30 16:00:00 UTC 2026,1.1006939041303605E7,2.044296758145E7,2.5621377806802113E7,null,2.5621577806802113E7,null,null,null,null,null
Wed Sep 30 17:00:00 UTC 2026,1.516839039896756E7,1.918012758145E7,2.6048497102576762E7,null,2.604869710257676E7,null,null,null,null,null
Wed Sep 30 18:00:00 UTC 2026,1.0519960690938402E7,2.421191358145E7,2.647561639835141E7,null,2.647581639835141E7,null,null,null,null,2.421281358145E7
Wed Sep 30 19:00:00 UTC 2026,1.587672254495367E7,1.933550758145E7,2.6902735694126055E7,null,2.6902935694126055E7,null,null,null,null,2.280658724811667E7
Wed Sep 30 20:00:00 UTC 2026,1.738192835517267E7,2.683433058145E7,2.7329854989900704E7,null,2.7330054989900704E7,null,null,null,null,2.1400360914783332E7
Wed Sep 30 21:00:00 UTC 2026,1.521266115809194E7,2.047282058145E7,2.7756974285675354E7,null,2.7757174285675354E7,null,null,null,null,1.999413458145E7
Wed Sep 30 22:00:00 UTC 2026,1.2644957128894757E7,2.818399358145E7,2.818409358145E7,null,2.818429358145E7,2.818439358145E7,null,null,null,1.8587908248116665E7
Wed Sep 30 23:00:00 UTC 2026,1.6983491523055244E7,1.598686958145E7,null,null,null,2.808585815518272E7,null,null,null,1.7181681914783336E7
Thu Oct 01 00:00:00 UTC 2026,1.6407971654442266E7,1.577455558145E7,null,null,null,2.7987322728915438E7,1.577515558145E7,null,1.577535558145E7,1.577545558145E7
Thu Oct 01 01:00:00 UTC 2026,2.335848083692431E7,2.442898358145E7,null,null,null,2.7888787302648157E7,1.6581391724307144E7,null,1.6581591724307144E7,null
Thu Oct 01 02:00:00 UTC 2026,2.207462882232523E7,2.432322358145E7,null,null,null,2.7790251876380876E7,1.7387627867164284E7,null,1.7387827867164284E7,null
Thu Oct 01 03:00:00 UTC 2026,2.2207441099697378E7,2.511814658145E7,null,null,null,2.7691716450113595E7,1.819386401002143E7,null,1.819406401002143E7,null
Thu Oct 01 04:00:00 UTC 2026,2.353556387342084E7,2.518300858145E7,null,null,null,2.7593181023846313E7,1.900010015287857E7,null,1.900030015287857E7,null
Thu Oct 01 05:00:00 UTC 2026,2.3579834632544234E7,2.428181558145E7,null,null,null,2.7494645597579032E7,1.9806336295735717E7,null,1.9806536295735717E7,null
Thu Oct 01 06:00:00 UTC 2026,1.990536162524548E7,2.361010958145E7,null,null,null,2.739611017131175E7,2.061257243859286E7,null,2.0612772438592855E7,null
Thu Oct 01 07:00:00 UTC 2026,2.4199625260281585E7,2.556447358145E7,null,null,null,2.7297574745044474E7,2.141880858145E7,null,2.141900858145E7,null
Thu Oct 01 08:00:00 UTC 2026,2.4243896019405965E7,2.576125358145E7,null,null,null,2.719903931877719E7,2.2225044724307142E7,null,2.2225244724307142E7,null
Thu Oct 01 09:00:00 UTC 2026,2.5660560311376214E7,2.595556758145E7,null,null,null,2.710050389250991E7,2.3031280867164284E7,null,2.3031480867164288E7,null
Thu Oct 01 10:00:00 UTC 2026,2.4376708296778113E7,2.336989158145E7,null,null,null,2.7001968466242626E7,2.383751701002143E7,null,2.383771701002143E7,null
Thu Oct 01 11:00:00 UTC 2026,2.818399358145E7,2.513867958145E7,null,null,null,2.6903433039975345E7,2.464375315287857E7,null,2.4643953152878568E7,null
Thu Oct 01 12:00:00 UTC 2026,2.747566143546389E7,2.452814158145E7,null,null,null,2.6804897613708068E7,2.5449989295735717E7,null,2.5450189295735713E7,null
Thu Oct 01 13:00:00 UTC 2026,2.747566143546389E7,2.562136458145E7,null,null,null,2.6706362187440783E7,2.625622543859286E7,null,2.625642543859286E7,null
Thu Oct 01 14:00:00 UTC 2026,2.747566143546389E7,2.706186158145E7,null,null,null,2.6607826761173505E7,2.706246158145E7,null,2.706266158145E7,null
Thu Oct 01 15:00:00 UTC 2026,1.61326,1.939360358145E7,null,null,null,null,2.650929133490622E7,null,null,null,null,null
Thu Oct 01 16:00:00 UTC 2026,1.61326,2.298838058145E7,null,null,null,null,2.641075590863894E7,null,null,null,null,null
Thu Oct 01 17:00:00 UTC 2026,1.61326,2.425297458145E7,null,null,null,null,2.631222048237166E7,null,null,null,null,null
Thu Oct 01 18:00:00 UTC 2026,1.61326,2.208162558145E7,null,null,null,null,2.6213685056104377E7,null,null,null,null,null
Thu Oct 01 19:00:00 UTC 2026,1.61326,2.340593258145E7,null,null,null,null,2.61151496298371E7,null,null,null,null,null
Thu Oct 01 20:00:00 UTC 2026,1.61326,1.879819658145E7,null,null,null,null,2.601661420356982E7,null,null,null,null,null
Thu Oct 01 21:00:00 UTC 2026,1.61326,1.892924858145E7,null,null,null,null,2.5918078777302533E7,null,null,null,null,null
Thu Oct 01 22:00:00 UTC 2026,1.61326,1.968564858145E7,null,null,null,null,2.5819543351035256E7,null,null,null,null,null
Thu Oct 01 23:00:00 UTC 2026,1.61326,1.948684758145E7,null,null,null,null,2.572100792476797E7,null,null,null,null,null
Fri Oct 02 00:00:00 UTC 2026,1.61326,1.804387858145E7,null,null,null,null,2.5622472498500694E7,null,null,null,null,null
Fri Oct 02 01:00:00 UTC 2026,1.61326,1.998252458145E7,null,null,null,null,2.5523937072233412E7,null,null,null,null,null
Fri Oct 02 02:00:00 UTC 2026,1.61326,2.099208958145E7,null,null,null,null,2.5425401645966128E7,null,null,null,null,null
Fri Oct 02 03:00:00 UTC 2026,1.61326,2.049744458145E7,null,null,null,null,2.532686621969885E7,null,null,null,null,null
Fri Oct 02 04:00:00 UTC 2026,1.61326,1.823378558145E7,null,null,null,null,2.5228330793431565E7,null,null,null,null,null
Fri Oct 02 05:00:00 UTC 2026,1.61326,1.786553658145E7,null,null,null,null,2.5129795367164288E7,null,null,null,null,null
Fri Oct 02 06:00:00 UTC 2026,1.61326,1.685495058145E7,null,null,null,null,2.5031259940897007E7,null,null,null,null,null
Fri Oct 02 07:00:00 UTC 2026,1.61326,1.736620458145E7,null,null,null,null,2.4932724514629725E7,null,null,null,null,null
Fri Oct 02 08:00:00 UTC 2026,1.61326,1.629516958145E7,null,null,null,null,2.4834189088362444E7,null,null,null,null,null
Fri Oct 02 09:00:00 UTC 2026,1.61326,1.498864258145E7,null,null,null,null,2.4735653662095163E7,null,null,null,null,null
Fri Oct 02 10:00:00 UTC 2026,1.61326,1.603674158145E7,null,null,null,null,2.463711823582788E7,null,null,null,null,null
Fri Oct 02 11:00:00 UTC 2026,1.61326,1.760075958145E7,null,null,null,null,2.45385828095606E7,null,null,null,null,null
Fri Oct 02 12:00:00 UTC 2026,1.61326,1.611583558145E7,null,null,null,null,2.4440047383293323E7,null,null,null,null,null
Fri Oct 02 13:00:00 UTC 2026,1.61326,1.562622158145E7,null,null,null,null,2.434151195702604E7,null,null,null,null,null
Fri Oct 02 14:00:00 UTC 2026,1.61326,1.442243058145E7,null,null,null,null,2.4242976530758757E7,null,null,null,null,null
Fri Oct 02 15:00:00 UTC 2026,1.61326,1.457198358145E7,null,null,null,null,2.4144441104491476E7,null,null,null,null,null
Fri Oct 02 16:00:00 UTC 2026,1.61326,1.380132858145E7,null,null,null,null,2.4045905678224195E7,null,null,null,null,null
Fri Oct 02 17:00:00 UTC 2026,1.61326,1.483163958145E7,null,null,null,null,2.3947370251956917E7,null,null,null,null,null
Fri Oct 02 18:00:00 UTC 2026,1.61326,1.549822258145E7,null,null,null,null,2.3848834825689632E7,null,null,null,null,null
Fri Oct 02 19:00:00 UTC 2026,1.61326,1.706474858145E7,null,null,null,null,2.375029939942235E7,null,null,null,null,null
Fri Oct 02 20:00:00 UTC 2026,1.61326,1.643529958145E7,null,null,null,null,2.365176397315507E7,null,null,null,null,null
Fri Oct 02 21:00:00 UTC 2026,1.61326,1.643529958145E7,null,null,null,null,2.355322854688779E7,null,null,null,null,null
Fri Oct 02 22:00:00 UTC 2026,1.61326,1.643529958145E7,null,null,null,null,2.345469312062051E7,null,null,null,null,null
Fri Oct 02 23:00:00 UTC 2026,1.61326,1.643529958145E7,null,null,null,null,2.3356157694353227E7,null,null,null,null,null
Sat Oct 03 00:00:00 UTC 2026,1.61326,1.643529958145E7,null,null,null,null,2.3257622268085945E7,null,null,null,null,null
Sat Oct 03 01:00:00 UTC 2026,1.61326,1.643529958145E7,null,null,null,null,2.3159086841818668E7,null,null,null,null,null
Sat Oct 03 02:00:00 UTC 2026,1.61326,1.643529958145E7,null,null,null,null,2.3060551415551383E7,null,null,null,null,null
Sat Oct 03 03:00:00 UTC 2026,1.61326,1.643529958145E7,null,null,null,null,2.2962015989284102E7,null,null,null,null,null
Sat Oct 03 04:00:00 UTC 2026,1.61326,1.643529958145E7,null,null,null,null,2.286348056301682E7,null,null,null,null,null
Sat Oct 03 05:00:00 UTC 2026,1.61326,1.643529958145E7,null,null,null,null,2.276494513674954E7,null,null,null,null,null
Sat Oct 03 06:00:00 UTC 2026,1.61326,1.643529958145E7,null,null,null,null,2.266640971048226E7,null,null,null,null,null
Sat Oct 03 07:00:00 UTC 2026,1.61326,1.643529958145E7,null,null,null,null,2.2567874284214977E7,null,null,null,null,null
Sat Oct 03 08:00:00 UTC 2026,1.61326,1.643529958145E7,null,null,null,null,2.2469338857947696E7,null,null,null,null,null
Sat Oct 03 09:00:00 UTC 2026,1.61326,1.643529958145E7,null,null,null,null,2.237080343168041E7,null,null,null,null,null
Sat Oct 03 10:00:00 UTC 2026,1.61326,1.643529958145E7,null,null,null,null,2.2272268005413134E7,null,null,null,null,null
Sat Oct 03 11:00:00 UTC 2026,1.61326,1.643529958145E7,null,null,null,null,2.2173732579145852E7,null,null,null,null,null
Sat Oct 03 12:00:00 UTC 2026,1.61326,1.643529958145E7,null,null,null,null,2.2075197152878568E7,null,null,null,null,null
Sat Oct 03 13:00:00 UTC 2026,1.61326,1.643529958145E7,null,null,null,null,2.197666172661129E7,null,null,null,null,null
Sat Oct 03 14:00:00 UTC 2026,1.61326,1.643529958145E7,null,null,null,null,2.1878126300344005E7,null,null,null,null,null
Sat Oct 03 15:00:00 UTC 2026,1.61326,1.643529958145E7,null,null,null,null,2.1779590874076728E7,null,null,null,null,null
Sat Oct 03 16:00:00 UTC 2026,1.61326,1.643529958145E7,null,null,null,null,2.1681055447809447E7,null,null,null,null,null
Sat Oct 03 17:00:00 UTC 2026,1.61326,1.643529958145E7,null,null,null,null,2.158252002154216E7,null,null,null,null,null
Sat Oct 03 18:00:00 UTC 2026,1.61326,1.643529958145E7,null,null,null,null,2.1483984595274884E7,null,null,null,null,null
Sat Oct 03 19:00:00 UTC 2026,1.61326,1.643529958145E7,null,null,null,null,2.1385449169007603E7,null,null,null,null,null
Sat Oct 03 20:00:00 UTC 2026,1.61326,1.643529958145E7,null,null,null,null,2.1286913742740322E7,null,null,null,null,null
Sat Oct 03 21:00:00 UTC 2026,1.61326,1.643529958145E7,null,null,null,null,2.118837831647304E7,null,null,null,null,null
Sat Oct 03 22:00:00 UTC 2026,1.61326,1.643529958145E7,null,null,null,null,2.1089842890205763E7,null,null,null,null,null
Sat Oct 03 23:00:00 UTC 2026,1.61326,1.643529958145E7,null,null,null,null,2.099130746393848E7,null,null,null,null,null
Sun Oct 04 00:00:00 UTC 2026,1.61326,1.643529958145E7,null,null,null,null,2.0892772037671197E7,null,null,null,null,null
Sun Oct 04 01:00:00 UTC 2026,1.61326,1.643529958145E7,null,null,null,null,2.0794236611403916E7,null,null,null,null,null
Sun Oct 04 02:00:00 UTC 2026,1.61326,1.643529958145E7,null,null,null,null,2.0695701185136635E7,null,null,null,null,null
Sun Oct 04 03:00:00 UTC 2026,1.61326,1.643529958145E7,null,null,null,null,2.0597165758869357E7,null,null,null,null,null
Sun Oct 04 04:00:00 UTC 2026,1.61326,1.643529958145E7,null,null,null,null,2.0498630332602073E7,null,null,null,null,null
Sun Oct 04 05:00:00 UTC 2026,1.61326,1.643529958145E7,null,null,null,null,2.040009490633479E7,null,null,null,null,null
Sun Oct 04 06:00:00 UTC 2026,1.61326,1.643529958145E7,null,null,null,null,2.030155948006751E7,null,null,null,null,null
Sun Oct 04 07:00:00 UTC 2026,1.61326,1.643529958145E7,null,null,null,null,2.020302405380023E7,null,null,null,null,null
Sun Oct 04 08:00:00 UTC 2026,1.61326,1.643529958145E7,null,null,null,null,2.010448862753295E7,null,null,null,null,null
Sun Oct 04 09:00:00 UTC 2026,1.61326,1.643529958145E7,null,null,null,null,2.0005953201265667E7,null,null,null,null,null
Sun Oct 04 10:00:00 UTC 2026,1.61326,1.643529958145E7,null,null,null,null,1.9907417774998385E7,null,null,null,null,null
Sun Oct 04 11:00:00 UTC 2026,1.61326,1.643529958145E7,null,null,null,null,1.9808882348731108E7,null,null,null,null,null
Sun Oct 04 12:00:00 UTC 2026,1.61326,1.643529958145E7,null,null,null,null,1.9710346922463823E7,null,null,null,null,null
Sun Oct 04 13:00:00 UTC 2026,1.61326,1.643529958145E7,null,null,null,null,1.9611811496196546E7,null,null,null,null,null
Sun Oct 04 14:00:00 UTC 2026,1.61326,1.643529958145E7,null,null,null,null,1.951327606992926E7,null,null,null,null,null
Sun Oct 04 15:00:00 UTC 2026,1.61326,1.643529958145E7,null,null,null,null,1.9414740643661983E7,null,null,null,null,null
Sun Oct 04 16:00:00 UTC 2026,1.61326,1.643529958145E7,null,null,null,null,1.9316205217394702E7,null,null,null,null,null
Sun Oct 04 17:00:00 UTC 2026,1.61326,1.643529958145E7,null,null,null,null,1.9217669791127417E7,null,null,null,null,null
Sun Oct 04 18:00:00 UTC 2026,1.61326,1.643529958145E7,null,null,null,null,1.911913436486014E7,null,null,null,null,null
Sun Oct 04 19:00:00 UTC 2026,1.61326,1.643529958145E7,null,null,null,null,1.902059893859286E7,null,null,null,null,null
Sun Oct 04 20:00:00 UTC 2026,1.61326,1.643529958145E7,null,null,null,null,1.8922063512325577E7,null,null,null,null,null
Sun Oct 04 21:00:00 UTC 2026,1.61326,1.610124358145E7,null,null,null,null,1.8823528086058296E7,null,null,null,null,null
Sun Oct 04 22:00:00 UTC 2026,1.61326,1.492632458145E7,null,null,null,null,1.872499265979101E7,null,null,null,null,null
Sun Oct 04 23:00:00 UTC 2026,1.61326,1.239719558145E7,null,null,null,null,1.8626457233523734E7,null,null,null,null,null
Mon Oct 05 00:00:00 UTC 2026,1.61326,1.231582358145E7,null,null,null,null,1.8527921807256453E7,null,1.231642358145E7,null,null,null
Mon Oct 05 01:00:00 UTC 2026,1.61326,1.369463758145E7,null,null,null,null,1.842938638098917E7,null,1.2944092295735715E7,null,null,null
Mon Oct 05 02:00:00 UTC 2026,1.61326,1.439895358145E7,null,null,null,null,1.833085095472189E7,null,1.357176101002143E7,null,null,null
Mon Oct 05 03:00:00 UTC 2026,1.61326,1.513430758145E7,null,null,null,null,1.8232315528454605E7,null,1.4199429724307142E7,null,null,null
Mon Oct 05 04:00:00 UTC 2026,1.61326,1.613280858145E7,null,null,null,null,1.8133780102187328E7,null,1.4827098438592859E7,null,null,null
Mon Oct 05 05:00:00 UTC 2026,1.61326,1.542064158145E7,null,null,null,null,1.8035244675920047E7,null,1.5454767152878571E7,null,null,null
Mon Oct 05 06:00:00 UTC 2026,1.61326,1.647266458145E7,null,null,null,null,1.7936709249652766E7,null,1.6082435867164286E7,null,null,null
Mon Oct 05 07:00:00 UTC 2026,1.61326,1.670950458145E7,null,null,null,null,1.7838173823385485E7,null,1.671010458145E7,null,null,null
Mon Oct 05 08:00:00 UTC 2026,1.61326,1.558047758145E7,null,null,null,null,1.7739638397118203E7,null,null,null,null,null
Mon Oct 05 09:00:00 UTC 2026,1.61326,1.498986058145E7,null,null,null,null,1.7641102970850922E7,null,null,null,null,null
Mon Oct 05 10:00:00 UTC 2026,1.61326,6311156.58145,null,null,null,null,1.754256754458364E7,null,null,null,null,null
Mon Oct 05 11:00:00 UTC 2026,1.61326,6155300.58145,null,null,null,null,1.744403211831636E7,null,null,null,null,null
Mon Oct 05 12:00:00 UTC 2026,1.61326,5241445.58145,null,null,null,null,1.734549669204908E7,null,null,null,null,null
Mon Oct 05 13:00:00 UTC 2026,1.61326,7090947.58145,null,null,null,null,1.7246961265781797E7,null,null,null,null,null
Mon Oct 05 14:00:00 UTC 2026,1.61326,6026818.58145,null,null,null,null,1.7148425839514516E7,null,null,null,null,null
Mon Oct 05 15:00:00 UTC 2026,1.61326,5324420.58145,null,null,null,null,1.7049890413247235E7,null,null,null,null,null
Mon Oct 05 16:00:00 UTC 2026,1.61326,4671929.58145,null,null,null,null,1.6951354986979954E7,null,null,null,null,null
Mon Oct 05 17:00:00 UTC 2026,1.61326,3615548.5814500004,null,null,null,null,1.6852819560712673E7,null,null,null,null,null
Mon Oct 05 18:00:00 UTC 2026,1.61326,3806378.5814500004,null,null,null,null,1.6754284134445393E7,null,null,null,null,null
Mon Oct 05 19:00:00 UTC 2026,1.61326,3361839.5814500004,null,null,null,null,1.665574870817811E7,null,null,null,null,null
Mon Oct 05 20:00:00 UTC 2026,1.61326,3874715.5814500004,null,null,null,null,1.655721328191083E7,null,null,null,null,null
Mon Oct 05 21:00:00 UTC 2026,1.61326,3281762.5814500004,null,null,null,null,1.645867785564355E7,null,null,null,null,null
Mon Oct 05 22:00:00 UTC 2026,1.61326,5391166.58145,null,null,null,null,1.6360142429376267E7,null,null,null,null,null
Mon Oct 05 23:00:00 UTC 2026,1.61326,3241883.5814500004,null,null,null,null,1.6261607003108988E7,null,3242483.5814500004,null,null,null
Tue Oct 06 00:00:00 UTC 2026,1.61326,6906338.58145,null,null,null,null,1.6163071576841706E7,null,4453119.137005556,null,null,null
Tue Oct 06 01:00:00 UTC 2026,1.61326,6771276.58145,null,null,null,null,1.6064536150574423E7,null,5663754.692561111,null,null,null
Tue Oct 06 02:00:00 UTC 2026,1.61326,6539242.58145,null,null,null,null,1.5966000724307144E7,null,6874390.248116666,null,null,null
Tue Oct 06 03:00:00 UTC 2026,1.61326,6832100.58145,null,null,null,null,1.5867465298039861E7,null,8085025.803672222,null,null,null
Tue Oct 06 04:00:00 UTC 2026,1.61326,6261227.58145,null,null,null,null,1.5768929871772584E7,null,9295661.359227778,null,null,null
Tue Oct 06 05:00:00 UTC 2026,1.61326,5515061.58145,null,null,null,null,1.56703944455053E7,null,1.0506296914783332E7,null,null,null
Tue Oct 06 06:00:00 UTC 2026,1.61326,6572176.58145,null,null,null,null,1.5571859019238017E7,null,1.171693247033889E7,null,null,null
Tue Oct 06 07:00:00 UTC 2026,1.61326,7822378.58145,null,null,null,null,1.547332359297074E7,null,1.2927568025894444E7,null,null,null
Tue Oct 06 08:00:00 UTC 2026,1.61326,1.413760358145E7,null,null,null,null,1.5374788166703455E7,null,1.413820358145E7,null,null,null
Tue Oct 06 09:00:00 UTC 2026,1.61326,1.034845958145E7,null,null,null,null,1.5276252740436178E7,null,null,null,null,null
Tue Oct 06 10:00:00 UTC 2026,1.61326,1.130704558145E7,null,null,null,null,1.5177717314168895E7,null,null,null,null,null
Tue Oct 06 11:00:00 UTC 2026,1.61326,1.198963958145E7,null,null,null,null,1.5079181887901615E7,null,null,null,null,null
Tue Oct 06 12:00:00 UTC 2026,1.61326,1.115664958145E7,null,null,null,null,1.4980646461634334E7,null,null,null,null,null
Tue Oct 06 13:00:00 UTC 2026,1.61326,1.089174458145E7,null,null,null,null,1.4882111035367051E7,null,null,null,null,null
Tue Oct 06 14:00:00 UTC 2026,1.61326,7380299.58145,null,null,null,null,1.4783575609099772E7,null,null,null,null,null
Tue Oct 06 15:00:00 UTC 2026,1.61326,7407423.58145,null,null,null,null,1.4685040182832489E7,null,null,null,null,null
Tue Oct 06 16:00:00 UTC 2026,1.61326,4972558.58145,null,null,null,null,1.458650475656521E7,null,null,null,null,null
Tue Oct 06 17:00:00 UTC 2026,1.61326,4395366.58145,null,null,null,null,1.4487969330297928E7,null,null,null,null,null
Tue Oct 06 18:00:00 UTC 2026,1.61326,4251546.58145,null,null,null,null,1.4389433904030645E7,null,null,null,null,null
Tue Oct 06 19:00:00 UTC 2026,1.61326,4588552.58145,null,null,null,null,1.4290898477763366E7,null,null,null,null,null
Tue Oct 06 20:00:00 UTC 2026,1.61326,4256933.58145,null,null,null,null,1.4192363051496083E7,null,null,null,null,null
Tue Oct 06 21:00:00 UTC 2026,1.61326,4658455.58145,null,null,null,null,1.4093827625228804E7,null,null,null,null,null
Tue Oct 06 22:00:00 UTC 2026,1.61326,4619515.58145,null,null,null,null,1.3995292198961522E7,null,null,null,null,null
Tue Oct 06 23:00:00 UTC 2026,1.61326,3531233.5814500004,null,null,null,null,1.389675677269424E7,null,null,null,null,null
Wed Oct 07 00:00:00 UTC 2026,1.61326,3652684.5814500004,null,null,null,null,1.379822134642696E7,null,null,null,null,null
Wed Oct 07 01:00:00 UTC 2026,1.61326,5126017.58145,null,null,null,null,1.3699685920159679E7,null,null,null,null,null
Wed Oct 07 02:00:00 UTC 2026,1.61326,5509171.58145,null,null,null,null,1.3601150493892398E7,null,null,null,null,null
Wed Oct 07 03:00:00 UTC 2026,1.61326,1617510.5814500004,null,null,null,null,1.3502615067625117E7,null,1618110.5814500004,null,null,null
Wed Oct 07 04:00:00 UTC 2026,1.61326,3093919.5814500004,null,null,null,null,1.3404079641357837E7,null,2397918.5814500004,null,null,null
Wed Oct 07 05:00:00 UTC 2026,1.61326,4736643.58145,null,null,null,null,1.3305544215090554E7,null,3177726.5814500004,null,null,null
Wed Oct 07 06:00:00 UTC 2026,1.61326,6292016.58145,null,null,null,null,1.3207008788823273E7,null,3957534.5814500004,null,null,null
Wed Oct 07 07:00:00 UTC 2026,1.61326,6846027.58145,null,null,null,null,1.3108473362555994E7,null,4737342.58145,null,null,null
Wed Oct 07 08:00:00 UTC 2026,1.61326,5656416.58145,null,null,null,null,1.300993793628871E7,null,5517150.58145,null,null,null
Wed Oct 07 09:00:00 UTC 2026,1.61326,5543091.58145,null,null,null,null,1.2911402510021433E7,null,6296958.58145,null,null,null
Wed Oct 07 10:00:00 UTC 2026,1.61326,4920690.58145,null,null,null,null,1.2812867083754148E7,null,7076766.58145,null,null,null
Wed Oct 07 11:00:00 UTC 2026,1.61326,6082585.58145,null,null,null,null,1.2714331657486867E7,null,7856574.58145,null,null,null
Wed Oct 07 12:00:00 UTC 2026,1.61326,6991443.58145,null,null,null,null,1.261579623121959E7,null,8636382.58145,null,null,null
Wed Oct 07 13:00:00 UTC 2026,1.61326,7658027.58145,null,null,null,null,1.2517260804952305E7,null,9416190.58145,null,null,null
Wed Oct 07 14:00:00 UTC 2026,1.61326,1.035219158145E7,null,null,null,null,1.2418725378685024E7,null,1.019599858145E7,null,null,null
Wed Oct 07 15:00:00 UTC 2026,1.61326,1.064733358145E7,null,null,null,null,1.2320189952417744E7,null,1.097580658145E7,null,null,null
Wed Oct 07 16:00:00 UTC 2026,1.61326,1.175501458145E7,null,null,null,null,1.2221654526150461E7,null,1.175561458145E7,null,null,null
Wed Oct 07 17:00:00 UTC 2026,1.61326,1.041700358145E7,null,null,null,null,1.212311909988318E7,null,null,null,null,null
Wed Oct 07 18:00:00 UTC 2026,1.61326,1.055436058145E7,null,null,null,null,1.20245836736159E7,null,null,null,null,null
Wed Oct 07 19:00:00 UTC 2026,1.61326,1.087517658145E7,null,null,null,null,1.1926048247348618E7,null,null,null,null,null
Wed Oct 07 20:00:00 UTC 2026,1.61326,1.168645258145E7,null,null,null,null,1.1827512821081335E7,null,null,null,null,null
Wed Oct 07 21:00:00 UTC 2026,1.61326,1.169140558145E7,null,null,null,null,1.1728977394814055E7,null,null,null,null,null
Wed Oct 07 22:00:00 UTC 2026,1.61326,1.117490858145E7,null,null,null,null,1.1630441968546774E7,null,null,null,null,null
Wed Oct 07 23:00:00 UTC 2026,1.61326,1.006007558145E7,null,null,null,null,1.1531906542279491E7,null,null,null,null,null
Thu Oct 08 00:00:00 UTC 2026,1.61326,8768744.58145,null,null,null,null,1.1433371116012212E7,null,null,null,null,null
Thu Oct 08 01:00:00 UTC 2026,1.61326,6165756.58145,null,null,null,null,1.1334835689744929E7,null,null,null,null,null
Thu Oct 08 02:00:00 UTC 2026,1.61326,5898450.58145,null,null,null,null,1.123630026347765E7,null,null,null,null,null
Thu Oct 08 03:00:00 UTC 2026,1.61326,5865351.58145,null,null,null,null,1.1137764837210368E7,null,null,null,null,null
Thu Oct 08 04:00:00 UTC 2026,1.61326,5628062.58145,null,null,null,null,1.1039229410943085E7,null,null,null,null,null
Thu Oct 08 05:00:00 UTC 2026,1.61326,5356847.58145,null,null,null,null,1.0940693984675806E7,null,null,null,null,null
Thu Oct 08 06:00:00 UTC 2026,1.61326,5474707.58145,null,null,null,null,1.0842158558408525E7,null,null,null,null,null
Thu Oct 08 07:00:00 UTC 2026,1.61326,4727422.58145,null,null,null,null,1.0743623132141247E7,null,4728022.58145,null,null,null
Thu Oct 08 08:00:00 UTC 2026,1.61326,5300258.58145,null,null,null,null,1.0645087705873964E7,null,5057625.735296154,null,null,null
Thu Oct 08 09:00:00 UTC 2026,1.61326,6106771.58145,null,null,null,null,1.0546552279606681E7,null,5387228.889142308,null,null,null
Thu Oct 08 10:00:00 UTC 2026,1.61326,6139563.58145,null,null,null,null,1.0448016853339404E7,null,5716832.042988462,null,null,null
Thu Oct 08 11:00:00 UTC 2026,1.61326,6343706.58145,null,null,null,null,1.0349481427072119E7,null,6046435.196834616,null,null,null
Thu Oct 08 12:00:00 UTC 2026,1.61326,6228626.58145,null,null,null,null,1.0250946000804842E7,null,6376038.35068077,null,null,null
Thu Oct 08 13:00:00 UTC 2026,1.61326,6564834.58145,null,null,null,null,1.0152410574537558E7,null,6705641.504526924,null,null,null
Thu Oct 08 14:00:00 UTC 2026,1.61326,6997359.58145,null,null,null,null,1.0053875148270275E7,null,7035244.658373077,null,null,null
Thu Oct 08 15:00:00 UTC 2026,1.61326,5795669.58145,null,null,null,null,9955339.722002998,null,7364847.812219231,null,null,null
Thu Oct 08 16:00:00 UTC 2026,1.61326,6845929.58145,null,null,null,null,9856804.295735715,null,7694450.966065384,null,null,null
Thu Oct 08 17:00:00 UTC 2026,1.61326,6276154.58145,null,null,null,null,9758268.869468434,null,8024054.119911539,null,null,null
Thu Oct 08 18:00:00 UTC 2026,1.61326,6903500.58145,null,null,null,null,9659733.443201153,null,8353657.273757692,null,null,null
Thu Oct 08 19:00:00 UTC 2026,1.61326,7633659.58145,null,null,null,null,9561198.016933873,null,8683260.427603848,null,null,null
Thu Oct 08 20:00:00 UTC 2026,1.61326,9012263.58145,null,null,null,null,9462662.590666588,null,9012863.58145,null,null,null
Thu Oct 08 21:00:00 UTC 2026,1.61326,8747843.58145,null,null,null,null,9364127.16439931,null,null,null,null,null
Thu Oct 08 22:00:00 UTC 2026,1.61326,8690242.58145,null,null,null,null,9265591.738132028,null,null,null,null,null
Thu Oct 08 23:00:00 UTC 2026,1.61326,7773611.58145,null,null,null,null,9167056.311864745,null,null,null,null,null
Fri Oct 09 00:00:00 UTC 2026,1.61326,6764855.58145,null,null,null,null,9068520.885597467,null,null,null,null,null
Fri Oct 09 01:00:00 UTC 2026,1.61326,7444265.58145,null,null,null,null,8969985.459330184,null,null,null,null,null
Fri Oct 09 02:00:00 UTC 2026,1.61326,7675591.58145,null,null,null,null,8871450.033062903,null,null,null,null,null
Fri Oct 09 03:00:00 UTC 2026,1.61326,7623832.58145,null,null,null,null,8772914.606795624,null,null,null,null,null
Fri Oct 09 04:00:00 UTC 2026,1.61326,7507236.58145,null,null,null,null,8674379.180528339,null,null,null,null,null
Fri Oct 09 05:00:00 UTC 2026,1.61326,5922648.58145,null,null,null,null,8575843.754261062,null,null,null,null,null
Fri Oct 09 06:00:00 UTC 2026,1.61326,5641315.58145,null,null,null,null,8477308.327993779,null,null,null,null,null
Fri Oct 09 07:00:00 UTC 2026,1.61326,6256230.58145,null,null,null,null,8378772.901726496,null,null,null,null,null
Fri Oct 09 08:00:00 UTC 2026,1.61326,6607065.58145,null,null,null,null,8280237.475459217,null,null,null,null,null
Fri Oct 09 09:00:00 UTC 2026,1.61326,5386808.58145,null,null,null,null,8181702.049191935,null,null,null,null,null
Fri Oct 09 10:00:00 UTC 2026,1.61326,5750331.58145,null,null,null,null,8083166.622924656,null,null,null,null,null
Fri Oct 09 11:00:00 UTC 2026,1.61326,6364582.58145,null,null,null,null,7984631.196657373,null,null,null,null,null
Fri Oct 09 12:00:00 UTC 2026,1.61326,6723329.58145,null,null,null,null,7886095.7703900905,null,null,null,null,null
Fri Oct 09 13:00:00 UTC 2026,1.61326,4264228.58145,null,null,null,null,7787560.344122811,null,null,null,null,null
Fri Oct 09 14:00:00 UTC 2026,1.61326,3210633.5814500004,null,null,null,null,7689024.917855529,null,null,null,null,null
Fri Oct 09 15:00:00 UTC 2026,1.61326,2833288.5814500004,null,null,null,null,7590489.49158825,null,null,null,null,null
Fri Oct 09 16:00:00 UTC 2026,1.61326,4131110.5814500004,null,null,null,null,7491954.065320967,null,null,null,null,null
Fri Oct 09 17:00:00 UTC 2026,1.61326,3174133.5814500004,null,null,null,null,7393418.639053688,null,null,null,null,null
Fri Oct 09 18:00:00 UTC 2026,1.61326,2730987.5814500004,null,null,null,null,7294883.212786406,null,null,null,null,null
Fri Oct 09 19:00:00 UTC 2026,1.61326,2017107.5814500004,null,null,null,null,7196347.786519123,null,null,null,null,null
Fri Oct 09 20:00:00 UTC 2026,1.61326,2606767.5814500004,null,null,null,null,7097812.360251845,null,null,null,null,null
Fri Oct 09 21:00:00 UTC 2026,1.61326,2606767.5814500004,null,null,null,null,6999276.933984562,null,null,null,null,null
Fri Oct 09 22:00:00 UTC 2026,1.61326,2606767.5814500004,null,null,null,null,6900741.5077172825,null,null,null,null,null
Fri Oct 09 23:00:00 UTC 2026,1.61326,2606767.5814500004,null,null,null,null,6802206.08145,null,null,null,null,null
Sat Oct 10 00:00:00 UTC 2026,1.61326,2606767.5814500004,null,null,null,null,6703670.655182719,null,null,null,null,null
Sat Oct 10 01:00:00 UTC 2026,1.61326,2606767.5814500004,null,null,null,null,6605135.228915439,null,null,null,null,null
Sat Oct 10 02:00:00 UTC 2026,1.61326,2606767.5814500004,null,null,null,null,6506599.802648156,null,null,null,null,null
Sat Oct 10 03:00:00 UTC 2026,1.61326,2606767.5814500004,null,null,null,null,6408064.376380877,null,null,null,null,null
Sat Oct 10 04:00:00 UTC 2026,1.61326,2606767.5814500004,null,null,null,null,6309528.9501135945,null,null,null,null,null
Sat Oct 10 05:00:00 UTC 2026,1.61326,2606767.5814500004,null,null,null,null,6210993.523846313,null,null,null,null,null
Sat Oct 10 06:00:00 UTC 2026,1.61326,2606767.5814500004,null,null,null,null,6112458.097579034,null,null,null,null,null
Sat Oct 10 07:00:00 UTC 2026,1.61326,2606767.5814500004,null,null,null,null,6013922.671311752,null,null,null,null,null
Sat Oct 10 08:00:00 UTC 2026,1.61326,2606767.5814500004,null,null,null,null,5915387.245044471,null,null,null,null,null
Sat Oct 10 09:00:00 UTC 2026,1.61326,2606767.5814500004,null,null,null,null,5816851.81877719,null,null,null,null,null
Sat Oct 10 10:00:00 UTC 2026,1.61326,2606767.5814500004,null,null,null,null,5718316.392509909,null,null,null,null,null
Sat Oct 10 11:00:00 UTC 2026,1.61326,2606767.5814500004,null,null,null,null,5619780.966242628,null,null,null,null,null
Sat Oct 10 12:00:00 UTC 2026,1.61326,2606767.5814500004,null,null,null,null,5521245.539975347,null,null,null,null,null
Sat Oct 10 13:00:00 UTC 2026,1.61326,2606767.5814500004,null,null,null,null,5422710.113708065,null,null,null,null,null
Sat Oct 10 14:00:00 UTC 2026,1.61326,2606767.5814500004,null,null,null,null,5324174.687440784,null,null,null,null,null
Sat Oct 10 15:00:00 UTC 2026,1.61326,2606767.5814500004,null,null,null,null,5225639.2611735035,null,null,null,null,null
Sat Oct 10 16:00:00 UTC 2026,1.61326,2606767.5814500004,null,null,null,null,5127103.834906222,null,null,null,null,null
Sat Oct 10 17:00:00 UTC 2026,1.61326,2606767.5814500004,null,null,null,null,5028568.408638941,null,null,null,null,null
Sat Oct 10 18:00:00 UTC 2026,1.61326,2606767.5814500004,null,null,null,null,4930032.982371661,null,null,null,null,null
Sat Oct 10 19:00:00 UTC 2026,1.61326,2606767.5814500004,null,null,null,null,4831497.556104378,null,null,null,null,null
Sat Oct 10 20:00:00 UTC 2026,1.61326,2606767.5814500004,null,null,null,null,4732962.1298370985,null,null,null,null,null
Sat Oct 10 21:00:00 UTC 2026,1.61326,2606767.5814500004,null,null,null,null,4634426.703569816,null,null,null,null,null
Sat Oct 10 22:00:00 UTC 2026,1.61326,2606767.5814500004,null,null,null,null,4535891.277302535,null,null,null,null,null
Sat Oct 10 23:00:00 UTC 2026,1.61326,2606767.5814500004,null,null,null,null,4437355.851035256,null,null,null,null,null
Sun Oct 11 00:00:00 UTC 2026,1.61326,2606767.5814500004,null,null,null,null,4338820.424767972,null,null,null,null,null
Sun Oct 11 01:00:00 UTC 2026,1.61326,2606767.5814500004,null,null,null,null,4240284.998500693,null,null,null,null,null
Sun Oct 11 02:00:00 UTC 2026,1.61326,2606767.5814500004,null,null,null,null,4141749.5722334115,null,null,null,null,null
Sun Oct 11 03:00:00 UTC 2026,1.61326,2606767.5814500004,null,null,null,null,4043214.1459661275,null,null,null,null,null
Sun Oct 11 04:00:00 UTC 2026,1.61326,2606767.5814500004,null,null,null,null,3944678.719698848,null,null,null,null,null
Sun Oct 11 05:00:00 UTC 2026,1.61326,2606767.5814500004,null,null,null,null,3846143.293431567,null,null,null,null,null
Sun Oct 11 06:00:00 UTC 2026,1.61326,2606767.5814500004,null,null,null,null,3747607.867164285,null,null,null,null,null
Sun Oct 11 07:00:00 UTC 2026,1.61326,2606767.5814500004,null,null,null,null,3649072.4408970037,null,null,null,null,null
Sun Oct 11 08:00:00 UTC 2026,1.61326,2606767.5814500004,null,null,null,null,3550537.0146297235,null,null,null,null,null
Sun Oct 11 09:00:00 UTC 2026,1.61326,2606767.5814500004,null,null,null,null,3452001.5883624423,null,null,null,null,null
Sun Oct 11 10:00:00 UTC 2026,1.61326,2606767.5814500004,null,null,null,null,3353466.162095161,null,null,null,null,null
Sun Oct 11 11:00:00 UTC 2026,1.61326,2606767.5814500004,null,null,null,null,3254930.735827882,null,null,null,null,null
Sun Oct 11 12:00:00 UTC 2026,1.61326,2606767.5814500004,null,null,null,null,3156395.309560599,null,null,null,null,null
Sun Oct 11 13:00:00 UTC 2026,1.61326,2606767.5814500004,null,null,null,null,3057859.8832933176,null,null,null,null,null
Sun Oct 11 14:00:00 UTC 2026,1.61326,2606767.5814500004,null,null,null,null,2959324.4570260365,null,null,null,null,null
Sun Oct 11 15:00:00 UTC 2026,1.61326,2606767.5814500004,null,null,null,null,2860789.0307587553,null,null,null,null,null
Sun Oct 11 16:00:00 UTC 2026,1.61326,2606767.5814500004,null,null,null,null,2762253.604491476,null,null,null,null,null
Sun Oct 11 17:00:00 UTC 2026,1.61326,2606767.5814500004,null,null,null,null,2663718.178224193,null,null,null,null,null
Sun Oct 11 18:00:00 UTC 2026,1.61326,2606767.5814500004,null,null,null,null,2565182.7519569118,null,null,null,null,null
Sun Oct 11 19:00:00 UTC 2026,1.61326,2606767.5814500004,null,null,null,null,2466647.3256896306,null,null,null,null,null
Sun Oct 11 20:00:00 UTC 2026,1.61326,2606767.5814500004,null,null,null,null,2368111.8994223494,null,null,null,null,null
Sun Oct 11 21:00:00 UTC 2026,1.61326,3236306.5814500004,null,null,null,null,2269576.47315507,null,null,null,null,null
Sun Oct 11 22:00:00 UTC 2026,1.61326,3502486.5814500004,null,null,null,null,2171041.046887789,null,null,null,null,null
Sun Oct 11 23:00:00 UTC 2026,1.61326,1670514.5814500004,null,null,null,null,2072505.6206205077,null,null,null,null,null
Mon Oct 12 00:00:00 UTC 2026,1.61326,1396012.5814500004,null,null,null,null,1973970.1943532247,null,null,null,null,null
Mon Oct 12 01:00:00 UTC 2026,1.61326,1264068.5814500004,null,null,null,null,1875434.7680859454,null,null,null,null,null
Mon Oct 12 02:00:00 UTC 2026,1.61326,1371435.5814500004,null,null,null,null,1776899.3418186642,null,null,null,null,null
Mon Oct 12 03:00:00 UTC 2026,1.61326,1336015.5814500004,null,null,null,null,1678363.915551383,null,null,null,null,null
Mon Oct 12 04:00:00 UTC 2026,1.61326,2112431.5814500004,null,null,null,null,1579828.4892841019,null,null,null,null,null
Mon Oct 12 05:00:00 UTC 2026,1.61326,2715387.5814500004,null,null,null,null,1481293.0630168207,null,null,null,null,null
Mon Oct 12 06:00:00 UTC 2026,1.61326,2199699.5814500004,null,null,null,null,1382757.6367495395,null,null,null,null,null
Mon Oct 12 07:00:00 UTC 2026,1.61326,2606911.5814500004,null,null,null,null,1284222.2104822583,null,null,null,null,null
Mon Oct 12 08:00:00 UTC 2026,1.61326,1079455.5814500004,null,null,null,null,1185686.7842149772,null,null,null,null,null
Mon Oct 12 09:00:00 UTC 2026,1.61326,922352.5814500004,null,null,null,null,1087151.3579476979,null,null,null,null,null
Mon Oct 12 10:00:00 UTC 2026,1.61326,937517.5814500004,null,null,null,null,988615.9316804148,null,null,null,null,null
Mon Oct 12 11:00:00 UTC 2026,1.61326,1097904.5814500004,null,null,null,null,890080.5054131337,null,null,null,null,null
Mon Oct 12 12:00:00 UTC 2026,1.61326,-9151638.41855,null,null,null,null,791545.0791458525,null,null,null,null,null
Mon Oct 12 13:00:00 UTC 2026,1.61326,-9662479.41855,null,null,null,null,693009.6528785713,null,null,null,null,null
Mon Oct 12 14:00:00 UTC 2026,1.61326,-9695618.41855,null,null,null,null,594474.226611292,null,null,null,null,null
Mon Oct 12 15:00:00 UTC 2026,1.61326,-9440877.41855,null,null,null,null,495938.80034400895,null,null,null,null,null
Mon Oct 12 16:00:00 UTC 2026,1.61326,-9915734.41855,null,null,null,null,397403.37407672964,null,null,null,null,null
Mon Oct 12 17:00:00 UTC 2026,1.61326,-9946538.41855,null,null,null,null,298867.9478094466,null,null,null,null,null
Mon Oct 12 18:00:00 UTC 2026,1.61326,-1.009468241855E7,null,null,null,null,200332.52154216543,null,null,null,null,null
Mon Oct 12 19:00:00 UTC 2026,1.61326,-1.040165241855E7,null,null,null,null,101797.09527488612,null,null,null,null,null
Mon Oct 12 20:00:00 UTC 2026,1.61326,-1.020415841855E7,null,null,null,null,3261.6690076049417,null,null,null,null,null
Mon Oct 12 21:00:00 UTC 2026,1.61326,-1.005886741855E7,null,null,null,null,-95273.75725967623,null,null,null,null,null
Mon Oct 12 22:00:00 UTC 2026,1.61326,-1.031850541855E7,null,null,null,null,-193809.1835269574,null,null,null,null,null
Mon Oct 12 23:00:00 UTC 2026,1.61326,-1.114509941855E7,null,null,null,null,-292344.6097942386,null,null,null,null,null
Tue Oct 13 00:00:00 UTC 2026,1.61326,-1.097975741855E7,null,null,null,null,-390880.03606151976,null,null,null,null,null
Tue Oct 13 01:00:00 UTC 2026,1.61326,-1.169138041855E7,null,null,null,null,-489415.46232880093,null,null,null,null,null
Tue Oct 13 02:00:00 UTC 2026,1.61326,-1.157349341855E7,null,null,null,null,-587950.8885960802,null,null,null,null,null
Tue Oct 13 03:00:00 UTC 2026,1.61326,-1.152168641855E7,null,null,null,null,-686486.3148633633,null,null,null,null,null
Tue Oct 13 04:00:00 UTC 2026,1.61326,-1.134602741855E7,null,null,null,null,-785021.7411306445,null,null,null,null,null
Tue Oct 13 05:00:00 UTC 2026,1.61326,-1.149015141855E7,null,null,null,null,-883557.1673979256,null,null,null,null,null
Tue Oct 13 06:00:00 UTC 2026,1.61326,-1.167644941855E7,null,null,null,null,-982092.5936652068,null,null,null,null,null
Tue Oct 13 07:00:00 UTC 2026,1.61326,-1.209699941855E7,null,null,null,null,-1080628.019932488,null,null,null,null,null
Tue Oct 13 08:00:00 UTC 2026,1.61326,-1.018161241855E7,null,null,null,null,-1179163.4461997692,null,null,null,null,null
Tue Oct 13 09:00:00 UTC 2026,1.61326,-1.042635841855E7,null,null,null,null,-1277698.8724670485,null,null,null,null,null
Tue Oct 13 10:00:00 UTC 2026,1.61326,-1.060619841855E7,null,null,null,null,-1376234.2987343334,null,null,null,null,null
Tue Oct 13 11:00:00 UTC 2026,1.61326,-1.036591741855E7,null,null,null,null,-1474769.7250016145,null,null,null,null,null
Tue Oct 13 12:00:00 UTC 2026,1.61326,-1.088019641855E7,null,null,null,null,-1573305.1512688939,null,null,null,null,null
Tue Oct 13 13:00:00 UTC 2026,1.61326,-1.086439241855E7,null,null,null,null,-1671840.577536175,null,null,null,null,null
Tue Oct 13 14:00:00 UTC 2026,1.61326,-1.124122241855E7,null,null,null,null,-1770376.0038034562,null,null,null,null,null
Tue Oct 13 15:00:00 UTC 2026,1.61326,-1.137273441855E7,null,null,null,null,-1868911.4300707364,null,null,null,null,null
Tue Oct 13 16:00:00 UTC 2026,1.61326,-1.130805841855E7,null,null,null,null,-1967446.8563380176,null,null,null,null,null
Tue Oct 13 17:00:00 UTC 2026,1.61326,-1.131681941855E7,null,null,null,null,-2065982.2826052988,null,null,null,null,null
Tue Oct 13 18:00:00 UTC 2026,1.61326,-1.133653441855E7,null,null,null,null,-2164517.70887258,null,null,null,null,null
Tue Oct 13 19:00:00 UTC 2026,1.61326,-1.144791041855E7,null,null,null,null,-2263053.135139861,null,null,null,null,null
Tue Oct 13 20:00:00 UTC 2026,1.61326,-1.123415341855E7,null,null,null,null,-2361588.5614071423,null,null,null,null,null
Tue Oct 13 21:00:00 UTC 2026,1.61326,-1.157245941855E7,null,null,null,null,-2460123.9876744235,null,null,null,null,null
Tue Oct 13 22:00:00 UTC 2026,1.61326,-1.173878741855E7,null,null,null,null,-2558659.4139417056,null,null,null,null,null
Tue Oct 13 23:00:00 UTC 2026,1.61326,-1.100211641855E7,null,null,null,null,-2657194.840208987,null,null,null,null,null
Wed Oct 14 00:00:00 UTC 2026,1.61326,-1.081390141855E7,null,null,null,null,-2755730.266476266,null,null,null,null,null
Wed Oct 14 01:00:00 UTC 2026,1.61326,-1.075334941855E7,null,null,null,null,-2854265.692743548,null,null,null,null,null
Wed Oct 14 02:00:00 UTC 2026,1.61326,-1.084827241855E7,null,null,null,null,-2952801.1190108284,null,null,null,null,null
Wed Oct 14 03:00:00 UTC 2026,1.61326,-1.076213441855E7,null,null,null,null,-3051336.5452781115,null,null,null,null,null
Wed Oct 14 04:00:00 UTC 2026,1.61326,-1.047858941855E7,null,null,null,null,-3149871.9715453926,null,null,null,null,null
Wed Oct 14 05:00:00 UTC 2026,1.61326,-1.048313841855E7,null,null,null,null,-3248407.397812672,null,null,null,null,null
Wed Oct 14 06:00:00 UTC 2026,1.61326,-1.034981141855E7,null,null,null,null,-3346942.824079955,null,null,null,null,null
Wed Oct 14 07:00:00 UTC 2026,1.61326,-1.044375841855E7,null,null,null,null,-3445478.2503472343,null,null,null,null,null
Wed Oct 14 08:00:00 UTC 2026,1.61326,-1.066218341855E7,null,null,null,null,-3544013.6766145155,null,null,null,null,null
Wed Oct 14 09:00:00 UTC 2026,1.61326,-1.086310341855E7,null,null,null,null,-3642549.1028817985,null,null,null,null,null
Wed Oct 14 10:00:00 UTC 2026,1.61326,-1.120295341855E7,null,null,null,null,-3741084.529149078,null,null,null,null,null
Wed Oct 14 11:00:00 UTC 2026,1.61326,-1.128647241855E7,null,null,null,null,-3839619.955416359,null,null,null,null,null
Wed Oct 14 12:00:00 UTC 2026,1.61326,-1.149808041855E7,null,null,null,null,-3938155.3816836393,null,null,null,null,null
Wed Oct 14 13:00:00 UTC 2026,1.61326,-1.135997741855E7,null,null,null,null,-4036690.8079509214,null,null,null,null,null
Wed Oct 14 14:00:00 UTC 2026,1.61326,-1.113712441855E7,null,null,null,null,-4135226.2342182007,null,null,null,null,null
Wed Oct 14 15:00:00 UTC 2026,1.61326,-1.068837641855E7,null,null,null,null,-4233761.660485484,null,null,null,null,null
Wed Oct 14 16:00:00 UTC 2026,1.61326,-1.112497441855E7,null,null,null,null,-4332297.086752766,null,null,null,null,null
Wed Oct 14 17:00:00 UTC 2026,1.61326,-1.185788941855E7,null,null,null,null,-4430832.513020045,null,null,null,null,null
Wed Oct 14 18:00:00 UTC 2026,1.61326,-1.180426541855E7,null,null,null,null,-4529367.939287326,null,null,null,null,null
Wed Oct 14 19:00:00 UTC 2026,1.61326,-1.187390441855E7,null,null,null,null,-4627903.365554607,null,null,null,null,null
Wed Oct 14 20:00:00 UTC 2026,1.61326,-1.199038441855E7,null,null,null,null,-4726438.791821888,null,null,null,null,null
Wed Oct 14 21:00:00 UTC 2026,1.61326,-1.209866141855E7,null,null,null,null,-4824974.218089171,null,null,null,null,null
Wed Oct 14 22:00:00 UTC 2026,1.61326,-1.218875441855E7,null,null,null,null,-4923509.644356451,null,null,null,null,null
Wed Oct 14 23:00:00 UTC 2026,1.61326,-1.240273441855E7,null,null,null,null,-5022045.070623732,null,null,null,null,null
Thu Oct 15 00:00:00 UTC 2026,1.61326,-1.211277841855E7,null,null,null,null,-5120580.496891012,null,null,null,null,null
Thu Oct 15 01:00:00 UTC 2026,1.61326,-1.210831641855E7,null,null,null,null,-5219115.923158294,null,null,null,null,null
Thu Oct 15 02:00:00 UTC 2026,1.61326,-1.207311141855E7,null,null,null,null,-5317651.349425576,null,null,null,null,null
Thu Oct 15 03:00:00 UTC 2026,1.61326,-1.206931141855E7,null,null,null,null,-5416186.775692858,null,null,null,null,null
Thu Oct 15 04:00:00 UTC 2026,1.61326,-1.201675341855E7,null,null,null,null,-5514722.201960139,null,null,null,null,null
Thu Oct 15 05:00:00 UTC 2026,1.61326,-1.201639241855E7,null,null,null,null,-5613257.628227418,null,null,null,null,null
Thu Oct 15 06:00:00 UTC 2026,1.61326,-1.189487541855E7,null,null,null,null,-5711793.0544947,null,null,null,null,null
Thu Oct 15 07:00:00 UTC 2026,1.61326,-1.177758541855E7,null,null,null,null,-5810328.480761982,null,null,null,null,null
Thu Oct 15 08:00:00 UTC 2026,1.61326,-1.188723841855E7,null,null,null,null,-5908863.907029263,null,null,null,null,null
Thu Oct 15 09:00:00 UTC 2026,1.61326,-1.176366341855E7,null,null,null,null,-6007399.333296545,null,null,null,null,null
Thu Oct 15 10:00:00 UTC 2026,1.61326,-1.192646441855E7,null,null,null,null,-6105934.759563824,null,null,null,null,null
Thu Oct 15 11:00:00 UTC 2026,1.61326,-1.214317141855E7,null,null,null,null,-6204470.185831105,null,null,null,null,null
Thu Oct 15 12:00:00 UTC 2026,1.61326,-1.225315941855E7,null,null,null,null,-6303005.612098386,null,null,null,null,null
Thu Oct 15 13:00:00 UTC 2026,1.61326,-1.157108141855E7,null,null,null,null,-6401541.038365667,null,null,null,null,null
Thu Oct 15 14:00:00 UTC 2026,1.61326,-1.138578441855E7,null,null,null,null,-6500076.464632951,null,null,null,null,null
Thu Oct 15 15:00:00 UTC 2026,1.61326,-1.268595541855E7,null,null,null,null,-6598611.89090023,null,null,null,null,null
Thu Oct 15 16:00:00 UTC 2026,1.61326,-1.376831041855E7,null,null,null,null,-6697147.317167511,null,null,null,null,null
Thu Oct 15 17:00:00 UTC 2026,1.61326,-1.406785341855E7,null,null,null,null,-6795682.743434791,null,null,null,null,null
Thu Oct 15 18:00:00 UTC 2026,1.61326,-1.390538141855E7,null,null,null,null,-6894218.169702073,null,null,null,null,null
Thu Oct 15 19:00:00 UTC 2026,1.61326,-1.261502741855E7,null,null,null,null,-6992753.595969354,null,null,null,null,null
Thu Oct 15 20:00:00 UTC 2026,1.61326,-1.308609841855E7,null,null,null,null,-7091289.022236636,null,null,null,null,null
Thu Oct 15 21:00:00 UTC 2026,1.61326,-1.313431841855E7,null,null,null,null,-7189824.448503917,null,null,null,null,null
Thu Oct 15 22:00:00 UTC 2026,1.61326,-1.277202441855E7,null,null,null,null,-7288359.874771196,null,null,null,null,null
Thu Oct 15 23:00:00 UTC 2026,1.61326,-1.212959541855E7,null,null,null,null,-7386895.3010384785,null,null,null,null,null
Fri Oct 16 00:00:00 UTC 2026,1.61326,-1.210920941855E7,null,null,null,null,-7485430.72730576,null,null,null,null,null
Fri Oct 16 01:00:00 UTC 2026,1.61326,-1.270071741855E7,null,null,null,null,-7583966.153573041,null,null,null,null,null
Fri Oct 16 02:00:00 UTC 2026,1.61326,-1.214365241855E7,null,null,null,null,-7682501.579840323,null,null,null,null,null
Fri Oct 16 03:00:00 UTC 2026,1.61326,-1.207971041855E7,null,null,null,null,-7781037.006107602,null,null,null,null,null
Fri Oct 16 04:00:00 UTC 2026,1.61326,-1.216259641855E7,null,null,null,null,-7879572.432374884,null,null,null,null,null
Fri Oct 16 05:00:00 UTC 2026,1.61326,-1.221289641855E7,null,null,null,null,-7978107.858642165,null,null,null,null,null
Fri Oct 16 06:00:00 UTC 2026,1.61326,-1.297608941855E7,null,null,null,null,-8076643.284909446,null,null,null,null,null
Fri Oct 16 07:00:00 UTC 2026,1.61326,-1.196320641855E7,null,null,null,null,-8175178.71117673,null,null,null,null,null
Fri Oct 16 08:00:00 UTC 2026,1.61326,-1.203309941855E7,null,null,null,null,-8273714.137444008,null,null,null,null,null
Fri Oct 16 09:00:00 UTC 2026,1.61326,-1.197303041855E7,null,null,null,null,-8372249.563711289,null,null,null,null,null
Fri Oct 16 10:00:00 UTC 2026,1.61326,-1.252003741855E7,null,null,null,null,-8470784.98997857,null,null,null,null,null
Fri Oct 16 11:00:00 UTC 2026,1.61326,-1.277401441855E7,null,null,null,null,-8569320.416245852,null,null,null,null,null
Fri Oct 16 12:00:00 UTC 2026,1.61326,-1.243179041855E7,null,null,null,null,-8667855.842513133,null,null,null,null,null
Fri Oct 16 13:00:00 UTC 2026,1.61326,-1.269715741855E7,null,null,null,null,-8766391.268780414,null,null,null,null,null
Fri Oct 16 14:00:00 UTC 2026,1.61326,-1.286282741855E7,null,null,null,null,-8864926.695047695,null,null,null,null,null
Fri Oct 16 15:00:00 UTC 2026,1.61326,-1.310328341855E7,null,null,null,null,-8963462.121314976,null,null,null,null,null
Fri Oct 16 16:00:00 UTC 2026,1.61326,-1.202879641855E7,null,null,null,null,-9061997.547582258,null,null,null,null,null
Fri Oct 16 17:00:00 UTC 2026,1.61326,-1.330106241855E7,null,null,null,null,-9160532.973849539,null,null,null,null,null
Fri Oct 16 18:00:00 UTC 2026,1.61326,-1.382045541855E7,null,null,null,null,-9259068.40011682,null,null,null,null,null
Fri Oct 16 19:00:00 UTC 2026,1.61326,-1.246549541855E7,null,null,null,null,-9357603.826384101,null,null,null,null,null
Fri Oct 16 20:00:00 UTC 2026,1.61326,-1.425634041855E7,null,null,null,null,-9456139.252651382,null,null,null,null,null
Fri Oct 16 21:00:00 UTC 2026,1.61326,-1.425634041855E7,null,null,null,null,-9554674.678918663,null,null,null,null,null
Fri Oct 16 22:00:00 UTC 2026,1.61326,-1.425634041855E7,null,null,null,null,-9653210.105185945,null,null,null,null,null
Fri Oct 16 23:00:00 UTC 2026,1.61326,-1.425634041855E7,null,null,null,null,-9751745.531453224,null,null,null,null,null
Sat Oct 17 00:00:00 UTC 2026,1.61326,-1.425634041855E7,null,null,null,null,-9850280.957720507,null,null,null,null,null
Sat Oct 17 01:00:00 UTC 2026,1.61326,-1.425634041855E7,null,null,null,null,-9948816.383987788,null,null,null,null,null
Sat Oct 17 02:00:00 UTC 2026,1.61326,-1.425634041855E7,null,null,null,null,-1.004735181025507E7,null,null,null,null,null
Sat Oct 17 03:00:00 UTC 2026,1.61326,-1.425634041855E7,null,null,null,null,-1.0145887236522349E7,null,null,null,null,null
Sat Oct 17 04:00:00 UTC 2026,1.61326,-1.425634041855E7,null,null,null,null,-1.024442266278963E7,null,null,null,null,null
Sat Oct 17 05:00:00 UTC 2026,1.61326,-1.425634041855E7,null,null,null,null,-1.0342958089056913E7,null,null,null,null,null
Sat Oct 17 06:00:00 UTC 2026,1.61326,-1.425634041855E7,null,null,null,null,-1.0441493515324194E7,null,null,null,null,null
Sat Oct 17 07:00:00 UTC 2026,1.61326,-1.425634041855E7,null,null,null,null,-1.0540028941591475E7,null,null,null,null,null
Sat Oct 17 08:00:00 UTC 2026,1.61326,-1.425634041855E7,null,null,null,null,-1.0638564367858754E7,null,null,null,null,null
Sat Oct 17 09:00:00 UTC 2026,1.61326,-1.425634041855E7,null,null,null,null,-1.0737099794126036E7,null,null,null,null,null
Sat Oct 17 10:00:00 UTC 2026,1.61326,-1.425634041855E7,null,null,null,null,-1.0835635220393319E7,null,null,null,null,null
Sat Oct 17 11:00:00 UTC 2026,1.61326,-1.425634041855E7,null,null,null,null,-1.09341706466606E7,null,null,null,null,null
Sat Oct 17 12:00:00 UTC 2026,1.61326,-1.425634041855E7,null,null,null,null,-1.1032706072927881E7,null,null,null,null,null
Sat Oct 17 13:00:00 UTC 2026,1.61326,-1.425634041855E7,null,null,null,null,-1.113124149919516E7,null,null,null,null,null
Sat Oct 17 14:00:00 UTC 2026,1.61326,-1.425634041855E7,null,null,null,null,-1.1229776925462442E7,null,null,null,null,null
Sat Oct 17 15:00:00 UTC 2026,1.61326,-1.425634041855E7,null,null,null,null,-1.1328312351729725E7,null,null,null,null,null
Sat Oct 17 16:00:00 UTC 2026,1.61326,-1.425634041855E7,null,null,null,null,-1.1426847777997004E7,null,null,null,null,null
Sat Oct 17 17:00:00 UTC 2026,1.61326,-1.425634041855E7,null,null,null,null,-1.1525383204264287E7,null,null,null,null,null
Sat Oct 17 18:00:00 UTC 2026,1.61326,-1.425634041855E7,null,null,null,null,-1.1623918630531566E7,null,null,null,null,null
Sat Oct 17 19:00:00 UTC 2026,1.61326,-1.425634041855E7,null,null,null,null,-1.1722454056798847E7,null,null,null,null,null
Sat Oct 17 20:00:00 UTC 2026,1.61326,-1.425634041855E7,null,null,null,null,-1.1820989483066127E7,null,null,null,null,null
Sat Oct 17 21:00:00 UTC 2026,1.61326,-1.425634041855E7,null,null,null,null,-1.191952490933341E7,null,null,null,null,null
Sat Oct 17 22:00:00 UTC 2026,1.61326,-1.425634041855E7,null,null,null,null,-1.201806033560069E7,null,null,null,null,null
Sat Oct 17 23:00:00 UTC 2026,1.61326,-1.425634041855E7,null,null,null,null,-1.2116595761867972E7,null,null,null,null,null
Sun Oct 18 00:00:00 UTC 2026,1.61326,-1.425634041855E7,null,null,null,null,-1.2215131188135253E7,null,null,null,null,null
Sun Oct 18 01:00:00 UTC 2026,1.61326,-1.425634041855E7,null,null,null,null,-1.2313666614402533E7,null,null,null,null,null
Sun Oct 18 02:00:00 UTC 2026,1.61326,-1.425634041855E7,null,null,null,null,-1.2412202040669816E7,null,null,null,null,null
Sun Oct 18 03:00:00 UTC 2026,1.61326,-1.425634041855E7,null,null,null,null,-1.2510737466937097E7,null,null,null,null,null
Sun Oct 18 04:00:00 UTC 2026,1.61326,-1.425634041855E7,null,null,null,null,-1.2609272893204378E7,null,null,null,null,null
Sun Oct 18 05:00:00 UTC 2026,1.61326,-1.425634041855E7,null,null,null,null,-1.270780831947166E7,null,null,null,null,null
Sun Oct 18 06:00:00 UTC 2026,1.61326,-1.425634041855E7,null,null,null,null,-1.2806343745738938E7,null,null,null,null,null
Sun Oct 18 07:00:00 UTC 2026,1.61326,-1.425634041855E7,null,null,null,null,-1.2904879172006221E7,null,null,null,null,null
Sun Oct 18 08:00:00 UTC 2026,1.61326,-1.425634041855E7,null,null,null,null,-1.3003414598273503E7,null,null,null,null,null
Sun Oct 18 09:00:00 UTC 2026,1.61326,-1.425634041855E7,null,null,null,null,-1.3101950024540782E7,null,null,null,null,null
Sun Oct 18 10:00:00 UTC 2026,1.61326,-1.425634041855E7,null,null,null,null,-1.3200485450808065E7,null,null,null,null,null
Sun Oct 18 11:00:00 UTC 2026,1.61326,-1.425634041855E7,null,null,null,null,-1.3299020877075344E7,null,null,null,null,null
Sun Oct 18 12:00:00 UTC 2026,1.61326,-1.425634041855E7,null,null,null,null,-1.3397556303342627E7,null,null,null,null,null
Sun Oct 18 13:00:00 UTC 2026,1.61326,-1.425634041855E7,null,null,null,null,-1.3496091729609909E7,null,null,null,null,null
Sun Oct 18 14:00:00 UTC 2026,1.61326,-1.425634041855E7,null,null,null,null,-1.3594627155877188E7,null,null,null,null,null
Sun Oct 18 15:00:00 UTC 2026,1.61326,-1.425634041855E7,null,null,null,null,-1.3693162582144469E7,null,null,null,null,null
Sun Oct 18 16:00:00 UTC 2026,1.61326,-1.425634041855E7,null,null,null,null,-1.379169800841175E7,null,null,null,null,null
Sun Oct 18 17:00:00 UTC 2026,1.61326,-1.425634041855E7,null,null,null,null,-1.3890233434679033E7,null,null,null,null,null
Sun Oct 18 18:00:00 UTC 2026,1.61326,-1.425634041855E7,null,null,null,null,-1.3988768860946313E7,null,null,null,null,null
Sun Oct 18 19:00:00 UTC 2026,1.61326,-1.425634041855E7,null,null,null,null,-1.4087304287213594E7,null,null,null,null,null
Sun Oct 18 20:00:00 UTC 2026,1.61326,-1.425634041855E7,null,null,null,null,-1.4185839713480875E7,null,null,null,null,null
Sun Oct 18 21:00:00 UTC 2026,1.61326,-1.400276441855E7,null,null,null,null,-1.4284375139748156E7,null,null,null,null,null
Sun Oct 18 22:00:00 UTC 2026,1.61326,-1.417307241855E7,null,null,null,null,-1.438291056601544E7,null,null,null,null,null
Sun Oct 18 23:00:00 UTC 2026,1.61326,-1.447223141855E7,null,null,null,null,-1.4481445992282718E7,null,null,null,null,null
Mon Oct 19 00:00:00 UTC 2026,1.61326,-1.458038141855E7,null,null,null,null,-1.457998141855E7,null,-1.457978141855E7,null,null,null
Mon Oct 19 01:00:00 UTC 2026,1.61326,-1.427843541855E7,null,null,null,null,null,null,-1.449820232899776E7,null,null,null
Mon Oct 19 02:00:00 UTC 2026,1.61326,-1.416053841855E7,null,null,null,null,null,null,-1.4416623239445522E7,null,null,null
Mon Oct 19 03:00:00 UTC 2026,1.61326,-1.296588141855E7,null,null,null,null,null,null,-1.4335044149893282E7,null,null,null
Mon Oct 19 04:00:00 UTC 2026,1.61326,-1.414807641855E7,null,null,null,null,null,null,-1.4253465060341045E7,null,null,null
Mon Oct 19 05:00:00 UTC 2026,1.61326,-1.417470441855E7,null,null,null,null,null,null,-1.4171885970788807E7,null,null,null
Mon Oct 19 06:00:00 UTC 2026,1.61326,-1.421530541855E7,null,null,null,null,null,null,-1.4090306881236566E7,null,null,null
Mon Oct 19 07:00:00 UTC 2026,1.61326,-1.405837941855E7,null,null,null,null,null,null,-1.400872779168433E7,null,null,null
Mon Oct 19 08:00:00 UTC 2026,1.61326,-1.426008941855E7,null,null,null,null,null,null,-1.3927148702132089E7,null,null,null
Mon Oct 19 09:00:00 UTC 2026,1.61326,-1.251837941855E7,null,null,null,null,null,null,-1.3845569612579849E7,null,null,null
Mon Oct 19 10:00:00 UTC 2026,1.61326,-1.361191441855E7,null,null,null,null,null,null,-1.3763990523027612E7,null,null,null
Mon Oct 19 11:00:00 UTC 2026,1.61326,-1.336071841855E7,null,null,null,null,null,null,-1.3682411433475371E7,null,null,null
Mon Oct 19 12:00:00 UTC 2026,1.61326,-1.319625541855E7,null,null,null,null,null,null,-1.3600832343923133E7,null,null,null
Mon Oct 19 13:00:00 UTC 2026,1.61326,-1.291728941855E7,null,null,null,null,null,null,-1.3519253254370896E7,null,null,null
Mon Oct 19 14:00:00 UTC 2026,1.61326,-1.325894541855E7,null,null,null,null,null,null,-1.3437674164818656E7,null,null,null
Mon Oct 19 15:00:00 UTC 2026,1.61326,-1.247268641855E7,null,null,null,null,null,null,-1.3356095075266419E7,null,null,null
Mon Oct 19 16:00:00 UTC 2026,1.61326,-1.355191241855E7,null,null,null,null,null,null,-1.3274515985714179E7,null,null,null
Mon Oct 19 17:00:00 UTC 2026,1.61326,-1.329661541855E7,null,null,null,null,null,null,-1.319293689616194E7,null,null,null
Mon Oct 19 18:00:00 UTC 2026,1.61326,-1.332999841855E7,null,null,null,null,null,null,-1.3111357806609701E7,null,null,null
Mon Oct 19 19:00:00 UTC 2026,1.61326,-1.329239541855E7,null,null,null,null,null,null,-1.302977871705746E7,null,null,null
Mon Oct 19 20:00:00 UTC 2026,1.61326,-1.320498741855E7,null,null,null,null,null,null,-1.2948199627505222E7,null,null,null
Mon Oct 19 21:00:00 UTC 2026,1.61326,-1.311244741855E7,null,null,null,null,null,null,-1.2866620537952986E7,null,null,null
Mon Oct 19 22:00:00 UTC 2026,1.61326,-1.301421141855E7,null,null,null,null,null,null,-1.2785041448400747E7,null,null,null
Mon Oct 19 23:00:00 UTC 2026,1.61326,-1.296702641855E7,null,null,null,null,null,null,-1.2703462358848508E7,null,null,null
Tue Oct 20 00:00:00 UTC 2026,1.61326,-1.268132941855E7,null,null,null,null,null,null,-1.2621883269296268E7,null,null,null
Tue Oct 20 01:00:00 UTC 2026,1.61326,-1.277882641855E7,null,null,null,null,null,null,-1.2540304179744031E7,null,null,null
Tue Oct 20 02:00:00 UTC 2026,1.61326,-1.291151141855E7,null,null,null,null,null,null,-1.245872509019179E7,null,null,null
Tue Oct 20 03:00:00 UTC 2026,1.61326,-1.260290541855E7,null,null,null,null,null,null,-1.237714600063955E7,null,null,null
Tue Oct 20 04:00:00 UTC 2026,1.61326,-1.254630641855E7,null,null,null,null,null,null,-1.2295566911087312E7,null,null,null
Tue Oct 20 05:00:00 UTC 2026,1.61326,-1.270325841855E7,null,null,null,null,null,null,-1.2213987821535073E7,null,null,null
Tue Oct 20 06:00:00 UTC 2026,1.61326,-1.161061941855E7,null,null,null,null,null,null,-1.2132408731982836E7,null,null,null
Tue Oct 20 07:00:00 UTC 2026,1.61326,-1.151832041855E7,null,null,null,null,null,null,-1.2050829642430596E7,null,null,null
Tue Oct 20 08:00:00 UTC 2026,1.61326,-9195291.41855,null,null,null,null,null,null,-1.1969250552878357E7,null,null,null
Tue Oct 20 09:00:00 UTC 2026,1.61326,-9259212.41855,null,null,null,null,null,null,-1.1887671463326119E7,null,null,null
Tue Oct 20 10:00:00 UTC 2026,1.61326,-9204520.41855,null,null,null,null,null,null,-1.180609237377388E7,null,null,null
Tue Oct 20 11:00:00 UTC 2026,1.61326,-9215020.41855,null,null,null,null,null,null,-1.1724513284221642E7,null,null,null
Tue Oct 20 12:00:00 UTC 2026,1.61326,-9381655.41855,null,null,null,null,null,null,-1.1642934194669403E7,null,null,null
Tue Oct 20 13:00:00 UTC 2026,1.61326,-9544127.41855,null,null,null,null,null,null,-1.1561355105117165E7,null,null,null
Tue Oct 20 14:00:00 UTC 2026,1.61326,-9594444.41855,null,null,null,null,null,null,-1.1479776015564924E7,null,null,null
Tue Oct 20 15:00:00 UTC 2026,1.61326,-9639103.41855,null,null,null,null,null,null,-1.1398196926012686E7,null,null,null
Tue Oct 20 16:00:00 UTC 2026,1.61326,-9712261.41855,null,null,null,null,null,null,-1.1316617836460447E7,null,null,null
Tue Oct 20 17:00:00 UTC 2026,1.61326,-9594352.41855,null,null,null,null,null,null,-1.1235038746908208E7,null,null,null
Tue Oct 20 18:00:00 UTC 2026,1.61326,-9564703.41855,null,null,null,null,null,null,-1.1153459657355972E7,null,null,null
Tue Oct 20 19:00:00 UTC 2026,1.61326,-9530076.41855,null,null,null,null,null,null,-1.107188056780373E7,null,null,null
Tue Oct 20 20:00:00 UTC 2026,1.61326,-9563999.41855,null,null,null,null,null,null,-1.0990301478251493E7,null,null,null
Tue Oct 20 21:00:00 UTC 2026,1.61326,-9546785.41855,null,null,null,null,null,null,-1.0908722388699254E7,null,null,null
Tue Oct 20 22:00:00 UTC 2026,1.61326,-9579926.41855,null,null,null,null,null,null,-1.0827143299147014E7,null,null,null
Tue Oct 20 23:00:00 UTC 2026,1.61326,-9511472.41855,null,null,null,null,null,null,-1.0745564209594775E7,null,null,null
Wed Oct 21 00:00:00 UTC 2026,1.61326,-9466854.41855,null,null,null,null,null,null,-1.0663985120042536E7,null,null,null
Wed Oct 21 01:00:00 UTC 2026,1.61326,-9527407.41855,null,null,null,null,null,null,-1.0582406030490298E7,null,null,null
Wed Oct 21 02:00:00 UTC 2026,1.61326,-9619559.41855,null,null,null,null,null,null,-1.050082694093806E7,null,null,null
Wed Oct 21 03:00:00 UTC 2026,1.61326,-9597362.41855,null,null,null,null,null,null,-1.041924785138582E7,null,null,null
Wed Oct 21 04:00:00 UTC 2026,1.61326,-9557013.41855,null,null,null,null,null,null,-1.0337668761833582E7,null,null,null
Wed Oct 21 05:00:00 UTC 2026,1.61326,-9658472.41855,null,null,null,null,null,null,-1.0256089672281342E7,null,null,null
Wed Oct 21 06:00:00 UTC 2026,1.61326,-9552707.41855,null,null,null,null,null,null,-1.0174510582729105E7,null,null,null
Wed Oct 21 07:00:00 UTC 2026,1.61326,-9726083.41855,null,null,null,null,null,null,-1.0092931493176864E7,null,null,null
Wed Oct 21 08:00:00 UTC 2026,1.61326,-9321633.41855,null,null,null,null,null,null,-1.0011352403624626E7,null,null,null
Wed Oct 21 09:00:00 UTC 2026,1.61326,-9465061.41855,null,null,null,null,null,null,-9929773.314072387,null,null,null
Wed Oct 21 10:00:00 UTC 2026,1.61326,-9393559.41855,null,null,null,null,null,null,-9848194.224520149,null,null,null
Wed Oct 21 11:00:00 UTC 2026,1.61326,-9452551.41855,null,null,null,null,null,null,-9766615.13496791,null,null,null
Wed Oct 21 12:00:00 UTC 2026,1.61326,-9659205.41855,null,null,null,null,null,null,-9685036.045415672,null,null,null
Wed Oct 21 13:00:00 UTC 2026,1.61326,-9700029.41855,null,null,null,null,null,null,-9603456.955863431,null,null,null
Wed Oct 21 14:00:00 UTC 2026,1.61326,-9658744.41855,null,null,null,null,null,null,-9521877.866311193,null,null,null
Wed Oct 21 15:00:00 UTC 2026,1.61326,-9290670.41855,null,null,null,null,null,null,-9440298.776758956,null,null,null
Wed Oct 21 16:00:00 UTC 2026,1.61326,-9181232.41855,null,null,null,null,null,null,-9358719.687206715,null,null,null
Wed Oct 21 17:00:00 UTC 2026,1.61326,-9222897.41855,null,null,null,null,null,null,-9277140.597654477,null,null,null
Wed Oct 21 18:00:00 UTC 2026,1.61326,-9147159.41855,null,null,null,null,null,null,-9195561.508102236,null,null,null
Wed Oct 21 19:00:00 UTC 2026,1.61326,-9114582.41855,null,null,null,null,null,null,-9113982.41855,null,null,null
Wed Oct 21 20:00:00 UTC 2026,1.61326,-9143932.41855,null,null,null,null,null,null,null,null,null,null
Wed Oct 21 21:00:00 UTC 2026,1.61326,-9243311.41855,null,null,null,null,null,null,null,null,null,null
Wed Oct 21 22:00:00 UTC 2026,1.61326,-9270624.41855,null,null,null,null,null,null,null,null,null,null
Wed Oct 21 23:00:00 UTC 2026,1.61326,-9601799.41855,null,null,null,null,null,null,null,null,null,null
Thu Oct 22 00:00:00 UTC 2026,1.61326,-9659568.41855,null,null,null,null,null,null,null,null,null,null
Thu Oct 22 01:00:00 UTC 2026,1.61326,-9490992.41855,null,null,null,null,null,null,null,null,null,null
Thu Oct 22 02:00:00 UTC 2026,1.61326,-9448027.41855,null,null,null,null,null,null,null,null,null,null
Thu Oct 22 03:00:00 UTC 2026,1.61326,-9513955.41855,null,null,null,null,null,null,null,null,null,null
Thu Oct 22 04:00:00 UTC 2026,1.61326,-9486167.41855,null,null,null,null,null,null,null,null,null,null
Thu Oct 22 05:00:00 UTC 2026,1.61326,-9484479.41855,null,null,null,null,null,null,null,null,null,null
Thu Oct 22 06:00:00 UTC 2026,1.61326,-9499606.41855,null,null,null,null,null,null,null,null,null,null
Thu Oct 22 07:00:00 UTC 2026,1.61326,-9547198.41855,null,null,null,null,null,null,null,null,null,null
Thu Oct 22 08:00:00 UTC 2026,1.61326,-9567797.41855,null,null,null,null,null,null,null,null,null,null
Thu Oct 22 09:00:00 UTC 2026,1.61326,-9686587.41855,null,null,null,null,null,null,null,null,null,null
Thu Oct 22 10:00:00 UTC 2026,1.61326,-9555831.41855,null,null,null,null,null,null,null,null,null,null
Thu Oct 22 11:00:00 UTC 2026,1.61326,-9550702.41855,null,null,null,null,null,null,null,null,null,null
Thu Oct 22 12:00:00 UTC 2026,1.61326,-9386302.41855,null,null,null,null,null,null,null,null,null,null
Thu Oct 22 13:00:00 UTC 2026,1.61326,-9562466.41855,null,null,null,null,null,null,null,null,null,null
Thu Oct 22 14:00:00 UTC 2026,1.61326,-9586048.41855,null,null,null,null,null,null,null,null,null,null
Thu Oct 22 15:00:00 UTC 2026,1.61326,-9715034.41855,null,null,null,null,null,null,null,null,null,null
Thu Oct 22 16:00:00 UTC 2026,1.61326,-9706185.41855,null,null,null,null,null,null,null,null,null,null
Thu Oct 22 17:00:00 UTC 2026,1.61326,-9537000.41855,null,null,null,null,null,null,null,null,null,null
Thu Oct 22 18:00:00 UTC 2026,1.61326,-9553220.41855,null,null,null,null,null,null,null,null,null,null
Thu Oct 22 19:00:00 UTC 2026,1.61326,-9597484.41855,null,null,null,null,null,null,null,null,null,null
Thu Oct 22 20:00:00 UTC 2026,1.61326,-9579572.41855,null,null,null,null,null,null,null,null,null,null
Thu Oct 22 21:00:00 UTC 2026,1.61326,-9691721.41855,null,null,null,null,null,null,null,null,null,null
Thu Oct 22 22:00:00 UTC 2026,1.61326,-9721940.41855,null,null,null,null,null,null,null,null,null,null
Thu Oct 22 23:00:00 UTC 2026,1.61326,-9777460.41855,null,null,null,null,null,null,null,null,null,null
Fri Oct 23 00:00:00 UTC 2026,1.61326,-9521488.41855,null,null,null,null,null,null,null,null,null,null
Fri Oct 23 01:00:00 UTC 2026,1.61326,-9516912.41855,null,null,null,null,null,null,null,null,null,null
Fri Oct 23 02:00:00 UTC 2026,1.61326,-9513778.41855,null,null,null,null,null,null,null,null,null,null
Fri Oct 23 03:00:00 UTC 2026,1.61326,-9545293.41855,null,null,null,null,null,null,null,null,null,null
Fri Oct 23 04:00:00 UTC 2026,1.61326,-9536093.41855,null,null,null,null,null,null,null,null,null,null
Fri Oct 23 05:00:00 UTC 2026,1.61326,-9488417.41855,null,null,null,null,null,null,null,null,null,null
Fri Oct 23 06:00:00 UTC 2026,1.61326,-9526170.41855,null,null,null,null,null,null,null,null,null,null
Fri Oct 23 07:00:00 UTC 2026,1.61326,-9525965.41855,null,null,null,null,null,null,null,null,null,null
Fri Oct 23 08:00:00 UTC 2026,1.61326,-9600988.41855,null,null,null,null,null,null,null,null,null,null
Fri Oct 23 09:00:00 UTC 2026,1.61326,-9651310.41855,null,null,null,null,null,null,null,null,null,null
Fri Oct 23 10:00:00 UTC 2026,1.61326,-9650883.41855,null,null,null,null,null,null,null,null,null,null
Fri Oct 23 11:00:00 UTC 2026,1.61326,-9878521.41855,null,null,null,null,null,null,null,null,null,null
Fri Oct 23 12:00:00 UTC 2026,1.61326,-9642431.41855,null,null,null,null,null,null,null,null,null,null
Fri Oct 23 13:00:00 UTC 2026,1.61326,-9991888.41855,null,null,null,null,null,null,null,null,null,null
Fri Oct 23 14:00:00 UTC 2026,1.61326,-9693863.41855,null,null,null,null,null,null,null,null,null,null
Fri Oct 23 15:00:00 UTC 2026,1.61326,-9683455.41855,null,null,null,null,null,null,null,null,null,null
Fri Oct 23 16:00:00 UTC 2026,1.61326,-9862629.41855,null,null,null,null,null,null,null,null,null,null
Fri Oct 23 17:00:00 UTC 2026,1.61326,-9559502.41855,null,null,null,null,null,null,null,null,null,null
Fri Oct 23 18:00:00 UTC 2026,1.61326,-9498243.41855,null,null,null,null,null,null,null,null,null,null
Fri Oct 23 19:00:00 UTC 2026,1.61326,-9524141.41855,null,null,null,null,null,null,null,null,null,null
Fri Oct 23 20:00:00 UTC 2026,1.61326,-9534676.41855,null,null,null,null,null,null,null,null,null,null
Fri Oct 23 21:00:00 UTC 2026,1.61326,-9534676.41855,null,null,null,null,null,null,null,null,null,null
Fri Oct 23 22:00:00 UTC 2026,1.61326,-9534676.41855,null,null,null,null,null,null,null,null,null,null
Fri Oct 23 23:00:00 UTC 2026,1.61326,-9534676.41855,null,null,null,null,null,null,null,null,null,null
Sat Oct 24 00:00:00 UTC 2026,1.61326,-9534676.41855,null,null,null,null,null,null,null,null,null,null
Sat Oct 24 01:00:00 UTC 2026,1.61326,-9534676.41855,null,null,null,null,null,null,null,null,null,null
Sat Oct 24 02:00:00 UTC 2026,1.61326,-9534676.41855,null,null,null,null,null,null,null,null,null,null
Sat Oct 24 03:00:00 UTC 2026,1.61326,-9534676.41855,null,null,null,null,null,null,null,null,null,null
Sat Oct 24 04:00:00 UTC 2026,1.61326,-9534676.41855,null,null,null,null,null,null,null,null,null,null
Sat Oct 24 05:00:00 UTC 2026,1.61326,-9534676.41855,null,null,null,null,null,null,null,null,null,null
Sat Oct 24 06:00:00 UTC 2026,1.61326,-9534676.41855,null,null,null,null,null,null,null,null,null,null
Sat Oct 24 07:00:00 UTC 2026,1.61326,-9534676.41855,null,null,null,null,null,null,null,null,null,null
Sat Oct 24 08:00:00 UTC 2026,1.61326,-9534676.41855,null,null,null,null,null,null,null,null,null,null
Sat Oct 24 09:00:00 UTC 2026,1.61326,-9534676.41855,null,null,null,null,null,null,null,null,null,null
Sat Oct 24 10:00:00 UTC 2026,1.61326,-9534676.41855,null,null,null,null,null,null,null,null,null,null
Sat Oct 24 11:00:00 UTC 2026,1.61326,-9534676.41855,null,null,null,null,null,null,null,null,null,null
Sat Oct 24 12:00:00 UTC 2026,1.61326,-9534676.41855,null,null,null,null,null,null,null,null,null,null
Sat Oct 24 13:00:00 UTC 2026,1.61326,-9534676.41855,null,null,null,null,null,null,null,null,null,null
Sat Oct 24 14:00:00 UTC 2026,1.61326,-9534676.41855,null,null,null,null,null,null,null,null,null,null
Sat Oct 24 15:00:00 UTC 2026,1.61326,-9534676.41855,null,null,null,null,null,null,null,null,null,null
Sat Oct 24 16:00:00 UTC 2026,1.61326,-9534676.41855,null,null,null,null,null,null,null,null,null,null
Sat Oct 24 17:00:00 UTC 2026,1.61326,-9534676.41855,null,null,null,null,null,null,null,null,null,null
Sat Oct 24 18:00:00 UTC 2026,1.61326,-9534676.41855,null,null,null,null,null,null,null,null,null,null
Sat Oct 24 19:00:00 UTC 2026,1.61326,-9534676.41855,null,null,null,null,null,null,null,null,null,null
Sat Oct 24 20:00:00 UTC 2026,1.61326,-9534676.41855,null,null,null,null,null,null,null,null,null,null
Sat Oct 24 21:00:00 UTC 2026,1.61326,-9534676.41855,null,null,null,null,null,null,null,null,null,null
Sat Oct 24 22:00:00 UTC 2026,1.61326,-9534676.41855,null,null,null,null,null,null,null,null,null,null
Sat Oct 24 23:00:00 UTC 2026,1.61326,-9534676.41855,null,null,null,null,null,null,null,null,null,null
Sun Oct 25 00:00:00 UTC 2026,1.61326,-9534676.41855,null,null,null,null,null,null,null,null,null,null
Sun Oct 25 01:00:00 UTC 2026,1.61326,-9534676.41855,null,null,null,null,null,null,null,null,null,null
Sun Oct 25 02:00:00 UTC 2026,1.61326,-9534676.41855,null,null,null,null,null,null,null,null,null,null
Sun Oct 25 03:00:00 UTC 2026,1.61326,-9534676.41855,null,null,null,null,null,null,null,null,null,null
Sun Oct 25 04:00:00 UTC 2026,1.61326,-9534676.41855,null,null,null,null,null,null,null,null,null,null
Sun Oct 25 05:00:00 UTC 2026,1.61326,-9534676.41855,null,null,null,null,null,null,null,null,null,null
Sun Oct 25 06:00:00 UTC 2026,1.61326,-9534676.41855,null,null,null,null,null,null,null,null,null,null
Sun Oct 25 07:00:00 UTC 2026,1.61326,-9534676.41855,null,null,null,null,null,null,null,null,null,null
Sun Oct 25 08:00:00 UTC 2026,1.61326,-9534676.41855,null,null,null,null,null,null,null,null,null,null
Sun Oct 25 09:00:00 UTC 2026,1.61326,-9534676.41855,null,null,null,null,null,null,null,null,null,null
Sun Oct 25 10:00:00 UTC 2026,1.61326,-9534676.41855,null,null,null,null,null,null,null,null,null,null
Sun Oct 25 11:00:00 UTC 2026,1.61326,-9534676.41855,null,null,null,null,null,null,null,null,null,null
Sun Oct 25 12:00:00 UTC 2026,1.61326,-9534676.41855,null,null,null,null,null,null,null,null,null,null
Sun Oct 25 13:00:00 UTC 2026,1.61326,-9534676.41855,null,null,null,null,null,null,null,null,null,null
Sun Oct 25 14:00:00 UTC 2026,1.61326,-9534676.41855,null,null,null,null,null,null,null,null,null,null
Sun Oct 25 15:00:00 UTC 2026,1.61326,-9534676.41855,null,null,null,null,null,null,null,null,null,null
Sun Oct 25 16:00:00 UTC 2026,1.61326,-9534676.41855,null,null,null,null,null,null,null,null,null,null
Sun Oct 25 17:00:00 UTC 2026,1.61326,-9534676.41855,null,null,null,null,null,null,null,null,null,null
Sun Oct 25 18:00:00 UTC 2026,1.61326,-9534676.41855,null,null,null,null,null,null,null,null,null,null
Sun Oct 25 19:00:00 UTC 2026,1.61326,-9534676.41855,null,null,null,null,null,null,null,null,null,null
Sun Oct 25 20:00:00 UTC 2026,1.61326,-9534676.41855,null,null,null,null,null,null,null,null,null,null
Sun Oct 25 21:00:00 UTC 2026,1.61326,-9570820.41855,null,null,null,null,null,null,null,null,null,null
Sun Oct 25 22:00:00 UTC 2026,1.61326,-9505957.41855,null,null,null,null,null,null,null,null,null,null
Sun Oct 25 23:00:00 UTC 2026,1.61326,-9826548.41855,null,null,null,null,null,null,null,null,null,null
Mon Oct 26 00:00:00 UTC 2026,1.61326,-9777077.41855,null,null,null,null,null,null,null,null,null,null
Mon Oct 26 01:00:00 UTC 2026,1.61326,-9503086.41855,null,null,null,null,null,null,null,null,null,null
Mon Oct 26 02:00:00 UTC 2026,1.61326,-9566679.41855,null,null,null,null,null,null,null,null,null,null
Mon Oct 26 03:00:00 UTC 2026,1.61326,-9497477.41855,null,null,null,null,null,null,null,null,null,null
Mon Oct 26 04:00:00 UTC 2026,1.61326,-9523533.41855,null,null,null,null,null,null,null,null,null,null
Mon Oct 26 05:00:00 UTC 2026,1.61326,-9738820.41855,null,null,null,null,null,null,null,null,null,null
Mon Oct 26 06:00:00 UTC 2026,1.61326,-9716002.41855,null,null,null,null,null,null,null,null,null,null
Mon Oct 26 07:00:00 UTC 2026,1.61326,-9830257.41855,null,null,null,null,null,null,null,null,null,null
Mon Oct 26 08:00:00 UTC 2026,1.61326,-9800442.41855,null,null,null,null,null,null,null,null,null,null
Mon Oct 26 09:00:00 UTC 2026,1.61326,-9789045.41855,null,null,null,null,null,null,null,null,null,null
Mon Oct 26 10:00:00 UTC 2026,1.61326,-9541302.41855,null,null,null,null,null,null,null,null,null,null
Mon Oct 26 11:00:00 UTC 2026,1.61326,-9556688.41855,null,null,null,null,null,null,null,null,null,null
Mon Oct 26 12:00:00 UTC 2026,1.61326,-9539016.41855,null,null,null,null,null,null,null,null,null,null
Mon Oct 26 13:00:00 UTC 2026,1.61326,-9413890.41855,null,null,null,null,null,null,null,null,null,null
Mon Oct 26 14:00:00 UTC 2026,1.61326,-9373319.41855,null,null,null,null,null,null,null,null,null,null
Mon Oct 26 15:00:00 UTC 2026,1.61326,-9403374.41855,null,null,null,null,null,null,null,null,null,null
Mon Oct 26 16:00:00 UTC 2026,1.61326,-9459939.41855,null,null,null,null,null,null,null,null,null,null
Mon Oct 26 17:00:00 UTC 2026,1.61326,-9450651.41855,null,null,null,null,null,null,null,null,null,null
Mon Oct 26 18:00:00 UTC 2026,1.61326,-9519856.41855,null,null,null,null,null,null,null,null,null,null
Mon Oct 26 19:00:00 UTC 2026,1.61326,-9541189.41855,null,null,null,null,null,null,null,null,null,null
Mon Oct 26 20:00:00 UTC 2026,1.61326,-9509203.41855,null,null,null,null,null,null,null,null,null,null
Mon Oct 26 21:00:00 UTC 2026,1.61326,-9512145.41855,null,null,null,null,null,null,null,null,null,null
Mon Oct 26 22:00:00 UTC 2026,1.61326,-9500032.41855,null,null,null,null,null,null,null,null,null,null
Mon Oct 26 23:00:00 UTC 2026,1.61326,-9489480.41855,null,null,null,null,null,null,null,null,null,null
Tue Oct 27 00:00:00 UTC 2026,1.61326,-9450139.41855,null,null,null,null,null,null,null,null,null,null
Tue Oct 27 01:00:00 UTC 2026,1.61326,-9474273.41855,null,null,null,null,null,null,null,null,null,null
Tue Oct 27 02:00:00 UTC 2026,1.61326,-9470278.41855,null,null,null,null,null,null,null,null,null,null
Tue Oct 27 03:00:00 UTC 2026,1.61326,-9490627.41855,null,null,null,null,null,null,null,null,null,null
Tue Oct 27 04:00:00 UTC 2026,1.61326,-9461394.41855,null,null,null,null,null,null,null,null,null,null
Tue Oct 27 05:00:00 UTC 2026,1.61326,-9447881.41855,null,null,null,null,null,null,null,null,null,null
Tue Oct 27 06:00:00 UTC 2026,1.61326,-9400975.41855,null,null,null,null,null,null,null,null,null,null
Tue Oct 27 07:00:00 UTC 2026,1.61326,-9386873.41855,null,null,null,null,null,null,null,null,null,null
Tue Oct 27 08:00:00 UTC 2026,1.61326,-9386873.41855,null,null,null,null,null,null,null,null,null,null
Tue Oct 27 09:00:00 UTC 2026,1.61326,-9386873.41855,null,null,null,null,null,null,null,null,null,null
Tue Oct 27 10:00:00 UTC 2026,1.61326,-9386873.41855,null,null,null,null,null,null,null,null,null,null
Tue Oct 27 11:00:00 UTC 2026,1.61326,-9386873.41855,null,null,null,null,null,null,null,null,null,null
Tue Oct 27 12:00:00 UTC 2026,1.61326,-9386873.41855,null,null,null,null,null,null,null,null,null,null
Tue Oct 27 13:00:00 UTC 2026,1.61326,-9386873.41855,null,null,null,null,null,null,null,null,null,null
Tue Oct 27 14:00:00 UTC 2026,1.61326,-9386873.41855,null,null,null,null,null,null,null,null,null,null
Tue Oct 27 15:00:00 UTC 2026,1.61326,-9386873.41855,null,null,null,null,null,null,null,null,null,null
Tue Oct 27 16:00:00 UTC 2026,1.61326,-9386873.41855,null,null,null,null,null,null,null,null,null,null
Tue Oct 27 17:00:00 UTC 2026,1.61326,-9386873.41855,null,null,null,null,null,null,null,null,null,null
Tue Oct 27 18:00:00 UTC 2026,1.61326,-9386873.41855,null,null,null,null,null,null,null,null,null,null
Tue Oct 27 19:00:00 UTC 2026,1.61326,-9386873.41855,null,null,null,null,null,null,null,null,null,null
Tue Oct 27 20:00:00 UTC 2026,1.61326,-9386873.41855,null,null,null,null,null,null,null,null,null,null
Tue Oct 27 21:00:00 UTC 2026,1.61326,-9386873.41855,null,null,null,null,null,null,null,null,null,null
Tue Oct 27 22:00:00 UTC 2026,1.61326,-9386873.41855,null,null,null,null,null,null,null,null,null,null
Tue Oct 27 23:00:00 UTC 2026,1.61326,-9386873.41855,null,null,null,null,null,null,null,null,null,null
Wed Oct 28 00:00:00 UTC 2026,1.61326,-9386873.41855,null,null,null,null,null,null,null,null,null,null
Wed Oct 28 01:00:00 UTC 2026,1.61326,-9386873.41855,null,null,null,null,null,null,null,null,null,null
Wed Oct 28 02:00:00 UTC 2026,1.61326,-9386873.41855,null,null,null,null,null,null,null,null,null,null
Wed Oct 28 03:00:00 UTC 2026,1.61326,-9386873.41855,null,null,null,null,null,null,null,null,null,null
Wed Oct 28 04:00:00 UTC 2026,1.61326,-9386873.41855,null,null,null,null,null,null,null,null,null,null
Wed Oct 28 05:00:00 UTC 2026,1.61326,-9386873.41855,null,null,null,null,null,null,null,null,null,null
Wed Oct 28 06:00:00 UTC 2026,1.61326,-9386873.41855,null,null,null,null,null,null,null,null,null,null
Wed Oct 28 07:00:00 UTC 2026,1.61326,-9386873.41855,null,null,null,null,null,null,null,null,null,null
Wed Oct 28 08:00:00 UTC 2026,1.61326,-9386873.41855,null,null,null,null,null,null,null,null,null,null
Wed Oct 28 09:00:00 UTC 2026,1.61326,-9386873.41855,null,null,null,null,null,null,null,null,null,null
Wed Oct 28 10:00:00 UTC 2026,1.61326,-9386873.41855,null,null,null,null,null,null,null,null,null,null
Wed Oct 28 11:00:00 UTC 2026,1.61326,-9386873.41855,null,null,null,null,null,null,null,null,null,null
Wed Oct 28 12:00:00 UTC 2026,1.61326,-9386873.41855,null,null,null,null,null,null,null,null,null,null
Wed Oct 28 13:00:00 UTC 2026,1.61326,-9386873.41855,null,null,null,null,null,null,null,null,null,null
Wed Oct 28 14:00:00 UTC 2026,1.61326,-9386873.41855,null,null,null,null,null,null,null,null,null,null
Wed Oct 28 15:00:00 UTC 2026,1.61326,-9386873.41855,null,null,null,null,null,null,null,null,null,null
Wed Oct 28 16:00:00 UTC 2026,1.61326,-9386873.41855,null,null,null,null,null,null,null,null,null,null
Wed Oct 28 17:00:00 UTC 2026,1.61326,-9386873.41855,null,null,null,null,null,null,null,null,null,null
Wed Oct 28 18:00:00 UTC 2026,1.61326,-9386873.41855,null,null,null,null,null,null,null,null,null,null
Wed Oct 28 19:00:00 UTC 2026,1.61326,-9386873.41855,null,null,null,null,null,null,null,null,null,null
Wed Oct 28 20:00:00 UTC 2026,1.61326,-9386873.41855,null,null,null,null,null,null,null,null,null,null
Wed Oct 28 21:00:00 UTC 2026,1.61326,-9386873.41855,null,null,null,null,null,null,null,null,null,null
Wed Oct 28 22:00:00 UTC 2026,1.61326,-9386873.41855,null,null,null,null,null,null,null,null,null,null
Wed Oct 28 23:00:00 UTC 2026,1.61326,-9386873.41855,null,null,null,null,null,null,null,null,null,null
Thu Oct 29 00:00:00 UTC 2026,1.61326,-9386873.41855,null,null,null,null,null,null,null,null,null,null
Thu Oct 29 01:00:00 UTC 2026,1.61326,-9386873.41855,null,null,null,null,null,null,null,null,null,null
Thu Oct 29 02:00:00 UTC 2026,1.61326,-9386873.41855,null,null,null,null,null,null,null,null,null,null
Thu Oct 29 03:00:00 UTC 2026,1.61326,-9386873.41855,null,null,null,null,null,null,null,null,null,null
Thu Oct 29 04:00:00 UTC 2026,1.61326,-9386873.41855,null,null,null,null,null,null,null,null,null,null
Thu Oct 29 05:00:00 UTC 2026,1.61326,-9386873.41855,null,null,null,null,null,null,null,null,null,null
Thu Oct 29 06:00:00 UTC 2026,1.61326,-9386873.41855,null,null,null,null,null,null,null,null,null,null
Thu Oct 29 07:00:00 UTC 2026,1.61326,-9386873.41855,null,null,null,null,null,null,null,null,null,null
Thu Oct 29 08:00:00 UTC 2026,1.61326,-9386873.41855,null,null,null,null,null,null,null,null,null,null
Thu Oct 29 09:00:00 UTC 2026,1.61326,-9386873.41855,null,null,null,null,null,null,null,null,null,null
Thu Oct 29 10:00:00 UTC 2026,1.61326,-9386873.41855,null,null,null,null,null,null,null,null,null,null
Thu Oct 29 11:00:00 UTC 2026,1.61326,-9386873.41855,null,null,null,null,null,null,null,null,null,null
Thu Oct 29 12:00:00 UTC 2026,1.61326,-9386873.41855,null,null,null,null,null,null,null,null,null,null
Thu Oct 29 13:00:00 UTC 2026,1.61326,-9386873.41855,null,null,null,null,null,null,null,null,null,null
Thu Oct 29 14:00:00 UTC 2026,1.61326,-9386873.41855,null,null,null,null,null,null,null,null,null,null
