date,P_Kweek_15_Kday_-48_ETE_60_ORD_59_EXT_68_E2Ekor_70_EXTkor_61_DIFF_2640,a,b,c,d,e,f,g,h,i,j
Tue Jul 21 00:00:00 UTC 2026,-482109.22983270424,273.5010000000475,null,null,null,null,null,null,null,null
Tue Jul 21 01:00:00 UTC 2026,-419875.0599675621,4807.5010000000475,null,null,null,null,null,null,null,null
Tue Jul 21 02:00:00 UTC 2026,-253671.11042021902,36687.50100000005,null,null,null,null,null,null,null,null
Tue Jul 21 03:00:00 UTC 2026,-327336.82764956536,34973.50100000005,null,null,null,null,null,null,null,null
Tue Jul 21 04:00:00 UTC 2026,-302018.9383860856,36642.50100000005,null,null,null,null,null,null,null,null
Tue Jul 21 05:00:00 UTC 2026,-253352.46578140726,17023.501000000047,null,null,null,null,null,null,null,null
Tue Jul 21 06:00:00 UTC 2026,-337280.45498359425,142643.50100000005,null,null,null,null,null,null,null,null
Tue Jul 21 07:00:00 UTC 2026,-333510.05468653305,-304675.499,null,null,null,null,null,null,null,null
Tue Jul 21 08:00:00 UTC 2026,-314831.7350430049,-451575.499,null,null,null,null,null,null,null,null
Tue Jul 21 09:00:00 UTC 2026,-302043.5547101143,-401027.499,null,null,null,null,null,null,null,null
Tue Jul 21 10:00:00 UTC 2026,-288676.8907625491,-428218.499,null,null,null,null,null,null,null,null
Tue Jul 21 11:00:00 UTC 2026,-296968.48923953157,-401560.499,null,null,null,null,null,null,null,null
Tue Jul 21 12:00:00 UTC 2026,-317549.10370106203,-384591.499,null,null,null,null,null,null,null,null
Tue Jul 21 13:00:00 UTC 2026,-319402.1658709914,-399710.499,null,null,null,null,null,null,null,null
Tue Jul 21 14:00:00 UTC 2026,-316615.0509615248,-372335.499,null,null,null,null,null,null,null,null
Tue Jul 21 15:00:00 UTC 2026,-313051.1542716002,-423978.499,null,null,null,null,null,null,null,null
Tue Jul 21 16:00:00 UTC 2026,-315292.6073317664,-388315.499,null,null,null,null,null,null,null,null
Tue Jul 21 17:00:00 UTC 2026,-414221.5108823125,-379915.499,null,null,null,null,null,null,null,null
Tue Jul 21 18:00:00 UTC 2026,-510521.93805601716,-357877.499,null,null,null,null,null,null,null,null
Tue Jul 21 19:00:00 UTC 2026,-549195.5506786171,-482906.499,null,null,null,null,null,null,null,null
Tue Jul 21 20:00:00 UTC 2026,-553440.499,-486386.499,null,null,null,null,null,null,null,null
Tue Jul 21 21:00:00 UTC 2026,-532069.4270224435,-553440.499,null,null,null,null,null,null,null,null
Tue Jul 21 22:00:00 UTC 2026,-514868.08682063787,-495943.499,null,null,null,null,null,null,null,null
Tue Jul 21 23:00:00 UTC 2026,-477716.58356714906,-471544.499,null,null,null,null,null,null,null,null
Wed Jul 22 00:00:00 UTC 2026,-287277.8630135816,-482477.499,null,null,null,null,null,null,null,null
Wed Jul 22 01:00:00 UTC 2026,-314076.8344394605,-489820.499,null,null,null,null,null,null,null,null
Wed Jul 22 02:00:00 UTC 2026,-302360.8317753724,-466526.499,null,null,null,null,null,null,null,null
Wed Jul 22 03:00:00 UTC 2026,-313468.2642065268,-463911.499,null,null,null,null,null,null,null,null
Wed Jul 22 04:00:00 UTC 2026,-299860.90731290483,-472330.499,null,null,null,null,null,null,null,null
Wed Jul 22 05:00:00 UTC 2026,-284221.3361133529,-535186.499,null,null,null,null,null,null,null,null
Wed Jul 22 06:00:00 UTC 2026,-299617.47921973286,-435783.499,null,null,null,null,null,null,null,null
Wed Jul 22 07:00:00 UTC 2026,-299345.3320818556,-430589.499,null,null,null,null,null,null,null,null
Wed Jul 22 08:00:00 UTC 2026,-314249.1487076614,-460581.499,null,null,null,null,null,null,null,null
Wed Jul 22 09:00:00 UTC 2026,-308059.51078801055,-306085.499,null,null,null,null,null,null,null,null
Wed Jul 22 10:00:00 UTC 2026,-280471.44941965933,-293666.499,null,null,null,null,null,null,null,null
Wed Jul 22 11:00:00 UTC 2026,-263445.1586331621,-210873.499,null,null,null,null,null,null,null,null
Wed Jul 22 12:00:00 UTC 2026,-249006.31701678655,-243803.499,null,null,null,null,null,null,null,null
Wed Jul 22 13:00:00 UTC 2026,-253311.43857469532,-241900.499,null,null,null,null,null,null,null,null
Wed Jul 22 14:00:00 UTC 2026,-241621.41980818962,-252081.499,null,null,null,null,null,null,null,null
Wed Jul 22 15:00:00 UTC 2026,-244334.6857455701,-309526.499,null,null,null,null,null,null,null,null
Wed Jul 22 16:00:00 UTC 2026,-242720.94894813607,-300042.499,null,null,null,null,null,null,null,null
Wed Jul 22 17:00:00 UTC 2026,-140973.47629630275,-371617.499,null,null,null,null,null,null,null,null
Wed Jul 22 18:00:00 UTC 2026,-62954.772434559534,-343602.499,null,null,null,null,null,null,null,null
Wed Jul 22 19:00:00 UTC 2026,-37656.02920087037,-360034.499,null,null,null,null,null,null,null,null
Wed Jul 22 20:00:00 UTC 2026,20997.83309166401,-443590.499,null,null,null,null,null,null,null,null
Wed Jul 22 21:00:00 UTC 2026,-48186.34559091163,-527998.499,null,null,null,null,null,null,null,null
Wed Jul 22 22:00:00 UTC 2026,-18585.215946436627,-508123.499,null,null,null,null,null,null,null,null
Wed Jul 22 23:00:00 UTC 2026,-32349.84379913786,-542629.499,null,null,null,null,null,null,null,null
Thu Jul 23 00:00:00 UTC 2026,-173586.00291361788,-514507.499,null,null,null,null,null,null,null,null
Thu Jul 23 01:00:00 UTC 2026,-121413.07170841785,-518056.499,null,null,null,null,null,null,null,null
Thu Jul 23 02:00:00 UTC 2026,-128576.42200075637,-527997.499,null,null,null,null,null,null,null,null
Thu Jul 23 03:00:00 UTC 2026,-59858.58590117254,-503074.499,null,null,null,null,null,null,null,null
Thu Jul 23 04:00:00 UTC 2026,-35541.760481516656,-528857.499,null,null,null,null,null,null,null,null
Thu Jul 23 05:00:00 UTC 2026,-49797.34724123048,-519233.499,null,null,null,null,null,null,null,null
Thu Jul 23 06:00:00 UTC 2026,-80875.456327428,-406128.499,null,null,null,null,null,null,null,null
Thu Jul 23 07:00:00 UTC 2026,-72928.48638683959,-304072.499,null,null,null,null,null,null,null,null
Thu Jul 23 08:00:00 UTC 2026,-73816.04162542685,-290241.499,null,null,null,null,null,null,null,null
Thu Jul 23 09:00:00 UTC 2026,-66770.30265900143,-318643.499,null,null,null,null,null,null,null,null
Thu Jul 23 10:00:00 UTC 2026,-60902.04452527751,-356100.499,null,null,null,null,null,null,null,null
Thu Jul 23 11:00:00 UTC 2026,-29741.881025656243,-292722.499,null,null,null,null,null,null,null,null
Thu Jul 23 12:00:00 UTC 2026,-44063.111316110764,-247931.499,null,null,null,null,null,null,null,null
Thu Jul 23 13:00:00 UTC 2026,-58347.41712052218,-120873.49900000001,null,null,null,null,null,null,null,null
Thu Jul 23 14:00:00 UTC 2026,-69486.30374349712,-217790.499,null,null,null,null,null,null,null,null
Thu Jul 23 15:00:00 UTC 2026,-57193.185038288066,-171260.499,null,null,null,null,null,null,null,null
Thu Jul 23 16:00:00 UTC 2026,-38880.00753452175,-141219.499,null,null,null,null,null,null,null,null
Thu Jul 23 17:00:00 UTC 2026,25151.153984716046,-213430.499,null,null,null,null,null,null,null,null
Thu Jul 23 18:00:00 UTC 2026,14157.230158805964,-161500.499,null,null,null,null,null,null,null,null
Thu Jul 23 19:00:00 UTC 2026,2658.6716902996413,-148757.499,null,null,null,null,null,null,null,null
Thu Jul 23 20:00:00 UTC 2026,-6283.891799889854,-215077.499,null,null,null,null,null,null,null,null
Thu Jul 23 21:00:00 UTC 2026,-7509.237707094988,-281781.499,null,null,null,null,null,null,null,null
Thu Jul 23 22:00:00 UTC 2026,11811.841508294689,-273642.499,null,null,null,null,null,null,null,null
Thu Jul 23 23:00:00 UTC 2026,69470.11025122006,-274626.499,null,null,null,null,null,null,null,null
Fri Jul 24 00:00:00 UTC 2026,102014.25819067936,-280510.499,null,null,null,null,null,null,null,null
Fri Jul 24 01:00:00 UTC 2026,142643.50100000005,-213205.499,null,null,null,null,null,null,null,null
Fri Jul 24 02:00:00 UTC 2026,48260.41195341165,-219165.499,null,null,null,null,null,null,null,null
Fri Jul 24 03:00:00 UTC 2026,47460.381422478706,-211793.499,null,null,null,null,null,null,null,null
Fri Jul 24 04:00:00 UTC 2026,72374.83648660767,-214931.499,null,null,null,null,null,null,null,null
Fri Jul 24 05:00:00 UTC 2026,96104.97285024356,-174330.499,null,null,null,null,null,null,null,null
Fri Jul 24 06:00:00 UTC 2026,19349.90695529431,-145669.499,null,null,null,null,null,null,null,null
Fri Jul 24 07:00:00 UTC 2026,56106.181450770004,-17781.49900000001,null,null,null,null,null,null,null,null
Fri Jul 24 08:00:00 UTC 2026,27802.87911203259,-2751.4989999999525,null,null,null,null,null,null,null,null
Fri Jul 24 09:00:00 UTC 2026,31199.931827986497,29001.501000000047,null,null,null,null,null,null,null,null
Fri Jul 24 10:00:00 UTC 2026,45966.99109807296,31676.501000000047,null,null,null,null,null,null,null,null
Fri Jul 24 11:00:00 UTC 2026,1103.7405558222672,19133.501000000047,null,null,null,null,null,null,null,null
Fri Jul 24 12:00:00 UTC 2026,-20562.727310071,19990.501000000047,null,null,null,null,null,null,null,null
Fri Jul 24 13:00:00 UTC 2026,-10847.484760092222,129871.50100000005,null,null,null,null,null,null,null,null
Fri Jul 24 14:00:00 UTC 2026,-23824.390243874863,94302.50100000005,null,null,null,null,null,null,null,null
Fri Jul 24 15:00:00 UTC 2026,-8242.257133725798,-52322.49900000001,null,null,null,null,null,null,null,null
Fri Jul 24 16:00:00 UTC 2026,-38587.34679329238,-23117.49900000001,null,null,null,null,null,null,null,null
Fri Jul 24 17:00:00 UTC 2026,-78130.73619822698,-36722.49900000001,null,null,null,null,null,null,null,null
Fri Jul 24 18:00:00 UTC 2026,-77680.80449792626,11316.501000000047,null,null,null,null,null,null,null,null
Fri Jul 24 19:00:00 UTC 2026,-212096.87428291596,-52644.49900000001,null,null,null,null,null,null,null,null
Fri Jul 24 20:00:00 UTC 2026,-222918.48384063283,-89944.49900000001,null,null,null,null,null,null,null,null
Fri Jul 24 21:00:00 UTC 2026,-245134.7162765031,-89944.49900000001,null,null,null,null,null,null,null,null
Fri Jul 24 22:00:00 UTC 2026,-285664.1262161475,-89944.49900000001,null,null,null,null,null,null,null,null
Fri Jul 24 23:00:00 UTC 2026,-304721.2637350054,-89944.49900000001,null,null,null,null,null,null,null,null
Sat Jul 25 00:00:00 UTC 2026,361.96703,-89944.49900000001,null,null,null,null,null,null,null,null,null,null
Sat Jul 25 01:00:00 UTC 2026,361.96703,-89944.49900000001,null,null,null,null,null,null,null,null,null,null
Sat Jul 25 02:00:00 UTC 2026,361.96703,-89944.49900000001,null,null,null,null,null,null,null,null,null,null
Sat Jul 25 03:00:00 UTC 2026,361.96703,-89944.49900000001,null,null,null,null,null,null,null,null,null,null
Sat Jul 25 04:00:00 UTC 2026,361.96703,-89944.49900000001,null,null,null,null,null,null,null,null,null,null
Sat Jul 25 05:00:00 UTC 2026,361.96703,-89944.49900000001,null,null,null,null,null,null,null,null,null,null
Sat Jul 25 06:00:00 UTC 2026,361.96703,-89944.49900000001,null,null,null,null,null,null,null,null,null,null
Sat Jul 25 07:00:00 UTC 2026,361.96703,-89944.49900000001,null,null,null,null,null,null,null,null,null,null
Sat Jul 25 08:00:00 UTC 2026,361.96703,-89944.49900000001,null,null,null,null,null,null,null,null,null,null
Sat Jul 25 09:00:00 UTC 2026,361.96703,-89944.49900000001,null,null,null,null,null,null,null,null,null,null
Sat Jul 25 10:00:00 UTC 2026,361.96703,-89944.49900000001,null,null,null,null,null,null,null,null,null,null
Sat Jul 25 11:00:00 UTC 2026,361.96703,-89944.49900000001,null,null,null,null,null,null,null,null,null,null
Sat Jul 25 12:00:00 UTC 2026,361.96703,-89944.49900000001,null,null,null,null,null,null,null,null,null,null
Sat Jul 25 13:00:00 UTC 2026,361.96703,-89944.49900000001,null,null,null,null,null,null,null,null,null,null
Sat Jul 25 14:00:00 UTC 2026,361.96703,-89944.49900000001,null,null,null,null,null,null,null,null,null,null
Sat Jul 25 15:00:00 UTC 2026,361.96703,-89944.49900000001,null,null,null,null,null,null,null,null,null,null
Sat Jul 25 16:00:00 UTC 2026,361.96703,-89944.49900000001,null,null,null,null,null,null,null,null,null,null
Sat Jul 25 17:00:00 UTC 2026,361.96703,-89944.49900000001,null,null,null,null,null,null,null,null,null,null
Sat Jul 25 18:00:00 UTC 2026,361.96703,-89944.49900000001,null,null,null,null,null,null,null,null,null,null
Sat Jul 25 19:00:00 UTC 2026,361.96703,-89944.49900000001,null,null,null,null,null,null,null,null,null,null
Sat Jul 25 20:00:00 UTC 2026,361.96703,-89944.49900000001,null,null,null,null,null,null,null,null,null,null
Sat Jul 25 21:00:00 UTC 2026,361.96703,-89944.49900000001,null,null,null,null,null,null,null,null,null,null
Sat Jul 25 22:00:00 UTC 2026,361.96703,-89944.49900000001,null,null,null,null,null,null,null,null,null,null
Sat Jul 25 23:00:00 UTC 2026,361.96703,-89944.49900000001,null,null,null,null,null,null,null,null,null,null
Sun Jul 26 00:00:00 UTC 2026,361.96703,-89944.49900000001,null,null,null,null,null,null,null,null,null,null
Sun Jul 26 01:00:00 UTC 2026,361.96703,-89944.49900000001,null,null,null,null,null,null,null,null,null,null
Sun Jul 26 02:00:00 UTC 2026,361.96703,-89944.49900000001,null,null,null,null,null,null,null,null,null,null
Sun Jul 26 03:00:00 UTC 2026,361.96703,-89944.49900000001,null,null,null,null,null,null,null,null,null,null
Sun Jul 26 04:00:00 UTC 2026,361.96703,-89944.49900000001,null,null,null,null,null,null,null,null,null,null
Sun Jul 26 05:00:00 UTC 2026,361.96703,-89944.49900000001,null,null,null,null,null,null,null,null,null,null
Sun Jul 26 06:00:00 UTC 2026,361.96703,-89944.49900000001,null,null,null,null,null,null,null,null,null,null
Sun Jul 26 07:00:00 UTC 2026,361.96703,-89944.49900000001,null,null,null,null,null,null,null,null,null,null
Sun Jul 26 08:00:00 UTC 2026,361.96703,-89944.49900000001,null,null,null,null,null,null,null,null,null,null
Sun Jul 26 09:00:00 UTC 2026,361.96703,-89944.49900000001,null,null,null,null,null,null,null,null,null,null
Sun Jul 26 10:00:00 UTC 2026,361.96703,-89944.49900000001,null,null,null,null,null,null,null,null,null,null
Sun Jul 26 11:00:00 UTC 2026,361.96703,-89944.49900000001,null,null,null,null,null,null,null,null,null,null
Sun Jul 26 12:00:00 UTC 2026,361.96703,-89944.49900000001,null,null,null,null,null,null,null,null,null,null
Sun Jul 26 13:00:00 UTC 2026,361.96703,-89944.49900000001,null,null,null,null,null,null,null,null,null,null
Sun Jul 26 14:00:00 UTC 2026,361.96703,-89944.49900000001,null,null,null,null,null,null,null,null,null,null
Sun Jul 26 15:00:00 UTC 2026,361.96703,-89944.49900000001,null,null,null,null,null,null,null,null,null,null
Sun Jul 26 16:00:00 UTC 2026,361.96703,-89944.49900000001,null,null,null,null,null,null,null,null,null,null
Sun Jul 26 17:00:00 UTC 2026,361.96703,-89944.49900000001,null,null,null,null,null,null,null,null,null,null
Sun Jul 26 18:00:00 UTC 2026,361.96703,-89944.49900000001,null,null,null,null,null,null,null,null,null,null
Sun Jul 26 19:00:00 UTC 2026,361.96703,-89944.49900000001,null,null,null,null,null,null,null,null,null,null
Sun Jul 26 20:00:00 UTC 2026,361.96703,-89944.49900000001,null,null,null,null,null,null,null,null,null,null
Sun Jul 26 21:00:00 UTC 2026,361.96703,-149405.499,null,null,null,null,null,null,null,null,null,null
Sun Jul 26 22:00:00 UTC 2026,361.96703,-70678.49900000001,null,null,null,null,null,null,null,null,null,null
Sun Jul 26 23:00:00 UTC 2026,361.96703,-62828.49900000001,null,null,null,null,null,null,null,null,null,null
Mon Jul 27 00:00:00 UTC 2026,361.96703,-302254.499,null,null,null,null,null,null,null,null,null,null
Mon Jul 27 01:00:00 UTC 2026,361.96703,-305723.499,null,null,null,null,null,null,null,null,null,null
Mon Jul 27 02:00:00 UTC 2026,361.96703,-306503.499,null,null,null,null,null,null,null,null,null,null
Mon Jul 27 03:00:00 UTC 2026,361.96703,-307574.499,null,null,null,null,null,null,null,null,null,null
Mon Jul 27 04:00:00 UTC 2026,361.96703,-291948.499,null,null,null,null,null,null,null,null,null,null
Mon Jul 27 05:00:00 UTC 2026,361.96703,-310803.499,null,null,null,null,null,null,null,null,null,null
Mon Jul 27 06:00:00 UTC 2026,361.96703,-152505.499,null,null,null,null,null,null,null,null,null,null
Mon Jul 27 07:00:00 UTC 2026,361.96703,-78482.49900000001,null,null,null,null,null,null,null,null,null,null
Mon Jul 27 08:00:00 UTC 2026,361.96703,-156630.499,null,null,null,null,null,null,null,null,null,null
Mon Jul 27 09:00:00 UTC 2026,361.96703,-116251.49900000001,null,null,null,null,null,null,null,null,null,null
Mon Jul 27 10:00:00 UTC 2026,361.96703,-95500.49900000001,null,null,null,null,null,null,null,null,null,null
Mon Jul 27 11:00:00 UTC 2026,361.96703,-242945.499,null,null,null,null,null,null,null,null,null,null
Mon Jul 27 12:00:00 UTC 2026,361.96703,-179771.499,null,null,null,null,null,null,null,null,null,null
Mon Jul 27 13:00:00 UTC 2026,361.96703,-241337.499,null,null,null,null,null,null,null,null,null,null
Mon Jul 27 14:00:00 UTC 2026,361.96703,-295190.499,null,null,null,null,null,null,null,null,null,null
Mon Jul 27 15:00:00 UTC 2026,361.96703,-368317.499,null,null,null,null,null,null,null,null,null,null
Mon Jul 27 16:00:00 UTC 2026,361.96703,-439420.499,null,null,null,null,null,null,null,null,null,null
Mon Jul 27 17:00:00 UTC 2026,361.96703,-431955.499,null,null,null,null,null,null,null,null,null,null
Mon Jul 27 18:00:00 UTC 2026,361.96703,-486038.499,null,null,null,null,null,null,null,null,null,null
Mon Jul 27 19:00:00 UTC 2026,361.96703,-453719.499,null,null,null,null,null,null,null,null,null,null
Mon Jul 27 20:00:00 UTC 2026,361.96703,-485607.499,null,null,null,null,null,null,null,null,null,null
Mon Jul 27 21:00:00 UTC 2026,361.96703,-540835.499,null,null,null,null,null,null,null,null,null,null
Mon Jul 27 22:00:00 UTC 2026,361.96703,-507621.499,null,null,null,null,null,null,null,null,null,null
Mon Jul 27 23:00:00 UTC 2026,361.96703,-554836.499,null,null,null,null,null,null,null,null,null,null
Tue Jul 28 00:00:00 UTC 2026,361.96703,-545428.499,null,null,null,null,null,null,null,null,null,null
Tue Jul 28 01:00:00 UTC 2026,361.96703,-513398.499,null,null,null,null,null,null,null,null,null,null
Tue Jul 28 02:00:00 UTC 2026,361.96703,-496440.499,null,null,null,null,null,null,null,null,null,null
Tue Jul 28 03:00:00 UTC 2026,361.96703,-501835.499,null,null,null,null,null,null,null,null,null,null
Tue Jul 28 04:00:00 UTC 2026,361.96703,-476110.499,null,null,null,null,null,null,null,null,null,null
Tue Jul 28 05:00:00 UTC 2026,361.96703,-482174.499,null,null,null,null,null,null,null,null,null,null
Tue Jul 28 06:00:00 UTC 2026,361.96703,-344396.499,null,null,null,null,null,null,null,null,null,null
Tue Jul 28 07:00:00 UTC 2026,361.96703,-485485.499,null,null,null,null,null,null,null,null,null,null
Tue Jul 28 08:00:00 UTC 2026,361.96703,-657606.499,null,null,null,null,null,null,null,null,null,null
Tue Jul 28 09:00:00 UTC 2026,361.96703,-705982.4990000001,null,null,null,null,null,null,null,null,null,null
Tue Jul 28 10:00:00 UTC 2026,361.96703,-802106.4990000001,null,null,null,null,null,null,null,null,null,null
Tue Jul 28 11:00:00 UTC 2026,361.96703,-911352.4990000001,null,null,null,null,null,null,null,null,null,null
Tue Jul 28 12:00:00 UTC 2026,361.96703,-885628.4990000001,null,null,null,null,null,null,null,null,null,null
Tue Jul 28 13:00:00 UTC 2026,361.96703,-839765.4990000001,null,null,null,null,null,null,null,null,null,null
Tue Jul 28 14:00:00 UTC 2026,361.96703,-903793.4990000001,null,null,null,null,null,null,null,null,null,null
Tue Jul 28 15:00:00 UTC 2026,361.96703,-962851.4990000001,null,null,null,null,null,null,null,null,null,null
Tue Jul 28 16:00:00 UTC 2026,361.96703,-1022050.4990000001,null,null,null,null,null,null,null,null,null,null
Tue Jul 28 17:00:00 UTC 2026,361.96703,-876759.4990000001,null,null,null,null,null,null,null,null,null,null
Tue Jul 28 18:00:00 UTC 2026,361.96703,-929663.4990000001,null,null,null,null,null,null,null,null,null,null
Tue Jul 28 19:00:00 UTC 2026,361.96703,-864917.4990000001,null,null,null,null,null,null,null,null,null,null
Tue Jul 28 20:00:00 UTC 2026,361.96703,-940975.4990000001,null,null,null,null,null,null,null,null,null,null
Tue Jul 28 21:00:00 UTC 2026,361.96703,-1032297.4990000001,null,null,null,null,null,null,null,null,null,null
Tue Jul 28 22:00:00 UTC 2026,361.96703,-1001261.4990000001,null,null,null,null,null,null,null,null,null,null
Tue Jul 28 23:00:00 UTC 2026,361.96703,-1015024.4990000001,null,null,null,null,null,null,null,null,null,null
Wed Jul 29 00:00:00 UTC 2026,361.96703,-974172.4990000001,null,null,null,null,null,null,null,null,null,null
Wed Jul 29 01:00:00 UTC 2026,361.96703,-969546.4990000001,null,null,null,null,null,null,null,null,null,null
Wed Jul 29 02:00:00 UTC 2026,361.96703,-986749.4990000001,null,null,null,null,null,null,null,null,null,null
Wed Jul 29 03:00:00 UTC 2026,361.96703,-975664.4990000001,null,null,null,null,null,null,null,null,null,null
Wed Jul 29 04:00:00 UTC 2026,361.96703,-977425.4990000001,null,null,null,null,null,null,null,null,null,null
Wed Jul 29 05:00:00 UTC 2026,361.96703,-957448.4990000001,null,null,null,null,null,null,null,null,null,null
Wed Jul 29 06:00:00 UTC 2026,361.96703,-514515.499,null,null,null,null,null,null,null,null,null,null
Wed Jul 29 07:00:00 UTC 2026,361.96703,-587032.499,null,null,null,null,null,null,null,null,null,null
Wed Jul 29 08:00:00 UTC 2026,361.96703,-723052.4990000001,null,null,null,null,null,null,null,null,null,null
Wed Jul 29 09:00:00 UTC 2026,361.96703,-758564.4990000001,null,null,null,null,null,null,null,null,null,null
Wed Jul 29 10:00:00 UTC 2026,361.96703,-674037.4990000001,null,null,null,null,null,null,null,null,null,null
Wed Jul 29 11:00:00 UTC 2026,361.96703,-734384.4990000001,null,null,null,null,null,null,null,null,null,null
Wed Jul 29 12:00:00 UTC 2026,361.96703,-782172.4990000001,null,null,null,null,null,null,null,null,null,null
Wed Jul 29 13:00:00 UTC 2026,361.96703,-823492.4990000001,null,null,null,null,null,null,null,null,null,null
Wed Jul 29 14:00:00 UTC 2026,361.96703,-892594.4990000001,null,null,null,null,null,null,null,null,null,null
Wed Jul 29 15:00:00 UTC 2026,361.96703,-966232.4990000001,null,null,null,null,null,null,null,null,null,null
Wed Jul 29 16:00:00 UTC 2026,361.96703,-877667.4990000001,null,null,null,null,null,null,null,null,null,null
Wed Jul 29 17:00:00 UTC 2026,361.96703,-918791.4990000001,null,null,null,null,null,null,null,null,null,null
Wed Jul 29 18:00:00 UTC 2026,361.96703,-993744.4990000001,null,null,null,null,null,null,null,null,null,null
Wed Jul 29 19:00:00 UTC 2026,361.96703,-982325.4990000001,null,null,null,null,null,null,null,null,null,null
Wed Jul 29 20:00:00 UTC 2026,361.96703,-1029026.4990000001,null,null,null,null,null,null,null,null,null,null
Wed Jul 29 21:00:00 UTC 2026,361.96703,-1030557.4990000001,null,null,null,null,null,null,null,null,null,null
Wed Jul 29 22:00:00 UTC 2026,361.96703,-1015819.4990000001,null,null,null,null,null,null,null,null,null,null
Wed Jul 29 23:00:00 UTC 2026,361.96703,-1014599.4990000001,null,null,null,null,null,null,null,null,null,null
Thu Jul 30 00:00:00 UTC 2026,361.96703,-1027879.4990000001,null,null,null,null,null,null,null,null,null,null
Thu Jul 30 01:00:00 UTC 2026,361.96703,-1038748.4990000001,null,null,null,null,null,null,null,null,null,null
Thu Jul 30 02:00:00 UTC 2026,361.96703,-1055622.499,null,null,null,null,null,null,null,null,null,null
Thu Jul 30 03:00:00 UTC 2026,361.96703,-1060398.499,null,null,null,null,null,null,null,null,null,null
Thu Jul 30 04:00:00 UTC 2026,361.96703,-952985.4990000001,null,null,null,null,null,null,null,null,null,null
Thu Jul 30 05:00:00 UTC 2026,361.96703,-908666.4990000001,null,null,null,null,null,null,null,null,null,null
Thu Jul 30 06:00:00 UTC 2026,361.96703,-731929.4990000001,null,null,null,null,null,null,null,null,null,null
Thu Jul 30 07:00:00 UTC 2026,361.96703,-669236.499,null,null,null,null,null,null,null,null,null,null
Thu Jul 30 08:00:00 UTC 2026,361.96703,-853319.4990000001,null,null,null,null,null,null,null,null,null,null
Thu Jul 30 09:00:00 UTC 2026,361.96703,-809668.4990000001,null,null,null,null,null,null,null,null,null,null
Thu Jul 30 10:00:00 UTC 2026,361.96703,-831015.4990000001,null,null,null,null,null,null,null,null,null,null
Thu Jul 30 11:00:00 UTC 2026,361.96703,-785818.4990000001,null,null,null,null,null,null,null,null,null,null
Thu Jul 30 12:00:00 UTC 2026,361.96703,-841671.4990000001,null,null,null,null,null,null,null,null,null,null
Thu Jul 30 13:00:00 UTC 2026,361.96703,-818167.4990000001,null,null,null,null,null,null,null,null,null,null
Thu Jul 30 14:00:00 UTC 2026,361.96703,-799994.4990000001,null,null,null,null,null,null,null,null,null,null
Thu Jul 30 15:00:00 UTC 2026,361.96703,-692577.4990000001,null,null,null,null,null,null,null,null,null,null
Thu Jul 30 16:00:00 UTC 2026,361.96703,-708715.4990000001,null,null,null,null,null,null,null,null,null,null
Thu Jul 30 17:00:00 UTC 2026,361.96703,-667618.499,null,null,null,null,null,null,null,null,null,null
Thu Jul 30 18:00:00 UTC 2026,361.96703,-667699.499,null,null,null,null,null,null,null,null,null,null
Thu Jul 30 19:00:00 UTC 2026,361.96703,-701433.4990000001,null,null,null,null,null,null,null,null,null,null
Thu Jul 30 20:00:00 UTC 2026,361.96703,-808858.4990000001,null,null,null,null,null,null,null,null,null,null
Thu Jul 30 21:00:00 UTC 2026,361.96703,-808394.4990000001,null,null,null,null,null,null,null,null,null,null
Thu Jul 30 22:00:00 UTC 2026,361.96703,-812814.4990000001,null,null,null,null,null,null,null,null,null,null
Thu Jul 30 23:00:00 UTC 2026,361.96703,-791992.4990000001,null,null,null,null,null,null,null,null,null,null
Fri Jul 31 00:00:00 UTC 2026,361.96703,-830862.4990000001,null,null,null,null,null,null,null,null,null,null
Fri Jul 31 01:00:00 UTC 2026,361.96703,-836290.4990000001,null,null,null,null,null,null,null,null,null,null
Fri Jul 31 02:00:00 UTC 2026,361.96703,-864798.4990000001,null,null,null,null,null,null,null,null,null,null
Fri Jul 31 03:00:00 UTC 2026,361.96703,-870777.4990000001,null,null,null,null,null,null,null,null,null,null
Fri Jul 31 04:00:00 UTC 2026,361.96703,-892595.4990000001,null,null,null,null,null,null,null,null,null,null
Fri Jul 31 05:00:00 UTC 2026,361.96703,-856097.4990000001,null,null,null,null,null,null,null,null,null,null
Fri Jul 31 06:00:00 UTC 2026,361.96703,-822225.4990000001,null,null,null,null,null,null,null,null,null,null
Fri Jul 31 07:00:00 UTC 2026,361.96703,-650372.499,null,null,null,null,null,null,null,null,null,null
Fri Jul 31 08:00:00 UTC 2026,361.96703,-555521.499,null,null,null,null,null,null,null,null,null,null
Fri Jul 31 09:00:00 UTC 2026,361.96703,-524657.499,null,null,null,null,null,null,null,null,null,null
Fri Jul 31 10:00:00 UTC 2026,361.96703,-590426.499,null,null,null,null,null,null,null,null,null,null
Fri Jul 31 11:00:00 UTC 2026,361.96703,-687628.4990000001,null,null,null,null,null,null,null,null,null,null
Fri Jul 31 12:00:00 UTC 2026,361.96703,-723111.4990000001,null,null,null,null,null,null,null,null,null,null
Fri Jul 31 13:00:00 UTC 2026,361.96703,-766811.4990000001,null,null,null,null,null,null,null,null,null,null
Fri Jul 31 14:00:00 UTC 2026,361.96703,-797187.4990000001,null,null,null,null,null,null,null,null,null,null
Fri Jul 31 15:00:00 UTC 2026,361.96703,-855239.4990000001,null,null,null,null,null,null,null,null,null,null
Fri Jul 31 16:00:00 UTC 2026,361.96703,-837054.4990000001,null,null,null,null,null,null,null,null,null,null
Fri Jul 31 17:00:00 UTC 2026,361.96703,-771096.4990000001,null,null,null,null,null,null,null,null,null,null
Fri Jul 31 18:00:00 UTC 2026,361.96703,-818842.4990000001,null,null,null,null,null,null,null,null,null,null
Fri Jul 31 19:00:00 UTC 2026,361.96703,-817772.4990000001,null,null,null,null,null,null,null,null,null,null
Fri Jul 31 20:00:00 UTC 2026,361.96703,-916524.4990000001,null,null,null,null,null,null,null,null,null,null
Fri Jul 31 21:00:00 UTC 2026,361.96703,-907086.4990000001,null,null,null,null,null,null,null,null,null,null
Fri Jul 31 22:00:00 UTC 2026,361.96703,-907086.4990000001,null,null,null,null,null,null,null,null,null,null
Fri Jul 31 23:00:00 UTC 2026,361.96703,-907086.4990000001,null,null,null,null,null,null,null,null,null,null
Sat Aug 01 00:00:00 UTC 2026,361.96703,-907086.4990000001,null,null,null,null,null,null,null,null,null,null
Sat Aug 01 01:00:00 UTC 2026,361.96703,-907086.4990000001,null,null,null,null,null,null,null,null,null,null
Sat Aug 01 02:00:00 UTC 2026,361.96703,-907086.4990000001,null,null,null,null,null,null,null,null,null,null
Sat Aug 01 03:00:00 UTC 2026,361.96703,-907086.4990000001,null,null,null,null,null,null,null,null,null,null
Sat Aug 01 04:00:00 UTC 2026,361.96703,-907086.4990000001,null,null,null,null,null,null,null,null,null,null
Sat Aug 01 05:00:00 UTC 2026,361.96703,-907086.4990000001,null,null,null,null,null,null,null,null,null,null
Sat Aug 01 06:00:00 UTC 2026,361.96703,-907086.4990000001,null,null,null,null,null,null,null,null,null,null
Sat Aug 01 07:00:00 UTC 2026,361.96703,-907086.4990000001,null,null,null,null,null,null,null,null,null,null
Sat Aug 01 08:00:00 UTC 2026,361.96703,-907086.4990000001,null,null,null,null,null,null,null,null,null,null
Sat Aug 01 09:00:00 UTC 2026,361.96703,-907086.4990000001,null,null,null,null,null,null,null,null,null,null
Sat Aug 01 10:00:00 UTC 2026,361.96703,-907086.4990000001,null,null,null,null,null,null,null,null,null,null
Sat Aug 01 11:00:00 UTC 2026,361.96703,-907086.4990000001,null,null,null,null,null,null,null,null,null,null
Sat Aug 01 12:00:00 UTC 2026,361.96703,-907086.4990000001,null,null,null,null,null,null,null,null,null,null
Sat Aug 01 13:00:00 UTC 2026,361.96703,-907086.4990000001,null,null,null,null,null,null,null,null,null,null
Sat Aug 01 14:00:00 UTC 2026,361.96703,-907086.4990000001,null,null,null,null,null,null,null,null,null,null
Sat Aug 01 15:00:00 UTC 2026,361.96703,-907086.4990000001,null,null,null,null,null,null,null,null,null,null
Sat Aug 01 16:00:00 UTC 2026,361.96703,-907086.4990000001,null,null,null,null,null,null,null,null,null,null
Sat Aug 01 17:00:00 UTC 2026,361.96703,-907086.4990000001,null,null,null,null,null,null,null,null,null,null
Sat Aug 01 18:00:00 UTC 2026,361.96703,-907086.4990000001,null,null,null,null,null,null,null,null,null,null
Sat Aug 01 19:00:00 UTC 2026,361.96703,-907086.4990000001,null,null,null,null,null,null,null,null,null,null
Sat Aug 01 20:00:00 UTC 2026,361.96703,-907086.4990000001,null,null,null,null,null,null,null,null,null,null
Sat Aug 01 21:00:00 UTC 2026,361.96703,-907086.4990000001,null,null,null,null,null,null,null,null,null,null
Sat Aug 01 22:00:00 UTC 2026,361.96703,-907086.4990000001,null,null,null,null,null,null,null,null,null,null
Sat Aug 01 23:00:00 UTC 2026,361.96703,-907086.4990000001,null,null,null,null,null,null,null,null,null,null
Sun Aug 02 00:00:00 UTC 2026,361.96703,-907086.4990000001,null,null,null,null,null,null,null,null,null,null
Sun Aug 02 01:00:00 UTC 2026,361.96703,-907086.4990000001,null,null,null,null,null,null,null,null,null,null
Sun Aug 02 02:00:00 UTC 2026,361.96703,-907086.4990000001,null,null,null,null,null,null,null,null,null,null
Sun Aug 02 03:00:00 UTC 2026,361.96703,-907086.4990000001,null,null,null,null,null,null,null,null,null,null
Sun Aug 02 04:00:00 UTC 2026,361.96703,-907086.4990000001,null,null,null,null,null,null,null,null,null,null
Sun Aug 02 05:00:00 UTC 2026,361.96703,-907086.4990000001,null,null,null,null,null,null,null,null,null,null
Sun Aug 02 06:00:00 UTC 2026,361.96703,-907086.4990000001,null,null,null,null,null,null,null,null,null,null
Sun Aug 02 07:00:00 UTC 2026,361.96703,-907086.4990000001,null,null,null,null,null,null,null,null,null,null
Sun Aug 02 08:00:00 UTC 2026,361.96703,-907086.4990000001,null,null,null,null,null,null,null,null,null,null
Sun Aug 02 09:00:00 UTC 2026,361.96703,-907086.4990000001,null,null,null,null,null,null,null,null,null,null
Sun Aug 02 10:00:00 UTC 2026,361.96703,-907086.4990000001,null,null,null,null,null,null,null,null,null,null
Sun Aug 02 11:00:00 UTC 2026,361.96703,-907086.4990000001,null,null,null,null,null,null,null,null,null,null
Sun Aug 02 12:00:00 UTC 2026,361.96703,-907086.4990000001,null,null,null,null,null,null,null,null,null,null
Sun Aug 02 13:00:00 UTC 2026,361.96703,-907086.4990000001,null,null,null,null,null,null,null,null,null,null
Sun Aug 02 14:00:00 UTC 2026,361.96703,-907086.4990000001,null,null,null,null,null,null,null,null,null,null
Sun Aug 02 15:00:00 UTC 2026,361.96703,-907086.4990000001,null,null,null,null,null,null,null,null,null,null
Sun Aug 02 16:00:00 UTC 2026,361.96703,-907086.4990000001,null,null,null,null,null,null,null,null,null,null
Sun Aug 02 17:00:00 UTC 2026,361.96703,-907086.4990000001,null,null,null,null,null,null,null,null,null,null
Sun Aug 02 18:00:00 UTC 2026,361.96703,-907086.4990000001,null,null,null,null,null,null,null,null,null,null
Sun Aug 02 19:00:00 UTC 2026,361.96703,-907086.4990000001,null,null,null,null,null,null,null,null,null,null
Sun Aug 02 20:00:00 UTC 2026,361.96703,-907086.4990000001,null,null,null,null,null,null,null,null,null,null
Sun Aug 02 21:00:00 UTC 2026,361.96703,-1061703.499,null,null,null,null,null,null,null,null,null,null
Sun Aug 02 22:00:00 UTC 2026,361.96703,-946585.4990000001,null,null,null,null,null,null,null,null,null,null
Sun Aug 02 23:00:00 UTC 2026,361.96703,-929561.4990000001,null,null,null,null,null,null,null,null,null,null
Mon Aug 03 00:00:00 UTC 2026,361.96703,-946798.4990000001,null,null,null,null,null,null,null,null,null,null
Mon Aug 03 01:00:00 UTC 2026,361.96703,-947971.4990000001,null,null,null,null,null,null,null,null,null,null
Mon Aug 03 02:00:00 UTC 2026,361.96703,-963178.4990000001,null,null,null,null,null,null,null,null,null,null
Mon Aug 03 03:00:00 UTC 2026,361.96703,-975310.4990000001,null,null,null,null,null,null,null,null,null,null
Mon Aug 03 04:00:00 UTC 2026,361.96703,-963089.4990000001,null,null,null,null,null,null,null,null,null,null
Mon Aug 03 05:00:00 UTC 2026,361.96703,-859214.4990000001,null,null,null,null,null,null,null,null,null,null
Mon Aug 03 06:00:00 UTC 2026,361.96703,-757453.4990000001,null,null,null,null,null,null,null,null,null,null
Mon Aug 03 07:00:00 UTC 2026,361.96703,-730262.4990000001,null,null,null,null,null,null,null,null,null,null
Mon Aug 03 08:00:00 UTC 2026,361.96703,-787538.4990000001,null,null,null,null,null,null,null,null,null,null
Mon Aug 03 09:00:00 UTC 2026,361.96703,-803089.4990000001,null,null,null,null,null,null,null,null,null,null
Mon Aug 03 10:00:00 UTC 2026,361.96703,-785239.4990000001,null,null,null,null,null,null,null,null,null,null
Mon Aug 03 11:00:00 UTC 2026,361.96703,-858911.4990000001,null,null,null,null,null,null,null,null,null,null
Mon Aug 03 12:00:00 UTC 2026,361.96703,-1003226.4990000001,null,null,null,null,null,null,null,null,null,null
Mon Aug 03 13:00:00 UTC 2026,361.96703,-987604.4990000001,null,null,null,null,null,null,null,null,null,null
Mon Aug 03 14:00:00 UTC 2026,361.96703,-908633.4990000001,null,null,null,null,null,null,null,null,null,null
Mon Aug 03 15:00:00 UTC 2026,361.96703,-890046.4990000001,null,null,null,null,null,null,null,null,null,null
Mon Aug 03 16:00:00 UTC 2026,361.96703,-884739.4990000001,null,null,null,null,null,null,null,null,null,null
Mon Aug 03 17:00:00 UTC 2026,361.96703,-876646.4990000001,null,null,-876446.4990000001,null,null,null,null,-875946.4990000001,null,null
Mon Aug 03 18:00:00 UTC 2026,361.96703,-1059262.499,null,null,-969641.9990000001,null,null,null,null,-969141.9990000001,null,null
Mon Aug 03 19:00:00 UTC 2026,361.96703,-1063037.499,null,null,-1062837.499,null,null,null,null,-1062337.499,null,null
Mon Aug 03 20:00:00 UTC 2026,361.96703,-885971.4990000001,null,null,null,null,null,null,null,null,null,null
Mon Aug 03 21:00:00 UTC 2026,361.96703,-844935.4990000001,null,null,null,null,null,null,null,null,null,null
Mon Aug 03 22:00:00 UTC 2026,361.96703,-834749.4990000001,null,null,null,null,null,null,null,null,null,null
Mon Aug 03 23:00:00 UTC 2026,361.96703,-824766.4990000001,null,null,null,null,null,null,null,null,null,null
Tue Aug 04 00:00:00 UTC 2026,361.96703,-855100.4990000001,null,null,null,null,null,null,null,null,null,null
Tue Aug 04 01:00:00 UTC 2026,361.96703,-864440.4990000001,null,null,null,null,null,null,null,null,null,null
Tue Aug 04 02:00:00 UTC 2026,361.96703,-861184.4990000001,null,null,null,null,null,null,null,null,null,null
Tue Aug 04 03:00:00 UTC 2026,361.96703,-873157.4990000001,null,null,null,null,null,null,null,null,null,null
Tue Aug 04 04:00:00 UTC 2026,361.96703,-865094.4990000001,null,null,null,null,null,null,null,null,null,null
Tue Aug 04 05:00:00 UTC 2026,361.96703,-921248.4990000001,null,null,null,null,null,null,null,null,null,null
Tue Aug 04 06:00:00 UTC 2026,361.96703,-910715.4990000001,null,null,null,null,null,null,null,null,null,null
Tue Aug 04 07:00:00 UTC 2026,361.96703,-814353.4990000001,null,null,null,null,null,null,null,null,null,null
Tue Aug 04 08:00:00 UTC 2026,361.96703,-789974.4990000001,null,null,null,null,null,null,null,null,null,null
Tue Aug 04 09:00:00 UTC 2026,361.96703,-804023.4990000001,null,null,null,null,null,null,null,null,null,null
Tue Aug 04 10:00:00 UTC 2026,361.96703,-861729.4990000001,null,null,null,null,null,null,null,null,null,null
Tue Aug 04 11:00:00 UTC 2026,361.96703,-851277.4990000001,null,null,null,null,null,null,null,null,null,null
Tue Aug 04 12:00:00 UTC 2026,361.96703,-869677.4990000001,null,null,null,null,null,null,null,null,null,null
Tue Aug 04 13:00:00 UTC 2026,361.96703,-905365.4990000001,null,null,null,null,null,null,null,null,null,null
Tue Aug 04 14:00:00 UTC 2026,361.96703,-908425.4990000001,null,null,null,null,null,null,null,-907725.4990000001,null,null
Tue Aug 04 15:00:00 UTC 2026,361.96703,-890124.4990000001,null,null,null,null,null,null,null,-886240.9990000001,null,null
Tue Aug 04 16:00:00 UTC 2026,361.96703,-874301.4990000001,null,null,null,null,null,null,null,-864756.4990000001,null,null
Tue Aug 04 17:00:00 UTC 2026,361.96703,-841906.4990000001,null,null,null,null,null,null,null,-843271.9990000001,null,null
Tue Aug 04 18:00:00 UTC 2026,361.96703,-822487.4990000001,null,null,null,null,null,null,null,-821787.4990000001,null,null
Tue Aug 04 19:00:00 UTC 2026,361.96703,-823101.4990000001,null,null,null,null,null,null,null,null,null,null
Tue Aug 04 20:00:00 UTC 2026,361.96703,-924417.4990000001,null,null,null,null,null,null,null,null,null,null
Tue Aug 04 21:00:00 UTC 2026,361.96703,-892859.4990000001,null,null,null,null,null,null,null,null,null,null
Tue Aug 04 22:00:00 UTC 2026,361.96703,-866486.4990000001,null,null,null,null,null,null,null,null,null,null
Tue Aug 04 23:00:00 UTC 2026,361.96703,-877827.4990000001,null,null,null,null,null,null,null,null,null,null
Wed Aug 05 00:00:00 UTC 2026,361.96703,-859276.4990000001,null,null,null,null,null,null,null,null,null,null
Wed Aug 05 01:00:00 UTC 2026,361.96703,-865712.4990000001,null,null,null,null,null,null,null,null,null,null
Wed Aug 05 02:00:00 UTC 2026,361.96703,-867728.4990000001,null,null,null,null,null,null,null,null,null,null
Wed Aug 05 03:00:00 UTC 2026,361.96703,-852101.4990000001,null,null,null,null,null,null,null,null,null,null
Wed Aug 05 04:00:00 UTC 2026,361.96703,-854670.4990000001,null,null,null,null,null,null,null,null,null,null
Wed Aug 05 05:00:00 UTC 2026,361.96703,-950723.4990000001,null,null,null,null,null,null,null,null,null,null
Wed Aug 05 06:00:00 UTC 2026,361.96703,-930002.4990000001,null,null,null,null,null,null,null,null,null,null
Wed Aug 05 07:00:00 UTC 2026,361.96703,-884349.4990000001,null,null,null,null,null,null,null,null,null,null
Wed Aug 05 08:00:00 UTC 2026,361.96703,-889021.4990000001,null,null,null,null,null,null,null,null,null,null
Wed Aug 05 09:00:00 UTC 2026,361.96703,-974731.4990000001,null,null,null,null,null,null,null,null,null,null
Wed Aug 05 10:00:00 UTC 2026,361.96703,-953173.4990000001,null,null,null,null,null,null,null,null,null,null
Wed Aug 05 11:00:00 UTC 2026,361.96703,-895703.4990000001,null,null,null,null,null,null,null,null,null,null
Wed Aug 05 12:00:00 UTC 2026,361.96703,-938940.4990000001,null,null,null,null,null,null,null,null,null,null
Wed Aug 05 13:00:00 UTC 2026,361.96703,-987770.4990000001,null,null,null,null,null,null,null,null,null,null
Wed Aug 05 14:00:00 UTC 2026,361.96703,-914641.4990000001,null,null,null,null,null,null,null,null,null,null
Wed Aug 05 15:00:00 UTC 2026,361.96703,-707580.4990000001,null,null,null,null,null,null,null,null,null,null
Wed Aug 05 16:00:00 UTC 2026,361.96703,-738947.4990000001,null,null,null,null,null,null,null,null,null,null
Wed Aug 05 17:00:00 UTC 2026,361.96703,-748148.4990000001,null,null,null,null,null,null,null,null,null,null
Wed Aug 05 18:00:00 UTC 2026,361.96703,-739571.4990000001,null,null,null,null,null,null,null,null,null,null
Wed Aug 05 19:00:00 UTC 2026,361.96703,-741343.4990000001,null,null,null,null,null,null,null,null,null,null
Wed Aug 05 20:00:00 UTC 2026,361.96703,-781606.4990000001,null,null,null,null,null,null,null,null,null,null
Wed Aug 05 21:00:00 UTC 2026,361.96703,-776286.4990000001,null,null,null,null,null,null,null,null,null,null
Wed Aug 05 22:00:00 UTC 2026,361.96703,-785299.4990000001,null,null,null,null,null,null,null,null,null,null
Wed Aug 05 23:00:00 UTC 2026,361.96703,-773360.4990000001,null,null,null,null,null,null,null,null,null,null
Thu Aug 06 00:00:00 UTC 2026,361.96703,-1514935.4989999998,null,null,null,null,null,null,null,null,null,null
Thu Aug 06 01:00:00 UTC 2026,361.96703,-1540575.4989999998,null,null,null,null,null,null,null,null,null,null
Thu Aug 06 02:00:00 UTC 2026,361.96703,-1553621.4989999998,null,null,null,null,null,null,null,null,null,null
Thu Aug 06 03:00:00 UTC 2026,361.96703,-1527227.4989999998,null,null,null,null,null,null,null,null,null,null
Thu Aug 06 04:00:00 UTC 2026,361.96703,-1537735.4989999998,null,null,null,null,null,null,null,null,null,null
Thu Aug 06 05:00:00 UTC 2026,361.96703,-1524734.4989999998,null,null,null,null,null,null,null,null,null,null
Thu Aug 06 06:00:00 UTC 2026,361.96703,-1556641.4989999998,null,null,null,null,null,null,null,null,null,null
Thu Aug 06 07:00:00 UTC 2026,361.96703,-1578277.4989999998,null,null,null,null,null,null,null,null,null,null
Thu Aug 06 08:00:00 UTC 2026,361.96703,-1529180.4989999998,null,null,null,null,null,null,null,null,null,null
Thu Aug 06 09:00:00 UTC 2026,361.96703,-1491262.4989999998,null,null,null,null,null,null,null,null,null,null
Thu Aug 06 10:00:00 UTC 2026,361.96703,-1508659.4989999998,null,null,null,null,null,null,null,null,null,null
Thu Aug 06 11:00:00 UTC 2026,361.96703,-1500327.4989999998,null,null,null,null,null,null,null,null,null,null
Thu Aug 06 12:00:00 UTC 2026,361.96703,-1476180.4989999998,null,null,null,null,null,null,null,null,null,null
Thu Aug 06 13:00:00 UTC 2026,361.96703,-1498246.4989999998,null,null,null,null,null,null,null,null,null,null
Thu Aug 06 14:00:00 UTC 2026,361.96703,-1579643.4989999998,null,null,null,null,null,null,null,null,null,null
Thu Aug 06 15:00:00 UTC 2026,361.96703,-1570145.4989999998,null,null,null,null,null,null,null,null,null,null
Thu Aug 06 16:00:00 UTC 2026,361.96703,-1622953.499,null,null,null,null,null,null,null,null,null,null
Thu Aug 06 17:00:00 UTC 2026,361.96703,-1573530.4989999998,null,null,null,null,null,null,null,null,null,null
Thu Aug 06 18:00:00 UTC 2026,361.96703,-1573606.4989999998,null,null,null,null,null,null,null,null,null,null
Thu Aug 06 19:00:00 UTC 2026,361.96703,-1588045.4989999998,null,null,null,null,null,null,null,null,null,null
Thu Aug 06 20:00:00 UTC 2026,361.96703,-1909727.499,null,null,null,null,null,null,null,null,null,null
Thu Aug 06 21:00:00 UTC 2026,361.96703,-1939299.499,null,null,null,null,null,null,null,null,null,null
Thu Aug 06 22:00:00 UTC 2026,361.96703,-1927082.499,null,null,null,null,null,null,null,null,null,null
Thu Aug 06 23:00:00 UTC 2026,361.96703,-1926668.499,null,null,null,null,null,null,null,null,null,null
Fri Aug 07 00:00:00 UTC 2026,361.96703,-1918185.499,null,null,null,null,null,null,null,null,null,null
Fri Aug 07 01:00:00 UTC 2026,361.96703,-1914350.499,null,null,null,null,null,null,null,null,null,null
Fri Aug 07 02:00:00 UTC 2026,361.96703,-1911617.499,null,null,null,null,null,null,null,null,null,null
Fri Aug 07 03:00:00 UTC 2026,361.96703,-1928461.499,null,null,null,null,null,null,null,null,null,null
Fri Aug 07 04:00:00 UTC 2026,361.96703,-1924790.499,null,null,null,null,null,null,null,null,null,null
Fri Aug 07 05:00:00 UTC 2026,361.96703,-1865023.499,null,null,null,null,null,null,null,null,null,null
Fri Aug 07 06:00:00 UTC 2026,361.96703,-1863945.499,null,null,null,null,null,null,null,null,null,null
Fri Aug 07 07:00:00 UTC 2026,361.96703,-1873916.499,null,null,null,null,null,null,null,null,null,null
Fri Aug 07 08:00:00 UTC 2026,361.96703,-1930687.499,null,null,null,null,null,null,null,null,null,null
Fri Aug 07 09:00:00 UTC 2026,361.96703,-1913943.499,null,null,null,null,null,null,null,null,null,null
Fri Aug 07 10:00:00 UTC 2026,361.96703,-1848862.499,null,null,null,null,null,null,null,null,null,null
Fri Aug 07 11:00:00 UTC 2026,361.96703,-1828280.499,null,null,null,null,null,null,null,null,null,null
Fri Aug 07 12:00:00 UTC 2026,361.96703,-1882664.499,null,null,null,null,null,null,null,null,null,null
Fri Aug 07 13:00:00 UTC 2026,361.96703,-1868801.499,null,null,null,null,null,null,null,null,null,null
Fri Aug 07 14:00:00 UTC 2026,361.96703,-1868273.499,null,null,null,null,null,null,null,null,null,null
Fri Aug 07 15:00:00 UTC 2026,361.96703,-1864388.499,null,null,null,null,null,null,null,null,null,null
Fri Aug 07 16:00:00 UTC 2026,361.96703,-1891455.499,null,null,null,null,null,null,null,null,null,null
Fri Aug 07 17:00:00 UTC 2026,361.96703,-1876545.499,null,null,null,null,null,null,null,null,null,null
Fri Aug 07 18:00:00 UTC 2026,361.96703,-1853763.499,null,null,null,null,null,null,null,null,null,null
Fri Aug 07 19:00:00 UTC 2026,361.96703,-1823198.499,null,null,null,null,null,null,null,null,null,null
Fri Aug 07 20:00:00 UTC 2026,361.96703,-1936024.499,null,null,null,null,null,null,null,null,null,null
Fri Aug 07 21:00:00 UTC 2026,361.96703,-1936024.499,null,null,null,null,null,null,null,null,null,null
Fri Aug 07 22:00:00 UTC 2026,361.96703,-1936024.499,null,null,null,null,null,null,null,null,null,null
Fri Aug 07 23:00:00 UTC 2026,361.96703,-1936024.499,null,null,null,null,null,null,null,null,null,null
Sat Aug 08 00:00:00 UTC 2026,361.96703,-1936024.499,null,null,null,null,null,null,null,null,null,null
Sat Aug 08 01:00:00 UTC 2026,361.96703,-1936024.499,null,null,null,null,null,null,null,null,null,null
Sat Aug 08 02:00:00 UTC 2026,361.96703,-1936024.499,null,null,null,null,null,null,null,null,null,null
Sat Aug 08 03:00:00 UTC 2026,361.96703,-1936024.499,null,null,null,null,null,null,null,null,null,null
Sat Aug 08 04:00:00 UTC 2026,361.96703,-1936024.499,null,null,null,null,null,null,null,null,null,null
Sat Aug 08 05:00:00 UTC 2026,361.96703,-1936024.499,null,null,null,null,null,null,null,null,null,null
Sat Aug 08 06:00:00 UTC 2026,361.96703,-1936024.499,null,null,null,null,null,null,null,null,null,null
Sat Aug 08 07:00:00 UTC 2026,361.96703,-1936024.499,null,null,null,null,null,null,null,null,null,null
Sat Aug 08 08:00:00 UTC 2026,361.96703,-1936024.499,null,null,null,null,null,null,null,null,null,null
Sat Aug 08 09:00:00 UTC 2026,361.96703,-1936024.499,null,null,null,null,null,null,null,null,null,null
Sat Aug 08 10:00:00 UTC 2026,361.96703,-1936024.499,null,null,null,null,null,null,null,null,null,null
Sat Aug 08 11:00:00 UTC 2026,361.96703,-1936024.499,null,null,null,null,null,null,null,null,null,null
Sat Aug 08 12:00:00 UTC 2026,361.96703,-1936024.499,null,null,null,null,null,null,null,null,null,null
Sat Aug 08 13:00:00 UTC 2026,361.96703,-1936024.499,null,null,null,null,null,null,null,null,null,null
Sat Aug 08 14:00:00 UTC 2026,361.96703,-1936024.499,null,null,null,null,null,null,null,null,null,null
Sat Aug 08 15:00:00 UTC 2026,361.96703,-1936024.499,null,null,null,null,null,null,null,null,null,null
Sat Aug 08 16:00:00 UTC 2026,361.96703,-1936024.499,null,null,null,null,null,null,null,null,null,null
Sat Aug 08 17:00:00 UTC 2026,361.96703,-1936024.499,null,null,null,null,null,null,null,null,null,null
Sat Aug 08 18:00:00 UTC 2026,361.96703,-1936024.499,null,null,null,null,null,null,null,null,null,null
Sat Aug 08 19:00:00 UTC 2026,361.96703,-1936024.499,null,null,null,null,null,null,null,null,null,null
Sat Aug 08 20:00:00 UTC 2026,361.96703,-1936024.499,null,null,null,null,null,null,null,null,null,null
Sat Aug 08 21:00:00 UTC 2026,361.96703,-1936024.499,null,null,null,null,null,null,null,null,null,null
Sat Aug 08 22:00:00 UTC 2026,361.96703,-1936024.499,null,null,null,null,null,null,null,null,null,null
Sat Aug 08 23:00:00 UTC 2026,361.96703,-1936024.499,null,null,null,null,null,null,null,null,null,null
Sun Aug 09 00:00:00 UTC 2026,361.96703,-1936024.499,null,null,null,null,null,null,null,null,null,null
Sun Aug 09 01:00:00 UTC 2026,361.96703,-1936024.499,null,null,null,null,null,null,null,null,null,null
Sun Aug 09 02:00:00 UTC 2026,361.96703,-1936024.499,null,null,null,null,null,null,null,null,null,null
Sun Aug 09 03:00:00 UTC 2026,361.96703,-1936024.499,null,null,null,null,null,null,null,null,null,null
Sun Aug 09 04:00:00 UTC 2026,361.96703,-1936024.499,null,null,null,null,null,null,null,null,null,null
Sun Aug 09 05:00:00 UTC 2026,361.96703,-1936024.499,null,null,null,null,null,null,null,null,null,null
Sun Aug 09 06:00:00 UTC 2026,361.96703,-1936024.499,null,null,null,null,null,null,null,null,null,null
Sun Aug 09 07:00:00 UTC 2026,361.96703,-1936024.499,null,null,null,null,null,null,null,null,null,null
Sun Aug 09 08:00:00 UTC 2026,361.96703,-1936024.499,null,null,null,null,null,null,null,null,null,null
Sun Aug 09 09:00:00 UTC 2026,361.96703,-1936024.499,null,null,null,null,null,null,null,null,null,null
Sun Aug 09 10:00:00 UTC 2026,361.96703,-1936024.499,null,null,null,null,null,null,null,null,null,null
Sun Aug 09 11:00:00 UTC 2026,361.96703,-1936024.499,null,null,null,null,null,null,null,null,null,null
Sun Aug 09 12:00:00 UTC 2026,361.96703,-1936024.499,null,null,null,null,null,null,null,null,null,null
Sun Aug 09 13:00:00 UTC 2026,361.96703,-1936024.499,null,null,null,null,null,null,null,null,null,null
Sun Aug 09 14:00:00 UTC 2026,361.96703,-1936024.499,null,null,null,null,null,null,null,null,null,null
Sun Aug 09 15:00:00 UTC 2026,361.96703,-1936024.499,null,null,null,null,null,null,null,null,null,null
Sun Aug 09 16:00:00 UTC 2026,361.96703,-1936024.499,null,null,null,null,null,null,null,null,null,null
Sun Aug 09 17:00:00 UTC 2026,361.96703,-1936024.499,null,null,null,null,null,null,null,null,null,null
Sun Aug 09 18:00:00 UTC 2026,361.96703,-1936024.499,null,null,null,null,null,null,null,null,null,null
Sun Aug 09 19:00:00 UTC 2026,361.96703,-1936024.499,null,null,null,null,null,null,null,null,null,null
Sun Aug 09 20:00:00 UTC 2026,361.96703,-1936024.499,null,null,null,null,null,null,null,null,null,null
Sun Aug 09 21:00:00 UTC 2026,361.96703,-1928345.499,null,null,null,null,null,null,null,null,null,null
Sun Aug 09 22:00:00 UTC 2026,361.96703,-1932639.499,null,null,null,null,null,null,null,null,null,null
Sun Aug 09 23:00:00 UTC 2026,361.96703,-1942969.499,null,null,null,null,null,null,null,null,null,null
Mon Aug 10 00:00:00 UTC 2026,361.96703,-1929735.499,null,null,null,null,null,null,null,null,null,null
Mon Aug 10 01:00:00 UTC 2026,361.96703,-1911300.499,null,null,null,null,null,null,null,null,null,null
Mon Aug 10 02:00:00 UTC 2026,361.96703,-1892054.499,null,null,null,null,null,null,null,null,null,null
Mon Aug 10 03:00:00 UTC 2026,361.96703,-1921866.499,null,null,null,null,null,null,null,null,null,null
Mon Aug 10 04:00:00 UTC 2026,361.96703,-1918980.499,null,null,null,null,null,null,null,null,null,null
Mon Aug 10 05:00:00 UTC 2026,361.96703,-1964305.499,null,null,null,null,null,null,null,null,null,null
Mon Aug 10 06:00:00 UTC 2026,361.96703,-1919910.499,null,null,null,null,null,null,null,null,null,null
Mon Aug 10 07:00:00 UTC 2026,361.96703,-2001213.499,null,null,null,null,null,null,null,null,null,null
Mon Aug 10 08:00:00 UTC 2026,361.96703,-1995689.499,null,null,null,null,null,null,null,null,null,null
Mon Aug 10 09:00:00 UTC 2026,361.96703,-2015202.499,null,null,null,null,null,null,null,null,null,null
Mon Aug 10 10:00:00 UTC 2026,361.96703,-1987518.499,null,null,null,null,null,null,null,null,null,null
Mon Aug 10 11:00:00 UTC 2026,361.96703,-1982944.499,null,null,null,null,null,null,null,null,null,null
Mon Aug 10 12:00:00 UTC 2026,361.96703,-2009832.499,null,null,null,null,null,null,null,null,null,null
Mon Aug 10 13:00:00 UTC 2026,361.96703,-2085711.499,null,null,null,null,null,null,null,null,null,null
Mon Aug 10 14:00:00 UTC 2026,361.96703,-2041461.499,null,null,null,null,null,null,null,null,null,null
Mon Aug 10 15:00:00 UTC 2026,361.96703,-2061215.499,null,null,null,null,null,null,null,null,null,null
Mon Aug 10 16:00:00 UTC 2026,361.96703,-2096603.499,null,null,null,null,null,null,null,null,null,null
Mon Aug 10 17:00:00 UTC 2026,361.96703,-2083950.499,null,null,null,null,null,null,null,null,null,null
Mon Aug 10 18:00:00 UTC 2026,361.96703,-2048790.499,null,null,null,null,null,null,null,null,null,null
Mon Aug 10 19:00:00 UTC 2026,361.96703,-1991153.499,null,null,null,null,null,null,null,null,null,null
Mon Aug 10 20:00:00 UTC 2026,361.96703,-2009776.499,null,null,null,null,null,null,null,null,null,null
Mon Aug 10 21:00:00 UTC 2026,361.96703,-2012963.499,null,null,null,null,null,null,null,null,null,null
Mon Aug 10 22:00:00 UTC 2026,361.96703,-1980621.499,null,null,null,null,null,null,null,null,null,null
Mon Aug 10 23:00:00 UTC 2026,361.96703,-1994171.499,null,null,null,null,null,null,null,null,null,null
Tue Aug 11 00:00:00 UTC 2026,361.96703,-2001103.499,null,null,null,null,null,null,null,null,null,null
Tue Aug 11 01:00:00 UTC 2026,361.96703,-1996159.499,null,null,null,null,null,null,null,null,null,null
Tue Aug 11 02:00:00 UTC 2026,361.96703,-1991717.499,null,null,null,null,null,null,null,null,null,null
Tue Aug 11 03:00:00 UTC 2026,361.96703,-2004872.499,null,null,null,null,null,null,null,null,null,null
Tue Aug 11 04:00:00 UTC 2026,361.96703,-2003614.499,null,null,null,null,null,null,null,null,null,null
Tue Aug 11 05:00:00 UTC 2026,361.96703,-2004163.499,null,null,null,null,null,null,null,null,null,null
Tue Aug 11 06:00:00 UTC 2026,361.96703,-1985357.499,null,null,null,null,null,null,null,null,null,null
Tue Aug 11 07:00:00 UTC 2026,361.96703,-1249356.4989999998,null,null,null,null,null,null,null,null,null,null
Tue Aug 11 08:00:00 UTC 2026,361.96703,-1270559.4989999998,null,null,null,null,null,null,null,null,null,null
Tue Aug 11 09:00:00 UTC 2026,361.96703,-1263838.4989999998,null,null,null,null,null,null,null,null,null,null
Tue Aug 11 10:00:00 UTC 2026,361.96703,-1267989.4989999998,null,null,null,null,null,null,null,null,null,null
Tue Aug 11 11:00:00 UTC 2026,361.96703,-1259623.4989999998,null,null,null,null,null,null,null,null,null,null
Tue Aug 11 12:00:00 UTC 2026,361.96703,-1051167.499,null,null,null,null,null,null,null,null,null,null
Tue Aug 11 13:00:00 UTC 2026,361.96703,-1037262.4990000001,null,null,null,null,null,null,null,null,null,null
Tue Aug 11 14:00:00 UTC 2026,361.96703,-1032554.4990000001,null,null,null,null,null,null,null,null,null,null
Tue Aug 11 15:00:00 UTC 2026,361.96703,-1023656.4990000001,null,null,null,null,null,null,null,null,null,null
Tue Aug 11 16:00:00 UTC 2026,361.96703,-1019151.4990000001,null,null,null,null,null,null,null,null,null,null
Tue Aug 11 17:00:00 UTC 2026,361.96703,-1000823.4990000001,null,null,null,null,null,null,null,null,null,null
Tue Aug 11 18:00:00 UTC 2026,361.96703,-998946.4990000001,null,null,null,null,null,null,null,null,null,null
Tue Aug 11 19:00:00 UTC 2026,361.96703,-1005140.4990000001,null,null,null,null,null,null,null,null,null,null
Tue Aug 11 20:00:00 UTC 2026,361.96703,-1002564.4990000001,null,null,null,null,null,null,null,null,null,null
Tue Aug 11 21:00:00 UTC 2026,361.96703,-990571.4990000001,null,null,null,null,null,null,null,null,null,null
Tue Aug 11 22:00:00 UTC 2026,361.96703,-993460.4990000001,null,null,null,null,null,null,null,null,null,null
Tue Aug 11 23:00:00 UTC 2026,361.96703,-1005886.4990000001,null,null,null,null,null,null,null,null,null,null
Wed Aug 12 00:00:00 UTC 2026,361.96703,-1005540.4990000001,null,null,null,null,null,null,null,null,null,null
Wed Aug 12 01:00:00 UTC 2026,361.96703,-1010352.4990000001,null,null,null,null,null,null,null,null,null,null
Wed Aug 12 02:00:00 UTC 2026,361.96703,-1002562.4990000001,null,null,null,null,null,null,null,null,null,null
Wed Aug 12 03:00:00 UTC 2026,361.96703,-1005847.4990000001,null,null,null,null,null,null,null,null,null,null
Wed Aug 12 04:00:00 UTC 2026,361.96703,-1007716.4990000001,null,null,null,null,null,null,null,null,null,null
Wed Aug 12 05:00:00 UTC 2026,361.96703,-941343.4990000001,null,null,null,null,null,null,null,null,null,null
Wed Aug 12 06:00:00 UTC 2026,361.96703,-897252.4990000001,null,null,null,null,null,null,null,null,null,null
Wed Aug 12 07:00:00 UTC 2026,361.96703,-883497.4990000001,null,null,null,null,null,null,null,null,null,null
Wed Aug 12 08:00:00 UTC 2026,361.96703,-870802.4990000001,null,null,null,null,null,null,null,null,null,null
Wed Aug 12 09:00:00 UTC 2026,361.96703,-878820.4990000001,null,null,null,null,null,null,null,null,null,null
Wed Aug 12 10:00:00 UTC 2026,361.96703,-884384.4990000001,null,null,null,null,null,null,null,null,null,null
Wed Aug 12 11:00:00 UTC 2026,361.96703,-842337.4990000001,null,null,null,null,null,null,null,null,null,null
Wed Aug 12 12:00:00 UTC 2026,361.96703,-847534.4990000001,null,null,null,null,null,null,null,null,null,null
Wed Aug 12 13:00:00 UTC 2026,361.96703,-862899.4990000001,null,null,null,null,null,null,null,null,null,null
Wed Aug 12 14:00:00 UTC 2026,361.96703,-866221.4990000001,null,null,null,null,null,null,null,null,null,null
Wed Aug 12 15:00:00 UTC 2026,361.96703,-851146.4990000001,null,null,null,null,null,null,null,null,null,null
Wed Aug 12 16:00:00 UTC 2026,361.96703,-852934.4990000001,null,null,null,null,null,null,null,null,null,null
Wed Aug 12 17:00:00 UTC 2026,361.96703,-861610.4990000001,null,null,null,null,null,null,null,null,null,null
Wed Aug 12 18:00:00 UTC 2026,361.96703,-857354.4990000001,null,null,null,null,null,null,null,null,null,null
Wed Aug 12 19:00:00 UTC 2026,361.96703,-872228.4990000001,null,null,null,null,null,null,null,null,null,null
Wed Aug 12 20:00:00 UTC 2026,361.96703,-890457.4990000001,null,null,null,null,null,null,null,null,null,null
Wed Aug 12 21:00:00 UTC 2026,361.96703,-868380.4990000001,null,null,null,null,null,null,null,null,null,null
Wed Aug 12 22:00:00 UTC 2026,361.96703,-864862.4990000001,null,null,null,null,null,null,null,null,null,null
Wed Aug 12 23:00:00 UTC 2026,361.96703,-869364.4990000001,null,null,null,null,null,null,null,null,null,null
Thu Aug 13 00:00:00 UTC 2026,361.96703,-883642.4990000001,null,null,null,null,null,null,null,null,null,null
Thu Aug 13 01:00:00 UTC 2026,361.96703,-885225.4990000001,null,null,null,null,null,null,null,null,null,null
Thu Aug 13 02:00:00 UTC 2026,361.96703,-881511.4990000001,null,null,null,null,null,null,null,null,null,null
Thu Aug 13 03:00:00 UTC 2026,361.96703,-874072.4990000001,null,null,null,null,null,null,null,null,null,null
Thu Aug 13 04:00:00 UTC 2026,361.96703,-878836.4990000001,null,null,null,null,null,null,null,null,null,null
Thu Aug 13 05:00:00 UTC 2026,361.96703,-868183.4990000001,null,null,null,null,null,null,null,null,null,null
Thu Aug 13 06:00:00 UTC 2026,361.96703,-835069.4990000001,null,null,null,null,null,null,null,null,null,null
Thu Aug 13 07:00:00 UTC 2026,361.96703,-827763.4990000001,null,null,null,null,null,null,null,null,null,null
Thu Aug 13 08:00:00 UTC 2026,361.96703,-849026.4990000001,null,null,null,null,null,null,null,null,null,null
Thu Aug 13 09:00:00 UTC 2026,361.96703,-850736.4990000001,null,null,null,null,null,null,null,null,null,null
Thu Aug 13 10:00:00 UTC 2026,361.96703,-844409.4990000001,null,null,null,null,null,null,null,null,null,null
Thu Aug 13 11:00:00 UTC 2026,361.96703,-817291.4990000001,null,null,null,null,null,null,null,null,null,null
Thu Aug 13 12:00:00 UTC 2026,361.96703,-822342.4990000001,null,null,null,null,null,null,null,null,null,null
Thu Aug 13 13:00:00 UTC 2026,361.96703,-529962.499,null,null,null,null,null,null,null,null,null,null
Thu Aug 13 14:00:00 UTC 2026,361.96703,-537389.499,null,null,null,null,null,null,null,null,null,null
Thu Aug 13 15:00:00 UTC 2026,361.96703,-546475.499,null,null,null,null,null,null,null,null,null,null
Thu Aug 13 16:00:00 UTC 2026,361.96703,-551763.499,null,null,null,null,null,null,null,null,null,null
Thu Aug 13 17:00:00 UTC 2026,361.96703,-556538.499,null,null,null,null,null,null,null,null,null,null
Thu Aug 13 18:00:00 UTC 2026,361.96703,-555778.499,null,null,null,null,null,null,null,null,null,null
Thu Aug 13 19:00:00 UTC 2026,361.96703,-557195.499,null,null,null,null,null,null,null,null,null,null
Thu Aug 13 20:00:00 UTC 2026,361.96703,-563573.499,null,null,null,null,null,null,null,null,null,null
Thu Aug 13 21:00:00 UTC 2026,361.96703,-544978.499,null,null,null,null,null,null,null,null,null,null
Thu Aug 13 22:00:00 UTC 2026,361.96703,-547674.499,null,null,null,null,null,null,null,null,null,null
Thu Aug 13 23:00:00 UTC 2026,361.96703,-551253.499,null,null,null,null,null,null,null,null,null,null
Fri Aug 14 00:00:00 UTC 2026,361.96703,-555600.499,null,null,null,null,null,null,null,null,null,null
Fri Aug 14 01:00:00 UTC 2026,361.96703,-556752.499,null,null,null,null,null,null,null,null,null,null
Fri Aug 14 02:00:00 UTC 2026,361.96703,-557038.499,null,null,null,null,null,null,null,null,null,null
Fri Aug 14 03:00:00 UTC 2026,361.96703,-558196.499,null,null,null,null,null,null,null,null,null,null
Fri Aug 14 04:00:00 UTC 2026,361.96703,-558538.499,null,null,null,null,null,null,null,null,null,null
Fri Aug 14 05:00:00 UTC 2026,361.96703,-552836.499,null,null,null,null,null,null,null,null,null,null
Fri Aug 14 06:00:00 UTC 2026,361.96703,-530780.499,null,null,null,null,null,null,null,null,null,null
Fri Aug 14 07:00:00 UTC 2026,361.96703,-542962.499,null,null,null,null,null,null,null,null,null,null
Fri Aug 14 08:00:00 UTC 2026,361.96703,-533809.499,null,null,null,null,null,null,null,null,null,null
Fri Aug 14 09:00:00 UTC 2026,361.96703,-546783.499,null,null,null,null,null,null,null,null,null,null
Fri Aug 14 10:00:00 UTC 2026,361.96703,-557984.499,null,null,null,null,null,null,null,null,null,null
Fri Aug 14 11:00:00 UTC 2026,361.96703,-547284.499,null,null,null,null,null,null,null,null,null,null
Fri Aug 14 12:00:00 UTC 2026,361.96703,-551807.499,null,null,null,null,null,null,null,null,null,null
Fri Aug 14 13:00:00 UTC 2026,361.96703,-557994.499,null,null,null,null,null,null,null,null,null,null
Fri Aug 14 14:00:00 UTC 2026,361.96703,-581766.499,null,null,null,null,null,null,null,null,null,null
Fri Aug 14 15:00:00 UTC 2026,361.96703,-568704.499,null,null,null,null,null,null,null,null,null,null
Fri Aug 14 16:00:00 UTC 2026,361.96703,-564269.499,null,null,null,null,null,null,null,null,null,null
Fri Aug 14 17:00:00 UTC 2026,361.96703,-557346.499,null,null,null,null,null,null,null,null,null,null
Fri Aug 14 18:00:00 UTC 2026,361.96703,-567105.499,null,null,null,null,null,null,null,null,null,null
Fri Aug 14 19:00:00 UTC 2026,361.96703,-570674.499,null,null,null,null,null,null,null,null,null,null
Fri Aug 14 20:00:00 UTC 2026,361.96703,-590469.499,null,null,null,null,null,null,null,null,null,null
Fri Aug 14 21:00:00 UTC 2026,361.96703,-590469.499,null,null,null,null,null,null,null,null,null,null
Fri Aug 14 22:00:00 UTC 2026,361.96703,-590469.499,null,null,null,null,null,null,null,null,null,null
Fri Aug 14 23:00:00 UTC 2026,361.96703,-590469.499,null,null,null,null,null,null,null,null,null,null
Sat Aug 15 00:00:00 UTC 2026,361.96703,-590469.499,null,null,null,null,null,null,null,null,null,null
Sat Aug 15 01:00:00 UTC 2026,361.96703,-590469.499,null,null,null,null,null,null,null,null,null,null
Sat Aug 15 02:00:00 UTC 2026,361.96703,-590469.499,null,null,null,null,null,null,null,null,null,null
Sat Aug 15 03:00:00 UTC 2026,361.96703,-590469.499,null,null,null,null,null,null,null,null,null,null
Sat Aug 15 04:00:00 UTC 2026,361.96703,-590469.499,null,null,null,null,null,null,null,null,null,null
Sat Aug 15 05:00:00 UTC 2026,361.96703,-590469.499,null,null,null,null,null,null,null,null,null,null
Sat Aug 15 06:00:00 UTC 2026,361.96703,-590469.499,null,null,null,null,null,null,null,null,null,null
Sat Aug 15 07:00:00 UTC 2026,361.96703,-590469.499,null,null,null,null,null,null,null,null,null,null
Sat Aug 15 08:00:00 UTC 2026,361.96703,-590469.499,null,null,null,null,null,null,null,null,null,null
Sat Aug 15 09:00:00 UTC 2026,361.96703,-590469.499,null,null,null,null,null,null,null,null,null,null
Sat Aug 15 10:00:00 UTC 2026,361.96703,-590469.499,null,null,null,null,null,null,null,null,null,null
Sat Aug 15 11:00:00 UTC 2026,361.96703,-590469.499,null,null,null,null,null,null,null,null,null,null
Sat Aug 15 12:00:00 UTC 2026,361.96703,-590469.499,null,null,null,null,null,null,null,null,null,null
Sat Aug 15 13:00:00 UTC 2026,361.96703,-590469.499,null,null,null,null,null,null,null,null,null,null
Sat Aug 15 14:00:00 UTC 2026,361.96703,-590469.499,null,null,null,null,null,null,null,null,null,null
Sat Aug 15 15:00:00 UTC 2026,361.96703,-590469.499,null,null,null,null,null,null,null,null,null,null
Sat Aug 15 16:00:00 UTC 2026,361.96703,-590469.499,null,null,null,null,null,null,null,null,null,null
Sat Aug 15 17:00:00 UTC 2026,361.96703,-590469.499,null,null,null,null,null,null,null,null,null,null
Sat Aug 15 18:00:00 UTC 2026,361.96703,-590469.499,null,null,null,null,null,null,null,null,null,null
Sat Aug 15 19:00:00 UTC 2026,361.96703,-590469.499,null,null,null,null,null,null,null,null,null,null
Sat Aug 15 20:00:00 UTC 2026,361.96703,-590469.499,null,null,null,null,null,null,null,null,null,null
Sat Aug 15 21:00:00 UTC 2026,361.96703,-590469.499,null,null,null,null,null,null,null,null,null,null
Sat Aug 15 22:00:00 UTC 2026,361.96703,-590469.499,null,null,null,null,null,null,null,null,null,null
Sat Aug 15 23:00:00 UTC 2026,361.96703,-590469.499,null,null,null,null,null,null,null,null,null,null
Sun Aug 16 00:00:00 UTC 2026,361.96703,-590469.499,null,null,null,null,null,null,null,null,null,null
Sun Aug 16 01:00:00 UTC 2026,361.96703,-590469.499,null,null,null,null,null,null,null,null,null,null
Sun Aug 16 02:00:00 UTC 2026,361.96703,-590469.499,null,null,null,null,null,null,null,null,null,null
Sun Aug 16 03:00:00 UTC 2026,361.96703,-590469.499,null,null,null,null,null,null,null,null,null,null
Sun Aug 16 04:00:00 UTC 2026,361.96703,-590469.499,null,null,null,null,null,null,null,null,null,null
Sun Aug 16 05:00:00 UTC 2026,361.96703,-590469.499,null,null,null,null,null,null,null,null,null,null
Sun Aug 16 06:00:00 UTC 2026,361.96703,-590469.499,null,null,null,null,null,null,null,null,null,null
Sun Aug 16 07:00:00 UTC 2026,361.96703,-590469.499,null,null,null,null,null,null,null,null,null,null
Sun Aug 16 08:00:00 UTC 2026,361.96703,-590469.499,null,null,null,null,null,null,null,null,null,null
Sun Aug 16 09:00:00 UTC 2026,361.96703,-590469.499,null,null,null,null,null,null,null,null,null,null
Sun Aug 16 10:00:00 UTC 2026,361.96703,-590469.499,null,null,null,null,null,null,null,null,null,null
Sun Aug 16 11:00:00 UTC 2026,361.96703,-590469.499,null,null,null,null,null,null,null,null,null,null
Sun Aug 16 12:00:00 UTC 2026,361.96703,-590469.499,null,null,null,null,null,null,null,null,null,null
Sun Aug 16 13:00:00 UTC 2026,361.96703,-590469.499,null,null,null,null,null,null,null,null,null,null
Sun Aug 16 14:00:00 UTC 2026,361.96703,-590469.499,null,null,null,null,null,null,null,null,null,null
Sun Aug 16 15:00:00 UTC 2026,361.96703,-590469.499,null,null,null,null,null,null,null,null,null,null
Sun Aug 16 16:00:00 UTC 2026,361.96703,-590469.499,null,null,null,null,null,null,null,null,null,null
Sun Aug 16 17:00:00 UTC 2026,361.96703,-590469.499,null,null,null,null,null,null,null,null,null,null
Sun Aug 16 18:00:00 UTC 2026,361.96703,-590469.499,null,null,null,null,null,null,null,null,null,null
Sun Aug 16 19:00:00 UTC 2026,361.96703,-590469.499,null,null,null,null,null,null,null,null,null,null
Sun Aug 16 20:00:00 UTC 2026,361.96703,-590469.499,null,null,null,null,null,null,null,null,null,null
Sun Aug 16 21:00:00 UTC 2026,361.96703,-570190.499,null,null,null,null,null,null,null,null,null,null
Sun Aug 16 22:00:00 UTC 2026,361.96703,-570636.499,null,null,null,null,null,null,null,null,null,null
Sun Aug 16 23:00:00 UTC 2026,361.96703,-571526.499,null,null,null,null,null,null,null,null,null,null
Mon Aug 17 00:00:00 UTC 2026,361.96703,-570978.499,null,null,null,null,null,null,null,null,null,null
Mon Aug 17 01:00:00 UTC 2026,361.96703,-573146.499,null,null,null,null,null,null,null,null,null,null
Mon Aug 17 02:00:00 UTC 2026,361.96703,-574798.499,null,null,null,null,null,null,null,null,null,null
Mon Aug 17 03:00:00 UTC 2026,361.96703,-570965.499,null,null,null,null,null,null,null,null,null,null
Mon Aug 17 04:00:00 UTC 2026,361.96703,-574310.499,null,null,null,null,null,null,null,null,null,null
Mon Aug 17 05:00:00 UTC 2026,361.96703,-566094.499,null,null,null,null,null,null,null,null,null,null
Mon Aug 17 06:00:00 UTC 2026,361.96703,-528996.499,null,null,null,null,null,null,null,null,null,null
Mon Aug 17 07:00:00 UTC 2026,361.96703,-551093.499,null,null,null,null,null,null,null,null,null,null
Mon Aug 17 08:00:00 UTC 2026,361.96703,-565880.499,null,null,null,null,null,null,null,null,null,null
Mon Aug 17 09:00:00 UTC 2026,361.96703,-564308.499,null,null,null,null,null,null,null,null,null,null
Mon Aug 17 10:00:00 UTC 2026,361.96703,-575573.499,null,null,null,null,null,null,null,null,null,null
Mon Aug 17 11:00:00 UTC 2026,361.96703,-595012.499,null,null,null,null,null,null,null,null,null,null
Mon Aug 17 12:00:00 UTC 2026,361.96703,-603617.499,null,null,null,null,null,null,null,null,null,null
Mon Aug 17 13:00:00 UTC 2026,361.96703,-608487.499,null,null,null,null,null,null,null,null,null,null
Mon Aug 17 14:00:00 UTC 2026,361.96703,-606891.499,null,null,null,null,null,null,null,null,null,null
Mon Aug 17 15:00:00 UTC 2026,361.96703,-635042.499,null,null,null,null,null,null,null,null,null,null
Mon Aug 17 16:00:00 UTC 2026,361.96703,-620891.499,null,null,null,null,null,null,null,null,null,null
Mon Aug 17 17:00:00 UTC 2026,361.96703,-611777.499,null,null,null,null,null,null,null,null,null,null
Mon Aug 17 18:00:00 UTC 2026,361.96703,-604830.499,null,null,null,null,null,null,null,null,null,null
Mon Aug 17 19:00:00 UTC 2026,361.96703,-603569.499,null,null,null,null,null,null,null,null,null,null
Mon Aug 17 20:00:00 UTC 2026,361.96703,-604188.499,null,null,null,null,null,null,null,null,null,null
Mon Aug 17 21:00:00 UTC 2026,361.96703,-605625.499,null,null,null,null,null,null,null,null,null,null
Mon Aug 17 22:00:00 UTC 2026,361.96703,-602308.499,null,null,null,null,null,null,null,null,null,null
Mon Aug 17 23:00:00 UTC 2026,361.96703,-600364.499,null,null,null,null,null,null,null,null,null,null
Tue Aug 18 00:00:00 UTC 2026,361.96703,-596845.499,null,null,null,null,null,null,null,null,null,null
Tue Aug 18 01:00:00 UTC 2026,361.96703,-596302.499,null,null,null,null,null,null,null,null,null,null
Tue Aug 18 02:00:00 UTC 2026,361.96703,-598879.499,null,null,null,null,null,null,null,null,null,null
Tue Aug 18 03:00:00 UTC 2026,361.96703,-600126.499,null,null,null,null,null,null,null,null,null,null
Tue Aug 18 04:00:00 UTC 2026,361.96703,-601558.499,null,null,null,null,null,null,null,null,null,null
Tue Aug 18 05:00:00 UTC 2026,361.96703,-591938.499,null,null,null,null,null,null,null,null,null,null
Tue Aug 18 06:00:00 UTC 2026,361.96703,-582932.499,null,null,null,null,null,null,null,null,null,null
Tue Aug 18 07:00:00 UTC 2026,361.96703,-654914.499,null,null,null,null,null,null,null,null,null,null
Tue Aug 18 08:00:00 UTC 2026,361.96703,-658351.499,null,null,null,null,null,null,null,null,null,null
Tue Aug 18 09:00:00 UTC 2026,361.96703,-654498.499,null,null,null,null,null,null,null,null,null,null
Tue Aug 18 10:00:00 UTC 2026,361.96703,-652161.499,null,null,null,null,null,null,null,null,null,null
Tue Aug 18 11:00:00 UTC 2026,361.96703,-651447.499,null,null,null,null,null,null,null,null,null,null
Tue Aug 18 12:00:00 UTC 2026,361.96703,-654736.499,null,null,null,null,null,null,null,null,null,null
Tue Aug 18 13:00:00 UTC 2026,361.96703,-655160.499,null,null,null,null,null,null,null,null,null,null
Tue Aug 18 14:00:00 UTC 2026,361.96703,-652336.499,null,null,null,null,null,null,null,null,null,null
Tue Aug 18 15:00:00 UTC 2026,361.96703,-648972.499,null,null,null,null,null,null,null,null,null,null
Tue Aug 18 16:00:00 UTC 2026,361.96703,-652561.499,null,null,null,null,null,null,null,null,null,null
Tue Aug 18 17:00:00 UTC 2026,361.96703,-655162.499,null,null,null,null,null,null,null,null,null,null
Tue Aug 18 18:00:00 UTC 2026,361.96703,-652101.499,null,null,null,null,null,null,null,null,null,null
Tue Aug 18 19:00:00 UTC 2026,361.96703,-655979.499,null,null,null,null,null,null,null,null,null,null
Tue Aug 18 20:00:00 UTC 2026,361.96703,-658518.499,null,null,null,null,null,null,null,null,null,null
Tue Aug 18 21:00:00 UTC 2026,361.96703,-658220.499,null,null,null,null,null,null,null,null,null,null
Tue Aug 18 22:00:00 UTC 2026,361.96703,-657604.499,null,null,null,null,null,null,null,null,null,null
Tue Aug 18 23:00:00 UTC 2026,361.96703,-657495.499,null,null,null,null,null,null,null,null,null,null
Wed Aug 19 00:00:00 UTC 2026,361.96703,-630955.499,null,null,null,null,null,null,null,null,null,null
Wed Aug 19 01:00:00 UTC 2026,361.96703,-631126.499,null,null,null,null,null,null,null,null,null,null
Wed Aug 19 02:00:00 UTC 2026,361.96703,-630929.499,null,null,null,null,null,null,null,null,null,null
Wed Aug 19 03:00:00 UTC 2026,361.96703,-583668.499,null,null,null,null,null,null,null,null,null,null
Wed Aug 19 04:00:00 UTC 2026,361.96703,-583640.499,null,null,null,null,null,null,null,null,null,null
Wed Aug 19 05:00:00 UTC 2026,361.96703,-585609.499,null,null,null,null,null,null,null,null,null,null
Wed Aug 19 06:00:00 UTC 2026,361.96703,-585492.499,null,null,null,null,null,null,null,null,null,null
Wed Aug 19 07:00:00 UTC 2026,361.96703,-588091.499,null,null,null,null,null,null,null,null,null,null
Wed Aug 19 08:00:00 UTC 2026,361.96703,-586204.499,null,null,null,null,null,null,null,null,null,null
Wed Aug 19 09:00:00 UTC 2026,361.96703,-585178.499,null,null,null,null,null,null,null,null,null,null
Wed Aug 19 10:00:00 UTC 2026,361.96703,-586305.499,null,null,null,null,null,null,null,null,null,null
Wed Aug 19 11:00:00 UTC 2026,361.96703,-586184.499,null,null,null,null,null,null,null,null,null,null
Wed Aug 19 12:00:00 UTC 2026,361.96703,-585949.499,null,null,null,null,null,null,null,null,null,null
Wed Aug 19 13:00:00 UTC 2026,361.96703,-589309.499,null,null,null,null,null,null,null,null,null,null
Wed Aug 19 14:00:00 UTC 2026,361.96703,-585203.499,null,null,null,null,null,null,null,null,null,null
Wed Aug 19 15:00:00 UTC 2026,361.96703,-586364.499,null,null,null,null,null,null,null,null,null,null
Wed Aug 19 16:00:00 UTC 2026,361.96703,-587030.499,null,null,null,null,null,null,null,null,null,null
Wed Aug 19 17:00:00 UTC 2026,361.96703,-587031.499,null,null,null,null,null,null,null,null,null,null
Wed Aug 19 18:00:00 UTC 2026,361.96703,-632758.499,null,null,null,null,null,null,null,null,null,null
Wed Aug 19 19:00:00 UTC 2026,361.96703,-632173.499,null,null,null,null,null,null,null,null,null,null
Wed Aug 19 20:00:00 UTC 2026,361.96703,-634815.499,null,null,null,null,null,null,null,null,null,null
Wed Aug 19 21:00:00 UTC 2026,361.96703,-635977.499,null,null,null,null,null,null,null,null,null,null
Wed Aug 19 22:00:00 UTC 2026,361.96703,-636037.499,null,null,null,null,null,null,null,null,null,null
Wed Aug 19 23:00:00 UTC 2026,361.96703,-636184.499,null,null,null,null,null,null,null,null,null,null
Thu Aug 20 00:00:00 UTC 2026,361.96703,-636248.499,null,null,null,null,null,null,null,null,null,null
Thu Aug 20 01:00:00 UTC 2026,361.96703,-636066.499,null,null,null,null,null,null,null,null,null,null
Thu Aug 20 02:00:00 UTC 2026,361.96703,-635569.499,null,null,null,null,null,null,null,null,null,null
Thu Aug 20 03:00:00 UTC 2026,361.96703,-635881.499,null,null,null,null,null,null,null,null,null,null
Thu Aug 20 04:00:00 UTC 2026,361.96703,-635558.499,null,null,null,null,null,null,null,null,null,null
Thu Aug 20 05:00:00 UTC 2026,361.96703,-635900.499,null,null,null,null,null,null,null,null,null,null
Thu Aug 20 06:00:00 UTC 2026,361.96703,-633534.499,null,null,null,null,null,null,null,null,null,null
Thu Aug 20 07:00:00 UTC 2026,361.96703,-633449.499,null,null,null,null,null,null,null,null,null,null
Thu Aug 20 08:00:00 UTC 2026,361.96703,-634379.499,null,null,null,null,null,null,null,null,null,null
Thu Aug 20 09:00:00 UTC 2026,361.96703,-634791.499,null,null,null,null,null,null,null,null,null,null
Thu Aug 20 10:00:00 UTC 2026,361.96703,-635046.499,null,null,null,null,null,null,null,null,null,null
Thu Aug 20 11:00:00 UTC 2026,361.96703,-634563.499,null,null,null,null,null,null,null,null,null,null
Thu Aug 20 12:00:00 UTC 2026,361.96703,-634749.499,null,null,null,null,null,null,null,null,null,null
Thu Aug 20 13:00:00 UTC 2026,361.96703,-633726.499,null,null,null,null,null,null,null,null,null,null
Thu Aug 20 14:00:00 UTC 2026,361.96703,-638977.499,null,null,null,null,null,null,null,null,null,null
Thu Aug 20 15:00:00 UTC 2026,361.96703,-639199.499,null,null,null,null,null,null,null,null,null,null
Thu Aug 20 16:00:00 UTC 2026,361.96703,-640669.499,null,null,null,null,null,null,null,null,null,null
Thu Aug 20 17:00:00 UTC 2026,361.96703,-641064.499,null,null,null,null,null,null,null,null,null,null
Thu Aug 20 18:00:00 UTC 2026,361.96703,-639654.499,null,null,null,null,null,null,null,null,null,null
Thu Aug 20 19:00:00 UTC 2026,361.96703,-639669.499,null,null,null,null,null,null,null,null,null,null
Thu Aug 20 20:00:00 UTC 2026,361.96703,-639145.499,null,null,null,null,null,null,null,null,null,null
Thu Aug 20 21:00:00 UTC 2026,361.96703,-638739.499,null,null,null,null,null,null,null,null,null,null
Thu Aug 20 22:00:00 UTC 2026,361.96703,-638714.499,null,null,null,null,null,null,null,null,null,null
Thu Aug 20 23:00:00 UTC 2026,361.96703,-638739.499,null,null,null,null,null,null,null,null,null,null
Fri Aug 21 00:00:00 UTC 2026,361.96703,-638755.499,null,null,null,null,null,null,null,null,null,null
Fri Aug 21 01:00:00 UTC 2026,361.96703,-638749.499,null,null,null,null,null,null,null,null,null,null
Fri Aug 21 02:00:00 UTC 2026,361.96703,-639164.499,null,null,null,null,null,null,null,null,null,null
Fri Aug 21 03:00:00 UTC 2026,361.96703,-638777.499,null,null,null,null,null,null,null,null,null,null
Fri Aug 21 04:00:00 UTC 2026,361.96703,-638990.499,null,null,null,null,null,null,null,null,null,null
Fri Aug 21 05:00:00 UTC 2026,361.96703,-639111.499,null,null,null,null,null,null,null,null,null,null
Fri Aug 21 06:00:00 UTC 2026,361.96703,-637430.499,null,null,null,null,null,null,null,null,null,null
Fri Aug 21 07:00:00 UTC 2026,361.96703,-637820.499,null,null,null,null,null,null,null,null,null,null
Fri Aug 21 08:00:00 UTC 2026,361.96703,-639858.499,null,null,null,null,null,null,null,null,null,null
Fri Aug 21 09:00:00 UTC 2026,361.96703,-639604.499,null,null,null,null,null,null,null,null,null,null
Fri Aug 21 10:00:00 UTC 2026,361.96703,-636677.499,null,null,null,null,null,null,null,null,null,null
Fri Aug 21 11:00:00 UTC 2026,361.96703,-637102.499,null,null,null,null,null,null,null,null,null,null
Fri Aug 21 12:00:00 UTC 2026,361.96703,-636890.499,null,null,null,null,null,null,null,null,null,null
Fri Aug 21 13:00:00 UTC 2026,361.96703,-639570.499,null,null,null,null,null,null,null,null,null,null
Fri Aug 21 14:00:00 UTC 2026,361.96703,-640103.499,null,null,null,null,null,null,null,null,null,null
Fri Aug 21 15:00:00 UTC 2026,361.96703,-640290.499,null,null,null,null,null,null,null,null,null,null
Fri Aug 21 16:00:00 UTC 2026,361.96703,-640119.499,null,null,null,null,null,null,null,null,null,null
Fri Aug 21 17:00:00 UTC 2026,361.96703,-641240.499,null,null,null,null,null,null,null,null,null,null
Fri Aug 21 18:00:00 UTC 2026,361.96703,-638029.499,null,null,null,null,null,null,null,null,null,null
Fri Aug 21 19:00:00 UTC 2026,361.96703,-638749.499,null,null,null,null,null,null,null,null,null,null
Fri Aug 21 20:00:00 UTC 2026,361.96703,-639172.499,null,null,null,null,null,null,null,null,null,null
Fri Aug 21 21:00:00 UTC 2026,361.96703,-639172.499,null,null,null,null,null,null,null,null,null,null
Fri Aug 21 22:00:00 UTC 2026,361.96703,-639172.499,null,null,null,null,null,null,null,null,null,null
Fri Aug 21 23:00:00 UTC 2026,361.96703,-639172.499,null,null,null,null,null,null,null,null,null,null
