date,P_Kweek_55_Kday_25_ETE_54_ORD_53_EXT_62_E2Ekor_58_EXTkor_53_DIFF_30624,a,b,c,d,e,f,g,h,i,j
Sat Sep 26 04:00:00 UTC 2026,-286065.17246296164,1.431049999780953,1.010423631397683E7,null,null,null,null,null,null,null
Sat Sep 26 05:00:00 UTC 2026,-849884.505570855,1.431049999780953,1.0318658084708536E7,null,null,null,null,null,null,null
Sat Sep 26 06:00:00 UTC 2026,2208797.5870362082,1.431049999780953,1.0533079855440244E7,null,null,null,null,null,null,null
Sat Sep 26 07:00:00 UTC 2026,3811828.157439708,1.431049999780953,1.074750162617195E7,null,null,null,null,null,null,null
Sat Sep 26 08:00:00 UTC 2026,4128126.26857235,1.431049999780953,1.096192339690366E7,null,null,null,null,null,null,null
Sat Sep 26 09:00:00 UTC 2026,3647065.939453208,1.431049999780953,1.1176345167635368E7,null,null,null,null,null,null,null
Sat Sep 26 10:00:00 UTC 2026,3659914.3692959165,1.431049999780953,1.1390766938367072E7,null,null,null,null,null,null,null
Sat Sep 26 11:00:00 UTC 2026,3672762.799139698,1.431049999780953,1.1605188709098782E7,null,null,null,null,null,null,null
Sat Sep 26 12:00:00 UTC 2026,3494018.4663239894,1.431049999780953,1.1819610479830489E7,null,null,null,null,null,null,null
Sat Sep 26 13:00:00 UTC 2026,3562039.565492532,1.431049999780953,1.2034032250562195E7,null,null,null,null,null,null,null
Sat Sep 26 14:00:00 UTC 2026,3444136.3269340834,1.431049999780953,1.2248454021293903E7,null,null,null,null,null,null,null
Sat Sep 26 15:00:00 UTC 2026,3468321.606638574,1.431049999780953,1.246287579202561E7,null,null,null,null,null,null,null
Sat Sep 26 16:00:00 UTC 2026,3661425.949277918,1.431049999780953,1.267729756275732E7,null,null,null,null,null,null,null
Sat Sep 26 17:00:00 UTC 2026,3418061.5722531686,1.431049999780953,1.2891719333489023E7,null,null,null,null,null,null,null
Sat Sep 26 18:00:00 UTC 2026,3662937.5292599173,1.431049999780953,1.310614110422073E7,null,null,null,null,null,null,null
Sat Sep 26 19:00:00 UTC 2026,3620991.184772293,1.431049999780953,1.3320562874952437E7,null,null,null,null,null,null,null
Sat Sep 26 20:00:00 UTC 2026,3617212.2348183645,1.431049999780953,1.3534984645684145E7,null,null,null,null,null,null,null
Sat Sep 26 21:00:00 UTC 2026,3628926.979675648,1.431049999780953,1.3749406416415852E7,null,null,null,null,null,null,null
Sat Sep 26 22:00:00 UTC 2026,3734737.578381312,1.431049999780953,1.396382818714756E7,null,null,null,null,null,null,null
Sat Sep 26 23:00:00 UTC 2026,4262278.991931933,1.431049999780953,1.4178249957879268E7,null,null,null,null,null,null,null
Sun Sep 27 00:00:00 UTC 2026,3722267.0435341047,1.431049999780953,1.4392671728610978E7,null,null,null,null,null,null,null
Sun Sep 27 01:00:00 UTC 2026,3701482.8187880414,1.431049999780953,1.460709349934268E7,null,null,null,null,null,null,null
Sun Sep 27 02:00:00 UTC 2026,3781596.5578082902,1.431049999780953,1.482151527007439E7,null,null,null,null,null,null,null
Sun Sep 27 03:00:00 UTC 2026,3766858.6529891556,1.431049999780953,1.5035937040806098E7,null,null,null,null,null,null,null
Sun Sep 27 04:00:00 UTC 2026,3601718.540008229,1.431049999780953,1.5250358811537806E7,null,null,null,null,null,null,null
Sun Sep 27 05:00:00 UTC 2026,4081267.2891453737,1.431049999780953,1.5464780582269512E7,null,null,null,null,null,null,null
Sun Sep 27 06:00:00 UTC 2026,4122079.948646498,1.431049999780953,1.5679202353001218E7,null,null,null,null,null,null,null
Sun Sep 27 07:00:00 UTC 2026,4119434.6836790713,1.431049999780953,1.5893624123732928E7,null,null,null,null,null,null,null
Sun Sep 27 08:00:00 UTC 2026,4376781.1755330255,1.431049999780953,1.6108045894464632E7,null,null,null,null,null,null,null
Sun Sep 27 09:00:00 UTC 2026,4608052.912704994,1.431049999780953,1.632246766519634E7,null,null,null,null,null,null,null
Sun Sep 27 10:00:00 UTC 2026,3733225.9984003855,1.431049999780953,1.6536889435928049E7,null,null,null,null,null,null,null
Sun Sep 27 11:00:00 UTC 2026,4894119.424208366,1.431049999780953,1.6751311206659757E7,null,null,null,null,null,null,null
Sun Sep 27 12:00:00 UTC 2026,5688454.7044972265,1.431049999780953,1.6965732977391463E7,null,null,null,null,null,null,null
Sun Sep 27 13:00:00 UTC 2026,3679942.804050979,1.431049999780953,1.718015474812317E7,null,null,null,null,null,null,null
Sun Sep 27 14:00:00 UTC 2026,3746452.3232385954,1.431049999780953,1.739457651885488E7,null,null,null,null,null,null,null
Sun Sep 27 15:00:00 UTC 2026,5680896.804589373,1.431049999780953,1.7608998289586585E7,null,null,null,null,null,null,null
Sun Sep 27 16:00:00 UTC 2026,6002485.4456579415,1.431049999780953,1.782342006031829E7,null,null,null,null,null,null,null
Sun Sep 27 17:00:00 UTC 2026,6488836.304711939,1.431049999780953,1.803784183105E7,null,null,null,null,null,null,null
Sun Sep 27 18:00:00 UTC 2026,6084110.764660194,1.431049999780953,1.825226360178171E7,null,null,null,null,null,null,null
Sun Sep 27 19:00:00 UTC 2026,6562525.828811909,1.431049999780953,1.8466685372513413E7,null,null,null,null,null,null,null
Sun Sep 27 20:00:00 UTC 2026,6900741.849677113,1.431049999780953,1.868110714324512E7,null,null,null,null,null,null,null
Sun Sep 27 21:00:00 UTC 2026,5561481.986048925,-63980.56895000022,1.8895528913976826E7,null,null,null,null,null,null,null
Sun Sep 27 22:00:00 UTC 2026,3314896.238513856,2568845.4310500007,1.9109950684708536E7,null,null,null,null,null,null,null
Sun Sep 27 23:00:00 UTC 2026,3619479.6047902917,2386323.4310500007,1.932437245544024E7,null,null,null,null,null,null,null
Mon Sep 28 00:00:00 UTC 2026,2348240.8403317174,600936.4310499998,1.9538794226171948E7,null,null,null,null,null,null,null
Mon Sep 28 01:00:00 UTC 2026,3726801.783479032,945257.4310499998,1.9753215996903658E7,null,null,null,null,null,null,null
Mon Sep 28 02:00:00 UTC 2026,3515936.376056553,-1508351.5689500002,1.9967637767635368E7,null,null,null,null,null,null,null
Mon Sep 28 03:00:00 UTC 2026,-2776771.0870137787,-2978523.56895,2.018205953836707E7,null,null,null,null,null,null,null
Mon Sep 28 04:00:00 UTC 2026,1170720.0347271012,-1732621.5689500002,2.039648130909878E7,null,null,null,null,null,null,null
Mon Sep 28 05:00:00 UTC 2026,3829589.2222217703,-2370707.56895,2.0610903079830486E7,null,null,null,null,null,null,null
Mon Sep 28 06:00:00 UTC 2026,1627595.0841417536,-1741408.5689500002,2.0825324850562196E7,null,null,null,null,null,null,null
Mon Sep 28 07:00:00 UTC 2026,-5408809.729836532,-1594856.5689500002,2.1039746621293902E7,null,null,null,null,null,null,null
Mon Sep 28 08:00:00 UTC 2026,1343040.1526203807,-2759536.56895,2.125416839202561E7,null,null,null,null,null,null,null
Mon Sep 28 09:00:00 UTC 2026,8530225.069755957,-2741337.56895,2.146859016275732E7,null,null,null,null,null,null,null
Mon Sep 28 10:00:00 UTC 2026,1059241.0110900076,-479113.5689500002,2.168301193348902E7,null,null,null,null,null,null,null
Mon Sep 28 11:00:00 UTC 2026,2.4259726357460935E7,1644106.4310499998,2.189743370422073E7,null,null,null,null,null,null,null
Mon Sep 28 12:00:00 UTC 2026,2.3966857736040704E7,4325469.431050001,2.211185547495244E7,null,null,null,null,null,null,null
Mon Sep 28 13:00:00 UTC 2026,2.2082673289075334E7,7868649.431050001,2.2326277245684147E7,null,null,null,null,null,null,null
Mon Sep 28 14:00:00 UTC 2026,2.682903443105E7,6006541.431050001,2.2540699016415853E7,null,null,null,null,null,null,null
Mon Sep 28 15:00:00 UTC 2026,2.570252944982179E7,8537447.43105,2.275512078714756E7,null,null,null,null,null,null,null
Mon Sep 28 16:00:00 UTC 2026,1.9719317987967245E7,8922307.43105,2.296954255787927E7,null,null,null,null,null,null,null
Mon Sep 28 17:00:00 UTC 2026,1.207072328147316E7,1.002112643105E7,2.3183964328610975E7,null,null,null,null,null,null,null
Mon Sep 28 18:00:00 UTC 2026,1.4886796787046477E7,9950688.43105,2.339838609934268E7,null,null,null,null,null,null,null
Mon Sep 28 19:00:00 UTC 2026,-2116966.425080002,8989903.43105,2.361280787007439E7,null,null,null,null,null,null,null
Mon Sep 28 20:00:00 UTC 2026,-2560993.044651947,9262499.43105,2.3827229640806098E7,null,null,null,null,null,null,null
Mon Sep 28 21:00:00 UTC 2026,-2282106.5380620016,8276550.431050001,2.4041651411537804E7,null,null,null,null,null,null,null
Mon Sep 28 22:00:00 UTC 2026,-3970541.3774206047,1.007069343105E7,2.425607318226951E7,null,null,null,null,null,null,null
Mon Sep 28 23:00:00 UTC 2026,4010223.030013903,1.2268661431049999E7,2.4470494953001216E7,null,null,null,null,null,null,null
Tue Sep 29 00:00:00 UTC 2026,6673249.062458,1.0995930431049999E7,2.4684916723732926E7,null,null,null,null,null,null,null
Tue Sep 29 01:00:00 UTC 2026,1.78392903859513E7,1.4086926431049999E7,2.4899338494464632E7,null,null,null,null,null,null,null
Tue Sep 29 02:00:00 UTC 2026,1.6634561140679266E7,1.3348932431049999E7,2.511376026519634E7,null,null,null,null,null,null,null
Tue Sep 29 03:00:00 UTC 2026,1.645997365281406E7,1.2200896431049999E7,2.532818203592805E7,null,null,null,null,null,null,null
Tue Sep 29 04:00:00 UTC 2026,1.4539889181286916E7,1.2258229431049999E7,2.5542603806659754E7,null,null,null,null,null,null,null
Tue Sep 29 05:00:00 UTC 2026,1.708274460520064E7,1.1850037431049999E7,2.575702557739146E7,null,null,null,null,null,null,null
Tue Sep 29 06:00:00 UTC 2026,1.5175130668520704E7,7524687.431050001,2.597144734812317E7,null,null,null,null,null,null,null
Tue Sep 29 07:00:00 UTC 2026,1.3246354612100277E7,7308059.431050001,2.6185869118854877E7,null,null,null,null,null,null,null
Tue Sep 29 08:00:00 UTC 2026,1.5813017420722988E7,2.617439543105E7,2.6400290889586587E7,null,null,null,null,null,null,null
Tue Sep 29 09:00:00 UTC 2026,1.5339137096516203E7,2.659281643105E7,2.661471266031829E7,null,null,null,null,null,null,null
Tue Sep 29 10:00:00 UTC 2026,1.1820178899536058E7,2.682903443105E7,2.682913443105E7,null,null,null,2.682963443105E7,null,null,2.682993443105E7
Tue Sep 29 11:00:00 UTC 2026,7502728.577317632,2.510799143105E7,null,null,null,null,2.433679723105E7,null,null,2.433709723105E7
Tue Sep 29 12:00:00 UTC 2026,1.6030307043066826E7,2.363083943105E7,null,null,null,null,2.1843960031049997E7,null,null,2.1844260031049997E7
Tue Sep 29 13:00:00 UTC 2026,1.0477517980950516E7,2.208049543105E7,null,null,null,null,1.935112283105E7,null,null,1.935142283105E7
Tue Sep 29 14:00:00 UTC 2026,6064460.22490063,1.6514221431049999E7,null,null,null,null,1.6858285631049998E7,null,null,1.6858585631049998E7
Tue Sep 29 15:00:00 UTC 2026,9114072.837618914,1.4364848431049999E7,null,null,null,null,1.4365448431049999E7,null,null,1.4365748431049999E7
Tue Sep 29 16:00:00 UTC 2026,-1752675.6495338795,1.727655743105E7,null,null,null,null,null,null,null,null
Tue Sep 29 17:00:00 UTC 2026,8628477.76855484,2.189398443105E7,null,null,null,null,null,null,null,null
Tue Sep 29 18:00:00 UTC 2026,836282.9638158213,1.886765643105E7,null,null,null,null,null,null,null,null
Tue Sep 29 19:00:00 UTC 2026,1988862.699724949,1.6010423431049999E7,null,null,null,null,null,null,null,null
Tue Sep 29 20:00:00 UTC 2026,9992300.80688195,1.707595543105E7,null,null,null,null,null,null,null,null
Tue Sep 29 21:00:00 UTC 2026,-4464828.0313768815,1.5874097431049999E7,null,null,null,null,null,null,null,null
Tue Sep 29 22:00:00 UTC 2026,-1620034.506155224,1.6096373431049999E7,null,null,null,null,null,null,null,null
Tue Sep 29 23:00:00 UTC 2026,-5481365.56895,1.3524815431049999E7,null,null,null,null,null,null,null,null
Wed Sep 30 00:00:00 UTC 2026,2170252.297508084,6904681.431050001,null,null,null,null,null,null,null,null
Wed Sep 30 01:00:00 UTC 2026,2170252.297508084,-5481365.56895,null,null,null,null,null,null,null,null
Wed Sep 30 02:00:00 UTC 2026,2170252.297508084,-4543862.56895,null,null,null,null,null,null,null,null
Wed Sep 30 03:00:00 UTC 2026,2170252.297508084,-3730022.56895,null,null,null,null,null,null,null,null
Wed Sep 30 04:00:00 UTC 2026,2.0831665,-1935884.5689500002,null,null,null,null,null,null,null,null,null,null
Wed Sep 30 05:00:00 UTC 2026,2.0831665,356417.4310499998,null,null,null,null,null,null,null,null,null,null
Wed Sep 30 06:00:00 UTC 2026,2.0831665,-1982513.5689500002,null,null,null,null,null,null,null,null,null,null
Wed Sep 30 07:00:00 UTC 2026,2.0831665,-508203.5689500002,null,null,null,null,null,null,null,null,null,null
Wed Sep 30 08:00:00 UTC 2026,2.0831665,1152325.4310499998,null,null,null,null,null,null,null,null,null,null
Wed Sep 30 09:00:00 UTC 2026,2.0831665,-1733327.5689500002,null,null,null,null,null,null,null,null,null,null
Wed Sep 30 10:00:00 UTC 2026,2.0831665,-1426034.5689500002,null,null,null,null,null,null,null,null,null,null
Wed Sep 30 11:00:00 UTC 2026,2.0831665,-1136806.5689500002,null,null,null,null,null,null,null,null,null,null
Wed Sep 30 12:00:00 UTC 2026,2.0831665,-1019368.5689500002,null,null,null,null,null,null,null,null,null,null
Wed Sep 30 13:00:00 UTC 2026,2.0831665,3890018.4310500007,null,null,null,null,null,null,null,null,null,null
Wed Sep 30 14:00:00 UTC 2026,2.0831665,2381672.4310500007,null,null,null,null,null,null,null,null,null,null
Wed Sep 30 15:00:00 UTC 2026,2.0831665,492691.4310499998,null,null,null,null,null,null,null,null,null,null
Wed Sep 30 16:00:00 UTC 2026,2.0831665,1206984.4310499998,null,null,null,null,null,null,null,null,null,null
Wed Sep 30 17:00:00 UTC 2026,2.0831665,4280464.431050001,null,null,null,null,null,null,null,null,null,null
Wed Sep 30 18:00:00 UTC 2026,2.0831665,6578928.431050001,null,null,null,null,null,null,null,null,null,null
Wed Sep 30 19:00:00 UTC 2026,2.0831665,1.0694460431049999E7,null,null,null,null,null,null,null,null,null,null
Wed Sep 30 20:00:00 UTC 2026,2.0831665,9340983.43105,null,null,null,null,null,null,null,null,null,null
Wed Sep 30 21:00:00 UTC 2026,2.0831665,1.750961543105E7,null,null,null,null,null,null,null,null,null,null
Wed Sep 30 22:00:00 UTC 2026,2.0831665,2.265223543105E7,null,null,null,null,null,null,2.265283543105E7,null,2.265303543105E7,null
Wed Sep 30 23:00:00 UTC 2026,2.0831665,1.974003343105E7,null,null,null,null,null,null,2.1723209716764286E7,null,2.1723409716764282E7,null
Thu Oct 01 00:00:00 UTC 2026,2.0831665,2.127329543105E7,null,null,null,null,null,null,2.079358400247857E7,null,2.079378400247857E7,null
Thu Oct 01 01:00:00 UTC 2026,2.0831665,1.788027643105E7,null,null,null,null,null,null,1.9863958288192853E7,null,1.9864158288192857E7,null
Thu Oct 01 02:00:00 UTC 2026,2.0831665,2.001714643105E7,null,null,null,null,null,null,1.893433257390714E7,null,1.8934532573907144E7,null
Thu Oct 01 03:00:00 UTC 2026,2.0831665,1.971530943105E7,null,null,null,null,null,null,1.8004706859621428E7,null,1.8004906859621428E7,null
Thu Oct 01 04:00:00 UTC 2026,2.0831665,2.183585043105E7,null,null,null,null,null,null,1.707508114533571E7,null,1.707528114533571E7,null
Thu Oct 01 05:00:00 UTC 2026,2.0831665,1.898076743105E7,null,null,null,null,null,null,1.6145455431049999E7,null,1.6145655431049999E7,null
Thu Oct 01 06:00:00 UTC 2026,2.0831665,1.4675254431049999E7,null,null,null,null,null,null,1.5215829716764284E7,null,1.5216029716764284E7,null
Thu Oct 01 07:00:00 UTC 2026,2.0831665,1.6358975431049999E7,null,null,null,null,null,null,1.4286204002478572E7,null,1.4286404002478573E7,null
Thu Oct 01 08:00:00 UTC 2026,2.0831665,1.4160902431049999E7,null,null,null,null,null,null,1.3356578288192857E7,null,1.3356778288192857E7,null
Thu Oct 01 09:00:00 UTC 2026,2.0831665,1.5754459431049999E7,null,null,null,null,null,null,1.2426952573907143E7,null,1.2427152573907143E7,null
Thu Oct 01 10:00:00 UTC 2026,2.0831665,1.2026317431049999E7,null,null,null,null,null,null,1.1497326859621428E7,null,1.1497526859621428E7,null
Thu Oct 01 11:00:00 UTC 2026,2.0831665,1.0440553431049999E7,null,null,null,null,null,null,1.0567701145335715E7,null,1.0567901145335715E7,null
Thu Oct 01 12:00:00 UTC 2026,2.0831665,9637475.43105,null,null,null,null,null,null,9638075.43105,null,9638275.43105,null
Thu Oct 01 13:00:00 UTC 2026,2.0831665,1.1639235431049999E7,null,null,null,null,null,null,null,null,null,null
Thu Oct 01 14:00:00 UTC 2026,2.0831665,1.4238393431049999E7,null,null,null,null,null,null,null,null,null,null
Thu Oct 01 15:00:00 UTC 2026,2.0831665,1.5639095431049999E7,null,null,null,null,null,null,null,null,null,null
Thu Oct 01 16:00:00 UTC 2026,2.0831665,1.691051643105E7,null,null,null,null,null,null,null,null,null,null
Thu Oct 01 17:00:00 UTC 2026,2.0831665,2.125923743105E7,null,null,null,null,null,null,null,null,null,null
Thu Oct 01 18:00:00 UTC 2026,2.0831665,1.914293343105E7,null,null,null,null,null,null,null,null,null,null
Thu Oct 01 19:00:00 UTC 2026,2.0831665,2.005705243105E7,null,null,null,null,null,null,null,null,null,null
Thu Oct 01 20:00:00 UTC 2026,2.0831665,2.152528543105E7,null,null,null,null,null,null,null,null,null,null
Thu Oct 01 21:00:00 UTC 2026,2.0831665,1.726789643105E7,null,null,null,null,null,null,null,null,null,null
Thu Oct 01 22:00:00 UTC 2026,2.0831665,1.6696477431049999E7,null,null,null,null,null,null,null,null,null,null
Thu Oct 01 23:00:00 UTC 2026,2.0831665,1.4066227431049999E7,null,null,null,null,null,null,null,null,null,null
Fri Oct 02 00:00:00 UTC 2026,2.0831665,1.4436522431049999E7,null,null,null,null,null,null,null,null,null,null
Fri Oct 02 01:00:00 UTC 2026,2.0831665,1.678442243105E7,null,null,null,null,null,null,null,null,null,null
Fri Oct 02 02:00:00 UTC 2026,2.0831665,1.931733043105E7,null,null,null,null,null,null,null,null,null,null
Fri Oct 02 03:00:00 UTC 2026,2.0831665,1.847076343105E7,null,null,null,null,null,null,null,null,null,null
Fri Oct 02 04:00:00 UTC 2026,2.0831665,1.6230448431049999E7,null,null,null,null,null,null,null,null,null,null
Fri Oct 02 05:00:00 UTC 2026,2.0831665,1.961884043105E7,null,null,null,null,null,null,null,null,null,null
Fri Oct 02 06:00:00 UTC 2026,2.0831665,1.808517543105E7,null,null,null,null,null,null,null,null,null,null
Fri Oct 02 07:00:00 UTC 2026,2.0831665,2.305722043105E7,null,null,null,null,null,null,null,null,null,null
Fri Oct 02 08:00:00 UTC 2026,2.0831665,1.970932043105E7,null,null,null,null,null,null,null,null,null,null
Fri Oct 02 09:00:00 UTC 2026,2.0831665,2.109603343105E7,null,null,null,null,null,null,null,null,null,null
Fri Oct 02 10:00:00 UTC 2026,2.0831665,1.861348243105E7,null,null,null,null,null,null,null,null,null,null
Fri Oct 02 11:00:00 UTC 2026,2.0831665,1.978733243105E7,null,null,null,null,null,null,null,null,null,null
Fri Oct 02 12:00:00 UTC 2026,2.0831665,2.350118643105E7,null,null,null,null,null,null,null,null,null,null
Fri Oct 02 13:00:00 UTC 2026,2.0831665,2.583980843105E7,null,null,null,null,null,null,null,null,null,null
Fri Oct 02 14:00:00 UTC 2026,2.0831665,2.7532260431050003E7,null,null,null,null,null,null,null,null,null,null
Fri Oct 02 15:00:00 UTC 2026,2.0831665,3.0137842431050003E7,null,null,null,null,null,null,null,null,null,null
Fri Oct 02 16:00:00 UTC 2026,2.0831665,2.9156442431050003E7,null,null,null,null,null,null,null,null,null,null
Fri Oct 02 17:00:00 UTC 2026,2.0831665,3.0052962431050003E7,null,null,null,null,null,null,null,null,null,null
Fri Oct 02 18:00:00 UTC 2026,2.0831665,3.2357256431050003E7,null,null,null,null,null,null,null,null,null,null
Fri Oct 02 19:00:00 UTC 2026,2.0831665,3.534018943105E7,null,null,null,null,null,null,3.534078943105E7,null,null,null
Fri Oct 02 20:00:00 UTC 2026,2.0831665,3.1988109431050003E7,null,null,null,null,null,null,3.5137004470653966E7,null,null,null
Fri Oct 02 21:00:00 UTC 2026,2.0831665,3.1988109431050003E7,null,null,null,null,null,null,3.493321951025792E7,null,null,null
Fri Oct 02 22:00:00 UTC 2026,2.0831665,3.1988109431050003E7,null,null,null,null,null,null,3.4729434549861886E7,null,null,null
Fri Oct 02 23:00:00 UTC 2026,2.0831665,3.1988109431050003E7,null,null,null,null,null,null,3.452564958946584E7,null,null,null
Sat Oct 03 00:00:00 UTC 2026,2.0831665,3.1988109431050003E7,null,null,null,null,null,null,3.4321864629069805E7,null,null,null
Sat Oct 03 01:00:00 UTC 2026,2.0831665,3.1988109431050003E7,null,null,null,null,null,null,3.411807966867376E7,null,null,null
Sat Oct 03 02:00:00 UTC 2026,2.0831665,3.1988109431050003E7,null,null,null,null,null,null,3.391429470827773E7,null,null,null
Sat Oct 03 03:00:00 UTC 2026,2.0831665,3.1988109431050003E7,null,null,null,null,null,null,3.371050974788169E7,null,null,null
Sat Oct 03 04:00:00 UTC 2026,2.0831665,3.1988109431050003E7,null,null,null,null,null,null,3.3506724787485648E7,null,null,null
Sat Oct 03 05:00:00 UTC 2026,2.0831665,3.1988109431050003E7,null,null,null,null,null,null,3.3302939827089608E7,null,null,null
Sat Oct 03 06:00:00 UTC 2026,2.0831665,3.1988109431050003E7,null,null,null,null,null,null,3.3099154866693567E7,null,null,null
Sat Oct 03 07:00:00 UTC 2026,2.0831665,3.1988109431050003E7,null,null,null,null,null,null,3.2895369906297527E7,null,null,null
Sat Oct 03 08:00:00 UTC 2026,2.0831665,3.1988109431050003E7,null,null,null,null,null,null,3.2691584945901487E7,null,null,null
Sat Oct 03 09:00:00 UTC 2026,2.0831665,3.1988109431050003E7,null,null,null,null,null,null,3.2487799985505447E7,null,null,null
Sat Oct 03 10:00:00 UTC 2026,2.0831665,3.1988109431050003E7,null,null,null,null,null,null,3.2284015025109407E7,null,null,null
Sat Oct 03 11:00:00 UTC 2026,2.0831665,3.1988109431050003E7,null,null,null,null,null,null,3.2080230064713366E7,null,null,null
Sat Oct 03 12:00:00 UTC 2026,2.0831665,3.1988109431050003E7,null,null,null,null,null,null,3.1876445104317326E7,null,null,null
Sat Oct 03 13:00:00 UTC 2026,2.0831665,3.1988109431050003E7,null,null,null,null,null,null,3.1672660143921286E7,null,null,null
Sat Oct 03 14:00:00 UTC 2026,2.0831665,3.1988109431050003E7,null,null,null,null,null,null,3.146887518352525E7,null,null,null
Sat Oct 03 15:00:00 UTC 2026,2.0831665,3.1988109431050003E7,null,null,null,null,null,null,3.126509022312921E7,null,null,null
Sat Oct 03 16:00:00 UTC 2026,2.0831665,3.1988109431050003E7,null,null,null,null,null,null,3.106130526273317E7,null,null,null
Sat Oct 03 17:00:00 UTC 2026,2.0831665,3.1988109431050003E7,null,null,null,null,null,null,3.0857520302337132E7,null,null,null
Sat Oct 03 18:00:00 UTC 2026,2.0831665,3.1988109431050003E7,null,null,null,null,null,null,3.0653735341941092E7,null,null,null
Sat Oct 03 19:00:00 UTC 2026,2.0831665,3.1988109431050003E7,null,null,null,null,null,null,3.0449950381545052E7,null,null,null
Sat Oct 03 20:00:00 UTC 2026,2.0831665,3.1988109431050003E7,null,null,null,null,null,null,3.024616542114901E7,null,null,null
Sat Oct 03 21:00:00 UTC 2026,2.0831665,3.1988109431050003E7,null,null,null,null,null,null,3.004238046075297E7,null,null,null
Sat Oct 03 22:00:00 UTC 2026,2.0831665,3.1988109431050003E7,null,null,null,null,null,null,2.983859550035693E7,null,null,null
Sat Oct 03 23:00:00 UTC 2026,2.0831665,3.1988109431050003E7,null,null,null,null,null,null,2.963481053996089E7,null,null,null
Sun Oct 04 00:00:00 UTC 2026,2.0831665,3.1988109431050003E7,null,null,null,null,null,null,2.943102557956485E7,null,null,null
Sun Oct 04 01:00:00 UTC 2026,2.0831665,3.1988109431050003E7,null,null,null,null,null,null,2.922724061916881E7,null,null,null
Sun Oct 04 02:00:00 UTC 2026,2.0831665,3.1988109431050003E7,null,null,null,null,null,null,2.902345565877277E7,null,null,null
Sun Oct 04 03:00:00 UTC 2026,2.0831665,3.1988109431050003E7,null,null,null,null,null,null,2.8819670698376734E7,null,null,null
Sun Oct 04 04:00:00 UTC 2026,2.0831665,3.1988109431050003E7,null,null,null,null,null,null,2.8615885737980694E7,null,null,null
Sun Oct 04 05:00:00 UTC 2026,2.0831665,3.1988109431050003E7,null,null,null,null,null,null,2.8412100777584657E7,null,null,null
Sun Oct 04 06:00:00 UTC 2026,2.0831665,3.1988109431050003E7,null,null,null,null,null,null,2.8208315817188613E7,null,null,null
Sun Oct 04 07:00:00 UTC 2026,2.0831665,3.1988109431050003E7,null,null,null,null,null,null,2.8004530856792577E7,null,null,null
Sun Oct 04 08:00:00 UTC 2026,2.0831665,3.1988109431050003E7,null,null,null,null,null,null,2.7800745896396536E7,null,null,null
Sun Oct 04 09:00:00 UTC 2026,2.0831665,3.1988109431050003E7,null,null,null,null,null,null,2.7596960936000496E7,null,null,null
Sun Oct 04 10:00:00 UTC 2026,2.0831665,3.1988109431050003E7,null,null,null,null,null,null,2.739317597560446E7,null,null,null
Sun Oct 04 11:00:00 UTC 2026,2.0831665,3.1988109431050003E7,null,null,null,null,null,null,2.7189391015208416E7,null,null,null
Sun Oct 04 12:00:00 UTC 2026,2.0831665,3.1988109431050003E7,null,null,null,null,null,null,2.698560605481238E7,null,null,null
Sun Oct 04 13:00:00 UTC 2026,2.0831665,3.1988109431050003E7,null,null,null,null,null,null,2.6781821094416335E7,null,null,null
Sun Oct 04 14:00:00 UTC 2026,2.0831665,3.1988109431050003E7,null,null,null,null,null,null,2.65780361340203E7,null,null,null
Sun Oct 04 15:00:00 UTC 2026,2.0831665,3.1988109431050003E7,null,null,null,null,null,null,2.6374251173624255E7,null,null,null
Sun Oct 04 16:00:00 UTC 2026,2.0831665,3.1988109431050003E7,null,null,null,null,null,null,2.617046621322822E7,null,null,null
Sun Oct 04 17:00:00 UTC 2026,2.0831665,3.1988109431050003E7,null,null,null,null,null,null,2.596668125283218E7,null,null,null
Sun Oct 04 18:00:00 UTC 2026,2.0831665,3.1988109431050003E7,null,null,null,null,null,null,2.5762896292436138E7,null,null,null
Sun Oct 04 19:00:00 UTC 2026,2.0831665,3.1988109431050003E7,null,null,null,null,null,null,2.55591113320401E7,null,null,null
Sun Oct 04 20:00:00 UTC 2026,2.0831665,3.1988109431050003E7,null,null,null,null,null,null,2.5355326371644057E7,null,null,null
Sun Oct 04 21:00:00 UTC 2026,2.0831665,3.2879687431050003E7,null,null,null,null,null,null,2.515154141124802E7,null,null,null
Sun Oct 04 22:00:00 UTC 2026,2.0831665,3.0415405431050003E7,null,null,null,null,null,null,2.4947756450851984E7,null,null,null
Sun Oct 04 23:00:00 UTC 2026,2.0831665,3.1507727431050003E7,null,null,null,null,null,null,2.474397149045594E7,null,null,null
Mon Oct 05 00:00:00 UTC 2026,2.0831665,2.9629935431050003E7,null,null,null,null,null,null,2.4540186530059904E7,null,null,null
Mon Oct 05 01:00:00 UTC 2026,2.0831665,3.1871288431050003E7,null,null,null,null,null,null,2.4336401569663864E7,null,null,null
Mon Oct 05 02:00:00 UTC 2026,2.0831665,3.388909243105E7,null,null,null,null,null,null,2.4132616609267823E7,null,null,null
Mon Oct 05 03:00:00 UTC 2026,2.0831665,3.2026930431050003E7,null,null,null,null,null,null,2.3928831648871783E7,null,null,null
Mon Oct 05 04:00:00 UTC 2026,2.0831665,3.0566893431050003E7,null,null,null,null,null,null,2.3725046688475743E7,null,null,null
Mon Oct 05 05:00:00 UTC 2026,2.0831665,2.9997543431050003E7,null,null,null,null,null,null,2.3521261728079703E7,null,null,null
Mon Oct 05 06:00:00 UTC 2026,2.0831665,2.9988141431050003E7,null,null,null,null,null,null,2.3317476767683662E7,null,null,null
Mon Oct 05 07:00:00 UTC 2026,2.0831665,2.9513750431050003E7,null,null,null,null,null,null,2.3113691807287626E7,null,null,null
Mon Oct 05 08:00:00 UTC 2026,2.0831665,2.9324037431050003E7,null,null,null,null,null,null,2.2909906846891582E7,null,null,null
Mon Oct 05 09:00:00 UTC 2026,2.0831665,2.596777743105E7,null,null,null,null,null,null,2.2706121886495546E7,null,null,null
Mon Oct 05 10:00:00 UTC 2026,2.0831665,2.500293443105E7,null,null,null,null,null,null,2.2502336926099505E7,null,null,null
Mon Oct 05 11:00:00 UTC 2026,2.0831665,2.136599843105E7,null,null,null,null,null,null,2.2298551965703465E7,null,null,null
Mon Oct 05 12:00:00 UTC 2026,2.0831665,2.158580043105E7,null,null,null,null,null,null,2.2094767005307425E7,null,null,null
Mon Oct 05 13:00:00 UTC 2026,2.0831665,2.101412943105E7,null,null,null,null,null,null,2.1890982044911385E7,null,null,null
Mon Oct 05 14:00:00 UTC 2026,2.0831665,2.112216043105E7,null,null,null,null,null,null,2.1687197084515348E7,null,null,null
Mon Oct 05 15:00:00 UTC 2026,2.0831665,2.206549143105E7,null,null,null,null,null,null,2.1483412124119308E7,null,null,null
Mon Oct 05 16:00:00 UTC 2026,2.0831665,2.084055943105E7,null,null,null,null,null,null,2.1279627163723268E7,null,null,null
Mon Oct 05 17:00:00 UTC 2026,2.0831665,2.357643543105E7,null,null,null,null,null,null,2.1075842203327227E7,null,null,null
Mon Oct 05 18:00:00 UTC 2026,2.0831665,2.373075543105E7,null,null,null,null,null,null,2.0872057242931187E7,null,null,null
Mon Oct 05 19:00:00 UTC 2026,2.0831665,2.676643343105E7,null,null,null,null,null,null,2.0668272282535147E7,null,null,null
Mon Oct 05 20:00:00 UTC 2026,2.0831665,2.584395043105E7,null,null,null,null,null,null,2.0464487322139107E7,null,null,null
Mon Oct 05 21:00:00 UTC 2026,2.0831665,2.594183143105E7,null,null,null,null,null,null,2.026070236174307E7,null,null,null
Mon Oct 05 22:00:00 UTC 2026,2.0831665,2.627699643105E7,null,null,null,null,null,null,2.0056917401347026E7,null,null,null
Mon Oct 05 23:00:00 UTC 2026,2.0831665,2.618756543105E7,null,null,null,null,null,null,1.985313244095099E7,null,null,null
Tue Oct 06 00:00:00 UTC 2026,2.0831665,2.522387743105E7,null,null,null,null,null,null,1.9649347480554953E7,null,null,null
Tue Oct 06 01:00:00 UTC 2026,2.0831665,2.567438743105E7,null,null,null,null,null,null,1.9445562520158913E7,null,null,null
Tue Oct 06 02:00:00 UTC 2026,2.0831665,2.501936343105E7,null,null,null,null,null,null,1.9241777559762873E7,null,null,null
Tue Oct 06 03:00:00 UTC 2026,2.0831665,2.530741643105E7,null,null,null,null,null,null,1.9037992599366833E7,null,null,null
Tue Oct 06 04:00:00 UTC 2026,2.0831665,2.098423343105E7,null,null,null,null,null,null,1.8834207638970792E7,null,null,null
Tue Oct 06 05:00:00 UTC 2026,2.0831665,2.112745543105E7,null,null,null,null,null,null,1.8630422678574752E7,null,null,null
Tue Oct 06 06:00:00 UTC 2026,2.0831665,1.897240643105E7,null,null,null,null,null,null,1.842663771817871E7,null,null,null
Tue Oct 06 07:00:00 UTC 2026,2.0831665,1.918191843105E7,null,null,null,null,null,null,1.822285275778267E7,null,null,null
Tue Oct 06 08:00:00 UTC 2026,2.0831665,1.6031158431049999E7,null,null,null,null,null,null,1.801906779738663E7,null,null,null
Tue Oct 06 09:00:00 UTC 2026,2.0831665,1.6012794431049999E7,null,null,null,null,null,null,1.7815282836990595E7,null,null,null
Tue Oct 06 10:00:00 UTC 2026,2.0831665,1.805067743105E7,null,null,null,null,null,null,1.7611497876594555E7,null,null,null
Tue Oct 06 11:00:00 UTC 2026,2.0831665,1.6443841431049999E7,null,null,null,null,null,null,1.7407712916198514E7,null,null,null
Tue Oct 06 12:00:00 UTC 2026,2.0831665,1.6736240431049999E7,null,null,null,null,null,null,1.7203927955802474E7,null,null,null
Tue Oct 06 13:00:00 UTC 2026,2.0831665,1.6407744431049999E7,null,null,null,null,null,null,1.7000142995406434E7,null,null,null
Tue Oct 06 14:00:00 UTC 2026,2.0831665,1.6279289431049999E7,null,null,null,null,null,null,1.6796358035010397E7,null,null,null
Tue Oct 06 15:00:00 UTC 2026,2.0831665,1.779641943105E7,null,null,null,null,null,null,1.6592573074614355E7,null,null,null
Tue Oct 06 16:00:00 UTC 2026,2.0831665,1.695333543105E7,null,null,null,null,null,null,1.6388788114218317E7,null,null,null
Tue Oct 06 17:00:00 UTC 2026,2.0831665,1.751252943105E7,null,null,null,null,null,null,1.6185003153822277E7,null,null,null
Tue Oct 06 18:00:00 UTC 2026,2.0831665,1.6600360431049999E7,null,null,null,null,null,null,1.5981218193426235E7,null,null,null
Tue Oct 06 19:00:00 UTC 2026,2.0831665,1.6161962431049999E7,null,null,null,null,null,null,1.5777433233030196E7,null,null,null
Tue Oct 06 20:00:00 UTC 2026,2.0831665,1.5836569431049999E7,null,null,null,null,null,null,1.5573648272634158E7,null,null,null
Tue Oct 06 21:00:00 UTC 2026,2.0831665,1.5136362431049999E7,null,null,null,null,null,null,1.5369863312238118E7,null,null,null
Tue Oct 06 22:00:00 UTC 2026,2.0831665,1.5188172431049999E7,null,null,null,null,null,null,1.5166078351842077E7,null,null,null
Tue Oct 06 23:00:00 UTC 2026,2.0831665,1.5368125431049999E7,null,null,null,null,null,null,1.496229339144604E7,null,null,null
Wed Oct 07 00:00:00 UTC 2026,2.0831665,1.4757908431049999E7,null,null,null,null,null,null,1.4758508431049999E7,null,null,null
Wed Oct 07 01:00:00 UTC 2026,2.0831665,1.5835955431049999E7,null,null,null,null,null,null,null,null,null,null
Wed Oct 07 02:00:00 UTC 2026,2.0831665,1.6309875431049999E7,null,null,null,null,null,null,null,null,null,null
Wed Oct 07 03:00:00 UTC 2026,2.0831665,1.804029743105E7,null,null,null,null,null,null,null,null,null,null
Wed Oct 07 04:00:00 UTC 2026,2.0831665,1.837226943105E7,null,null,null,null,null,null,null,null,null,null
Wed Oct 07 05:00:00 UTC 2026,2.0831665,1.803539343105E7,null,null,null,null,null,null,null,null,null,null
Wed Oct 07 06:00:00 UTC 2026,2.0831665,1.874059843105E7,null,null,null,null,null,null,null,null,null,null
Wed Oct 07 07:00:00 UTC 2026,2.0831665,1.822792843105E7,null,null,null,null,null,null,null,null,null,null
Wed Oct 07 08:00:00 UTC 2026,2.0831665,1.933731643105E7,null,null,null,null,null,null,null,null,null,null
Wed Oct 07 09:00:00 UTC 2026,2.0831665,1.944686243105E7,null,null,null,null,null,null,null,null,null,null
Wed Oct 07 10:00:00 UTC 2026,2.0831665,2.025824443105E7,null,null,null,null,null,null,null,null,null,null
Wed Oct 07 11:00:00 UTC 2026,2.0831665,2.087893843105E7,null,null,null,null,null,null,null,null,null,null
Wed Oct 07 12:00:00 UTC 2026,2.0831665,1.922077343105E7,null,null,null,null,null,null,null,null,null,null
Wed Oct 07 13:00:00 UTC 2026,2.0831665,2.184539543105E7,null,null,null,null,null,null,null,null,null,null
Wed Oct 07 14:00:00 UTC 2026,2.0831665,1.978761543105E7,null,null,null,null,null,null,null,null,null,null
Wed Oct 07 15:00:00 UTC 2026,2.0831665,1.930309743105E7,null,null,null,null,null,null,null,null,null,null
Wed Oct 07 16:00:00 UTC 2026,2.0831665,1.877702543105E7,null,null,null,null,null,null,null,null,null,null
Wed Oct 07 17:00:00 UTC 2026,2.0831665,2.057020543105E7,null,null,null,null,null,null,null,null,null,null
Wed Oct 07 18:00:00 UTC 2026,2.0831665,2.241201843105E7,null,null,null,null,null,null,null,null,null,null
Wed Oct 07 19:00:00 UTC 2026,2.0831665,2.521995243105E7,null,null,null,null,null,null,null,null,null,null
Wed Oct 07 20:00:00 UTC 2026,2.0831665,2.507018343105E7,null,null,null,null,null,null,null,null,null,null
Wed Oct 07 21:00:00 UTC 2026,2.0831665,2.356828443105E7,null,null,null,null,null,null,null,null,null,null
Wed Oct 07 22:00:00 UTC 2026,2.0831665,2.448763243105E7,null,null,null,null,null,null,null,null,null,null
Wed Oct 07 23:00:00 UTC 2026,2.0831665,2.375719843105E7,null,null,null,null,null,null,null,null,null,null
Thu Oct 08 00:00:00 UTC 2026,2.0831665,2.492224643105E7,null,null,null,null,null,null,null,null,null,null
Thu Oct 08 01:00:00 UTC 2026,2.0831665,2.637227643105E7,null,null,null,null,null,null,2.637287643105E7,null,null,null
Thu Oct 08 02:00:00 UTC 2026,2.0831665,2.500551143105E7,null,null,null,null,null,null,2.6248154951883335E7,null,null,null
Thu Oct 08 03:00:00 UTC 2026,2.0831665,2.511634243105E7,null,null,null,null,null,null,2.6123433472716667E7,null,null,null
Thu Oct 08 04:00:00 UTC 2026,2.0831665,2.415755943105E7,null,null,null,null,null,null,2.599871199355E7,null,null,null
Thu Oct 08 05:00:00 UTC 2026,2.0831665,2.185601443105E7,null,null,null,null,null,null,2.587399051438333E7,null,null,null
Thu Oct 08 06:00:00 UTC 2026,2.0831665,2.192909643105E7,null,null,null,null,null,null,2.5749269035216663E7,null,null,null
Thu Oct 08 07:00:00 UTC 2026,2.0831665,2.307222843105E7,null,null,null,null,null,null,2.562454755605E7,null,null,null
Thu Oct 08 08:00:00 UTC 2026,2.0831665,2.337388043105E7,null,null,null,null,null,null,2.549982607688333E7,null,null,null
Thu Oct 08 09:00:00 UTC 2026,2.0831665,1.802943443105E7,null,null,null,null,null,null,2.5375104597716667E7,null,null,null
Thu Oct 08 10:00:00 UTC 2026,2.0831665,1.877390643105E7,null,null,null,null,null,null,2.525038311855E7,null,null,null
Thu Oct 08 11:00:00 UTC 2026,2.0831665,1.699626343105E7,null,null,null,null,null,null,2.512566163938333E7,null,null,null
Thu Oct 08 12:00:00 UTC 2026,2.0831665,1.716631943105E7,null,null,null,null,null,null,2.5000940160216667E7,null,null,null
Thu Oct 08 13:00:00 UTC 2026,2.0831665,1.6238211431049999E7,null,null,null,null,null,null,2.487621868105E7,null,null,null
Thu Oct 08 14:00:00 UTC 2026,2.0831665,1.4607989431049999E7,null,null,null,null,null,null,2.4751497201883335E7,null,null,null
Thu Oct 08 15:00:00 UTC 2026,2.0831665,1.2609507431049999E7,null,null,null,null,null,null,2.4626775722716667E7,null,null,null
Thu Oct 08 16:00:00 UTC 2026,2.0831665,1.4137937431049999E7,null,null,null,null,null,null,2.4502054243549995E7,null,null,null
Thu Oct 08 17:00:00 UTC 2026,2.0831665,1.5020270431049999E7,null,null,null,null,null,null,2.437733276438333E7,null,null,null
Thu Oct 08 18:00:00 UTC 2026,2.0831665,1.4174402431049999E7,null,null,null,null,null,null,2.4252611285216663E7,null,null,null
Thu Oct 08 19:00:00 UTC 2026,2.0831665,1.4390944431049999E7,null,null,null,null,null,null,2.412788980605E7,null,null,null
Thu Oct 08 20:00:00 UTC 2026,2.0831665,1.3400460431049999E7,null,null,null,null,null,null,2.4003168326883335E7,null,null,null
Thu Oct 08 21:00:00 UTC 2026,2.0831665,1.3010478431049999E7,null,null,null,null,null,null,2.3878446847716667E7,null,null,null
Thu Oct 08 22:00:00 UTC 2026,2.0831665,1.4150037431049999E7,null,null,null,null,null,null,2.375372536855E7,null,null,null
Thu Oct 08 23:00:00 UTC 2026,2.0831665,1.1705205431049999E7,null,null,null,null,null,null,2.362900388938333E7,null,null,null
Fri Oct 09 00:00:00 UTC 2026,2.0831665,1.3417901431049999E7,null,null,null,null,null,null,2.3504282410216663E7,null,null,null
Fri Oct 09 01:00:00 UTC 2026,2.0831665,1.2023206431049999E7,null,null,null,null,null,null,2.337956093105E7,null,null,null
Fri Oct 09 02:00:00 UTC 2026,2.0831665,1.2923487431049999E7,null,null,null,null,null,null,2.325483945188333E7,null,null,null
Fri Oct 09 03:00:00 UTC 2026,2.0831665,1.4150513431049999E7,null,null,null,null,null,null,2.3130117972716667E7,null,null,null
Fri Oct 09 04:00:00 UTC 2026,2.0831665,1.3888154431049999E7,null,null,null,null,null,null,2.300539649355E7,null,null,null
Fri Oct 09 05:00:00 UTC 2026,2.0831665,1.3666068431049999E7,null,null,null,null,null,null,2.288067501438333E7,null,null,null
Fri Oct 09 06:00:00 UTC 2026,2.0831665,1.5694887431049999E7,null,null,null,null,null,null,2.2755953535216667E7,null,null,null
Fri Oct 09 07:00:00 UTC 2026,2.0831665,1.681294943105E7,null,null,null,null,null,null,2.263123205605E7,null,null,null
Fri Oct 09 08:00:00 UTC 2026,2.0831665,1.5154411431049999E7,null,null,null,null,null,null,2.2506510576883335E7,null,null,null
Fri Oct 09 09:00:00 UTC 2026,2.0831665,1.5551638431049999E7,null,null,null,null,null,null,2.2381789097716667E7,null,null,null
Fri Oct 09 10:00:00 UTC 2026,2.0831665,1.3624096431049999E7,null,null,null,null,null,null,2.2257067618549995E7,null,null,null
Fri Oct 09 11:00:00 UTC 2026,2.0831665,1.3418195431049999E7,null,null,null,null,null,null,2.213234613938333E7,null,null,null
Fri Oct 09 12:00:00 UTC 2026,2.0831665,1.1706434431049999E7,null,null,null,null,null,null,2.2007624660216667E7,null,null,null
Fri Oct 09 13:00:00 UTC 2026,2.0831665,1.4056240431049999E7,null,null,null,null,null,null,2.188290318105E7,null,null,null
Fri Oct 09 14:00:00 UTC 2026,2.0831665,1.1871509431049999E7,null,null,null,null,null,null,2.1758181701883335E7,null,null,null
Fri Oct 09 15:00:00 UTC 2026,2.0831665,1.3222052431049999E7,null,null,null,null,null,null,2.1633460222716667E7,null,null,null
Fri Oct 09 16:00:00 UTC 2026,2.0831665,1.2904093431049999E7,null,null,null,null,null,null,2.150873874355E7,null,null,null
Fri Oct 09 17:00:00 UTC 2026,2.0831665,1.3105865431049999E7,null,null,null,null,null,null,2.138401726438333E7,null,null,null
Fri Oct 09 18:00:00 UTC 2026,2.0831665,1.1395849431049999E7,null,null,null,null,null,null,2.1259295785216663E7,null,null,null
Fri Oct 09 19:00:00 UTC 2026,2.0831665,1.2477639431049999E7,null,null,null,null,null,null,2.113457430605E7,null,null,null
Fri Oct 09 20:00:00 UTC 2026,2.0831665,1.1202189431049999E7,null,null,null,null,null,null,2.100985282688333E7,null,null,null
Fri Oct 09 21:00:00 UTC 2026,2.0831665,1.1202189431049999E7,null,null,null,null,null,null,2.0885131347716667E7,null,null,null
Fri Oct 09 22:00:00 UTC 2026,2.0831665,1.1202189431049999E7,null,null,null,null,null,null,2.076040986855E7,null,null,null
Fri Oct 09 23:00:00 UTC 2026,2.0831665,1.1202189431049999E7,null,null,null,null,null,null,2.063568838938333E7,null,null,null
Sat Oct 10 00:00:00 UTC 2026,2.0831665,1.1202189431049999E7,null,null,null,null,null,null,2.0510966910216667E7,null,null,null
Sat Oct 10 01:00:00 UTC 2026,2.0831665,1.1202189431049999E7,null,null,null,null,null,null,2.038624543105E7,null,null,null
Sat Oct 10 02:00:00 UTC 2026,2.0831665,1.1202189431049999E7,null,null,null,null,null,null,2.0261523951883335E7,null,null,null
Sat Oct 10 03:00:00 UTC 2026,2.0831665,1.1202189431049999E7,null,null,null,null,null,null,2.0136802472716667E7,null,null,null
Sat Oct 10 04:00:00 UTC 2026,2.0831665,1.1202189431049999E7,null,null,null,null,null,null,2.0012080993549995E7,null,null,null
Sat Oct 10 05:00:00 UTC 2026,2.0831665,1.1202189431049999E7,null,null,null,null,null,null,1.988735951438333E7,null,null,null
Sat Oct 10 06:00:00 UTC 2026,2.0831665,1.1202189431049999E7,null,null,null,null,null,null,1.9762638035216667E7,null,null,null
Sat Oct 10 07:00:00 UTC 2026,2.0831665,1.1202189431049999E7,null,null,null,null,null,null,1.963791655605E7,null,null,null
Sat Oct 10 08:00:00 UTC 2026,2.0831665,1.1202189431049999E7,null,null,null,null,null,null,1.9513195076883335E7,null,null,null
Sat Oct 10 09:00:00 UTC 2026,2.0831665,1.1202189431049999E7,null,null,null,null,null,null,1.9388473597716663E7,null,null,null
Sat Oct 10 10:00:00 UTC 2026,2.0831665,1.1202189431049999E7,null,null,null,null,null,null,1.926375211855E7,null,null,null
Sat Oct 10 11:00:00 UTC 2026,2.0831665,1.1202189431049999E7,null,null,null,null,null,null,1.9139030639383335E7,null,null,null
Sat Oct 10 12:00:00 UTC 2026,2.0831665,1.1202189431049999E7,null,null,null,null,null,null,1.9014309160216663E7,null,null,null
Sat Oct 10 13:00:00 UTC 2026,2.0831665,1.1202189431049999E7,null,null,null,null,null,null,1.888958768105E7,null,null,null
Sat Oct 10 14:00:00 UTC 2026,2.0831665,1.1202189431049999E7,null,null,null,null,null,null,1.8764866201883335E7,null,null,null
Sat Oct 10 15:00:00 UTC 2026,2.0831665,1.1202189431049999E7,null,null,null,null,null,null,1.8640144722716663E7,null,null,null
Sat Oct 10 16:00:00 UTC 2026,2.0831665,1.1202189431049999E7,null,null,null,null,null,null,1.851542324355E7,null,null,null
Sat Oct 10 17:00:00 UTC 2026,2.0831665,1.1202189431049999E7,null,null,null,null,null,null,1.839070176438333E7,null,null,null
Sat Oct 10 18:00:00 UTC 2026,2.0831665,1.1202189431049999E7,null,null,null,null,null,null,1.8265980285216667E7,null,null,null
Sat Oct 10 19:00:00 UTC 2026,2.0831665,1.1202189431049999E7,null,null,null,null,null,null,1.814125880605E7,null,null,null
Sat Oct 10 20:00:00 UTC 2026,2.0831665,1.1202189431049999E7,null,null,null,null,null,null,1.8016537326883335E7,null,null,null
Sat Oct 10 21:00:00 UTC 2026,2.0831665,1.1202189431049999E7,null,null,null,null,null,null,1.7891815847716667E7,null,null,null
Sat Oct 10 22:00:00 UTC 2026,2.0831665,1.1202189431049999E7,null,null,null,null,null,null,1.7767094368549995E7,null,null,null
Sat Oct 10 23:00:00 UTC 2026,2.0831665,1.1202189431049999E7,null,null,null,null,null,null,1.764237288938333E7,null,null,null
Sun Oct 11 00:00:00 UTC 2026,2.0831665,1.1202189431049999E7,null,null,null,null,null,null,1.7517651410216667E7,null,null,null
Sun Oct 11 01:00:00 UTC 2026,2.0831665,1.1202189431049999E7,null,null,null,null,null,null,1.739292993105E7,null,null,null
Sun Oct 11 02:00:00 UTC 2026,2.0831665,1.1202189431049999E7,null,null,null,null,null,null,1.7268208451883335E7,null,null,null
Sun Oct 11 03:00:00 UTC 2026,2.0831665,1.1202189431049999E7,null,null,null,null,null,null,1.7143486972716667E7,null,null,null
Sun Oct 11 04:00:00 UTC 2026,2.0831665,1.1202189431049999E7,null,null,null,null,null,null,1.701876549355E7,null,null,null
Sun Oct 11 05:00:00 UTC 2026,2.0831665,1.1202189431049999E7,null,null,null,null,null,null,1.6894044014383335E7,null,null,null
Sun Oct 11 06:00:00 UTC 2026,2.0831665,1.1202189431049999E7,null,null,null,null,null,null,1.6769322535216663E7,null,null,null
Sun Oct 11 07:00:00 UTC 2026,2.0831665,1.1202189431049999E7,null,null,null,null,null,null,1.6644601056049999E7,null,null,null
Sun Oct 11 08:00:00 UTC 2026,2.0831665,1.1202189431049999E7,null,null,null,null,null,null,1.6519879576883333E7,null,null,null
Sun Oct 11 09:00:00 UTC 2026,2.0831665,1.1202189431049999E7,null,null,null,null,null,null,1.6395158097716665E7,null,null,null
Sun Oct 11 10:00:00 UTC 2026,2.0831665,1.1202189431049999E7,null,null,null,null,null,null,1.6270436618549999E7,null,null,null
Sun Oct 11 11:00:00 UTC 2026,2.0831665,1.1202189431049999E7,null,null,null,null,null,null,1.6145715139383331E7,null,null,null
Sun Oct 11 12:00:00 UTC 2026,2.0831665,1.1202189431049999E7,null,null,null,null,null,null,1.6020993660216667E7,null,null,null
Sun Oct 11 13:00:00 UTC 2026,2.0831665,1.1202189431049999E7,null,null,null,null,null,null,1.589627218105E7,null,null,null
Sun Oct 11 14:00:00 UTC 2026,2.0831665,1.1202189431049999E7,null,null,null,null,null,null,1.5771550701883333E7,null,null,null
Sun Oct 11 15:00:00 UTC 2026,2.0831665,1.1202189431049999E7,null,null,null,null,null,null,1.5646829222716665E7,null,null,null
Sun Oct 11 16:00:00 UTC 2026,2.0831665,1.1202189431049999E7,null,null,null,null,null,null,1.5522107743549999E7,null,null,null
Sun Oct 11 17:00:00 UTC 2026,2.0831665,1.1202189431049999E7,null,null,null,null,null,null,1.5397386264383331E7,null,null,null
Sun Oct 11 18:00:00 UTC 2026,2.0831665,1.1202189431049999E7,null,null,null,null,null,null,1.5272664785216667E7,null,null,null
Sun Oct 11 19:00:00 UTC 2026,2.0831665,1.1202189431049999E7,null,null,null,null,null,null,1.5147943306049999E7,null,null,null
Sun Oct 11 20:00:00 UTC 2026,2.0831665,1.1202189431049999E7,null,null,null,null,null,null,1.5023221826883333E7,null,null,null
Sun Oct 11 21:00:00 UTC 2026,2.0831665,1.0121785431049999E7,null,null,null,null,null,null,1.4898500347716665E7,null,null,null
Sun Oct 11 22:00:00 UTC 2026,2.0831665,1.0165701431049999E7,null,null,null,null,null,null,1.4773778868549999E7,null,null,null
Sun Oct 11 23:00:00 UTC 2026,2.0831665,9183646.43105,null,null,null,null,null,null,1.4649057389383335E7,null,null,null
Mon Oct 12 00:00:00 UTC 2026,2.0831665,8537159.43105,null,null,null,null,null,null,1.4524335910216663E7,null,null,null
Mon Oct 12 01:00:00 UTC 2026,2.0831665,8500102.43105,null,null,null,null,null,null,1.4399614431049999E7,null,null,null
Mon Oct 12 02:00:00 UTC 2026,2.0831665,9091982.43105,null,null,null,null,null,null,1.4274892951883333E7,null,null,null
Mon Oct 12 03:00:00 UTC 2026,2.0831665,8507703.43105,null,null,null,null,null,null,1.4150171472716663E7,null,null,null
Mon Oct 12 04:00:00 UTC 2026,2.0831665,6702805.431050001,null,null,null,null,null,null,1.4025449993549999E7,null,null,null
Mon Oct 12 05:00:00 UTC 2026,2.0831665,7261750.431050001,null,null,null,null,null,null,1.3900728514383331E7,null,null,null
Mon Oct 12 06:00:00 UTC 2026,2.0831665,6386697.431050001,null,null,null,null,null,null,1.3776007035216667E7,null,null,null
Mon Oct 12 07:00:00 UTC 2026,2.0831665,4491100.431050001,null,null,null,null,null,null,1.365128555605E7,null,null,null
Mon Oct 12 08:00:00 UTC 2026,2.0831665,4790345.431050001,null,null,null,null,null,null,1.3526564076883333E7,null,null,null
Mon Oct 12 09:00:00 UTC 2026,2.0831665,4958697.431050001,null,null,null,null,null,null,1.3401842597716665E7,null,null,null
Mon Oct 12 10:00:00 UTC 2026,2.0831665,4368894.431050001,null,null,null,null,null,null,1.3277121118549997E7,null,null,null
Mon Oct 12 11:00:00 UTC 2026,2.0831665,4652283.431050001,null,null,null,null,null,null,1.3152399639383331E7,null,null,null
Mon Oct 12 12:00:00 UTC 2026,2.0831665,4357643.431050001,null,null,null,null,null,null,1.3027678160216667E7,null,null,null
Mon Oct 12 13:00:00 UTC 2026,2.0831665,4209896.431050001,null,null,null,null,null,null,1.2902956681049999E7,null,null,null
Mon Oct 12 14:00:00 UTC 2026,2.0831665,3890233.4310500007,null,null,null,null,null,null,1.2778235201883333E7,null,null,null
Mon Oct 12 15:00:00 UTC 2026,2.0831665,2618693.4310500007,null,null,null,null,null,null,1.2653513722716667E7,null,null,null
Mon Oct 12 16:00:00 UTC 2026,2.0831665,2919184.4310500007,null,null,null,null,null,null,1.2528792243549999E7,null,null,null
Mon Oct 12 17:00:00 UTC 2026,2.0831665,4387395.431050001,null,null,null,null,null,null,1.2404070764383333E7,null,null,null
Mon Oct 12 18:00:00 UTC 2026,2.0831665,4101000.4310500007,null,null,null,null,null,null,1.2279349285216663E7,null,null,null
Mon Oct 12 19:00:00 UTC 2026,2.0831665,4913639.431050001,null,null,null,null,null,null,1.2154627806049997E7,null,null,null
Mon Oct 12 20:00:00 UTC 2026,2.0831665,7506566.431050001,null,null,null,null,null,null,1.2029906326883331E7,null,null,null
Mon Oct 12 21:00:00 UTC 2026,2.0831665,6895252.431050001,null,null,null,null,null,null,1.1905184847716667E7,null,null,null
Mon Oct 12 22:00:00 UTC 2026,2.0831665,-3418984.56895,null,null,null,null,null,null,1.1780463368549999E7,null,null,null
Mon Oct 12 23:00:00 UTC 2026,2.0831665,-3205201.56895,null,null,null,null,null,null,1.1655741889383333E7,null,null,null
Tue Oct 13 00:00:00 UTC 2026,2.0831665,-2775688.56895,null,null,null,null,null,null,1.1531020410216667E7,null,null,null
Tue Oct 13 01:00:00 UTC 2026,2.0831665,-2475605.56895,null,null,null,null,null,null,1.1406298931049999E7,null,null,null
Tue Oct 13 02:00:00 UTC 2026,2.0831665,-3160232.56895,null,null,null,null,null,null,1.1281577451883335E7,null,null,null
Tue Oct 13 03:00:00 UTC 2026,2.0831665,-3073272.56895,null,null,null,null,null,null,1.1156855972716663E7,null,null,null
Tue Oct 13 04:00:00 UTC 2026,2.0831665,-3538483.56895,null,null,null,null,null,null,1.1032134493549997E7,null,null,null
Tue Oct 13 05:00:00 UTC 2026,2.0831665,-3995151.56895,null,null,null,null,null,null,1.0907413014383333E7,null,null,null
Tue Oct 13 06:00:00 UTC 2026,2.0831665,-4305584.56895,null,null,null,null,null,null,1.0782691535216667E7,null,null,null
Tue Oct 13 07:00:00 UTC 2026,2.0831665,-4833739.56895,null,null,null,null,null,null,1.0657970056049999E7,null,null,null
Tue Oct 13 08:00:00 UTC 2026,2.0831665,-2300004.56895,null,null,null,null,null,null,1.0533248576883333E7,null,null,null
Tue Oct 13 09:00:00 UTC 2026,2.0831665,-2229742.56895,null,null,null,null,null,null,1.0408527097716667E7,null,null,null
Tue Oct 13 10:00:00 UTC 2026,2.0831665,-2295772.56895,null,null,null,null,null,null,1.0283805618549999E7,null,null,null
Tue Oct 13 11:00:00 UTC 2026,2.0831665,-2036164.5689500002,null,null,null,null,null,null,1.0159084139383335E7,null,null,null
Tue Oct 13 12:00:00 UTC 2026,2.0831665,-2848249.56895,null,null,null,null,null,null,1.0034362660216663E7,null,null,null
Tue Oct 13 13:00:00 UTC 2026,2.0831665,-2940285.56895,null,null,null,null,null,null,9909641.181049997,null,null,null
Tue Oct 13 14:00:00 UTC 2026,2.0831665,-3164944.56895,null,null,null,null,null,null,9784919.701883331,null,null,null
Tue Oct 13 15:00:00 UTC 2026,2.0831665,-3123999.56895,null,null,null,null,null,null,9660198.222716667,null,null,null
Tue Oct 13 16:00:00 UTC 2026,2.0831665,-3251117.56895,null,null,null,null,null,null,9535476.743549999,null,null,null
Tue Oct 13 17:00:00 UTC 2026,2.0831665,-3584715.56895,null,null,null,null,null,null,9410755.264383333,null,null,null
Tue Oct 13 18:00:00 UTC 2026,2.0831665,-3424620.56895,null,null,null,null,null,null,9286033.785216667,null,null,null
Tue Oct 13 19:00:00 UTC 2026,2.0831665,-3207699.56895,null,null,null,null,null,null,9161312.306049999,null,null,null
Tue Oct 13 20:00:00 UTC 2026,2.0831665,-3571532.56895,null,null,null,null,null,null,9036590.826883335,null,null,null
Tue Oct 13 21:00:00 UTC 2026,2.0831665,-3471683.56895,null,null,null,null,null,null,8911869.347716663,null,null,null
Tue Oct 13 22:00:00 UTC 2026,2.0831665,-3442832.56895,null,null,null,null,null,null,8787147.868549997,null,null,null
Tue Oct 13 23:00:00 UTC 2026,2.0831665,-3190368.56895,null,null,null,null,null,null,8662426.389383331,null,null,null
Wed Oct 14 00:00:00 UTC 2026,2.0831665,-3324948.56895,null,null,null,null,null,null,8537704.910216667,null,null,null
Wed Oct 14 01:00:00 UTC 2026,2.0831665,-3448765.56895,null,null,null,null,null,null,8412983.431049999,null,null,null
Wed Oct 14 02:00:00 UTC 2026,2.0831665,-3708658.56895,null,null,null,null,null,null,8288261.951883332,null,null,null
Wed Oct 14 03:00:00 UTC 2026,2.0831665,-3295634.56895,null,null,null,null,null,null,8163540.472716666,null,null,null
Wed Oct 14 04:00:00 UTC 2026,2.0831665,-3080191.56895,null,null,null,null,null,null,8038818.993549999,null,null,null
Wed Oct 14 05:00:00 UTC 2026,2.0831665,-2864132.56895,null,null,null,null,null,null,7914097.514383333,null,null,null
Wed Oct 14 06:00:00 UTC 2026,2.0831665,-2799196.56895,null,null,null,null,null,null,7789376.035216665,null,null,null
Wed Oct 14 07:00:00 UTC 2026,2.0831665,-3523690.56895,null,null,null,null,null,null,7664654.556049999,null,null,null
Wed Oct 14 08:00:00 UTC 2026,2.0831665,-3234760.56895,null,null,null,null,null,null,7539933.076883332,null,null,null
Wed Oct 14 09:00:00 UTC 2026,2.0831665,-3051669.56895,null,null,null,null,null,null,7415211.597716665,null,null,null
Wed Oct 14 10:00:00 UTC 2026,2.0831665,-3500806.56895,null,null,null,null,null,null,7290490.118549999,null,null,null
Wed Oct 14 11:00:00 UTC 2026,2.0831665,-4419005.56895,null,null,null,null,null,null,7165768.639383332,null,null,null
Wed Oct 14 12:00:00 UTC 2026,2.0831665,-4763010.56895,null,null,null,null,null,null,7041047.160216666,null,null,null
Wed Oct 14 13:00:00 UTC 2026,2.0831665,-3572429.56895,null,null,null,null,null,null,6916325.681049999,null,null,null
Wed Oct 14 14:00:00 UTC 2026,2.0831665,-4171084.56895,null,null,null,null,null,null,6791604.201883333,null,null,null
Wed Oct 14 15:00:00 UTC 2026,2.0831665,-3850508.56895,null,null,null,null,null,null,6666882.722716665,null,null,null
Wed Oct 14 16:00:00 UTC 2026,2.0831665,-3945749.56895,null,null,null,null,null,null,6542161.243549998,null,null,null
Wed Oct 14 17:00:00 UTC 2026,2.0831665,-3718099.56895,null,null,null,null,null,null,6417439.764383332,null,null,null
Wed Oct 14 18:00:00 UTC 2026,2.0831665,-3740960.56895,null,null,null,null,null,null,6292718.285216665,null,null,null
Wed Oct 14 19:00:00 UTC 2026,2.0831665,-3374039.56895,null,null,null,null,null,null,6167996.806049999,null,null,null
Wed Oct 14 20:00:00 UTC 2026,2.0831665,-3248331.56895,null,null,null,null,null,null,6043275.326883332,null,null,null
Wed Oct 14 21:00:00 UTC 2026,2.0831665,-3822291.56895,null,null,null,null,null,null,5918553.847716666,null,null,null
Wed Oct 14 22:00:00 UTC 2026,2.0831665,-3666177.56895,null,null,null,null,null,null,5793832.368549999,null,null,null
Wed Oct 14 23:00:00 UTC 2026,2.0831665,-3530184.56895,null,null,null,null,null,null,5669110.889383333,null,null,null
Thu Oct 15 00:00:00 UTC 2026,2.0831665,-4039768.56895,null,null,null,null,null,null,5544389.410216665,null,null,null
Thu Oct 15 01:00:00 UTC 2026,2.0831665,-4387314.56895,null,null,null,null,null,null,5419667.931049998,null,null,null
Thu Oct 15 02:00:00 UTC 2026,2.0831665,-4385263.56895,null,null,null,null,null,null,5294946.451883332,null,null,null
Thu Oct 15 03:00:00 UTC 2026,2.0831665,-4800427.56895,null,null,null,null,null,null,5170224.972716665,null,null,null
Thu Oct 15 04:00:00 UTC 2026,2.0831665,-3904982.56895,null,null,null,null,null,null,5045503.493549999,null,null,null
Thu Oct 15 05:00:00 UTC 2026,2.0831665,-4252645.56895,null,null,null,null,null,null,4920782.014383332,null,null,null
Thu Oct 15 06:00:00 UTC 2026,2.0831665,-3841453.56895,null,null,null,null,null,null,4796060.535216668,null,null,null
Thu Oct 15 07:00:00 UTC 2026,2.0831665,-3256140.56895,null,null,null,null,null,null,4671339.056049999,null,null,null
Thu Oct 15 08:00:00 UTC 2026,2.0831665,-3702186.56895,null,null,null,null,null,null,4546617.576883332,null,null,null
Thu Oct 15 09:00:00 UTC 2026,2.0831665,-4198403.56895,null,null,null,null,null,null,4421896.097716665,null,null,null
Thu Oct 15 10:00:00 UTC 2026,2.0831665,-4167900.56895,null,null,null,null,null,null,4297174.618549998,null,null,null
Thu Oct 15 11:00:00 UTC 2026,2.0831665,-4880253.56895,null,null,null,null,null,null,4172453.139383332,null,null,null
Thu Oct 15 12:00:00 UTC 2026,2.0831665,-4387453.56895,null,null,null,null,null,null,4047731.660216665,null,null,null
Thu Oct 15 13:00:00 UTC 2026,2.0831665,-4087483.56895,null,null,null,null,null,null,3923010.181049999,null,null,null
Thu Oct 15 14:00:00 UTC 2026,2.0831665,-4077968.56895,null,null,null,null,null,null,3798288.701883332,null,null,null
Thu Oct 15 15:00:00 UTC 2026,2.0831665,-3714278.56895,null,null,null,null,null,null,3673567.2227166668,null,null,null
Thu Oct 15 16:00:00 UTC 2026,2.0831665,-4225707.56895,null,null,null,null,null,null,3548845.743549999,null,null,null
Thu Oct 15 17:00:00 UTC 2026,2.0831665,-2476337.56895,null,null,null,null,null,null,3424124.264383332,null,null,null
Thu Oct 15 18:00:00 UTC 2026,2.0831665,-2606099.56895,null,null,null,null,null,null,3299402.785216665,null,null,null
Thu Oct 15 19:00:00 UTC 2026,2.0831665,-3032899.56895,null,null,null,null,null,null,3174681.30605,null,null,null
Thu Oct 15 20:00:00 UTC 2026,2.0831665,-2622206.56895,null,null,null,null,null,null,3049959.826883331,null,null,null
Thu Oct 15 21:00:00 UTC 2026,2.0831665,-178284.56895000022,null,null,null,null,null,null,2925238.347716665,null,null,null
Thu Oct 15 22:00:00 UTC 2026,2.0831665,-313341.5689500002,null,null,null,null,null,null,2800516.868549998,null,null,null
Thu Oct 15 23:00:00 UTC 2026,2.0831665,-93034.56895000022,null,null,null,null,null,null,2675795.389383332,null,null,null
Fri Oct 16 00:00:00 UTC 2026,2.0831665,-352473.5689500002,null,null,null,null,null,null,2551073.9102166668,null,null,null
Fri Oct 16 01:00:00 UTC 2026,2.0831665,-287135.5689500002,null,null,null,null,null,null,2426352.431049999,null,null,null
Fri Oct 16 02:00:00 UTC 2026,2.0831665,-33955.56895000022,null,null,null,null,null,null,2301630.951883332,null,null,null
Fri Oct 16 03:00:00 UTC 2026,2.0831665,-286785.5689500002,null,null,null,null,null,null,2176909.472716664,null,null,null
Fri Oct 16 04:00:00 UTC 2026,2.0831665,-2536880.56895,null,null,null,null,null,null,2052187.9935499998,null,null,null
Fri Oct 16 05:00:00 UTC 2026,2.0831665,-2305251.56895,null,null,null,null,null,null,1927466.514383331,null,null,null
Fri Oct 16 06:00:00 UTC 2026,2.0831665,-3330568.56895,null,null,null,null,null,null,1802745.035216665,null,null,null
Fri Oct 16 07:00:00 UTC 2026,2.0831665,-4328454.56895,null,null,null,null,null,null,1678023.5560499988,null,null,null
Fri Oct 16 08:00:00 UTC 2026,2.0831665,-4478306.56895,null,null,null,null,null,null,1553302.0768833328,null,null,null
Fri Oct 16 09:00:00 UTC 2026,2.0831665,-4812138.56895,null,null,null,null,null,null,1428580.5977166658,null,null,null
Fri Oct 16 10:00:00 UTC 2026,2.0831665,-4824031.56895,null,null,null,null,null,null,1303859.1185499988,null,null,null
Fri Oct 16 11:00:00 UTC 2026,2.0831665,-4831770.56895,null,null,null,null,null,null,1179137.6393833328,null,null,null
Fri Oct 16 12:00:00 UTC 2026,2.0831665,-7280469.56895,null,null,null,null,null,null,1054416.160216665,null,null,null
Fri Oct 16 13:00:00 UTC 2026,2.0831665,-6808349.56895,null,null,null,null,null,null,929694.6810499988,null,null,null
Fri Oct 16 14:00:00 UTC 2026,2.0831665,-6946532.56895,null,null,null,null,null,null,804973.2018833309,null,null,null
Fri Oct 16 15:00:00 UTC 2026,2.0831665,-6935941.56895,null,null,null,null,null,null,680251.7227166658,null,null,null
Fri Oct 16 16:00:00 UTC 2026,2.0831665,-6976977.56895,null,null,null,null,null,null,555530.2435499988,null,null,null
Fri Oct 16 17:00:00 UTC 2026,2.0831665,-6961804.56895,null,null,null,null,null,null,430808.7643833328,null,null,null
Fri Oct 16 18:00:00 UTC 2026,2.0831665,-6786252.56895,null,null,null,null,null,null,306087.28521666676,null,null,null
Fri Oct 16 19:00:00 UTC 2026,2.0831665,-6428216.56895,null,null,null,null,null,null,181365.80604999792,null,null,null
Fri Oct 16 20:00:00 UTC 2026,2.0831665,-6522043.56895,null,null,null,null,null,null,56644.326883332804,null,null,null
Fri Oct 16 21:00:00 UTC 2026,2.0831665,-6522043.56895,null,null,null,null,null,null,-68077.1522833351,null,null,null
Fri Oct 16 22:00:00 UTC 2026,2.0831665,-6522043.56895,null,null,null,null,null,null,-192798.63145000115,null,null,null
Fri Oct 16 23:00:00 UTC 2026,2.0831665,-6522043.56895,null,null,null,null,null,null,-317520.11061666906,null,null,null
Sat Oct 17 00:00:00 UTC 2026,2.0831665,-6522043.56895,null,null,null,null,null,null,-442241.5897833342,null,null,null
Sat Oct 17 01:00:00 UTC 2026,2.0831665,-6522043.56895,null,null,null,null,null,null,-566963.0689500012,null,null,null
Sat Oct 17 02:00:00 UTC 2026,2.0831665,-6522043.56895,null,null,null,null,null,null,-691684.5481166681,null,null,null
Sat Oct 17 03:00:00 UTC 2026,2.0831665,-6522043.56895,null,null,null,null,null,null,-816406.0272833342,null,null,null
Sat Oct 17 04:00:00 UTC 2026,2.0831665,-6522043.56895,null,null,null,null,null,null,-941127.5064500012,null,null,null
Sat Oct 17 05:00:00 UTC 2026,2.0831665,-6522043.56895,null,null,null,null,null,null,-1065848.9856166672,null,null,null
Sat Oct 17 06:00:00 UTC 2026,2.0831665,-6522043.56895,null,null,null,null,null,null,-1190570.464783335,null,null,null
Sat Oct 17 07:00:00 UTC 2026,2.0831665,-6522043.56895,null,null,null,null,null,null,-1315291.9439500012,null,null,null
Sat Oct 17 08:00:00 UTC 2026,2.0831665,-6522043.56895,null,null,null,null,null,null,-1440013.4231166681,null,null,null
Sat Oct 17 09:00:00 UTC 2026,2.0831665,-6522043.56895,null,null,null,null,null,null,-1564734.902283335,null,null,null
Sat Oct 17 10:00:00 UTC 2026,2.0831665,-6522043.56895,null,null,null,null,null,null,-1689456.3814500012,null,null,null
Sat Oct 17 11:00:00 UTC 2026,2.0831665,-6522043.56895,null,null,null,null,null,null,-1814177.8606166681,null,null,null
Sat Oct 17 12:00:00 UTC 2026,2.0831665,-6522043.56895,null,null,null,null,null,null,-1938899.3397833342,null,null,null
Sat Oct 17 13:00:00 UTC 2026,2.0831665,-6522043.56895,null,null,null,null,null,null,-2063620.8189500012,null,null,null
Sat Oct 17 14:00:00 UTC 2026,2.0831665,-6522043.56895,null,null,null,null,null,null,-2188342.298116667,null,null,null
Sat Oct 17 15:00:00 UTC 2026,2.0831665,-6522043.56895,null,null,null,null,null,null,-2313063.777283335,null,null,null
Sat Oct 17 16:00:00 UTC 2026,2.0831665,-6522043.56895,null,null,null,null,null,null,-2437785.256450002,null,null,null
Sat Oct 17 17:00:00 UTC 2026,2.0831665,-6522043.56895,null,null,null,null,null,null,-2562506.735616668,null,null,null
Sat Oct 17 18:00:00 UTC 2026,2.0831665,-6522043.56895,null,null,null,null,null,null,-2687228.214783335,null,null,null
Sat Oct 17 19:00:00 UTC 2026,2.0831665,-6522043.56895,null,null,null,null,null,null,-2811949.693950001,null,null,null
Sat Oct 17 20:00:00 UTC 2026,2.0831665,-6522043.56895,null,null,null,null,null,null,-2936671.173116667,null,null,null
Sat Oct 17 21:00:00 UTC 2026,2.0831665,-6522043.56895,null,null,null,null,null,null,-3061392.652283334,null,null,null
Sat Oct 17 22:00:00 UTC 2026,2.0831665,-6522043.56895,null,null,null,null,null,null,-3186114.13145,null,null,null
Sat Oct 17 23:00:00 UTC 2026,2.0831665,-6522043.56895,null,null,null,null,null,null,-3310835.610616667,null,null,null
Sun Oct 18 00:00:00 UTC 2026,2.0831665,-6522043.56895,null,null,null,null,null,null,-3435557.089783335,null,null,null
Sun Oct 18 01:00:00 UTC 2026,2.0831665,-6522043.56895,null,null,null,null,null,null,-3560278.568950002,null,null,null
Sun Oct 18 02:00:00 UTC 2026,2.0831665,-6522043.56895,null,null,null,null,null,null,-3685000.048116668,null,null,null
Sun Oct 18 03:00:00 UTC 2026,2.0831665,-6522043.56895,null,null,null,null,null,null,-3809721.527283335,null,null,null
Sun Oct 18 04:00:00 UTC 2026,2.0831665,-6522043.56895,null,null,null,null,null,null,-3934443.0064500007,null,null,null
Sun Oct 18 05:00:00 UTC 2026,2.0831665,-6522043.56895,null,null,null,null,null,null,-4059164.4856166677,null,null,null
Sun Oct 18 06:00:00 UTC 2026,2.0831665,-6522043.56895,null,null,null,null,null,null,-4183885.9647833337,null,null,null
Sun Oct 18 07:00:00 UTC 2026,2.0831665,-6522043.56895,null,null,null,null,null,null,-4308607.443950001,null,null,null
Sun Oct 18 08:00:00 UTC 2026,2.0831665,-6522043.56895,null,null,null,null,null,null,-4433328.923116667,null,null,null
Sun Oct 18 09:00:00 UTC 2026,2.0831665,-6522043.56895,null,null,null,null,null,null,-4558050.402283335,null,null,null
Sun Oct 18 10:00:00 UTC 2026,2.0831665,-6522043.56895,null,null,null,null,null,null,-4682771.881450002,null,null,null
Sun Oct 18 11:00:00 UTC 2026,2.0831665,-6522043.56895,null,null,null,null,null,null,-4807493.360616667,null,null,null
Sun Oct 18 12:00:00 UTC 2026,2.0831665,-6522043.56895,null,null,null,null,null,null,-4932214.839783335,null,null,null
Sun Oct 18 13:00:00 UTC 2026,2.0831665,-6522043.56895,null,null,null,null,null,null,-5056936.318950001,null,null,null
Sun Oct 18 14:00:00 UTC 2026,2.0831665,-6522043.56895,null,null,null,null,null,null,-5181657.798116667,null,null,null
Sun Oct 18 15:00:00 UTC 2026,2.0831665,-6522043.56895,null,null,null,null,null,null,-5306379.277283333,null,null,null
Sun Oct 18 16:00:00 UTC 2026,2.0831665,-6522043.56895,null,null,null,null,null,null,-5431100.756450001,null,null,null
Sun Oct 18 17:00:00 UTC 2026,2.0831665,-6522043.56895,null,null,null,null,null,null,-5555822.235616667,null,null,null
Sun Oct 18 18:00:00 UTC 2026,2.0831665,-6522043.56895,null,null,null,null,null,null,-5680543.714783335,null,null,null
Sun Oct 18 19:00:00 UTC 2026,2.0831665,-6522043.56895,null,null,null,null,null,null,-5805265.193950001,null,null,null
Sun Oct 18 20:00:00 UTC 2026,2.0831665,-6522043.56895,null,null,null,null,null,null,-5929986.673116667,null,null,null
Sun Oct 18 21:00:00 UTC 2026,2.0831665,-7106577.56895,null,null,null,null,null,null,-6054708.152283335,null,null,null
Sun Oct 18 22:00:00 UTC 2026,2.0831665,-7354150.56895,null,null,null,null,null,null,-6179429.631450001,null,null,null
Sun Oct 18 23:00:00 UTC 2026,2.0831665,-7483906.56895,null,null,null,null,null,null,-6304151.110616667,null,null,null
Mon Oct 19 00:00:00 UTC 2026,2.0831665,-8133543.56895,null,null,null,null,null,null,-6428872.589783333,null,null,null
Mon Oct 19 01:00:00 UTC 2026,2.0831665,-7709365.56895,null,null,null,null,null,null,-6553594.068950001,null,null,null
Mon Oct 19 02:00:00 UTC 2026,2.0831665,-7317800.56895,null,null,null,null,null,null,-6678315.548116667,null,null,null
Mon Oct 19 03:00:00 UTC 2026,2.0831665,-7489218.56895,null,null,null,null,null,null,-6803037.027283335,null,null,null
Mon Oct 19 04:00:00 UTC 2026,2.0831665,-7482594.56895,null,null,null,null,null,null,-6927758.506450001,null,null,null
Mon Oct 19 05:00:00 UTC 2026,2.0831665,-7457983.56895,null,null,null,null,null,null,-7052479.985616667,null,null,null
Mon Oct 19 06:00:00 UTC 2026,2.0831665,-7369067.56895,null,null,null,null,null,null,-7177201.464783335,null,null,null
Mon Oct 19 07:00:00 UTC 2026,2.0831665,-7276501.56895,null,null,null,null,null,null,-7301922.943950001,null,null,null
Mon Oct 19 08:00:00 UTC 2026,2.0831665,-7155426.56895,null,null,null,null,null,null,-7426644.423116667,null,null,null
Mon Oct 19 09:00:00 UTC 2026,2.0831665,-7241631.56895,null,null,null,null,null,null,-7551365.902283333,null,null,null
Mon Oct 19 10:00:00 UTC 2026,2.0831665,-7333327.56895,null,null,null,null,null,null,-7676087.381450001,null,null,null
Mon Oct 19 11:00:00 UTC 2026,2.0831665,-7324945.56895,null,null,null,null,null,null,-7800808.860616667,null,null,null
Mon Oct 19 12:00:00 UTC 2026,2.0831665,-7184439.56895,null,null,null,null,null,null,-7925530.339783335,null,null,null
Mon Oct 19 13:00:00 UTC 2026,2.0831665,-7188419.56895,null,null,null,null,null,null,-8050251.818950001,null,null,null
Mon Oct 19 14:00:00 UTC 2026,2.0831665,-7423348.56895,null,null,null,null,null,null,-8174973.298116667,null,null,null
Mon Oct 19 15:00:00 UTC 2026,2.0831665,-7359811.56895,null,null,null,null,null,null,-8299694.777283335,null,null,null
Mon Oct 19 16:00:00 UTC 2026,2.0831665,-7575079.56895,null,null,null,null,null,null,-8424416.256450001,null,null,null
Mon Oct 19 17:00:00 UTC 2026,2.0831665,-7315932.56895,null,null,null,null,null,null,-8549137.735616667,null,null,null
Mon Oct 19 18:00:00 UTC 2026,2.0831665,-7203491.56895,null,null,null,null,null,null,-8673859.214783333,null,null,null
Mon Oct 19 19:00:00 UTC 2026,2.0831665,-7195430.56895,null,null,null,null,null,null,-8798580.693950001,null,null,null
Mon Oct 19 20:00:00 UTC 2026,2.0831665,-7537148.56895,null,null,null,null,null,null,-8923302.173116667,null,null,null
Mon Oct 19 21:00:00 UTC 2026,2.0831665,-7221931.56895,null,null,null,null,null,null,-9048023.652283335,null,null,null
Mon Oct 19 22:00:00 UTC 2026,2.0831665,-7320022.56895,null,null,null,null,null,null,-9172745.131450001,null,null,null
Mon Oct 19 23:00:00 UTC 2026,2.0831665,-7380882.56895,null,null,null,null,null,null,-9297466.610616667,null,null,null
Tue Oct 20 00:00:00 UTC 2026,2.0831665,-7709009.56895,null,null,null,null,null,null,-9422188.089783335,null,null,null
Tue Oct 20 01:00:00 UTC 2026,2.0831665,-9547509.568950001,null,null,null,null,null,null,-9546909.568950001,null,null,null
Tue Oct 20 02:00:00 UTC 2026,2.0831665,-7889693.56895,null,null,null,null,null,null,null,null,null,null
Tue Oct 20 03:00:00 UTC 2026,2.0831665,-7824911.56895,null,null,null,null,null,null,null,null,null,null
Tue Oct 20 04:00:00 UTC 2026,2.0831665,-8270914.56895,null,null,null,null,null,null,null,null,null,null
Tue Oct 20 05:00:00 UTC 2026,2.0831665,-8443308.56895,null,null,null,null,null,null,null,null,null,null
Tue Oct 20 06:00:00 UTC 2026,2.0831665,-8225028.56895,null,null,null,null,null,null,null,null,null,null
Tue Oct 20 07:00:00 UTC 2026,2.0831665,-8264259.56895,null,null,null,null,null,null,null,null,null,null
Tue Oct 20 08:00:00 UTC 2026,2.0831665,-6068809.56895,null,null,null,null,null,null,null,null,null,null
Tue Oct 20 09:00:00 UTC 2026,2.0831665,-5789778.56895,null,null,null,null,null,null,null,null,null,null
Tue Oct 20 10:00:00 UTC 2026,2.0831665,-5726236.56895,null,null,null,null,null,null,null,null,null,null
Tue Oct 20 11:00:00 UTC 2026,2.0831665,-5828169.56895,null,null,null,null,null,null,null,null,null,null
Tue Oct 20 12:00:00 UTC 2026,2.0831665,-6148500.56895,null,null,null,null,null,null,null,null,null,null
Tue Oct 20 13:00:00 UTC 2026,2.0831665,-6108908.56895,null,null,null,null,null,null,null,null,null,null
Tue Oct 20 14:00:00 UTC 2026,2.0831665,-6255069.56895,null,null,null,null,null,null,null,null,null,null
Tue Oct 20 15:00:00 UTC 2026,2.0831665,-6192496.56895,null,null,null,null,null,null,null,null,null,null
Tue Oct 20 16:00:00 UTC 2026,2.0831665,-6149027.56895,null,null,null,null,null,null,null,null,null,null
Tue Oct 20 17:00:00 UTC 2026,2.0831665,-6220117.56895,null,null,null,null,null,null,null,null,null,null
Tue Oct 20 18:00:00 UTC 2026,2.0831665,-6162796.56895,null,null,null,null,null,null,null,null,null,null
Tue Oct 20 19:00:00 UTC 2026,2.0831665,-6087890.56895,null,null,null,null,null,null,null,null,null,null
Tue Oct 20 20:00:00 UTC 2026,2.0831665,-6083370.56895,null,null,null,null,null,null,null,null,null,null
Tue Oct 20 21:00:00 UTC 2026,2.0831665,-5969689.56895,null,null,null,null,null,null,null,null,null,null
Tue Oct 20 22:00:00 UTC 2026,2.0831665,-6006139.56895,null,null,null,null,null,null,null,null,null,null
Tue Oct 20 23:00:00 UTC 2026,2.0831665,-5903292.56895,null,null,null,null,null,null,null,null,null,null
Wed Oct 21 00:00:00 UTC 2026,2.0831665,-5939227.56895,null,null,null,null,null,null,null,null,null,null
Wed Oct 21 01:00:00 UTC 2026,2.0831665,-6148029.56895,null,null,null,null,null,null,null,null,null,null
Wed Oct 21 02:00:00 UTC 2026,2.0831665,-6224131.56895,null,null,null,null,null,null,null,null,null,null
Wed Oct 21 03:00:00 UTC 2026,2.0831665,-5162964.56895,null,null,null,null,null,null,null,null,null,null
Wed Oct 21 04:00:00 UTC 2026,2.0831665,-6107440.56895,null,null,null,null,null,null,null,null,null,null
Wed Oct 21 05:00:00 UTC 2026,2.0831665,-6171102.56895,null,null,null,null,null,null,null,null,null,null
Wed Oct 21 06:00:00 UTC 2026,2.0831665,-6127803.56895,null,null,null,null,null,null,null,null,null,null
Wed Oct 21 07:00:00 UTC 2026,2.0831665,-6219368.56895,null,null,null,null,null,null,null,null,null,null
Wed Oct 21 08:00:00 UTC 2026,2.0831665,-6317290.56895,null,null,null,null,null,null,null,null,null,null
Wed Oct 21 09:00:00 UTC 2026,2.0831665,-6029390.56895,null,null,null,null,null,null,null,null,null,null
Wed Oct 21 10:00:00 UTC 2026,2.0831665,-6238553.56895,null,null,null,null,null,null,null,null,null,null
Wed Oct 21 11:00:00 UTC 2026,2.0831665,-6406953.56895,null,null,null,null,null,null,null,null,null,null
Wed Oct 21 12:00:00 UTC 2026,2.0831665,-5856278.56895,null,null,null,null,null,null,null,null,null,null
Wed Oct 21 13:00:00 UTC 2026,2.0831665,-5844235.56895,null,null,null,null,null,null,null,null,null,null
Wed Oct 21 14:00:00 UTC 2026,2.0831665,-5659199.56895,null,null,null,null,null,null,null,null,null,null
Wed Oct 21 15:00:00 UTC 2026,2.0831665,-5997843.56895,null,null,null,null,null,null,null,null,null,null
Wed Oct 21 16:00:00 UTC 2026,2.0831665,-5901465.56895,null,null,null,null,null,null,null,null,null,null
Wed Oct 21 17:00:00 UTC 2026,2.0831665,-6182333.56895,null,null,null,null,null,null,null,null,null,null
Wed Oct 21 18:00:00 UTC 2026,2.0831665,-6267770.56895,null,null,null,null,null,null,null,null,null,null
Wed Oct 21 19:00:00 UTC 2026,2.0831665,-6175544.56895,null,null,null,null,null,null,null,null,null,null
Wed Oct 21 20:00:00 UTC 2026,2.0831665,-6121552.56895,null,null,null,null,null,null,null,null,null,null
Wed Oct 21 21:00:00 UTC 2026,2.0831665,-5971333.56895,null,null,null,null,null,null,null,null,null,null
Wed Oct 21 22:00:00 UTC 2026,2.0831665,-5912025.56895,null,null,null,null,null,null,null,null,null,null
Wed Oct 21 23:00:00 UTC 2026,2.0831665,-6097054.56895,null,null,null,null,null,null,null,null,null,null
Thu Oct 22 00:00:00 UTC 2026,2.0831665,-6487276.56895,null,null,null,null,null,null,null,null,null,null
Thu Oct 22 01:00:00 UTC 2026,2.0831665,-6079017.56895,null,null,null,null,null,null,null,null,null,null
Thu Oct 22 02:00:00 UTC 2026,2.0831665,-6165765.56895,null,null,null,null,null,null,null,null,null,null
Thu Oct 22 03:00:00 UTC 2026,2.0831665,-5973454.56895,null,null,null,null,null,null,null,null,null,null
Thu Oct 22 04:00:00 UTC 2026,2.0831665,-6127020.56895,null,null,null,null,null,null,null,null,null,null
Thu Oct 22 05:00:00 UTC 2026,2.0831665,-6135126.56895,null,null,null,null,null,null,null,null,null,null
Thu Oct 22 06:00:00 UTC 2026,2.0831665,-6281790.56895,null,null,null,null,null,null,null,null,null,null
Thu Oct 22 07:00:00 UTC 2026,2.0831665,-6078058.56895,null,null,null,null,null,null,null,null,null,null
Thu Oct 22 08:00:00 UTC 2026,2.0831665,-6000640.56895,null,null,null,null,null,null,null,null,null,null
Thu Oct 22 09:00:00 UTC 2026,2.0831665,-6213493.56895,null,null,null,null,null,null,null,null,null,null
Thu Oct 22 10:00:00 UTC 2026,2.0831665,-6278373.56895,null,null,null,null,null,null,null,null,null,null
Thu Oct 22 11:00:00 UTC 2026,2.0831665,-6482443.56895,null,null,null,null,null,null,null,null,null,null
Thu Oct 22 12:00:00 UTC 2026,2.0831665,-6532779.56895,null,null,null,null,null,null,null,null,null,null
Thu Oct 22 13:00:00 UTC 2026,2.0831665,-6637097.56895,null,null,null,null,null,null,null,null,null,null
Thu Oct 22 14:00:00 UTC 2026,2.0831665,-6423999.56895,null,null,null,null,null,null,null,null,null,null
Thu Oct 22 15:00:00 UTC 2026,2.0831665,-6423670.56895,null,null,null,null,null,null,null,null,null,null
Thu Oct 22 16:00:00 UTC 2026,2.0831665,-6188901.56895,null,null,null,null,null,null,null,null,null,null
Thu Oct 22 17:00:00 UTC 2026,2.0831665,-6170392.56895,null,null,null,null,null,null,null,null,null,null
Thu Oct 22 18:00:00 UTC 2026,2.0831665,-6057907.56895,null,null,null,null,null,null,null,null,null,null
Thu Oct 22 19:00:00 UTC 2026,2.0831665,-6070641.56895,null,null,null,null,null,null,null,null,null,null
Thu Oct 22 20:00:00 UTC 2026,2.0831665,-6360754.56895,null,null,null,null,null,null,null,null,null,null
Thu Oct 22 21:00:00 UTC 2026,2.0831665,-6468199.56895,null,null,null,null,null,null,null,null,null,null
Thu Oct 22 22:00:00 UTC 2026,2.0831665,-6540971.56895,null,null,null,null,null,null,null,null,null,null
Thu Oct 22 23:00:00 UTC 2026,2.0831665,-6547551.56895,null,null,null,null,null,null,null,null,null,null
Fri Oct 23 00:00:00 UTC 2026,2.0831665,-6656170.56895,null,null,null,null,null,null,null,null,null,null
Fri Oct 23 01:00:00 UTC 2026,2.0831665,-6683028.56895,null,null,null,null,null,null,null,null,null,null
Fri Oct 23 02:00:00 UTC 2026,2.0831665,-6743627.56895,null,null,null,null,null,null,null,null,null,null
Fri Oct 23 03:00:00 UTC 2026,2.0831665,-6748865.56895,null,null,null,null,null,null,null,null,null,null
Fri Oct 23 04:00:00 UTC 2026,2.0831665,-6960107.56895,null,null,null,null,null,null,null,null,null,null
Fri Oct 23 05:00:00 UTC 2026,2.0831665,-6961408.56895,null,null,null,null,null,null,null,null,null,null
Fri Oct 23 06:00:00 UTC 2026,2.0831665,-6988115.56895,null,null,null,null,null,null,null,null,null,null
Fri Oct 23 07:00:00 UTC 2026,2.0831665,-6978509.56895,null,null,null,null,null,null,null,null,null,null
Fri Oct 23 08:00:00 UTC 2026,2.0831665,-7026668.56895,null,null,null,null,null,null,null,null,null,null
Fri Oct 23 09:00:00 UTC 2026,2.0831665,-6895542.56895,null,null,null,null,null,null,null,null,null,null
Fri Oct 23 10:00:00 UTC 2026,2.0831665,-7128824.56895,null,null,null,null,null,null,null,null,null,null
Fri Oct 23 11:00:00 UTC 2026,2.0831665,-7208324.56895,null,null,null,null,null,null,null,null,null,null
Fri Oct 23 12:00:00 UTC 2026,2.0831665,-7184945.56895,null,null,null,null,null,null,null,null,null,null
Fri Oct 23 13:00:00 UTC 2026,2.0831665,-7028425.56895,null,null,null,null,null,null,null,null,null,null
Fri Oct 23 14:00:00 UTC 2026,2.0831665,-7150164.56895,null,null,null,null,null,null,null,null,null,null
Fri Oct 23 15:00:00 UTC 2026,2.0831665,-7319302.56895,null,null,null,null,null,null,null,null,null,null
Fri Oct 23 16:00:00 UTC 2026,2.0831665,-7293434.56895,null,null,null,null,null,null,null,null,null,null
Fri Oct 23 17:00:00 UTC 2026,2.0831665,-7275440.56895,null,null,null,null,null,null,null,null,null,null
Fri Oct 23 18:00:00 UTC 2026,2.0831665,-7148876.56895,null,null,null,null,null,null,null,null,null,null
Fri Oct 23 19:00:00 UTC 2026,2.0831665,-7148217.56895,null,null,null,null,null,null,null,null,null,null
Fri Oct 23 20:00:00 UTC 2026,2.0831665,-7400705.56895,null,null,null,null,null,null,null,null,null,null
Fri Oct 23 21:00:00 UTC 2026,2.0831665,-7400705.56895,null,null,null,null,null,null,null,null,null,null
Fri Oct 23 22:00:00 UTC 2026,2.0831665,-7400705.56895,null,null,null,null,null,null,null,null,null,null
Fri Oct 23 23:00:00 UTC 2026,2.0831665,-7400705.56895,null,null,null,null,null,null,null,null,null,null
Sat Oct 24 00:00:00 UTC 2026,2.0831665,-7400705.56895,null,null,null,null,null,null,null,null,null,null
Sat Oct 24 01:00:00 UTC 2026,2.0831665,-7400705.56895,null,null,null,null,null,null,null,null,null,null
Sat Oct 24 02:00:00 UTC 2026,2.0831665,-7400705.56895,null,null,null,null,null,null,null,null,null,null
Sat Oct 24 03:00:00 UTC 2026,2.0831665,-7400705.56895,null,null,null,null,null,null,null,null,null,null
Sat Oct 24 04:00:00 UTC 2026,2.0831665,-7400705.56895,null,null,null,null,null,null,null,null,null,null
Sat Oct 24 05:00:00 UTC 2026,2.0831665,-7400705.56895,null,null,null,null,null,null,null,null,null,null
Sat Oct 24 06:00:00 UTC 2026,2.0831665,-7400705.56895,null,null,null,null,null,null,null,null,null,null
Sat Oct 24 07:00:00 UTC 2026,2.0831665,-7400705.56895,null,null,null,null,null,null,null,null,null,null
Sat Oct 24 08:00:00 UTC 2026,2.0831665,-7400705.56895,null,null,null,null,null,null,null,null,null,null
Sat Oct 24 09:00:00 UTC 2026,2.0831665,-7400705.56895,null,null,null,null,null,null,null,null,null,null
Sat Oct 24 10:00:00 UTC 2026,2.0831665,-7400705.56895,null,null,null,null,null,null,null,null,null,null
Sat Oct 24 11:00:00 UTC 2026,2.0831665,-7400705.56895,null,null,null,null,null,null,null,null,null,null
Sat Oct 24 12:00:00 UTC 2026,2.0831665,-7400705.56895,null,null,null,null,null,null,null,null,null,null
Sat Oct 24 13:00:00 UTC 2026,2.0831665,-7400705.56895,null,null,null,null,null,null,null,null,null,null
Sat Oct 24 14:00:00 UTC 2026,2.0831665,-7400705.56895,null,null,null,null,null,null,null,null,null,null
Sat Oct 24 15:00:00 UTC 2026,2.0831665,-7400705.56895,null,null,null,null,null,null,null,null,null,null
Sat Oct 24 16:00:00 UTC 2026,2.0831665,-7400705.56895,null,null,null,null,null,null,null,null,null,null
Sat Oct 24 17:00:00 UTC 2026,2.0831665,-7400705.56895,null,null,null,null,null,null,null,null,null,null
Sat Oct 24 18:00:00 UTC 2026,2.0831665,-7400705.56895,null,null,null,null,null,null,null,null,null,null
Sat Oct 24 19:00:00 UTC 2026,2.0831665,-7400705.56895,null,null,null,null,null,null,null,null,null,null
Sat Oct 24 20:00:00 UTC 2026,2.0831665,-7400705.56895,null,null,null,null,null,null,null,null,null,null
Sat Oct 24 21:00:00 UTC 2026,2.0831665,-7400705.56895,null,null,null,null,null,null,null,null,null,null
Sat Oct 24 22:00:00 UTC 2026,2.0831665,-7400705.56895,null,null,null,null,null,null,null,null,null,null
Sat Oct 24 23:00:00 UTC 2026,2.0831665,-7400705.56895,null,null,null,null,null,null,null,null,null,null
Sun Oct 25 00:00:00 UTC 2026,2.0831665,-7400705.56895,null,null,null,null,null,null,null,null,null,null
Sun Oct 25 01:00:00 UTC 2026,2.0831665,-7400705.56895,null,null,null,null,null,null,null,null,null,null
Sun Oct 25 02:00:00 UTC 2026,2.0831665,-7400705.56895,null,null,null,null,null,null,null,null,null,null
Sun Oct 25 03:00:00 UTC 2026,2.0831665,-7400705.56895,null,null,null,null,null,null,null,null,null,null
Sun Oct 25 04:00:00 UTC 2026,2.0831665,-7400705.56895,null,null,null,null,null,null,null,null,null,null
Sun Oct 25 05:00:00 UTC 2026,2.0831665,-7400705.56895,null,null,null,null,null,null,null,null,null,null
Sun Oct 25 06:00:00 UTC 2026,2.0831665,-7400705.56895,null,null,null,null,null,null,null,null,null,null
Sun Oct 25 07:00:00 UTC 2026,2.0831665,-7400705.56895,null,null,null,null,null,null,null,null,null,null
Sun Oct 25 08:00:00 UTC 2026,2.0831665,-7400705.56895,null,null,null,null,null,null,null,null,null,null
Sun Oct 25 09:00:00 UTC 2026,2.0831665,-7400705.56895,null,null,null,null,null,null,null,null,null,null
Sun Oct 25 10:00:00 UTC 2026,2.0831665,-7400705.56895,null,null,null,null,null,null,null,null,null,null
Sun Oct 25 11:00:00 UTC 2026,2.0831665,-7400705.56895,null,null,null,null,null,null,null,null,null,null
Sun Oct 25 12:00:00 UTC 2026,2.0831665,-7400705.56895,null,null,null,null,null,null,null,null,null,null
Sun Oct 25 13:00:00 UTC 2026,2.0831665,-7400705.56895,null,null,null,null,null,null,null,null,null,null
Sun Oct 25 14:00:00 UTC 2026,2.0831665,-7400705.56895,null,null,null,null,null,null,null,null,null,null
Sun Oct 25 15:00:00 UTC 2026,2.0831665,-7400705.56895,null,null,null,null,null,null,null,null,null,null
Sun Oct 25 16:00:00 UTC 2026,2.0831665,-7400705.56895,null,null,null,null,null,null,null,null,null,null
Sun Oct 25 17:00:00 UTC 2026,2.0831665,-7400705.56895,null,null,null,null,null,null,null,null,null,null
Sun Oct 25 18:00:00 UTC 2026,2.0831665,-7400705.56895,null,null,null,null,null,null,null,null,null,null
Sun Oct 25 19:00:00 UTC 2026,2.0831665,-7400705.56895,null,null,null,null,null,null,null,null,null,null
Sun Oct 25 20:00:00 UTC 2026,2.0831665,-7400705.56895,null,null,null,null,null,null,null,null,null,null
Sun Oct 25 21:00:00 UTC 2026,2.0831665,-7561030.56895,null,null,null,null,null,null,null,null,null,null
Sun Oct 25 22:00:00 UTC 2026,2.0831665,-7548089.56895,null,null,null,null,null,null,null,null,null,null
Sun Oct 25 23:00:00 UTC 2026,2.0831665,-7494754.56895,null,null,null,null,null,null,null,null,null,null
Mon Oct 26 00:00:00 UTC 2026,2.0831665,-7412025.56895,null,null,null,null,null,null,null,null,null,null
Mon Oct 26 01:00:00 UTC 2026,2.0831665,-7305638.56895,null,null,null,null,null,null,null,null,null,null
Mon Oct 26 02:00:00 UTC 2026,2.0831665,-7293916.56895,null,null,null,null,null,null,null,null,null,null
Mon Oct 26 03:00:00 UTC 2026,2.0831665,-7264524.56895,null,null,null,null,null,null,null,null,null,null
Mon Oct 26 04:00:00 UTC 2026,2.0831665,-7353848.56895,null,null,null,null,null,null,null,null,null,null
Mon Oct 26 05:00:00 UTC 2026,2.0831665,-7294420.56895,null,null,null,null,null,null,null,null,null,null
Mon Oct 26 06:00:00 UTC 2026,2.0831665,-7302704.56895,null,null,null,null,null,null,null,null,null,null
Mon Oct 26 07:00:00 UTC 2026,2.0831665,-7293128.56895,null,null,null,null,null,null,null,null,null,null
Mon Oct 26 08:00:00 UTC 2026,2.0831665,-7362791.56895,null,null,null,null,null,null,null,null,null,null
Mon Oct 26 09:00:00 UTC 2026,2.0831665,-7370679.56895,null,null,null,null,null,null,null,null,null,null
Mon Oct 26 10:00:00 UTC 2026,2.0831665,-7446719.56895,null,null,null,null,null,null,null,null,null,null
Mon Oct 26 11:00:00 UTC 2026,2.0831665,-7397179.56895,null,null,null,null,null,null,null,null,null,null
Mon Oct 26 12:00:00 UTC 2026,2.0831665,-7409961.56895,null,null,null,null,null,null,null,null,null,null
Mon Oct 26 13:00:00 UTC 2026,2.0831665,-7420545.56895,null,null,null,null,null,null,null,null,null,null
Mon Oct 26 14:00:00 UTC 2026,2.0831665,-7402079.56895,null,null,null,null,null,null,null,null,null,null
Mon Oct 26 15:00:00 UTC 2026,2.0831665,-7377790.56895,null,null,null,null,null,null,null,null,null,null
Mon Oct 26 16:00:00 UTC 2026,2.0831665,-7360413.56895,null,null,null,null,null,null,null,null,null,null
Mon Oct 26 17:00:00 UTC 2026,2.0831665,-7408015.56895,null,null,null,null,null,null,null,null,null,null
Mon Oct 26 18:00:00 UTC 2026,2.0831665,-7406107.56895,null,null,null,null,null,null,null,null,null,null
Mon Oct 26 19:00:00 UTC 2026,2.0831665,-7407338.56895,null,null,null,null,null,null,null,null,null,null
Mon Oct 26 20:00:00 UTC 2026,2.0831665,-7477307.56895,null,null,null,null,null,null,null,null,null,null
Mon Oct 26 21:00:00 UTC 2026,2.0831665,-7531842.56895,null,null,null,null,null,null,null,null,null,null
Mon Oct 26 22:00:00 UTC 2026,2.0831665,-7407990.56895,null,null,null,null,null,null,null,null,null,null
Mon Oct 26 23:00:00 UTC 2026,2.0831665,-7408214.56895,null,null,null,null,null,null,null,null,null,null
Tue Oct 27 00:00:00 UTC 2026,2.0831665,-7166969.56895,null,null,null,null,null,null,null,null,null,null
Tue Oct 27 01:00:00 UTC 2026,2.0831665,-7215690.56895,null,null,null,null,null,null,null,null,null,null
Tue Oct 27 02:00:00 UTC 2026,2.0831665,-7188297.56895,null,null,null,null,null,null,null,null,null,null
Tue Oct 27 03:00:00 UTC 2026,2.0831665,-7134178.56895,null,null,null,null,null,null,null,null,null,null
Tue Oct 27 04:00:00 UTC 2026,2.0831665,-7112301.56895,null,null,null,null,null,null,null,null,null,null
Tue Oct 27 05:00:00 UTC 2026,2.0831665,-7133753.56895,null,null,null,null,null,null,null,null,null,null
Tue Oct 27 06:00:00 UTC 2026,2.0831665,-7067084.56895,null,null,null,null,null,null,null,null,null,null
Tue Oct 27 07:00:00 UTC 2026,2.0831665,-7060903.56895,null,null,null,null,null,null,null,null,null,null
Tue Oct 27 08:00:00 UTC 2026,2.0831665,-6535309.56895,null,null,null,null,null,null,null,null,null,null
Tue Oct 27 09:00:00 UTC 2026,2.0831665,-6539368.56895,null,null,null,null,null,null,null,null,null,null
Tue Oct 27 10:00:00 UTC 2026,2.0831665,-6536171.56895,null,null,null,null,null,null,null,null,null,null
Tue Oct 27 11:00:00 UTC 2026,2.0831665,-6537818.56895,null,null,null,null,null,null,null,null,null,null
Tue Oct 27 12:00:00 UTC 2026,2.0831665,-6548211.56895,null,null,null,null,null,null,null,null,null,null
Tue Oct 27 13:00:00 UTC 2026,2.0831665,-6547345.56895,null,null,null,null,null,null,null,null,null,null
Tue Oct 27 14:00:00 UTC 2026,2.0831665,-6547594.56895,null,null,null,null,null,null,null,null,null,null
Tue Oct 27 15:00:00 UTC 2026,2.0831665,-6558077.56895,null,null,null,null,null,null,null,null,null,null
Tue Oct 27 16:00:00 UTC 2026,2.0831665,-6553898.56895,null,null,null,null,null,null,null,null,null,null
Tue Oct 27 17:00:00 UTC 2026,2.0831665,-6561836.56895,null,null,null,null,null,null,null,null,null,null
Tue Oct 27 18:00:00 UTC 2026,2.0831665,-6559983.56895,null,null,null,null,null,null,null,null,null,null
Tue Oct 27 19:00:00 UTC 2026,2.0831665,-6558474.56895,null,null,null,null,null,null,null,null,null,null
Tue Oct 27 20:00:00 UTC 2026,2.0831665,-6561512.56895,null,null,null,null,null,null,null,null,null,null
Tue Oct 27 21:00:00 UTC 2026,2.0831665,-6563764.56895,null,null,null,null,null,null,null,null,null,null
Tue Oct 27 22:00:00 UTC 2026,2.0831665,-6560073.56895,null,null,null,null,null,null,null,null,null,null
Tue Oct 27 23:00:00 UTC 2026,2.0831665,-6567404.56895,null,null,null,null,null,null,null,null,null,null
Wed Oct 28 00:00:00 UTC 2026,2.0831665,-6565260.56895,null,null,null,null,null,null,null,null,null,null
Wed Oct 28 01:00:00 UTC 2026,2.0831665,-6566518.56895,null,null,null,null,null,null,null,null,null,null
Wed Oct 28 02:00:00 UTC 2026,2.0831665,-6568432.56895,null,null,null,null,null,null,null,null,null,null
Wed Oct 28 03:00:00 UTC 2026,2.0831665,-6564165.56895,null,null,null,null,null,null,null,null,null,null
