date,P_Kweek_39_Kday_0_ETE_60_ORD_61_EXT_64_E2Ekor_75_EXTkor_64_DIFF_25,a,b,c,d,e,f,g,h,i,j
Wed Sep 30 09:00:00 UTC 2026,-590.4354059666805,1.6441500000000246,-765.419679787234,null,null,-465.41967978723403,480.14414999999997,null,680.14415,780.1441500000001
Wed Sep 30 10:00:00 UTC 2026,-556.0376261332062,90.64415000000002,-771.5175521276597,null,null,-471.51755212765954,449.19415,null,649.19415,749.1941500000001
Wed Sep 30 11:00:00 UTC 2026,-547.4381811748258,73.64415000000002,-777.615424468085,null,null,-477.61542446808505,418.24415,null,618.24415,718.24415
Wed Sep 30 12:00:00 UTC 2026,-593.6601978260671,9.644150000000025,-783.7132968085106,null,null,-483.71329680851045,387.29415000000006,null,587.2941500000001,687.2941500000002
Wed Sep 30 13:00:00 UTC 2026,-527.0144993987019,-88.35584999999998,-789.8111691489361,null,null,-489.811169148936,356.34415000000007,null,556.3441500000001,656.34415
Wed Sep 30 14:00:00 UTC 2026,-597.9599203052574,20.644150000000025,-795.9090414893616,null,null,-495.9090414893616,325.39415,null,525.39415,625.3941500000001
Wed Sep 30 15:00:00 UTC 2026,-589.3604753469008,16.644150000000025,-802.0069138297871,null,null,-502.00691382978715,294.44415,null,494.44415,594.4441500000001
Wed Sep 30 16:00:00 UTC 2026,-396.94789440331033,37.644150000000025,-808.1047861702126,null,null,-508.1047861702127,263.49415,null,463.49415,563.49415
Wed Sep 30 17:00:00 UTC 2026,-269.0311506475498,108.64415000000002,-814.2026585106382,null,null,-514.2026585106381,232.54415000000003,null,432.54415000000006,532.5441500000002
Wed Sep 30 18:00:00 UTC 2026,-190.5612154023935,74.64415000000002,-820.3005308510637,null,null,-520.3005308510637,201.59415000000007,null,401.59415000000007,501.59415000000007
Wed Sep 30 19:00:00 UTC 2026,-58.34474916741874,81.64415000000002,-826.3984031914893,null,null,-526.3984031914893,170.64415000000002,null,370.64415,470.6441500000001
Wed Sep 30 20:00:00 UTC 2026,9.375879879750073,113.64415000000002,-832.4962755319148,null,null,-532.4962755319149,139.69414999999998,null,339.69415,439.6941500000001
Wed Sep 30 21:00:00 UTC 2026,99.6700519426497,16.644150000000025,-838.5941478723404,null,null,-538.5941478723404,108.74414999999999,null,308.74415,408.74415000000005
Wed Sep 30 22:00:00 UTC 2026,46.99845157263485,-34.355849999999975,-844.6920202127659,null,null,-544.6920202127659,77.79415000000006,null,277.79415000000006,377.7941500000001
Wed Sep 30 23:00:00 UTC 2026,113.64415000000008,-78.35584999999998,-850.7898925531915,null,null,-550.7898925531914,46.84415000000007,null,246.84415000000007,346.8441500000001
Thu Oct 01 00:00:00 UTC 2026,16.900394218326937,-293.35585000000003,-856.8877648936169,null,null,-556.8877648936169,15.894150000000025,null,215.89415000000002,315.8941500000001
Thu Oct 01 01:00:00 UTC 2026,4.001226780756269,-233.35585000000003,-862.9856372340424,null,null,-562.9856372340425,-15.055849999999964,null,184.94415000000004,284.94415000000004
Thu Oct 01 02:00:00 UTC 2026,-173.36232548565636,-252.35585000000003,-869.083509574468,null,null,-569.0835095744679,-46.00584999999995,null,153.99415000000005,253.99415000000005
Thu Oct 01 03:00:00 UTC 2026,-176.5871173450431,-259.35585000000003,-875.1813819148936,null,null,-575.1813819148936,-76.95584999999994,null,123.04415000000006,223.04415000000012
Thu Oct 01 04:00:00 UTC 2026,-167.98767238666267,-296.35585000000003,-881.2792542553191,null,null,-581.2792542553191,-107.90584999999993,null,92.09415000000007,192.09415000000013
Thu Oct 01 05:00:00 UTC 2026,-205.61024407954744,-284.35585000000003,-887.3771265957446,null,null,-587.3771265957447,-138.85584999999995,null,61.14415000000005,161.14415000000008
Thu Oct 01 06:00:00 UTC 2026,-262.5815669287524,-283.35585000000003,-893.4749989361701,null,null,-593.4749989361701,-169.80584999999996,null,30.194150000000036,130.1941500000001
Thu Oct 01 07:00:00 UTC 2026,-200.23559098055364,-262.35585000000003,-899.5728712765956,null,null,-599.5728712765956,-200.75584999999995,null,-0.7558499999999526,99.24415000000009
Thu Oct 01 08:00:00 UTC 2026,-185.18656230342356,-264.35585000000003,-905.6707436170212,null,null,-605.6707436170212,-231.7058499999999,null,-31.705849999999913,68.29415000000007
Thu Oct 01 09:00:00 UTC 2026,-194.8609378815837,-215.35585000000003,-911.7686159574466,null,null,-611.7686159574466,-262.65584999999993,null,-62.65584999999993,37.344150000000084
Thu Oct 01 10:00:00 UTC 2026,-190.5612154023935,-156.35585000000003,-917.8664882978723,null,null,-617.8664882978723,-293.6058499999999,null,-93.60584999999993,6.3941500000000815
Thu Oct 01 11:00:00 UTC 2026,-131.44003131358136,-300.35585000000003,-923.9643606382978,null,null,-623.9643606382978,-324.55584999999996,null,-124.55584999999994,-24.55584999999992
Thu Oct 01 12:00:00 UTC 2026,-219.5843421368977,-215.35585000000003,-930.0622329787234,null,null,-630.0622329787234,-355.50584999999995,null,-155.50584999999995,-55.50584999999991
Thu Oct 01 13:00:00 UTC 2026,-288.3799018038701,-818.3558499999999,-936.1601053191488,null,null,-636.1601053191488,-386.4558499999999,null,-186.45584999999988,-86.45584999999991
Thu Oct 01 14:00:00 UTC 2026,-249.68239949120573,-688.3558499999999,-942.2579776595744,null,null,-642.2579776595744,-417.40584999999993,null,-217.4058499999999,-117.4058499999999
Thu Oct 01 15:00:00 UTC 2026,-333.52698783533185,-1048.35585,-948.3558499999999,null,null,-648.3558499999999,-448.3558499999999,null,-248.35584999999992,-148.35584999999992
Thu Oct 01 16:00:00 UTC 2026,-386.1985882053467,-737.3558499999999,null,null,null,-641.5421617870722,null,null,null,-140.49751666666657
Thu Oct 01 17:00:00 UTC 2026,-188.4113541628102,-728.3558499999999,null,null,null,-634.7284735741445,null,null,null,-132.63918333333325
Thu Oct 01 18:00:00 UTC 2026,-459.2938703515092,-759.3558499999999,null,null,null,-627.9147853612167,null,null,null,-124.7808499999999
Thu Oct 01 19:00:00 UTC 2026,-750.6000683163559,-636.35585,null,null,null,-621.1010971482889,null,null,null,-116.9225166666666
Thu Oct 01 20:00:00 UTC 2026,-826.9201423219052,-598.35585,null,null,null,-614.2874089353611,null,null,null,-109.06418333333326
Thu Oct 01 21:00:00 UTC 2026,-611.9340183626077,-488.35585000000003,null,null,null,-607.4737207224334,null,null,null,-101.20584999999991
Thu Oct 01 22:00:00 UTC 2026,-400.1726862627211,-440.35585000000003,null,null,null,-600.6600325095056,null,null,null,-93.34751666666659
Thu Oct 01 23:00:00 UTC 2026,-557.1125567529859,-445.35585000000003,null,null,null,-593.8463442965779,null,null,null,-85.48918333333324
Fri Oct 02 00:00:00 UTC 2026,-500.14123390378074,-222.35585000000003,null,null,null,-587.0326560836502,null,null,null,-77.63084999999992
Fri Oct 02 01:00:00 UTC 2026,-745.225415217386,-275.35585000000003,null,null,null,-580.2189678707224,null,null,null,-69.77251666666658
Fri Oct 02 02:00:00 UTC 2026,-955.9118166974932,-268.35585000000003,null,null,null,-573.4052796577946,null,null,null,-61.91418333333324
Fri Oct 02 03:00:00 UTC 2026,-1031.156960083239,-312.35585000000003,null,null,null,-566.5915914448668,null,null,null,-54.05584999999992
Fri Oct 02 04:00:00 UTC 2026,-1048.35585,-355.35585000000003,null,null,null,-559.7779032319391,null,null,null,-46.19751666666659
Fri Oct 02 05:00:00 UTC 2026,-993.534388390378,-365.35585000000003,null,null,null,-552.9642150190112,null,null,null,-38.33918333333325
Fri Oct 02 06:00:00 UTC 2026,-920.4391062442154,-372.35585000000003,null,null,null,-546.1505268060836,null,null,null,-30.48084999999992
Fri Oct 02 07:00:00 UTC 2026,-947.3123717391127,-407.35585000000003,null,null,null,-539.3368385931558,null,null,null,-22.622516666666584
Fri Oct 02 08:00:00 UTC 2026,-940.8627880203393,-330.35585000000003,null,null,null,-532.5231503802281,null,null,null,-14.76418333333325
Fri Oct 02 09:00:00 UTC 2026,-922.5889674837987,-312.35585000000003,null,null,null,-525.7094621673002,null,null,null,-6.90584999999993
Fri Oct 02 10:00:00 UTC 2026,-904.315146947258,-428.35585000000003,null,null,null,-518.8957739543727,null,null,null,0.9524833333334044
Fri Oct 02 11:00:00 UTC 2026,-1003.2087639685382,-422.35585000000003,null,null,null,-512.0820857414448,null,null,null,8.810816666666739
Fri Oct 02 12:00:00 UTC 2026,-1004.2836945883416,-490.35585000000003,null,null,null,-505.268397528517,null,null,null,16.669150000000073
Fri Oct 02 13:00:00 UTC 2026,-897.8655632284846,-393.35585000000003,null,null,null,-498.4547093155892,null,null,null,24.527483333333407
Fri Oct 02 14:00:00 UTC 2026,-783.9229175300504,-404.35585000000003,null,null,null,-491.6410211026615,null,null,null,32.385816666666756
Fri Oct 02 15:00:00 UTC 2026,-776.3984031914736,-454.35585000000003,null,null,null,-484.8273328897337,null,null,null,40.24415000000009
Fri Oct 02 16:00:00 UTC 2026,-808.6463217853645,-314.35585000000003,null,null,null,-478.01364467680605,null,null,null,48.102483333333424
Fri Oct 02 17:00:00 UTC 2026,-708.6777741443047,-364.35585000000003,null,null,null,-471.19995646387827,null,null,null,55.96081666666676
Fri Oct 02 18:00:00 UTC 2026,-701.1532598057278,-309.35585000000003,null,null,null,-464.3862682509505,null,null,null,63.81915000000008
Fri Oct 02 19:00:00 UTC 2026,-793.5972931082345,-263.35585000000003,null,null,null,-457.57258003802275,null,null,null,71.67748333333341
Fri Oct 02 20:00:00 UTC 2026,-760.2744438945399,-268.35585000000003,null,null,null,-450.758891825095,null,null,null,79.53581666666675
Fri Oct 02 21:00:00 UTC 2026,-784.997848149854,-268.35585000000003,null,null,null,-443.94520361216723,null,null,null,87.39415000000008
Fri Oct 02 22:00:00 UTC 2026,-820.4705586031318,-268.35585000000003,null,null,null,-437.13151539923945,null,null,null,95.25248333333342
Fri Oct 02 23:00:00 UTC 2026,-522.7147769195117,-268.35585000000003,null,null,null,-430.31782718631166,null,null,null,103.11081666666675
Sat Oct 03 00:00:00 UTC 2026,-432.42060485661204,-268.35585000000003,null,null,null,-423.504138973384,null,null,null,110.96915000000008
Sat Oct 03 01:00:00 UTC 2026,-331.3771265957247,-268.35585000000003,null,null,null,-416.6904507604562,null,null,null,118.8274833333334
Sat Oct 03 02:00:00 UTC 2026,-568.936793570753,-268.35585000000003,null,null,null,-409.8767625475284,null,null,null,126.68581666666677
Sat Oct 03 03:00:00 UTC 2026,-519.4899850601249,-268.35585000000003,null,null,null,-403.0630743346006,null,null,null,134.54415000000006
Sat Oct 03 04:00:00 UTC 2026,-507.6657482423577,-268.35585000000003,null,null,null,-396.24938612167296,null,null,null,142.40248333333344
Sat Oct 03 05:00:00 UTC 2026,-468.96824592969324,-268.35585000000003,null,null,null,-389.4356979087452,null,null,null,150.26081666666673
Sat Oct 03 06:00:00 UTC 2026,-399.0977556429174,-268.35585000000003,null,null,null,-382.6220096958174,null,null,null,158.11915000000005
Sat Oct 03 07:00:00 UTC 2026,-451.76935601293223,-268.35585000000003,null,null,null,-375.80832148288965,null,null,null,165.97748333333342
Sat Oct 03 08:00:00 UTC 2026,-430.270743617005,-268.35585000000003,null,null,null,-368.9946332699619,null,null,null,173.83581666666674
Sat Oct 03 09:00:00 UTC 2026,-432.42060485661204,-268.35585000000003,null,null,null,-362.180945057034,null,null,null,181.69415000000004
Sat Oct 03 10:00:00 UTC 2026,-431.34567423680846,-268.35585000000003,null,null,null,-355.36725684410646,null,null,null,189.55248333333338
Sat Oct 03 11:00:00 UTC 2026,-456.06907849212257,-268.35585000000003,null,null,null,-348.5535686311786,null,null,null,197.41081666666673
Sat Oct 03 12:00:00 UTC 2026,-456.06907849212257,-268.35585000000003,null,null,null,-341.7398804182509,null,null,null,205.26915000000008
Sat Oct 03 13:00:00 UTC 2026,-456.06907849212257,-268.35585000000003,null,null,null,-334.92619220532305,null,null,null,213.12748333333343
Sat Oct 03 14:00:00 UTC 2026,-458.2189397317296,-268.35585000000003,null,null,null,-328.11250399239543,null,null,null,220.98581666666678
Sat Oct 03 15:00:00 UTC 2026,-458.2189397317296,-268.35585000000003,null,null,null,-321.2988157794676,null,null,null,228.84415000000013
Sat Oct 03 16:00:00 UTC 2026,-458.2189397317296,-268.35585000000003,null,null,null,-314.48512756653986,null,null,null,236.70248333333342
Sat Oct 03 17:00:00 UTC 2026,-457.14400911192604,-268.35585000000003,null,null,null,-307.67143935361213,null,null,null,244.56081666666674
Sat Oct 03 18:00:00 UTC 2026,-454.99414787234286,-268.35585000000003,null,null,null,-300.8577511406843,null,null,null,252.41915000000012
Sat Oct 03 19:00:00 UTC 2026,-458.2189397317296,-268.35585000000003,null,null,null,-294.04406292775656,null,null,null,260.2774833333334
Sat Oct 03 20:00:00 UTC 2026,-458.2189397317296,-268.35585000000003,null,null,null,-287.2303747148288,null,null,null,268.13581666666676
Sat Oct 03 21:00:00 UTC 2026,-458.2189397317296,-268.35585000000003,null,null,null,-280.4166865019011,null,null,null,275.99415000000005
Sat Oct 03 22:00:00 UTC 2026,-454.99414787234286,-268.35585000000003,null,null,null,-273.60299828897325,null,null,null,283.85248333333345
Sat Oct 03 23:00:00 UTC 2026,-448.5445641535456,-268.35585000000003,null,null,null,-266.7893100760456,null,null,null,291.71081666666674
Sun Oct 04 00:00:00 UTC 2026,-443.16991105457566,-268.35585000000003,null,null,null,-259.9756218631178,null,null,null,299.56915000000004
Sun Oct 04 01:00:00 UTC 2026,-435.6453967159987,-268.35585000000003,null,null,null,-253.16193365019,null,null,null,307.4274833333334
Sun Oct 04 03:00:00 UTC 2026,-444.24484167435526,-268.35585000000003,null,null,null,-246.34824543726222,null,null,null,315.28581666666673
Sun Oct 04 04:00:00 UTC 2026,-460.3688009713128,-268.35585000000003,null,null,null,-239.53455722433455,null,null,null,323.1441500000001
Sun Oct 04 05:00:00 UTC 2026,-488.31699708601354,-268.35585000000003,null,null,null,-232.72086901140676,null,null,null,331.0024833333334
Sun Oct 04 06:00:00 UTC 2026,-450.69442539315264,-268.35585000000003,null,null,null,-225.90718079847898,null,null,null,338.8608166666668
Sun Oct 04 07:00:00 UTC 2026,-450.69442539315264,-268.35585000000003,null,null,null,-219.0934925855512,null,null,null,346.7191500000001
Sun Oct 04 08:00:00 UTC 2026,-450.69442539315264,-268.35585000000003,null,null,null,-212.27980437262352,null,null,null,354.5774833333334
Sun Oct 04 09:00:00 UTC 2026,-450.69442539315264,-268.35585000000003,null,null,null,-205.46611615969573,null,null,null,362.4358166666667
Sun Oct 04 10:00:00 UTC 2026,1.32398,-268.35585000000003,null,null,null,null,-198.652427946768,null,null,null,null,370.29415000000006
Sun Oct 04 11:00:00 UTC 2026,1.32398,-268.35585000000003,null,null,null,null,-191.8387397338402,null,null,null,null,378.1524833333334
Sun Oct 04 12:00:00 UTC 2026,1.32398,-268.35585000000003,null,null,null,null,-185.02505152091248,null,null,null,null,386.01081666666676
Sun Oct 04 13:00:00 UTC 2026,1.32398,-268.35585000000003,null,null,null,null,-178.2113633079847,null,null,null,null,393.86915000000005
Sun Oct 04 14:00:00 UTC 2026,1.32398,-268.35585000000003,null,null,null,null,-171.3976750950569,null,null,null,null,401.72748333333345
Sun Oct 04 15:00:00 UTC 2026,1.32398,-268.35585000000003,null,null,null,null,-164.58398688212924,null,null,null,null,409.58581666666674
Sun Oct 04 16:00:00 UTC 2026,1.32398,-268.35585000000003,null,null,null,null,-157.7702986692014,null,null,null,null,417.44415000000004
Sun Oct 04 17:00:00 UTC 2026,1.32398,-268.35585000000003,null,null,null,null,-150.95661045627367,null,null,null,null,425.3024833333334
Sun Oct 04 18:00:00 UTC 2026,1.32398,-268.35585000000003,null,null,null,null,-144.14292224334594,null,null,null,null,433.1608166666668
Sun Oct 04 19:00:00 UTC 2026,1.32398,-268.35585000000003,null,null,null,null,-137.3292340304182,null,null,null,null,441.0191500000001
Sun Oct 04 20:00:00 UTC 2026,1.32398,-268.35585000000003,null,null,null,null,-130.51554581749042,null,null,null,null,448.8774833333334
Sun Oct 04 21:00:00 UTC 2026,1.32398,-269.35585000000003,null,null,null,null,-123.70185760456269,null,null,null,null,456.7358166666668
Sun Oct 04 22:00:00 UTC 2026,1.32398,-302.35585000000003,null,null,null,null,-116.88816939163496,null,null,null,null,464.59415000000007
Sun Oct 04 23:00:00 UTC 2026,1.32398,-331.35585000000003,null,null,null,null,-110.07448117870712,null,null,null,null,472.4524833333335
Mon Oct 05 00:00:00 UTC 2026,1.32398,-336.35585000000003,null,null,null,null,-103.26079296577939,null,null,null,null,480.31081666666677
Mon Oct 05 01:00:00 UTC 2026,1.32398,-323.35585000000003,null,null,null,null,-96.4471047528516,null,null,null,null,488.1691500000002
Mon Oct 05 02:00:00 UTC 2026,1.32398,-214.35585000000003,null,null,null,null,-89.63341653992387,null,null,null,null,496.02748333333346
Mon Oct 05 03:00:00 UTC 2026,1.32398,-179.35585000000003,null,null,null,null,-82.81972832699614,null,null,null,null,503.8858166666667
Mon Oct 05 04:00:00 UTC 2026,1.32398,-192.35585000000003,null,null,null,null,-76.00604011406836,null,null,null,null,511.74415
Mon Oct 05 05:00:00 UTC 2026,1.32398,-310.35585000000003,null,null,null,null,-69.19235190114063,null,null,null,null,519.6024833333335
Mon Oct 05 06:00:00 UTC 2026,1.32398,-308.35585000000003,null,null,null,null,-62.37866368821278,null,null,null,null,527.4608166666667
Mon Oct 05 07:00:00 UTC 2026,1.32398,-247.35585000000003,null,null,null,null,-55.56497547528505,null,null,null,null,535.3191500000001
Mon Oct 05 08:00:00 UTC 2026,1.32398,-363.35585000000003,null,null,null,null,-48.75128726235738,null,null,null,null,543.1774833333334
Mon Oct 05 09:00:00 UTC 2026,1.32398,-254.35585000000003,null,null,null,null,-41.93759904942959,null,null,null,null,551.0358166666667
Mon Oct 05 10:00:00 UTC 2026,1.32398,-332.35585000000003,null,null,null,null,-35.12391083650181,null,null,null,null,558.8941500000001
Mon Oct 05 11:00:00 UTC 2026,1.32398,-414.35585000000003,null,null,null,null,-28.31022262357402,null,null,null,null,566.7524833333333
Mon Oct 05 12:00:00 UTC 2026,1.32398,-390.35585000000003,null,null,null,null,-21.496534410646348,null,null,null,null,574.6108166666668
Mon Oct 05 13:00:00 UTC 2026,1.32398,-286.35585000000003,null,null,null,null,-14.682846197718504,null,null,null,null,582.46915
Mon Oct 05 14:00:00 UTC 2026,1.32398,-296.35585000000003,null,null,null,null,-7.8691579847908315,null,null,null,null,590.3274833333335
Mon Oct 05 15:00:00 UTC 2026,1.32398,-195.35585000000003,null,null,null,null,-1.055469771863045,null,null,null,null,598.1858166666667
Mon Oct 05 16:00:00 UTC 2026,1.32398,-218.35585000000003,null,null,null,null,5.7582184410647415,null,null,null,null,606.0441500000002
Mon Oct 05 17:00:00 UTC 2026,1.32398,-386.35585000000003,null,null,null,null,12.571906653992471,null,null,null,null,613.9024833333334
Mon Oct 05 18:00:00 UTC 2026,1.32398,-348.35585000000003,null,null,null,null,19.385594866920258,null,null,null,null,621.7608166666668
Mon Oct 05 19:00:00 UTC 2026,1.32398,-353.35585000000003,null,null,null,null,26.199283079847987,null,null,null,null,629.61915
Mon Oct 05 20:00:00 UTC 2026,1.32398,-372.35585000000003,null,null,null,null,33.012971292775774,null,null,null,null,637.4774833333335
Mon Oct 05 21:00:00 UTC 2026,1.32398,-306.35585000000003,null,null,null,null,39.82665950570345,null,null,null,null,645.3358166666667
Mon Oct 05 22:00:00 UTC 2026,1.32398,-237.35585000000003,null,null,null,null,46.64034771863123,null,null,null,null,653.1941500000001
Mon Oct 05 23:00:00 UTC 2026,1.32398,-358.35585000000003,null,null,null,null,53.45403593155902,null,null,null,null,661.0524833333334
Tue Oct 06 00:00:00 UTC 2026,1.32398,-269.35585000000003,null,null,null,null,60.267724144486806,null,null,null,null,668.9108166666668
Tue Oct 06 01:00:00 UTC 2026,1.32398,-361.35585000000003,null,null,null,null,67.08141235741459,null,null,null,null,676.7691500000001
Tue Oct 06 02:00:00 UTC 2026,1.32398,-460.35585000000003,null,null,null,null,73.89510057034227,null,null,null,null,684.6274833333333
Tue Oct 06 03:00:00 UTC 2026,1.32398,-421.35585000000003,null,null,null,null,80.70878878327005,null,null,null,null,692.4858166666668
Tue Oct 06 04:00:00 UTC 2026,1.32398,-391.35585000000003,null,null,null,null,87.52247699619778,null,null,null,null,700.34415
Tue Oct 06 05:00:00 UTC 2026,1.32398,-398.35585000000003,null,null,null,null,94.33616520912557,null,null,null,null,708.2024833333335
Tue Oct 06 06:00:00 UTC 2026,1.32398,-425.35585000000003,null,null,null,null,101.14985342205335,null,null,null,null,716.0608166666667
Tue Oct 06 07:00:00 UTC 2026,1.32398,-344.35585000000003,null,null,null,null,107.96354163498108,null,null,null,null,723.9191500000002
Tue Oct 06 08:00:00 UTC 2026,1.32398,-424.35585000000003,null,null,null,null,114.77722984790876,null,null,null,null,731.7774833333334
Tue Oct 06 09:00:00 UTC 2026,1.32398,-323.35585000000003,null,null,null,null,121.5909180608366,null,null,null,null,739.6358166666668
Tue Oct 06 10:00:00 UTC 2026,1.32398,-364.35585000000003,null,null,null,null,128.4046062737644,null,null,null,null,747.49415
Tue Oct 06 11:00:00 UTC 2026,1.32398,-394.35585000000003,null,null,null,null,135.21829448669206,null,null,null,null,755.3524833333335
Tue Oct 06 12:00:00 UTC 2026,1.32398,-462.35585000000003,null,null,null,null,142.03198269961985,null,null,null,null,763.2108166666667
Tue Oct 06 13:00:00 UTC 2026,1.32398,-156.35585000000003,null,null,null,null,148.84567091254758,null,null,null,null,771.0691500000001
Tue Oct 06 14:00:00 UTC 2026,1.32398,-112.35584999999998,null,null,null,null,155.65935912547536,null,null,null,null,778.9274833333334
Tue Oct 06 15:00:00 UTC 2026,1.32398,-109.35584999999998,null,null,null,null,162.4730473384031,null,null,null,null,786.7858166666668
Tue Oct 06 16:00:00 UTC 2026,1.32398,-105.35584999999998,null,null,null,null,169.28673555133088,null,494.64415,null,null,794.6441500000001
Tue Oct 06 17:00:00 UTC 2026,1.32398,-119.35584999999998,null,null,null,null,176.1004237642586,null,455.1203404761905,null,null,null
Tue Oct 06 18:00:00 UTC 2026,1.32398,-232.35585000000003,null,null,null,null,182.9141119771864,null,415.596530952381,null,null,null
Tue Oct 06 19:00:00 UTC 2026,1.32398,-218.35585000000003,null,null,null,null,189.72780019011412,null,376.07272142857147,null,null,null
Tue Oct 06 20:00:00 UTC 2026,1.32398,-293.35585000000003,null,null,null,null,196.54148840304197,null,336.54891190476195,null,null,null
Tue Oct 06 21:00:00 UTC 2026,1.32398,-339.35585000000003,null,null,null,null,203.35517661596958,null,297.0251023809524,null,null,null
Tue Oct 06 22:00:00 UTC 2026,1.32398,-344.35585000000003,null,null,null,null,210.16886482889743,null,257.50129285714286,null,null,null
Tue Oct 06 23:00:00 UTC 2026,1.32398,-282.35585000000003,null,null,null,null,216.98255304182516,null,217.97748333333337,null,null,null
Wed Oct 07 00:00:00 UTC 2026,1.32398,-308.35585000000003,null,null,null,null,223.796241254753,null,178.45367380952388,null,null,null
Wed Oct 07 01:00:00 UTC 2026,1.32398,-427.35585000000003,null,null,null,null,230.60992946768062,null,138.92986428571433,null,null,null
Wed Oct 07 02:00:00 UTC 2026,1.32398,-502.35585000000003,null,null,null,null,237.42361768060846,null,99.40605476190484,null,null,null
Wed Oct 07 03:00:00 UTC 2026,1.32398,-457.35585000000003,null,null,null,null,244.2373058935362,null,59.882245238095294,null,null,null
Wed Oct 07 04:00:00 UTC 2026,1.32398,-445.35585000000003,null,null,null,null,251.05099410646386,null,20.358435714285775,null,null,null
Wed Oct 07 05:00:00 UTC 2026,1.32398,-461.35585000000003,null,null,null,null,257.8646823193917,null,-19.16537380952377,null,null,null
Wed Oct 07 06:00:00 UTC 2026,1.32398,-411.35585000000003,null,null,null,null,264.67837053231955,null,-58.68918333333326,null,null,null
Wed Oct 07 07:00:00 UTC 2026,1.32398,-425.35585000000003,null,null,null,null,271.4920587452472,null,-98.21299285714281,null,null,null
Wed Oct 07 08:00:00 UTC 2026,1.32398,-394.35585000000003,null,null,null,null,278.305746958175,null,-137.73680238095233,null,null,null
Wed Oct 07 09:00:00 UTC 2026,1.32398,-439.35585000000003,null,null,null,null,285.11943517110274,null,-177.26061190476184,null,null,null
Wed Oct 07 10:00:00 UTC 2026,1.32398,-408.35585000000003,null,null,null,null,291.9331233840305,null,-216.7844214285713,null,null,null
Wed Oct 07 11:00:00 UTC 2026,1.32398,-419.35585000000003,null,null,null,null,298.74681159695825,null,-256.3082309523809,null,null,null
Wed Oct 07 12:00:00 UTC 2026,1.32398,-707.3558499999999,null,null,null,null,305.56049980988604,null,-295.8320404761904,null,null,null
Wed Oct 07 13:00:00 UTC 2026,1.32398,-935.3558499999999,null,null,null,null,312.3741880228137,null,-335.3558499999999,null,null,null
Wed Oct 07 14:00:00 UTC 2026,1.32398,-475.35585000000003,null,null,null,null,319.18787623574144,null,null,null,null,null
Wed Oct 07 15:00:00 UTC 2026,1.32398,-738.3558499999999,null,null,null,null,326.0015644486693,null,null,null,null,null
Wed Oct 07 16:00:00 UTC 2026,1.32398,-226.35585000000003,null,null,null,null,332.81525266159707,null,null,null,null,null
Wed Oct 07 17:00:00 UTC 2026,1.32398,-194.35585000000003,null,null,null,null,339.6289408745249,null,null,null,null,null
Wed Oct 07 18:00:00 UTC 2026,1.32398,-92.35584999999998,null,null,null,null,346.4426290874525,null,null,null,null,null
Wed Oct 07 19:00:00 UTC 2026,1.32398,12.644150000000025,null,null,null,null,353.2563173003803,null,null,null,null,null
Wed Oct 07 20:00:00 UTC 2026,1.32398,48.644150000000025,null,null,null,null,360.0700055133081,null,null,null,null,null
Wed Oct 07 21:00:00 UTC 2026,1.32398,168.64415,null,null,null,null,366.88369372623583,null,null,null,null,null
Wed Oct 07 22:00:00 UTC 2026,1.32398,84.64415000000002,null,null,null,null,373.6973819391635,null,null,null,null,null
Wed Oct 07 23:00:00 UTC 2026,1.32398,83.64415000000002,null,null,null,null,380.51107015209135,null,null,null,null,null
Thu Oct 08 00:00:00 UTC 2026,1.32398,112.64415000000002,null,null,null,null,387.324758365019,null,null,null,null,null
Thu Oct 08 01:00:00 UTC 2026,1.32398,101.64415000000002,null,null,null,null,394.1384465779468,null,null,null,null,null
Thu Oct 08 02:00:00 UTC 2026,1.32398,216.64415,null,null,null,null,400.95213479087465,null,null,null,null,null
Thu Oct 08 03:00:00 UTC 2026,1.32398,161.64415,null,null,null,null,407.7658230038023,null,null,null,null,null
Thu Oct 08 04:00:00 UTC 2026,1.32398,156.64415,null,null,null,null,414.57951121673005,null,null,null,null,null
Thu Oct 08 05:00:00 UTC 2026,1.32398,182.64415,null,null,null,null,421.3931994296579,null,null,null,null,null
Thu Oct 08 06:00:00 UTC 2026,1.32398,201.64415,null,null,null,null,428.2068876425857,null,null,null,null,null
Thu Oct 08 07:00:00 UTC 2026,1.32398,190.64415,null,null,null,null,435.0205758555133,null,null,null,null,null
Thu Oct 08 08:00:00 UTC 2026,1.32398,210.64415,null,null,null,null,441.8342640684411,null,null,null,null,null
Thu Oct 08 09:00:00 UTC 2026,1.32398,285.64414999999997,null,null,null,null,448.64795228136893,null,null,null,null,null
Thu Oct 08 10:00:00 UTC 2026,1.32398,297.64414999999997,null,null,null,null,455.4616404942967,null,null,null,null,null
Thu Oct 08 11:00:00 UTC 2026,1.32398,290.64414999999997,null,null,null,null,462.27532870722445,null,null,null,null,null
Thu Oct 08 12:00:00 UTC 2026,1.32398,251.64415,null,null,null,null,469.0890169201521,null,null,null,null,null
Thu Oct 08 13:00:00 UTC 2026,1.32398,264.64414999999997,null,null,null,null,475.90270513307996,null,null,null,null,null
Thu Oct 08 14:00:00 UTC 2026,1.32398,308.64414999999997,null,null,null,null,482.71639334600764,null,null,null,null,null
Thu Oct 08 15:00:00 UTC 2026,1.32398,378.64415,null,null,null,null,489.5300815589354,null,978.6441500000001,1078.64415,null,null
Thu Oct 08 16:00:00 UTC 2026,1.32398,196.64415,null,null,null,null,496.3437697718633,null,934.9566500000001,1034.95665,null,null
Thu Oct 08 17:00:00 UTC 2026,1.32398,317.64414999999997,null,null,null,null,503.157457984791,null,891.2691500000001,991.2691500000001,null,null
Thu Oct 08 18:00:00 UTC 2026,1.32398,286.64414999999997,null,null,null,null,509.97114619771867,null,847.5816500000001,947.5816500000001,null,null
Thu Oct 08 19:00:00 UTC 2026,1.32398,211.64415,null,null,null,null,516.7848344106465,null,803.8941500000001,903.8941500000001,null,null
Thu Oct 08 20:00:00 UTC 2026,1.32398,211.64415,null,null,null,null,523.5985226235744,null,760.2066500000001,860.2066500000001,null,null
Thu Oct 08 21:00:00 UTC 2026,1.32398,189.64415,null,null,null,null,530.4122108365019,null,716.5191500000001,816.5191500000001,null,null
Thu Oct 08 22:00:00 UTC 2026,1.32398,195.64415,null,null,null,null,537.2258990494297,null,672.8316500000001,772.8316500000001,null,null
Thu Oct 08 23:00:00 UTC 2026,1.32398,63.644150000000025,null,null,null,null,544.0395872623576,null,629.1441500000001,729.1441500000001,null,null
Fri Oct 09 00:00:00 UTC 2026,1.32398,143.64415,null,null,null,null,550.8532754752853,null,585.4566500000001,685.4566500000001,null,null
Fri Oct 09 01:00:00 UTC 2026,1.32398,135.64415,null,null,null,null,557.6669636882131,null,541.7691500000001,641.7691500000001,null,null
Fri Oct 09 02:00:00 UTC 2026,1.32398,244.64415,null,null,null,null,564.4806519011407,null,498.08164999999997,598.0816500000001,null,null
Fri Oct 09 03:00:00 UTC 2026,1.32398,187.64415,null,null,null,null,571.2943401140685,null,454.39414999999997,554.39415,null,null
Fri Oct 09 04:00:00 UTC 2026,1.32398,169.64415,null,null,null,null,578.1080283269962,null,410.70664999999997,510.70664999999997,null,null
Fri Oct 09 05:00:00 UTC 2026,1.32398,146.64415,null,null,null,null,584.9217165399241,null,367.01914999999997,467.01914999999997,null,null
Fri Oct 09 06:00:00 UTC 2026,1.32398,78.64415000000002,null,null,null,null,591.7354047528519,null,323.33164999999997,423.33164999999997,null,null
Fri Oct 09 07:00:00 UTC 2026,1.32398,-320.35585000000003,null,null,null,null,598.5490929657794,null,279.64414999999997,379.64414999999997,null,null
Fri Oct 09 08:00:00 UTC 2026,1.32398,-135.35585000000003,null,null,null,null,605.3627811787073,null,null,null,null,null
Fri Oct 09 09:00:00 UTC 2026,1.32398,-83.35584999999998,null,null,null,null,612.1764693916351,null,null,null,null,null
Fri Oct 09 10:00:00 UTC 2026,1.32398,-111.35584999999998,null,null,null,null,618.9901576045629,null,null,null,null,null
Fri Oct 09 11:00:00 UTC 2026,1.32398,-35.355849999999975,null,null,null,null,625.8038458174905,null,null,null,null,null
Fri Oct 09 12:00:00 UTC 2026,1.32398,-26.355849999999975,null,null,null,null,632.6175340304183,null,null,null,null,null
Fri Oct 09 13:00:00 UTC 2026,1.32398,21.644150000000025,null,null,null,null,639.4312222433462,null,null,null,null,null
Fri Oct 09 14:00:00 UTC 2026,1.32398,-15.355849999999975,null,null,null,null,646.2449104562738,null,null,null,null,null
Fri Oct 09 15:00:00 UTC 2026,1.32398,-6.355849999999975,null,null,null,null,653.0585986692016,null,null,null,null,null
Fri Oct 09 16:00:00 UTC 2026,1.32398,29.644150000000025,null,null,null,null,659.8722868821294,null,null,null,null,null
Fri Oct 09 17:00:00 UTC 2026,1.32398,293.64414999999997,null,null,null,null,666.6859750950571,null,893.64415,null,null,null
Fri Oct 09 18:00:00 UTC 2026,1.32398,-6.355849999999975,null,null,null,null,673.4996633079849,null,653.64415,null,null,null
Fri Oct 09 19:00:00 UTC 2026,1.32398,-186.35585000000003,null,null,null,null,680.3133515209126,null,413.64414999999997,null,null,null
Fri Oct 09 20:00:00 UTC 2026,1.32398,-39.355849999999975,null,null,null,null,687.1270397338404,null,null,null,null,null
Fri Oct 09 21:00:00 UTC 2026,1.32398,-39.355849999999975,null,null,null,null,693.9407279467681,null,null,null,null,null
Fri Oct 09 22:00:00 UTC 2026,1.32398,-39.355849999999975,null,null,null,null,700.7544161596959,null,null,null,null,null
Fri Oct 09 23:00:00 UTC 2026,1.32398,-39.355849999999975,null,null,null,null,707.5681043726237,null,null,null,null,null
Sat Oct 10 00:00:00 UTC 2026,1.32398,-39.355849999999975,null,null,null,null,714.3817925855515,null,null,null,null,null
Sat Oct 10 01:00:00 UTC 2026,1.32398,-39.355849999999975,null,null,null,null,721.1954807984791,null,null,null,null,null
Sat Oct 10 02:00:00 UTC 2026,1.32398,-39.355849999999975,null,null,null,null,728.0091690114069,null,null,null,null,null
Sat Oct 10 03:00:00 UTC 2026,1.32398,-39.355849999999975,null,null,null,null,734.8228572243347,null,null,null,null,null
Sat Oct 10 04:00:00 UTC 2026,1.32398,-39.355849999999975,null,null,null,null,741.6365454372624,null,null,null,null,null
Sat Oct 10 05:00:00 UTC 2026,1.32398,-39.355849999999975,null,null,null,null,748.4502336501903,null,null,null,null,null
Sat Oct 10 06:00:00 UTC 2026,1.32398,-39.355849999999975,null,null,null,null,755.263921863118,null,null,null,null,null
Sat Oct 10 07:00:00 UTC 2026,1.32398,-39.355849999999975,null,null,null,null,762.0776100760456,null,null,null,null,null
Sat Oct 10 08:00:00 UTC 2026,1.32398,-39.355849999999975,null,null,null,null,768.8912982889734,null,null,null,null,null
Sat Oct 10 09:00:00 UTC 2026,1.32398,-39.355849999999975,null,null,null,null,775.7049865019012,null,null,null,null,null
Sat Oct 10 10:00:00 UTC 2026,1.32398,-39.355849999999975,null,null,null,null,782.5186747148291,null,null,null,null,null
Sat Oct 10 11:00:00 UTC 2026,1.32398,-39.355849999999975,null,null,null,null,789.3323629277567,null,null,null,null,null
Sat Oct 10 12:00:00 UTC 2026,1.32398,-39.355849999999975,null,null,null,null,796.1460511406844,null,null,null,null,null
Sat Oct 10 13:00:00 UTC 2026,1.32398,-39.355849999999975,null,null,null,null,802.9597393536123,null,null,null,null,null
Sat Oct 10 14:00:00 UTC 2026,1.32398,-39.355849999999975,null,null,null,null,809.77342756654,null,null,null,null,null
Sat Oct 10 15:00:00 UTC 2026,1.32398,-39.355849999999975,null,null,null,null,816.5871157794677,null,null,null,null,null
Sat Oct 10 16:00:00 UTC 2026,1.32398,-39.355849999999975,null,null,null,null,823.4008039923955,null,null,null,null,null
Sat Oct 10 17:00:00 UTC 2026,1.32398,-39.355849999999975,null,null,null,null,830.2144922053233,null,null,null,null,null
Sat Oct 10 18:00:00 UTC 2026,1.32398,-39.355849999999975,null,null,null,null,837.028180418251,null,null,null,null,null
Sat Oct 10 19:00:00 UTC 2026,1.32398,-39.355849999999975,null,null,null,null,843.8418686311788,null,null,null,null,null
Sat Oct 10 20:00:00 UTC 2026,1.32398,-39.355849999999975,null,null,null,null,850.6555568441065,null,null,null,null,null
Sat Oct 10 21:00:00 UTC 2026,1.32398,-39.355849999999975,null,null,null,null,857.4692450570343,null,null,null,null,null
Sat Oct 10 22:00:00 UTC 2026,1.32398,-39.355849999999975,null,null,null,null,864.2829332699621,null,null,null,null,null
Sat Oct 10 23:00:00 UTC 2026,1.32398,-39.355849999999975,null,null,null,null,871.0966214828899,null,null,null,null,null
Sun Oct 11 00:00:00 UTC 2026,1.32398,-39.355849999999975,null,null,null,null,877.9103096958174,null,null,null,null,null
Sun Oct 11 01:00:00 UTC 2026,1.32398,-39.355849999999975,null,null,null,null,884.7239979087453,null,null,null,null,null
Sun Oct 11 02:00:00 UTC 2026,1.32398,-39.355849999999975,null,null,null,null,891.5376861216731,null,null,null,null,null
Sun Oct 11 03:00:00 UTC 2026,1.32398,-39.355849999999975,null,null,null,null,898.3513743346009,null,null,null,null,null
Sun Oct 11 04:00:00 UTC 2026,1.32398,-39.355849999999975,null,null,null,null,905.1650625475286,null,null,null,null,null
Sun Oct 11 05:00:00 UTC 2026,1.32398,-39.355849999999975,null,null,null,null,911.9787507604564,null,null,null,null,null
Sun Oct 11 06:00:00 UTC 2026,1.32398,-39.355849999999975,null,null,null,null,918.7924389733842,null,null,null,null,null
Sun Oct 11 07:00:00 UTC 2026,1.32398,-39.355849999999975,null,null,null,null,925.6061271863118,null,null,null,null,null
Sun Oct 11 08:00:00 UTC 2026,1.32398,-39.355849999999975,null,null,null,null,932.4198153992396,null,null,null,null,null
Sun Oct 11 09:00:00 UTC 2026,1.32398,-39.355849999999975,null,null,null,null,939.2335036121675,null,null,null,null,null
Sun Oct 11 10:00:00 UTC 2026,1.32398,-39.355849999999975,null,null,null,null,946.0471918250951,null,null,null,null,null
Sun Oct 11 11:00:00 UTC 2026,1.32398,-39.355849999999975,null,null,null,null,952.8608800380229,null,null,null,null,null
Sun Oct 11 12:00:00 UTC 2026,1.32398,-39.355849999999975,null,null,null,null,959.6745682509506,null,null,null,null,null
Sun Oct 11 13:00:00 UTC 2026,1.32398,-39.355849999999975,null,null,null,null,966.4882564638785,null,null,null,null,null
Sun Oct 11 14:00:00 UTC 2026,1.32398,-39.355849999999975,null,null,null,null,973.3019446768061,null,null,null,null,null
Sun Oct 11 15:00:00 UTC 2026,1.32398,-39.355849999999975,null,null,null,null,980.1156328897339,null,null,null,null,null
Sun Oct 11 16:00:00 UTC 2026,1.32398,-39.355849999999975,null,null,null,null,986.9293211026617,null,null,null,null,null
Sun Oct 11 17:00:00 UTC 2026,1.32398,-39.355849999999975,null,null,null,null,993.7430093155893,null,null,null,null,null
Sun Oct 11 18:00:00 UTC 2026,1.32398,-39.355849999999975,null,null,null,null,1000.5566975285171,null,null,null,null,null
Sun Oct 11 19:00:00 UTC 2026,1.32398,-39.355849999999975,null,null,null,null,1007.3703857414449,null,null,null,null,null
Sun Oct 11 20:00:00 UTC 2026,1.32398,-39.355849999999975,null,null,null,null,1014.1840739543727,null,null,null,null,null
Sun Oct 11 21:00:00 UTC 2026,1.32398,-0.35584999999997535,null,null,null,null,1020.9977621673004,null,null,null,null,null
Sun Oct 11 22:00:00 UTC 2026,1.32398,2.6441500000000246,null,null,null,null,1027.811450380228,null,null,null,null,null
Sun Oct 11 23:00:00 UTC 2026,1.32398,23.644150000000025,null,null,null,null,1034.625138593156,null,null,null,null,null
Mon Oct 12 00:00:00 UTC 2026,1.32398,29.644150000000025,null,null,null,null,1041.4388268060839,null,null,null,null,null
Mon Oct 12 01:00:00 UTC 2026,1.32398,65.64415000000002,null,null,null,null,1048.2525150190115,null,null,null,null,null
Mon Oct 12 02:00:00 UTC 2026,1.32398,24.644150000000025,null,null,null,null,1055.0662032319392,null,null,null,null,null
Mon Oct 12 03:00:00 UTC 2026,1.32398,150.64415,null,null,null,null,1061.879891444867,null,null,null,null,null
Mon Oct 12 04:00:00 UTC 2026,1.32398,152.64415,null,null,null,null,1068.6935796577948,null,null,null,null,null
Mon Oct 12 05:00:00 UTC 2026,1.32398,110.64415000000002,null,null,null,null,1075.5072678707227,null,null,null,null,null
Mon Oct 12 06:00:00 UTC 2026,1.32398,34.644150000000025,null,null,null,null,1082.3209560836501,null,null,null,null,null
Mon Oct 12 07:00:00 UTC 2026,1.32398,177.64415,null,null,null,null,1089.134644296578,null,null,null,null,null
Mon Oct 12 08:00:00 UTC 2026,1.32398,186.64415,null,null,null,null,1095.948332509506,null,null,null,null,null
Mon Oct 12 09:00:00 UTC 2026,1.32398,356.64415,null,null,null,null,1102.7620207224336,null,null,null,null,null
Mon Oct 12 10:00:00 UTC 2026,1.32398,476.64414999999997,null,null,null,null,1109.5757089353613,null,null,null,null,null
Mon Oct 12 11:00:00 UTC 2026,1.32398,523.64415,null,null,null,null,1116.3893971482892,null,null,null,null,null
Mon Oct 12 12:00:00 UTC 2026,1.32398,479.64414999999997,null,null,null,null,1123.2030853612168,null,null,null,null,null
Mon Oct 12 13:00:00 UTC 2026,1.32398,532.64415,null,null,null,null,1130.0167735741447,null,null,null,null,null
Mon Oct 12 14:00:00 UTC 2026,1.32398,390.64415,null,null,null,null,1136.8304617870722,null,null,null,null,null
Mon Oct 12 15:00:00 UTC 2026,1.32398,743.6441500000001,null,NaN,943.6441500000001,null,1143.64415,null,1343.64415,null,null,null
Mon Oct 12 16:00:00 UTC 2026,1.32398,688.6441500000001,null,null,945.4581034883722,null,null,null,1263.26915,null,null,null
Mon Oct 12 17:00:00 UTC 2026,1.32398,387.64415,null,null,947.2720569767442,null,null,null,1182.89415,null,null,null
Mon Oct 12 18:00:00 UTC 2026,1.32398,425.64415,null,null,949.0860104651164,null,null,null,1102.51915,null,null,null
Mon Oct 12 19:00:00 UTC 2026,1.32398,481.64414999999997,null,null,950.8999639534884,null,null,null,1022.1441500000001,null,null,null
Mon Oct 12 20:00:00 UTC 2026,1.32398,613.64415,null,null,952.7139174418605,null,null,null,941.7691500000001,null,null,null
Mon Oct 12 21:00:00 UTC 2026,1.32398,578.64415,null,null,954.5278709302327,null,null,null,861.3941500000001,null,null,null
Mon Oct 12 22:00:00 UTC 2026,1.32398,557.64415,null,null,956.3418244186048,null,null,null,781.0191500000001,null,null,null
Mon Oct 12 23:00:00 UTC 2026,1.32398,500.64414999999997,null,null,958.1557779069768,null,null,null,700.6441500000001,null,null,null
Tue Oct 13 00:00:00 UTC 2026,1.32398,514.64415,null,null,959.969731395349,null,null,null,620.26915,null,null,null
Tue Oct 13 01:00:00 UTC 2026,1.32398,456.64414999999997,null,null,961.783684883721,null,null,null,539.89415,null,null,null
Tue Oct 13 02:00:00 UTC 2026,1.32398,439.64415,null,null,963.5976383720931,null,null,null,459.51915,null,null,null
Tue Oct 13 03:00:00 UTC 2026,1.32398,452.64414999999997,null,null,965.4115918604651,null,null,null,379.14414999999997,null,null,null
Tue Oct 13 04:00:00 UTC 2026,1.32398,465.64414999999997,null,null,967.2255453488373,null,null,null,298.76914999999997,null,null,null
Tue Oct 13 05:00:00 UTC 2026,1.32398,366.64415,null,null,969.0394988372093,null,null,null,218.39414999999997,null,null,null
Tue Oct 13 06:00:00 UTC 2026,1.32398,367.64415,null,null,970.8534523255814,null,null,null,138.01914999999997,null,null,null
Tue Oct 13 07:00:00 UTC 2026,1.32398,-542.35585,null,null,972.6674058139535,null,null,null,57.64414999999997,null,null,null
Tue Oct 13 08:00:00 UTC 2026,1.32398,-213.35585000000003,null,null,974.4813593023257,null,null,null,null,null,null,null
Tue Oct 13 09:00:00 UTC 2026,1.32398,-183.35585000000003,null,null,976.2953127906978,null,null,null,null,null,null,null
Tue Oct 13 10:00:00 UTC 2026,1.32398,-126.35584999999998,null,null,978.10926627907,null,null,null,null,null,null,null
Tue Oct 13 11:00:00 UTC 2026,1.32398,-58.355849999999975,null,null,979.9232197674419,null,null,null,null,null,null,null
Tue Oct 13 12:00:00 UTC 2026,1.32398,-168.35585000000003,null,null,981.737173255814,null,null,null,null,null,null,null
Tue Oct 13 13:00:00 UTC 2026,1.32398,-265.35585000000003,null,null,983.5511267441861,null,null,null,null,null,null,null
Tue Oct 13 14:00:00 UTC 2026,1.32398,-263.35585000000003,null,null,985.3650802325583,null,null,null,null,null,null,null
Tue Oct 13 15:00:00 UTC 2026,1.32398,-247.35585000000003,null,null,987.1790337209302,null,null,null,null,null,null,null
Tue Oct 13 16:00:00 UTC 2026,1.32398,-159.35585000000003,null,null,988.9929872093024,null,null,null,null,null,null,null
Tue Oct 13 17:00:00 UTC 2026,1.32398,-256.35585000000003,null,null,990.8069406976745,null,null,null,null,null,null,null
Tue Oct 13 18:00:00 UTC 2026,1.32398,-201.35585000000003,null,null,992.6208941860467,null,null,null,null,null,null,null
Tue Oct 13 19:00:00 UTC 2026,1.32398,-110.35584999999998,null,null,994.4348476744187,null,null,null,null,null,null,null
Tue Oct 13 20:00:00 UTC 2026,1.32398,-13.355849999999975,null,null,996.2488011627909,null,null,null,null,null,null,null
Tue Oct 13 21:00:00 UTC 2026,1.32398,-42.355849999999975,null,null,998.0627546511629,null,null,null,null,null,null,null
Tue Oct 13 22:00:00 UTC 2026,1.32398,9.644150000000025,null,null,999.8767081395349,null,null,null,null,null,null,null
Tue Oct 13 23:00:00 UTC 2026,1.32398,77.64415000000002,null,null,1001.690661627907,null,null,null,null,null,null,null
Wed Oct 14 00:00:00 UTC 2026,1.32398,-12.355849999999975,null,null,1003.5046151162792,null,null,null,null,null,null,null
Wed Oct 14 01:00:00 UTC 2026,1.32398,-70.35584999999998,null,null,1005.3185686046512,null,null,null,null,null,null,null
Wed Oct 14 02:00:00 UTC 2026,1.32398,-26.355849999999975,null,null,1007.1325220930233,null,null,null,null,null,null,null
Wed Oct 14 03:00:00 UTC 2026,1.32398,-12.355849999999975,null,null,1008.9464755813954,null,null,null,null,null,null,null
Wed Oct 14 04:00:00 UTC 2026,1.32398,-19.355849999999975,null,null,1010.7604290697675,null,null,null,null,null,null,null
Wed Oct 14 05:00:00 UTC 2026,1.32398,-32.355849999999975,null,null,1012.5743825581396,null,null,null,null,null,null,null
Wed Oct 14 06:00:00 UTC 2026,1.32398,25.644150000000025,null,null,1014.3883360465118,null,null,null,null,null,null,null
Wed Oct 14 07:00:00 UTC 2026,1.32398,63.644150000000025,null,null,1016.2022895348838,null,null,null,null,null,null,null
Wed Oct 14 08:00:00 UTC 2026,1.32398,84.64415000000002,null,null,1018.0162430232559,null,null,null,null,null,null,null
Wed Oct 14 09:00:00 UTC 2026,1.32398,64.64415000000002,null,null,1019.830196511628,null,null,null,null,null,null,null
Wed Oct 14 10:00:00 UTC 2026,1.32398,16.644150000000025,null,null,1021.6441500000001,null,null,null,null,null,null,null
Wed Oct 14 11:00:00 UTC 2026,1.32398,0.6441500000000246,null,null,1023.4581034883722,null,null,null,null,null,null,null
Wed Oct 14 12:00:00 UTC 2026,1.32398,19.644150000000025,null,null,1025.2720569767444,null,null,null,null,null,null,null
Wed Oct 14 13:00:00 UTC 2026,1.32398,-14.355849999999975,null,null,1027.0860104651165,null,null,null,null,null,null,null
Wed Oct 14 14:00:00 UTC 2026,1.32398,-40.355849999999975,null,null,1028.8999639534884,null,null,null,null,null,null,null
Wed Oct 14 15:00:00 UTC 2026,1.32398,-49.355849999999975,null,null,1030.7139174418605,null,null,null,null,null,null,null
Wed Oct 14 16:00:00 UTC 2026,1.32398,-58.355849999999975,null,null,1032.5278709302327,null,null,null,null,null,null,null
Wed Oct 14 17:00:00 UTC 2026,1.32398,-53.355849999999975,null,null,1034.3418244186048,null,null,null,null,null,null,null
Wed Oct 14 18:00:00 UTC 2026,1.32398,-48.355849999999975,null,null,1036.155777906977,null,null,null,null,null,null,null
Wed Oct 14 19:00:00 UTC 2026,1.32398,-11.355849999999975,null,null,1037.9697313953488,null,null,null,null,null,null,null
Wed Oct 14 20:00:00 UTC 2026,1.32398,74.64415000000002,null,null,1039.783684883721,null,null,null,null,null,null,null
Wed Oct 14 21:00:00 UTC 2026,1.32398,60.644150000000025,null,null,1041.5976383720931,null,null,null,null,null,null,null
Wed Oct 14 22:00:00 UTC 2026,1.32398,39.644150000000025,null,null,1043.4115918604653,null,null,null,null,null,null,null
Wed Oct 14 23:00:00 UTC 2026,1.32398,63.644150000000025,null,null,1045.2255453488374,null,null,null,null,null,null,null
Thu Oct 15 00:00:00 UTC 2026,1.32398,142.64415,null,null,1047.0394988372093,null,null,null,null,null,null,null
Thu Oct 15 01:00:00 UTC 2026,1.32398,138.64415,null,null,1048.8534523255814,null,null,null,null,null,null,null
Thu Oct 15 02:00:00 UTC 2026,1.32398,229.64415,null,null,1050.6674058139536,null,null,null,null,null,null,null
Thu Oct 15 03:00:00 UTC 2026,1.32398,281.64414999999997,null,null,1052.4813593023257,null,null,null,null,null,null,null
Thu Oct 15 04:00:00 UTC 2026,1.32398,296.64414999999997,null,null,1054.2953127906978,null,null,null,null,null,null,null
Thu Oct 15 05:00:00 UTC 2026,1.32398,284.64414999999997,null,null,1056.1092662790697,null,null,null,null,null,null,null
Thu Oct 15 06:00:00 UTC 2026,1.32398,295.64414999999997,null,null,1057.9232197674419,null,null,null,null,null,null,null
Thu Oct 15 07:00:00 UTC 2026,1.32398,322.64415,null,null,1059.737173255814,null,null,null,null,null,null,null
Thu Oct 15 08:00:00 UTC 2026,1.32398,281.64414999999997,null,null,1061.5511267441861,null,null,null,null,null,null,null
Thu Oct 15 09:00:00 UTC 2026,1.32398,310.64414999999997,null,null,1063.3650802325583,null,null,null,null,null,null,null
Thu Oct 15 10:00:00 UTC 2026,1.32398,397.64415,null,null,1065.1790337209304,null,null,null,null,null,null,null
Thu Oct 15 11:00:00 UTC 2026,1.32398,405.64415,null,null,1066.9929872093023,null,null,null,null,null,null,null
Thu Oct 15 12:00:00 UTC 2026,1.32398,425.64415,null,null,1068.8069406976745,null,null,null,null,null,null,null
Thu Oct 15 13:00:00 UTC 2026,1.32398,503.64414999999997,null,null,1070.6208941860466,null,null,null,null,null,null,null
Thu Oct 15 14:00:00 UTC 2026,1.32398,536.64415,null,null,1072.4348476744187,null,null,null,1136.64415,null,null,null
Thu Oct 15 15:00:00 UTC 2026,1.32398,504.64414999999997,null,null,1074.2488011627909,null,null,null,1121.1024833333333,null,null,null
Thu Oct 15 16:00:00 UTC 2026,1.32398,477.64414999999997,null,null,1076.0627546511628,null,null,null,1105.5608166666668,null,null,null
Thu Oct 15 17:00:00 UTC 2026,1.32398,453.64414999999997,null,null,1077.876708139535,null,null,null,1090.01915,null,null,null
Thu Oct 15 18:00:00 UTC 2026,1.32398,383.64415,null,null,1079.690661627907,null,null,null,1074.4774833333333,null,null,null
Thu Oct 15 19:00:00 UTC 2026,1.32398,416.64415,null,null,1081.5046151162792,null,null,null,1058.9358166666668,null,null,null
Thu Oct 15 20:00:00 UTC 2026,1.32398,491.64414999999997,null,null,1083.3185686046513,null,null,null,1043.39415,null,null,null
Thu Oct 15 21:00:00 UTC 2026,1.32398,325.64415,null,null,1085.1325220930235,null,null,null,1027.8524833333333,null,null,null
Thu Oct 15 22:00:00 UTC 2026,1.32398,419.64415,null,null,1086.9464755813954,null,null,null,1012.3108166666667,null,null,null
Thu Oct 15 23:00:00 UTC 2026,1.32398,345.64415,null,null,1088.7604290697675,null,null,null,996.7691500000001,null,null,null
Fri Oct 16 00:00:00 UTC 2026,1.32398,352.64415,null,null,1090.5743825581396,null,null,null,981.2274833333333,null,null,null
Fri Oct 16 01:00:00 UTC 2026,1.32398,296.64414999999997,null,null,1092.3883360465118,null,null,null,965.6858166666667,null,null,null
Fri Oct 16 02:00:00 UTC 2026,1.32398,373.64415,null,null,1094.202289534884,null,null,null,950.1441500000001,null,null,null
Fri Oct 16 03:00:00 UTC 2026,1.32398,355.64415,null,null,1096.0162430232558,null,null,null,934.6024833333333,null,null,null
Fri Oct 16 04:00:00 UTC 2026,1.32398,389.64415,null,null,1097.830196511628,null,null,null,919.0608166666667,null,null,null
Fri Oct 16 05:00:00 UTC 2026,1.32398,330.64415,null,null,1099.64415,null,null,null,903.5191500000001,null,null,null
Fri Oct 16 06:00:00 UTC 2026,1.32398,250.64415,null,null,1101.4581034883722,null,null,null,887.9774833333333,null,null,null
Fri Oct 16 07:00:00 UTC 2026,1.32398,249.64415,null,null,1103.2720569767444,null,null,null,872.4358166666667,null,null,null
Fri Oct 16 08:00:00 UTC 2026,1.32398,276.64414999999997,null,null,1105.0860104651165,null,null,null,856.89415,null,null,null
Fri Oct 16 09:00:00 UTC 2026,1.32398,244.64415,null,null,1106.8999639534886,null,null,null,841.3524833333333,null,null,null
Fri Oct 16 10:00:00 UTC 2026,1.32398,268.64414999999997,null,null,1108.7139174418608,null,null,null,825.8108166666667,null,null,null
Fri Oct 16 11:00:00 UTC 2026,1.32398,306.64414999999997,null,null,1110.5278709302327,null,null,null,810.26915,null,null,null
Fri Oct 16 12:00:00 UTC 2026,1.32398,171.64415,null,null,1112.3418244186046,null,null,null,794.7274833333333,null,null,null
Fri Oct 16 13:00:00 UTC 2026,1.32398,205.64415,null,null,1114.1557779069767,null,null,null,779.1858166666667,null,null,null
Fri Oct 16 14:00:00 UTC 2026,1.32398,163.64415,null,null,1115.9697313953488,null,null,null,763.64415,null,null,null
Fri Oct 16 15:00:00 UTC 2026,1.32398,221.64415,null,null,1117.783684883721,null,null,null,null,null,null,null
Fri Oct 16 16:00:00 UTC 2026,1.32398,365.64415,null,null,1119.5976383720931,null,null,null,null,null,null,null
Fri Oct 16 17:00:00 UTC 2026,1.32398,314.64414999999997,null,null,1121.4115918604653,null,null,null,null,null,null,null
Fri Oct 16 18:00:00 UTC 2026,1.32398,383.64415,null,null,1123.2255453488374,null,null,null,null,null,null,null
Fri Oct 16 19:00:00 UTC 2026,1.32398,324.64415,null,null,1125.0394988372095,null,null,null,null,null,null,null
Fri Oct 16 20:00:00 UTC 2026,1.32398,345.64415,null,null,1126.8534523255817,null,null,null,null,null,null,null
Fri Oct 16 21:00:00 UTC 2026,1.32398,345.64415,null,null,1128.6674058139536,null,null,null,null,null,null,null
Fri Oct 16 22:00:00 UTC 2026,1.32398,345.64415,null,null,1130.4813593023255,null,null,null,null,null,null,null
Fri Oct 16 23:00:00 UTC 2026,1.32398,345.64415,null,null,1132.2953127906976,null,null,null,null,null,null,null
Sat Oct 17 00:00:00 UTC 2026,1.32398,345.64415,null,null,1134.1092662790697,null,null,null,null,null,null,null
Sat Oct 17 01:00:00 UTC 2026,1.32398,345.64415,null,null,1135.9232197674419,null,null,null,null,null,null,null
Sat Oct 17 02:00:00 UTC 2026,1.32398,345.64415,null,null,1137.737173255814,null,null,null,null,null,null,null
Sat Oct 17 03:00:00 UTC 2026,1.32398,345.64415,null,null,1139.5511267441861,null,null,null,null,null,null,null
Sat Oct 17 04:00:00 UTC 2026,1.32398,345.64415,null,null,1141.3650802325583,null,null,null,null,null,null,null
Sat Oct 17 05:00:00 UTC 2026,1.32398,345.64415,null,null,1143.1790337209304,null,null,null,null,null,null,null
Sat Oct 17 06:00:00 UTC 2026,1.32398,345.64415,null,null,1144.9929872093026,null,null,null,null,null,null,null
Sat Oct 17 07:00:00 UTC 2026,1.32398,345.64415,null,null,1146.8069406976747,null,null,null,null,null,null,null
Sat Oct 17 08:00:00 UTC 2026,1.32398,345.64415,null,null,1148.6208941860466,null,null,null,null,null,null,null
Sat Oct 17 09:00:00 UTC 2026,1.32398,345.64415,null,null,1150.4348476744185,null,null,null,null,null,null,null
Sat Oct 17 10:00:00 UTC 2026,1.32398,345.64415,null,null,1152.2488011627906,null,null,null,null,null,null,null
Sat Oct 17 11:00:00 UTC 2026,1.32398,345.64415,null,null,1154.0627546511628,null,null,null,null,null,null,null
Sat Oct 17 12:00:00 UTC 2026,1.32398,345.64415,null,null,1155.876708139535,null,null,null,null,null,null,null
Sat Oct 17 13:00:00 UTC 2026,1.32398,345.64415,null,null,1157.690661627907,null,null,null,null,null,null,null
Sat Oct 17 14:00:00 UTC 2026,1.32398,345.64415,null,null,1159.5046151162792,null,null,null,null,null,null,null
Sat Oct 17 15:00:00 UTC 2026,1.32398,345.64415,null,null,1161.3185686046513,null,null,null,null,null,null,null
Sat Oct 17 16:00:00 UTC 2026,1.32398,345.64415,null,null,1163.1325220930235,null,null,null,null,null,null,null
Sat Oct 17 17:00:00 UTC 2026,1.32398,345.64415,null,null,1164.9464755813956,null,null,null,null,null,null,null
Sat Oct 17 18:00:00 UTC 2026,1.32398,345.64415,null,null,1166.7604290697675,null,null,null,null,null,null,null
Sat Oct 17 19:00:00 UTC 2026,1.32398,345.64415,null,null,1168.5743825581394,null,null,null,null,null,null,null
Sat Oct 17 20:00:00 UTC 2026,1.32398,345.64415,null,null,1170.3883360465115,null,null,null,null,null,null,null
Sat Oct 17 21:00:00 UTC 2026,1.32398,345.64415,null,null,1172.2022895348837,null,null,null,null,null,null,null
Sat Oct 17 22:00:00 UTC 2026,1.32398,345.64415,null,null,1174.0162430232558,null,null,null,null,null,null,null
Sat Oct 17 23:00:00 UTC 2026,1.32398,345.64415,null,null,1175.830196511628,null,null,null,null,null,null,null
Sun Oct 18 00:00:00 UTC 2026,1.32398,345.64415,null,null,1177.64415,null,null,null,null,null,null,null
Sun Oct 18 01:00:00 UTC 2026,1.32398,345.64415,null,null,1179.4581034883722,null,null,null,null,null,null,null
Sun Oct 18 02:00:00 UTC 2026,1.32398,345.64415,null,null,1181.2720569767444,null,null,null,null,null,null,null
Sun Oct 18 03:00:00 UTC 2026,1.32398,345.64415,null,null,1183.0860104651163,null,null,null,null,null,null,null
Sun Oct 18 04:00:00 UTC 2026,1.32398,345.64415,null,null,1184.8999639534886,null,null,null,null,null,null,null
Sun Oct 18 05:00:00 UTC 2026,1.32398,345.64415,null,null,1186.7139174418608,null,null,null,null,null,null,null
Sun Oct 18 06:00:00 UTC 2026,1.32398,345.64415,null,null,1188.5278709302327,null,null,null,null,null,null,null
Sun Oct 18 07:00:00 UTC 2026,1.32398,345.64415,null,null,1190.3418244186048,null,null,null,null,null,null,null
Sun Oct 18 08:00:00 UTC 2026,1.32398,345.64415,null,null,1192.1557779069767,null,null,null,null,null,null,null
Sun Oct 18 09:00:00 UTC 2026,1.32398,345.64415,null,null,1193.9697313953488,null,null,null,null,null,null,null
Sun Oct 18 10:00:00 UTC 2026,1.32398,345.64415,null,null,1195.783684883721,null,null,null,null,null,null,null
Sun Oct 18 11:00:00 UTC 2026,1.32398,345.64415,null,null,1197.5976383720931,null,null,null,null,null,null,null
Sun Oct 18 12:00:00 UTC 2026,1.32398,345.64415,null,null,1199.4115918604653,null,null,null,null,null,null,null
Sun Oct 18 13:00:00 UTC 2026,1.32398,345.64415,null,null,1201.2255453488374,null,null,null,null,null,null,null
Sun Oct 18 14:00:00 UTC 2026,1.32398,345.64415,null,null,1203.0394988372093,null,null,null,null,null,null,null
Sun Oct 18 15:00:00 UTC 2026,1.32398,345.64415,null,null,1204.8534523255817,null,null,null,null,null,null,null
Sun Oct 18 16:00:00 UTC 2026,1.32398,345.64415,null,null,1206.6674058139536,null,null,null,null,null,null,null
Sun Oct 18 17:00:00 UTC 2026,1.32398,345.64415,null,null,1208.4813593023255,null,null,null,null,null,null,null
Sun Oct 18 18:00:00 UTC 2026,1.32398,345.64415,null,null,1210.2953127906976,null,null,null,null,null,null,null
Sun Oct 18 19:00:00 UTC 2026,1.32398,345.64415,null,null,1212.10926627907,null,null,null,null,null,null,null
Sun Oct 18 20:00:00 UTC 2026,1.32398,345.64415,null,null,1213.9232197674419,null,null,null,null,null,null,null
Sun Oct 18 21:00:00 UTC 2026,1.32398,348.64415,null,null,1215.737173255814,null,null,null,null,null,null,null
Sun Oct 18 22:00:00 UTC 2026,1.32398,265.64414999999997,null,null,1217.5511267441861,null,null,null,null,null,null,null
Sun Oct 18 23:00:00 UTC 2026,1.32398,354.64415,null,null,1219.3650802325583,null,null,null,null,null,null,null
Mon Oct 19 00:00:00 UTC 2026,1.32398,379.64415,null,null,1221.1790337209302,null,null,null,null,null,null,null
Mon Oct 19 01:00:00 UTC 2026,1.32398,373.64415,null,null,1222.9929872093026,null,null,null,null,null,null,null
Mon Oct 19 02:00:00 UTC 2026,1.32398,341.64415,null,null,1224.8069406976747,null,null,null,null,null,null,null
Mon Oct 19 03:00:00 UTC 2026,1.32398,402.64415,null,null,1226.6208941860466,null,null,null,null,null,null,null
Mon Oct 19 04:00:00 UTC 2026,1.32398,463.64414999999997,null,null,1228.4348476744185,null,null,null,null,null,null,null
Mon Oct 19 05:00:00 UTC 2026,1.32398,522.64415,null,null,1230.2488011627909,null,null,null,null,null,null,null
Mon Oct 19 06:00:00 UTC 2026,1.32398,507.64414999999997,null,null,1232.0627546511628,null,null,null,null,null,null,null
Mon Oct 19 07:00:00 UTC 2026,1.32398,442.64415,null,null,1233.876708139535,null,null,null,null,null,null,null
Mon Oct 19 08:00:00 UTC 2026,1.32398,519.64415,null,null,1235.690661627907,null,null,null,null,null,null,null
Mon Oct 19 09:00:00 UTC 2026,1.32398,493.64414999999997,null,null,1237.5046151162792,null,null,null,null,null,null,null
Mon Oct 19 10:00:00 UTC 2026,1.32398,653.6441500000001,null,null,1239.318568604651,null,null,null,null,null,null,null
Mon Oct 19 11:00:00 UTC 2026,1.32398,580.64415,null,null,1241.1325220930235,null,null,null,null,null,null,null
Mon Oct 19 12:00:00 UTC 2026,1.32398,558.64415,null,null,1242.9464755813956,null,null,null,null,null,null,null
Mon Oct 19 13:00:00 UTC 2026,1.32398,751.6441500000001,null,null,1244.7604290697675,null,null,null,null,null,null,null
Mon Oct 19 14:00:00 UTC 2026,1.32398,618.64415,null,null,1246.5743825581394,null,null,null,null,null,null,null
Mon Oct 19 15:00:00 UTC 2026,1.32398,719.6441500000001,null,null,1248.3883360465118,null,null,null,null,null,null,null
Mon Oct 19 16:00:00 UTC 2026,1.32398,620.64415,null,null,1250.2022895348837,null,null,null,null,null,null,null
Mon Oct 19 17:00:00 UTC 2026,1.32398,570.64415,null,null,1252.0162430232558,null,null,null,null,null,null,null
Mon Oct 19 18:00:00 UTC 2026,1.32398,587.64415,null,null,1253.830196511628,null,null,null,null,null,null,null
Mon Oct 19 19:00:00 UTC 2026,1.32398,1055.64415,null,null,1255.64415,null,null,null,1655.64415,null,null,null
Mon Oct 19 20:00:00 UTC 2026,1.32398,778.6441500000001,null,null,null,null,null,null,1638.0287653846156,null,null,null
Mon Oct 19 21:00:00 UTC 2026,1.32398,677.6441500000001,null,null,null,null,null,null,1620.4133807692308,null,null,null
Mon Oct 19 22:00:00 UTC 2026,1.32398,830.6441500000001,null,null,null,null,null,null,1602.7979961538463,null,null,null
Mon Oct 19 23:00:00 UTC 2026,1.32398,831.6441500000001,null,null,null,null,null,null,1585.1826115384617,null,null,null
Tue Oct 20 00:00:00 UTC 2026,1.32398,840.6441500000001,null,null,null,null,null,null,1567.5672269230772,null,null,null
Tue Oct 20 01:00:00 UTC 2026,1.32398,892.6441500000001,null,null,null,null,null,null,1549.9518423076925,null,null,null
Tue Oct 20 02:00:00 UTC 2026,1.32398,926.64415,null,null,null,null,null,null,1532.3364576923077,null,null,null
Tue Oct 20 03:00:00 UTC 2026,1.32398,938.64415,null,null,null,null,null,null,1514.721073076923,null,null,null
Tue Oct 20 04:00:00 UTC 2026,1.32398,897.64415,null,null,null,null,null,null,1497.1056884615386,null,null,null
Tue Oct 20 05:00:00 UTC 2026,1.32398,758.6441500000001,null,null,null,null,null,null,1479.490303846154,null,null,null
Tue Oct 20 06:00:00 UTC 2026,1.32398,937.64415,null,null,null,null,null,null,1461.8749192307694,null,null,null
Tue Oct 20 07:00:00 UTC 2026,1.32398,765.6441500000001,null,null,null,null,null,null,1444.2595346153846,null,null,null
Tue Oct 20 08:00:00 UTC 2026,1.32398,633.64415,null,null,null,null,null,null,1426.64415,null,null,null
Tue Oct 20 09:00:00 UTC 2026,1.32398,691.6441500000001,null,null,null,null,null,null,1409.0287653846156,null,null,null
Tue Oct 20 10:00:00 UTC 2026,1.32398,685.6441500000001,null,null,null,null,null,null,1391.413380769231,null,null,null
Tue Oct 20 11:00:00 UTC 2026,1.32398,687.6441500000001,null,null,null,null,null,null,1373.7979961538463,null,null,null
Tue Oct 20 12:00:00 UTC 2026,1.32398,653.6441500000001,null,null,null,null,null,null,1356.1826115384615,null,null,null
Tue Oct 20 13:00:00 UTC 2026,1.32398,649.6441500000001,null,null,null,null,null,null,1338.567226923077,null,null,null
Tue Oct 20 14:00:00 UTC 2026,1.32398,440.64415,null,null,null,null,null,null,1320.9518423076925,null,null,null
Tue Oct 20 15:00:00 UTC 2026,1.32398,432.64415,null,null,null,null,null,null,1303.3364576923077,null,null,null
Tue Oct 20 16:00:00 UTC 2026,1.32398,454.64414999999997,null,null,null,null,null,null,1285.7210730769232,null,null,null
Tue Oct 20 17:00:00 UTC 2026,1.32398,446.64415,null,null,null,null,null,null,1268.1056884615386,null,null,null
Tue Oct 20 18:00:00 UTC 2026,1.32398,649.6441500000001,null,null,null,null,null,null,1250.490303846154,null,null,null
Tue Oct 20 19:00:00 UTC 2026,1.32398,642.6441500000001,null,null,null,null,null,null,1232.8749192307696,null,null,null
Tue Oct 20 20:00:00 UTC 2026,1.32398,668.6441500000001,null,null,null,null,null,null,1215.2595346153848,null,null,null
Tue Oct 20 21:00:00 UTC 2026,1.32398,633.64415,null,null,null,null,null,null,1197.64415,null,null,null
Tue Oct 20 22:00:00 UTC 2026,1.32398,619.64415,null,null,null,null,null,null,1180.0287653846156,null,null,null
Tue Oct 20 23:00:00 UTC 2026,1.32398,612.64415,null,null,null,null,null,null,1162.4133807692308,null,null,null
Wed Oct 21 00:00:00 UTC 2026,1.32398,625.64415,null,null,null,null,null,null,1144.7979961538463,null,null,null
Wed Oct 21 01:00:00 UTC 2026,1.32398,598.64415,null,null,null,null,null,null,1127.1826115384617,null,null,null
Wed Oct 21 02:00:00 UTC 2026,1.32398,590.64415,null,null,null,null,null,null,1109.567226923077,null,null,null
Wed Oct 21 03:00:00 UTC 2026,1.32398,596.64415,null,null,null,null,null,null,1091.9518423076925,null,null,null
Wed Oct 21 04:00:00 UTC 2026,1.32398,590.64415,null,null,null,null,null,null,1074.3364576923077,null,null,null
Wed Oct 21 05:00:00 UTC 2026,1.32398,595.64415,null,null,null,null,null,null,1056.7210730769232,null,null,null
Wed Oct 21 06:00:00 UTC 2026,1.32398,395.64415,null,null,null,null,null,null,1039.1056884615386,null,null,null
Wed Oct 21 07:00:00 UTC 2026,1.32398,413.64415,null,null,null,null,null,null,1021.490303846154,null,null,null
Wed Oct 21 08:00:00 UTC 2026,1.32398,568.64415,null,null,null,null,null,null,1003.8749192307693,null,null,null
Wed Oct 21 09:00:00 UTC 2026,1.32398,376.64415,null,null,null,null,null,null,986.2595346153847,null,null,null
Wed Oct 21 10:00:00 UTC 2026,1.32398,368.64415,null,null,null,null,null,null,968.6441500000001,null,null,null
Wed Oct 21 11:00:00 UTC 2026,1.32398,389.64415,null,null,null,null,null,null,null,null,null,null
Wed Oct 21 12:00:00 UTC 2026,1.32398,384.64415,null,null,null,null,null,null,null,null,null,null
Wed Oct 21 13:00:00 UTC 2026,1.32398,448.64414999999997,null,null,null,null,null,null,null,null,null,null
Wed Oct 21 14:00:00 UTC 2026,1.32398,473.64414999999997,null,null,null,null,null,null,null,null,null,null
Wed Oct 21 15:00:00 UTC 2026,1.32398,494.64414999999997,null,null,null,null,null,null,null,null,null,null
Wed Oct 21 16:00:00 UTC 2026,1.32398,493.64414999999997,null,null,null,null,null,null,null,null,null,null
Wed Oct 21 17:00:00 UTC 2026,1.32398,480.64414999999997,null,null,null,null,null,null,null,null,null,null
Wed Oct 21 18:00:00 UTC 2026,1.32398,503.64414999999997,null,null,null,null,null,null,null,null,null,null
Wed Oct 21 19:00:00 UTC 2026,1.32398,473.64414999999997,null,null,null,null,null,null,null,null,null,null
Wed Oct 21 20:00:00 UTC 2026,1.32398,467.64414999999997,null,null,null,null,null,null,null,null,null,null
Wed Oct 21 21:00:00 UTC 2026,1.32398,483.64414999999997,null,null,null,null,null,null,null,null,null,null
Wed Oct 21 22:00:00 UTC 2026,1.32398,435.64415,null,null,null,null,null,null,null,null,null,null
Wed Oct 21 23:00:00 UTC 2026,1.32398,439.64415,null,null,null,null,null,null,null,null,null,null
Thu Oct 22 00:00:00 UTC 2026,1.32398,408.64415,null,null,null,null,null,null,null,null,null,null
Thu Oct 22 01:00:00 UTC 2026,1.32398,414.64415,null,null,null,null,null,null,null,null,null,null
Thu Oct 22 02:00:00 UTC 2026,1.32398,397.64415,null,null,null,null,null,null,null,null,null,null
Thu Oct 22 03:00:00 UTC 2026,1.32398,409.64415,null,null,null,null,null,null,null,null,null,null
Thu Oct 22 04:00:00 UTC 2026,1.32398,409.64415,null,null,null,null,null,null,null,null,null,null
Thu Oct 22 05:00:00 UTC 2026,1.32398,402.64415,null,null,null,null,null,null,null,null,null,null
Thu Oct 22 06:00:00 UTC 2026,1.32398,414.64415,null,null,null,null,null,null,null,null,null,null
Thu Oct 22 07:00:00 UTC 2026,1.32398,403.64415,null,null,null,null,null,null,null,null,null,null
Thu Oct 22 08:00:00 UTC 2026,1.32398,405.64415,null,null,null,null,null,null,null,null,null,null
Thu Oct 22 09:00:00 UTC 2026,1.32398,455.64414999999997,null,null,null,null,null,null,null,null,null,null
Thu Oct 22 10:00:00 UTC 2026,1.32398,553.64415,null,null,null,null,null,null,null,null,null,null
Thu Oct 22 11:00:00 UTC 2026,1.32398,564.64415,null,null,null,null,null,null,null,null,null,null
Thu Oct 22 12:00:00 UTC 2026,1.32398,512.64415,null,null,null,null,null,null,null,null,null,null
Thu Oct 22 13:00:00 UTC 2026,1.32398,536.64415,null,null,null,null,null,null,null,null,null,null
Thu Oct 22 14:00:00 UTC 2026,1.32398,558.64415,null,null,null,null,null,null,null,null,null,null
Thu Oct 22 15:00:00 UTC 2026,1.32398,524.64415,null,null,null,null,null,null,null,null,null,null
Thu Oct 22 16:00:00 UTC 2026,1.32398,557.64415,null,null,null,null,null,null,null,null,null,null
Thu Oct 22 17:00:00 UTC 2026,1.32398,566.64415,null,null,null,null,null,null,null,null,null,null
Thu Oct 22 18:00:00 UTC 2026,1.32398,615.64415,null,null,null,null,null,null,null,null,null,null
Thu Oct 22 19:00:00 UTC 2026,1.32398,620.64415,null,null,null,null,null,null,null,null,null,null
Thu Oct 22 20:00:00 UTC 2026,1.32398,614.64415,null,null,null,null,null,null,null,null,null,null
Thu Oct 22 21:00:00 UTC 2026,1.32398,634.64415,null,null,null,null,null,null,null,null,null,null
Thu Oct 22 22:00:00 UTC 2026,1.32398,630.64415,null,null,null,null,null,null,null,null,null,null
Thu Oct 22 23:00:00 UTC 2026,1.32398,613.64415,null,null,null,null,null,null,null,null,null,null
Fri Oct 23 00:00:00 UTC 2026,1.32398,639.64415,null,null,null,null,null,null,null,null,null,null
Fri Oct 23 01:00:00 UTC 2026,1.32398,839.6441500000001,null,null,null,null,null,null,null,null,null,null
Fri Oct 23 02:00:00 UTC 2026,1.32398,858.6441500000001,null,null,null,null,null,null,null,null,null,null
Fri Oct 23 03:00:00 UTC 2026,1.32398,883.6441500000001,null,null,null,null,null,null,1483.64415,null,null,null
Fri Oct 23 04:00:00 UTC 2026,1.32398,846.6441500000001,null,null,null,null,null,null,1478.7994898058253,null,null,null
Fri Oct 23 05:00:00 UTC 2026,1.32398,872.6441500000001,null,null,null,null,null,null,1473.9548296116507,null,null,null
Fri Oct 23 06:00:00 UTC 2026,1.32398,857.6441500000001,null,null,null,null,null,null,1469.1101694174756,null,null,null
Fri Oct 23 07:00:00 UTC 2026,1.32398,858.6441500000001,null,null,null,null,null,null,1464.265509223301,null,null,null
Fri Oct 23 08:00:00 UTC 2026,1.32398,819.6441500000001,null,null,null,null,null,null,1459.4208490291262,null,null,null
Fri Oct 23 09:00:00 UTC 2026,1.32398,792.6441500000001,null,null,null,null,null,null,1454.5761888349516,null,null,null
Fri Oct 23 10:00:00 UTC 2026,1.32398,626.64415,null,null,null,null,null,null,1449.7315286407768,null,null,null
Fri Oct 23 11:00:00 UTC 2026,1.32398,649.6441500000001,null,null,null,null,null,null,1444.8868684466022,null,null,null
Fri Oct 23 12:00:00 UTC 2026,1.32398,631.64415,null,null,null,null,null,null,1440.0422082524271,null,null,null
Fri Oct 23 13:00:00 UTC 2026,1.32398,663.6441500000001,null,null,null,null,null,null,1435.1975480582526,null,null,null
Fri Oct 23 14:00:00 UTC 2026,1.32398,652.6441500000001,null,null,null,null,null,null,1430.3528878640777,null,null,null
Fri Oct 23 15:00:00 UTC 2026,1.32398,609.64415,null,null,null,null,null,null,1425.5082276699031,null,null,null
Fri Oct 23 16:00:00 UTC 2026,1.32398,611.64415,null,null,null,null,null,null,1420.663567475728,null,null,null
Fri Oct 23 17:00:00 UTC 2026,1.32398,670.6441500000001,null,null,null,null,null,null,1415.8189072815535,null,null,null
Fri Oct 23 18:00:00 UTC 2026,1.32398,627.64415,null,null,null,null,null,null,1410.9742470873784,null,null,null
Fri Oct 23 19:00:00 UTC 2026,1.32398,620.64415,null,null,null,null,null,null,1406.1295868932039,null,null,null
Fri Oct 23 20:00:00 UTC 2026,1.32398,621.64415,null,null,null,null,null,null,1401.2849266990293,null,null,null
Fri Oct 23 21:00:00 UTC 2026,1.32398,621.64415,null,null,null,null,null,null,1396.4402665048544,null,null,null
Fri Oct 23 22:00:00 UTC 2026,1.32398,621.64415,null,null,null,null,null,null,1391.5956063106796,null,null,null
Fri Oct 23 23:00:00 UTC 2026,1.32398,621.64415,null,null,null,null,null,null,1386.750946116505,null,null,null
Sat Oct 24 00:00:00 UTC 2026,1.32398,621.64415,null,null,null,null,null,null,1381.90628592233,null,null,null
Sat Oct 24 01:00:00 UTC 2026,1.32398,621.64415,null,null,null,null,null,null,1377.0616257281554,null,null,null
Sat Oct 24 02:00:00 UTC 2026,1.32398,621.64415,null,null,null,null,null,null,1372.2169655339808,null,null,null
Sat Oct 24 03:00:00 UTC 2026,1.32398,621.64415,null,null,null,null,null,null,1367.372305339806,null,null,null
Sat Oct 24 04:00:00 UTC 2026,1.32398,621.64415,null,null,null,null,null,null,1362.5276451456311,null,null,null
Sat Oct 24 05:00:00 UTC 2026,1.32398,621.64415,null,null,null,null,null,null,1357.6829849514563,null,null,null
Sat Oct 24 06:00:00 UTC 2026,1.32398,621.64415,null,null,null,null,null,null,1352.8383247572815,null,null,null
Sat Oct 24 07:00:00 UTC 2026,1.32398,621.64415,null,null,null,null,null,null,1347.993664563107,null,null,null
Sat Oct 24 08:00:00 UTC 2026,1.32398,621.64415,null,null,null,null,null,null,1343.149004368932,null,null,null
Sat Oct 24 09:00:00 UTC 2026,1.32398,621.64415,null,null,null,null,null,null,1338.3043441747575,null,null,null
Sat Oct 24 10:00:00 UTC 2026,1.32398,621.64415,null,null,null,null,null,null,1333.4596839805827,null,null,null
Sat Oct 24 11:00:00 UTC 2026,1.32398,621.64415,null,null,null,null,null,null,1328.6150237864078,null,null,null
Sat Oct 24 12:00:00 UTC 2026,1.32398,621.64415,null,null,null,null,null,null,1323.770363592233,null,null,null
Sat Oct 24 13:00:00 UTC 2026,1.32398,621.64415,null,null,null,null,null,null,1318.9257033980584,null,null,null
Sat Oct 24 14:00:00 UTC 2026,1.32398,621.64415,null,null,null,null,null,null,1314.0810432038838,null,null,null
Sat Oct 24 15:00:00 UTC 2026,1.32398,621.64415,null,null,null,null,null,null,1309.2363830097088,null,null,null
Sat Oct 24 16:00:00 UTC 2026,1.32398,621.64415,null,null,null,null,null,null,1304.3917228155342,null,null,null
Sat Oct 24 17:00:00 UTC 2026,1.32398,621.64415,null,null,null,null,null,null,1299.5470626213594,null,null,null
Sat Oct 24 18:00:00 UTC 2026,1.32398,621.64415,null,null,null,null,null,null,1294.7024024271846,null,null,null
Sat Oct 24 19:00:00 UTC 2026,1.32398,621.64415,null,null,null,null,null,null,1289.8577422330097,null,null,null
Sat Oct 24 20:00:00 UTC 2026,1.32398,621.64415,null,null,null,null,null,null,1285.013082038835,null,null,null
Sat Oct 24 21:00:00 UTC 2026,1.32398,621.64415,null,null,null,null,null,null,1280.1684218446603,null,null,null
Sat Oct 24 22:00:00 UTC 2026,1.32398,621.64415,null,null,null,null,null,null,1275.3237616504855,null,null,null
Sat Oct 24 23:00:00 UTC 2026,1.32398,621.64415,null,null,null,null,null,null,1270.4791014563107,null,null,null
Sun Oct 25 00:00:00 UTC 2026,1.32398,621.64415,null,null,null,null,null,null,1265.6344412621359,null,null,null
Sun Oct 25 01:00:00 UTC 2026,1.32398,621.64415,null,null,null,null,null,null,1260.7897810679613,null,null,null
Sun Oct 25 02:00:00 UTC 2026,1.32398,621.64415,null,null,null,null,null,null,1255.9451208737864,null,null,null
Sun Oct 25 03:00:00 UTC 2026,1.32398,621.64415,null,null,null,null,null,null,1251.1004606796116,null,null,null
Sun Oct 25 04:00:00 UTC 2026,1.32398,621.64415,null,null,null,null,null,null,1246.255800485437,null,null,null
Sun Oct 25 05:00:00 UTC 2026,1.32398,621.64415,null,null,null,null,null,null,1241.4111402912622,null,null,null
Sun Oct 25 06:00:00 UTC 2026,1.32398,621.64415,null,null,null,null,null,null,1236.5664800970874,null,null,null
Sun Oct 25 07:00:00 UTC 2026,1.32398,621.64415,null,null,null,null,null,null,1231.7218199029128,null,null,null
Sun Oct 25 08:00:00 UTC 2026,1.32398,621.64415,null,null,null,null,null,null,1226.877159708738,null,null,null
Sun Oct 25 09:00:00 UTC 2026,1.32398,621.64415,null,null,null,null,null,null,1222.0324995145631,null,null,null
Sun Oct 25 10:00:00 UTC 2026,1.32398,621.64415,null,null,null,null,null,null,1217.1878393203883,null,null,null
Sun Oct 25 11:00:00 UTC 2026,1.32398,621.64415,null,null,null,null,null,null,1212.3431791262137,null,null,null
Sun Oct 25 12:00:00 UTC 2026,1.32398,621.64415,null,null,null,null,null,null,1207.498518932039,null,null,null
Sun Oct 25 13:00:00 UTC 2026,1.32398,621.64415,null,null,null,null,null,null,1202.653858737864,null,null,null
Sun Oct 25 14:00:00 UTC 2026,1.32398,621.64415,null,null,null,null,null,null,1197.8091985436893,null,null,null
Sun Oct 25 15:00:00 UTC 2026,1.32398,621.64415,null,null,null,null,null,null,1192.9645383495144,null,null,null
Sun Oct 25 16:00:00 UTC 2026,1.32398,621.64415,null,null,null,null,null,null,1188.1198781553398,null,null,null
Sun Oct 25 17:00:00 UTC 2026,1.32398,621.64415,null,null,null,null,null,null,1183.275217961165,null,null,null
Sun Oct 25 18:00:00 UTC 2026,1.32398,621.64415,null,null,null,null,null,null,1178.4305577669902,null,null,null
Sun Oct 25 19:00:00 UTC 2026,1.32398,621.64415,null,null,null,null,null,null,1173.5858975728156,null,null,null
Sun Oct 25 20:00:00 UTC 2026,1.32398,621.64415,null,null,null,null,null,null,1168.741237378641,null,null,null
Sun Oct 25 21:00:00 UTC 2026,1.32398,678.6441500000001,null,null,null,null,null,null,1163.8965771844662,null,null,null
Sun Oct 25 22:00:00 UTC 2026,1.32398,677.6441500000001,null,null,null,null,null,null,1159.0519169902914,null,null,null
Sun Oct 25 23:00:00 UTC 2026,1.32398,639.64415,null,null,null,null,null,null,1154.2072567961168,null,null,null
Mon Oct 26 00:00:00 UTC 2026,1.32398,615.64415,null,null,null,null,null,null,1149.362596601942,null,null,null
Mon Oct 26 01:00:00 UTC 2026,1.32398,653.6441500000001,null,null,null,null,null,null,1144.5179364077671,null,null,null
Mon Oct 26 02:00:00 UTC 2026,1.32398,620.64415,null,null,null,null,null,null,1139.6732762135923,null,null,null
Mon Oct 26 03:00:00 UTC 2026,1.32398,646.6441500000001,null,null,null,null,null,null,1134.8286160194175,null,null,null
Mon Oct 26 04:00:00 UTC 2026,1.32398,641.6441500000001,null,null,null,null,null,null,1129.9839558252427,null,null,null
Mon Oct 26 05:00:00 UTC 2026,1.32398,681.6441500000001,null,null,null,null,null,null,1125.1392956310679,null,null,null
Mon Oct 26 06:00:00 UTC 2026,1.32398,685.6441500000001,null,null,null,null,null,null,1120.2946354368933,null,null,null
Mon Oct 26 07:00:00 UTC 2026,1.32398,743.6441500000001,null,null,null,null,null,null,1115.4499752427184,null,null,null
Mon Oct 26 08:00:00 UTC 2026,1.32398,714.6441500000001,null,null,null,null,null,null,1110.6053150485436,null,null,null
Mon Oct 26 09:00:00 UTC 2026,1.32398,697.6441500000001,null,null,null,null,null,null,1105.760654854369,null,null,null
Mon Oct 26 10:00:00 UTC 2026,1.32398,718.6441500000001,null,null,null,null,null,null,1100.9159946601942,null,null,null
Mon Oct 26 11:00:00 UTC 2026,1.32398,585.64415,null,null,null,null,null,null,1096.0713344660194,null,null,null
Mon Oct 26 12:00:00 UTC 2026,1.32398,739.6441500000001,null,null,null,null,null,null,1091.2266742718448,null,null,null
Mon Oct 26 13:00:00 UTC 2026,1.32398,674.6441500000001,null,null,null,null,null,null,1086.38201407767,null,null,null
Mon Oct 26 14:00:00 UTC 2026,1.32398,705.6441500000001,null,null,null,null,null,null,1081.5373538834951,null,null,null
Mon Oct 26 15:00:00 UTC 2026,1.32398,704.6441500000001,null,null,null,null,null,null,1076.6926936893205,null,null,null
Mon Oct 26 16:00:00 UTC 2026,1.32398,671.6441500000001,null,null,null,null,null,null,1071.8480334951457,null,null,null
Mon Oct 26 17:00:00 UTC 2026,1.32398,654.6441500000001,null,null,null,null,null,null,1067.003373300971,null,null,null
Mon Oct 26 18:00:00 UTC 2026,1.32398,614.64415,null,null,null,null,null,null,1062.158713106796,null,null,null
Mon Oct 26 19:00:00 UTC 2026,1.32398,594.64415,null,null,null,null,null,null,1057.3140529126215,null,null,null
Mon Oct 26 20:00:00 UTC 2026,1.32398,585.64415,null,null,null,null,null,null,1052.4693927184467,null,null,null
Mon Oct 26 21:00:00 UTC 2026,1.32398,627.64415,null,null,null,null,null,null,1047.6247325242718,null,null,null
Mon Oct 26 22:00:00 UTC 2026,1.32398,633.64415,null,null,null,null,null,null,1042.7800723300973,null,null,null
Mon Oct 26 23:00:00 UTC 2026,1.32398,654.6441500000001,null,null,null,null,null,null,1037.9354121359224,null,null,null
Tue Oct 27 00:00:00 UTC 2026,1.32398,671.6441500000001,null,null,null,null,null,null,1033.0907519417476,null,null,null
Tue Oct 27 01:00:00 UTC 2026,1.32398,683.6441500000001,null,null,null,null,null,null,1028.2460917475728,null,null,null
Tue Oct 27 02:00:00 UTC 2026,1.32398,681.6441500000001,null,null,null,null,null,null,1023.4014315533981,null,null,null
Tue Oct 27 03:00:00 UTC 2026,1.32398,699.6441500000001,null,null,null,null,null,null,1018.5567713592234,null,null,null
Tue Oct 27 04:00:00 UTC 2026,1.32398,719.6441500000001,null,null,null,null,null,null,1013.7121111650487,null,null,null
Tue Oct 27 05:00:00 UTC 2026,1.32398,710.6441500000001,null,null,null,null,null,null,1008.8674509708738,null,null,null
Tue Oct 27 06:00:00 UTC 2026,1.32398,716.6441500000001,null,null,null,null,null,null,1004.0227907766991,null,null,null
Tue Oct 27 07:00:00 UTC 2026,1.32398,688.6441500000001,null,null,null,null,null,null,999.1781305825243,null,null,null
Tue Oct 27 08:00:00 UTC 2026,1.32398,389.64415,null,null,null,null,null,null,994.3334703883496,null,null,null
Tue Oct 27 09:00:00 UTC 2026,1.32398,392.64415,null,null,null,null,null,null,989.4888101941748,null,null,null
Tue Oct 27 10:00:00 UTC 2026,1.32398,384.64415,null,null,null,null,null,null,984.6441500000001,null,null,null
Tue Oct 27 11:00:00 UTC 2026,1.32398,403.64415,null,null,null,null,null,null,null,null,null,null
Tue Oct 27 12:00:00 UTC 2026,1.32398,398.64415,null,null,null,null,null,null,null,null,null,null
Tue Oct 27 13:00:00 UTC 2026,1.32398,422.64415,null,null,null,null,null,null,null,null,null,null
Tue Oct 27 14:00:00 UTC 2026,1.32398,438.64415,null,null,null,null,null,null,null,null,null,null
Tue Oct 27 15:00:00 UTC 2026,1.32398,442.64415,null,null,null,null,null,null,null,null,null,null
Tue Oct 27 16:00:00 UTC 2026,1.32398,456.64414999999997,null,null,null,null,null,null,null,null,null,null
Tue Oct 27 17:00:00 UTC 2026,1.32398,459.64414999999997,null,null,null,null,null,null,null,null,null,null
Tue Oct 27 18:00:00 UTC 2026,1.32398,525.64415,null,null,null,null,null,null,null,null,null,null
Tue Oct 27 19:00:00 UTC 2026,1.32398,441.64415,null,null,null,null,null,null,null,null,null,null
Tue Oct 27 20:00:00 UTC 2026,1.32398,448.64414999999997,null,null,null,null,null,null,null,null,null,null
Tue Oct 27 21:00:00 UTC 2026,1.32398,450.64414999999997,null,null,null,null,null,null,null,null,null,null
Tue Oct 27 22:00:00 UTC 2026,1.32398,444.64415,null,null,null,null,null,null,null,null,null,null
Tue Oct 27 23:00:00 UTC 2026,1.32398,441.64415,null,null,null,null,null,null,null,null,null,null
Wed Oct 28 00:00:00 UTC 2026,1.32398,434.64415,null,null,null,null,null,null,null,null,null,null
Wed Oct 28 01:00:00 UTC 2026,1.32398,458.64414999999997,null,null,null,null,null,null,null,null,null,null
Wed Oct 28 02:00:00 UTC 2026,1.32398,483.64414999999997,null,null,null,null,null,null,null,null,null,null
Wed Oct 28 03:00:00 UTC 2026,1.32398,482.64414999999997,null,null,null,null,null,null,null,null,null,null
Wed Oct 28 04:00:00 UTC 2026,1.32398,476.64414999999997,null,null,null,null,null,null,null,null,null,null
Wed Oct 28 05:00:00 UTC 2026,1.32398,480.64414999999997,null,null,null,null,null,null,null,null,null,null
Wed Oct 28 06:00:00 UTC 2026,1.32398,466.64414999999997,null,null,null,null,null,null,null,null,null,null
Wed Oct 28 07:00:00 UTC 2026,1.32398,560.64415,null,null,null,null,null,null,null,null,null,null
Wed Oct 28 08:00:00 UTC 2026,1.32398,572.64415,null,null,null,null,null,null,null,null,null,null
Wed Oct 28 09:00:00 UTC 2026,1.32398,584.64415,null,null,null,null,null,null,null,null,null,null
Wed Oct 28 10:00:00 UTC 2026,1.32398,587.64415,null,null,null,null,null,null,null,null,null,null
Wed Oct 28 11:00:00 UTC 2026,1.32398,593.64415,null,null,null,null,null,null,null,null,null,null
Wed Oct 28 12:00:00 UTC 2026,1.32398,583.64415,null,null,null,null,null,null,null,null,null,null
Wed Oct 28 13:00:00 UTC 2026,1.32398,593.64415,null,null,null,null,null,null,null,null,null,null
Wed Oct 28 14:00:00 UTC 2026,1.32398,581.64415,null,null,null,null,null,null,null,null,null,null
Wed Oct 28 15:00:00 UTC 2026,1.32398,580.64415,null,null,null,null,null,null,null,null,null,null
Wed Oct 28 16:00:00 UTC 2026,1.32398,570.64415,null,null,null,null,null,null,null,null,null,null
Wed Oct 28 17:00:00 UTC 2026,1.32398,573.64415,null,null,null,null,null,null,null,null,null,null
Wed Oct 28 18:00:00 UTC 2026,1.32398,589.64415,null,null,null,null,null,null,null,null,null,null
Wed Oct 28 19:00:00 UTC 2026,1.32398,594.64415,null,null,null,null,null,null,null,null,null,null
Wed Oct 28 20:00:00 UTC 2026,1.32398,611.64415,null,null,null,null,null,null,null,null,null,null
Wed Oct 28 21:00:00 UTC 2026,1.32398,597.64415,null,null,null,null,null,null,null,null,null,null
Wed Oct 28 22:00:00 UTC 2026,1.32398,593.64415,null,null,null,null,null,null,null,null,null,null
Wed Oct 28 23:00:00 UTC 2026,1.32398,580.64415,null,null,null,null,null,null,null,null,null,null
Thu Oct 29 00:00:00 UTC 2026,1.32398,600.64415,null,null,null,null,null,null,null,null,null,null
Thu Oct 29 01:00:00 UTC 2026,1.32398,597.64415,null,null,null,null,null,null,null,null,null,null
Thu Oct 29 02:00:00 UTC 2026,1.32398,591.64415,null,null,null,null,null,null,null,null,null,null
Thu Oct 29 03:00:00 UTC 2026,1.32398,605.64415,null,null,null,null,null,null,null,null,null,null
Thu Oct 29 04:00:00 UTC 2026,1.32398,598.64415,null,null,null,null,null,null,null,null,null,null
Thu Oct 29 05:00:00 UTC 2026,1.32398,583.64415,null,null,null,null,null,null,null,null,null,null
Thu Oct 29 06:00:00 UTC 2026,1.32398,583.64415,null,null,null,null,null,null,null,null,null,null
Thu Oct 29 07:00:00 UTC 2026,1.32398,590.64415,null,null,null,null,null,null,null,null,null,null
Thu Oct 29 08:00:00 UTC 2026,1.32398,578.64415,null,null,null,null,null,null,null,null,null,null
Thu Oct 29 09:00:00 UTC 2026,1.32398,617.64415,null,null,null,null,null,null,null,null,null,null
Thu Oct 29 10:00:00 UTC 2026,1.32398,604.64415,null,null,null,null,null,null,null,null,null,null
Thu Oct 29 11:00:00 UTC 2026,1.32398,608.64415,null,null,null,null,null,null,null,null,null,null
Thu Oct 29 12:00:00 UTC 2026,1.32398,613.64415,null,null,null,null,null,null,null,null,null,null
Thu Oct 29 13:00:00 UTC 2026,1.32398,604.64415,null,null,null,null,null,null,null,null,null,null
Thu Oct 29 14:00:00 UTC 2026,1.32398,599.64415,null,null,null,null,null,null,null,null,null,null
Thu Oct 29 15:00:00 UTC 2026,1.32398,636.64415,null,null,null,null,null,null,null,null,null,null
Thu Oct 29 16:00:00 UTC 2026,1.32398,627.64415,null,null,null,null,null,null,null,null,null,null
Thu Oct 29 17:00:00 UTC 2026,1.32398,607.64415,null,null,null,null,null,null,null,null,null,null
Thu Oct 29 18:00:00 UTC 2026,1.32398,594.64415,null,null,null,null,null,null,null,null,null,null
Thu Oct 29 19:00:00 UTC 2026,1.32398,601.64415,null,null,null,null,null,null,null,null,null,null
Thu Oct 29 20:00:00 UTC 2026,1.32398,567.64415,null,null,null,null,null,null,null,null,null,null
Thu Oct 29 21:00:00 UTC 2026,1.32398,569.64415,null,null,null,null,null,null,null,null,null,null
Thu Oct 29 22:00:00 UTC 2026,1.32398,557.64415,null,null,null,null,null,null,null,null,null,null
Thu Oct 29 23:00:00 UTC 2026,1.32398,567.64415,null,null,null,null,null,null,null,null,null,null
Fri Oct 30 00:00:00 UTC 2026,1.32398,564.64415,null,null,null,null,null,null,null,null,null,null
Fri Oct 30 01:00:00 UTC 2026,1.32398,559.64415,null,null,null,null,null,null,null,null,null,null
Fri Oct 30 02:00:00 UTC 2026,1.32398,576.64415,null,null,null,null,null,null,null,null,null,null
Fri Oct 30 03:00:00 UTC 2026,1.32398,581.64415,null,null,null,null,null,null,null,null,null,null
Fri Oct 30 04:00:00 UTC 2026,1.32398,578.64415,null,null,null,null,null,null,null,null,null,null
Fri Oct 30 05:00:00 UTC 2026,1.32398,582.64415,null,null,null,null,null,null,null,null,null,null
Fri Oct 30 06:00:00 UTC 2026,1.32398,578.64415,null,null,null,null,null,null,null,null,null,null
Fri Oct 30 07:00:00 UTC 2026,1.32398,574.64415,null,null,null,null,null,null,null,null,null,null
Fri Oct 30 08:00:00 UTC 2026,1.32398,573.64415,null,null,null,null,null,null,null,null,null,null
Fri Oct 30 09:00:00 UTC 2026,1.32398,549.64415,null,null,null,null,null,null,null,null,null,null
Fri Oct 30 10:00:00 UTC 2026,1.32398,567.64415,null,null,null,null,null,null,null,null,null,null
Fri Oct 30 11:00:00 UTC 2026,1.32398,563.64415,null,null,null,null,null,null,null,null,null,null
Fri Oct 30 12:00:00 UTC 2026,1.32398,573.64415,null,null,null,null,null,null,null,null,null,null
Fri Oct 30 13:00:00 UTC 2026,1.32398,572.64415,null,null,null,null,null,null,null,null,null,null
Fri Oct 30 14:00:00 UTC 2026,1.32398,564.64415,null,null,null,null,null,null,null,null,null,null
Fri Oct 30 15:00:00 UTC 2026,1.32398,582.64415,null,null,null,null,null,null,null,null,null,null
Fri Oct 30 16:00:00 UTC 2026,1.32398,565.64415,null,null,null,null,null,null,null,null,null,null
Fri Oct 30 17:00:00 UTC 2026,1.32398,563.64415,null,null,null,null,null,null,null,null,null,null
Fri Oct 30 18:00:00 UTC 2026,1.32398,577.64415,null,null,null,null,null,null,null,null,null,null
Fri Oct 30 19:00:00 UTC 2026,1.32398,584.64415,null,null,null,null,null,null,null,null,null,null
Fri Oct 30 20:00:00 UTC 2026,1.32398,586.64415,null,null,null,null,null,null,null,null,null,null
Fri Oct 30 21:00:00 UTC 2026,1.32398,586.64415,null,null,null,null,null,null,null,null,null,null
Fri Oct 30 22:00:00 UTC 2026,1.32398,586.64415,null,null,null,null,null,null,null,null,null,null
Fri Oct 30 23:00:00 UTC 2026,1.32398,586.64415,null,null,null,null,null,null,null,null,null,null
Sat Oct 31 00:00:00 UTC 2026,1.32398,586.64415,null,null,null,null,null,null,null,null,null,null
Sat Oct 31 01:00:00 UTC 2026,1.32398,586.64415,null,null,null,null,null,null,null,null,null,null
Sat Oct 31 02:00:00 UTC 2026,1.32398,586.64415,null,null,null,null,null,null,null,null,null,null
Sat Oct 31 03:00:00 UTC 2026,1.32398,586.64415,null,null,null,null,null,null,null,null,null,null
Sat Oct 31 04:00:00 UTC 2026,1.32398,586.64415,null,null,null,null,null,null,null,null,null,null
Sat Oct 31 05:00:00 UTC 2026,1.32398,586.64415,null,null,null,null,null,null,null,null,null,null
Sat Oct 31 06:00:00 UTC 2026,1.32398,586.64415,null,null,null,null,null,null,null,null,null,null
Sat Oct 31 07:00:00 UTC 2026,1.32398,586.64415,null,null,null,null,null,null,null,null,null,null
Sat Oct 31 08:00:00 UTC 2026,1.32398,586.64415,null,null,null,null,null,null,null,null,null,null
Sat Oct 31 09:00:00 UTC 2026,1.32398,586.64415,null,null,null,null,null,null,null,null,null,null
Sat Oct 31 10:00:00 UTC 2026,1.32398,586.64415,null,null,null,null,null,null,null,null,null,null
Sat Oct 31 11:00:00 UTC 2026,1.32398,586.64415,null,null,null,null,null,null,null,null,null,null
Sat Oct 31 12:00:00 UTC 2026,1.32398,586.64415,null,null,null,null,null,null,null,null,null,null
Sat Oct 31 13:00:00 UTC 2026,1.32398,586.64415,null,null,null,null,null,null,null,null,null,null
Sat Oct 31 14:00:00 UTC 2026,1.32398,586.64415,null,null,null,null,null,null,null,null,null,null
Sat Oct 31 15:00:00 UTC 2026,1.32398,586.64415,null,null,null,null,null,null,null,null,null,null
Sat Oct 31 16:00:00 UTC 2026,1.32398,586.64415,null,null,null,null,null,null,null,null,null,null
Sat Oct 31 17:00:00 UTC 2026,1.32398,586.64415,null,null,null,null,null,null,null,null,null,null
Sat Oct 31 18:00:00 UTC 2026,1.32398,586.64415,null,null,null,null,null,null,null,null,null,null
Sat Oct 31 19:00:00 UTC 2026,1.32398,586.64415,null,null,null,null,null,null,null,null,null,null
Sat Oct 31 20:00:00 UTC 2026,1.32398,586.64415,null,null,null,null,null,null,null,null,null,null
Sat Oct 31 21:00:00 UTC 2026,1.32398,586.64415,null,null,null,null,null,null,null,null,null,null
Sat Oct 31 22:00:00 UTC 2026,1.32398,586.64415,null,null,null,null,null,null,null,null,null,null
Sat Oct 31 23:00:00 UTC 2026,1.32398,586.64415,null,null,null,null,null,null,null,null,null,null
Sun Nov 01 00:00:00 UTC 2026,1.32398,586.64415,null,null,null,null,null,null,null,null,null,null
Sun Nov 01 01:00:00 UTC 2026,1.32398,586.64415,null,null,null,null,null,null,null,null,null,null
Sun Nov 01 02:00:00 UTC 2026,1.32398,586.64415,null,null,null,null,null,null,null,null,null,null
Sun Nov 01 03:00:00 UTC 2026,1.32398,586.64415,null,null,null,null,null,null,null,null,null,null
Sun Nov 01 04:00:00 UTC 2026,1.32398,586.64415,null,null,null,null,null,null,null,null,null,null
Sun Nov 01 05:00:00 UTC 2026,1.32398,586.64415,null,null,null,null,null,null,null,null,null,null
Sun Nov 01 06:00:00 UTC 2026,1.32398,586.64415,null,null,null,null,null,null,null,null,null,null
Sun Nov 01 07:00:00 UTC 2026,1.32398,586.64415,null,null,null,null,null,null,null,null,null,null
Sun Nov 01 08:00:00 UTC 2026,1.32398,586.64415,null,null,null,null,null,null,null,null,null,null
Sun Nov 01 09:00:00 UTC 2026,1.32398,586.64415,null,null,null,null,null,null,null,null,null,null
