date,P_Kweek_-61_Kday_-79_ETE_60_ORD_55_EXT_70_E2Ekor_72_EXTkor_63_DIFF_25458,a,b,c,d,e,f,g,h,i,j
Mon Sep 28 00:00:00 UTC 2026,-2.261021671548E7,2.284520000219345,null,null,null,null,null,null,null,null
Mon Sep 28 01:00:00 UTC 2026,-1.8344125282421313E7,3509338.28452,null,null,null,null,null,null,null,null
Mon Sep 28 02:00:00 UTC 2026,-1.815953478772182E7,2722681.28452,null,null,null,null,null,null,null,null
Mon Sep 28 03:00:00 UTC 2026,-1.949268836055269E7,2222775.28452,null,null,null,null,null,null,null,null
Mon Sep 28 04:00:00 UTC 2026,-1.934911797578627E7,2997711.28452,null,null,null,null,null,null,null,null
Mon Sep 28 05:00:00 UTC 2026,-1.8579990914537705E7,1968861.2845200002,null,null,null,null,null,null,null,null
Mon Sep 28 06:00:00 UTC 2026,-1.9123507371153254E7,3301819.28452,null,null,null,null,null,null,null,null
Mon Sep 28 07:00:00 UTC 2026,-1.8364635337388076E7,1174509.2845200002,null,null,null,null,null,null,null,null
Mon Sep 28 08:00:00 UTC 2026,-1.724683734170684E7,-375036.7154799998,null,null,null,null,null,null,null,null
Mon Sep 28 09:00:00 UTC 2026,-1.6908421434757546E7,486938.2845200002,null,null,null,null,null,null,null,null
Mon Sep 28 10:00:00 UTC 2026,-1.5841898576492758E7,-529404.7154799998,null,null,null,null,null,null,null,null
Mon Sep 28 11:00:00 UTC 2026,-1.8590245942021087E7,332461.2845200002,null,null,null,null,null,null,null,null
Mon Sep 28 12:00:00 UTC 2026,-1.9400393113202717E7,331845.2845200002,null,null,null,null,null,null,null,null
Mon Sep 28 13:00:00 UTC 2026,-2.0466915971467502E7,-553950.7154799998,null,null,null,null,null,null,null,null
Mon Sep 28 14:00:00 UTC 2026,-2.1594968994631663E7,-9285.71547999978,null,null,null,null,null,null,null,null
Mon Sep 28 15:00:00 UTC 2026,-2.216925053369735E7,-1320610.7154799998,null,null,null,null,null,null,null,null
Mon Sep 28 16:00:00 UTC 2026,-2.0610486356233925E7,-290767.7154799998,null,null,null,null,null,null,null,null
Mon Sep 28 17:00:00 UTC 2026,-1.9113252343669873E7,892738.2845200002,null,null,null,null,null,null,null,null
Mon Sep 28 18:00:00 UTC 2026,-1.6118784318542223E7,1441571.2845200002,null,null,null,null,null,null,null,null
Mon Sep 28 19:00:00 UTC 2026,-1.3185846458314404E7,605895.2845200002,null,null,null,null,null,null,null,null
Mon Sep 28 20:00:00 UTC 2026,-1.4088288876846004E7,1868018.2845200002,null,null,null,null,null,null,null,null
Mon Sep 28 21:00:00 UTC 2026,-1.3862678272213446E7,38250.28452000022,null,null,null,null,null,null,null,null
Mon Sep 28 22:00:00 UTC 2026,-1.5718838246693099E7,-1269109.7154799998,null,null,null,null,null,null,null,null
Mon Sep 28 23:00:00 UTC 2026,-1.8682541189370606E7,-4688837.71548,null,null,null,null,null,null,null,null
Tue Sep 29 00:00:00 UTC 2026,-1.6652045747674387E7,-4186315.71548,null,null,null,null,null,null,null,null
Tue Sep 29 01:00:00 UTC 2026,-1.6108529291058842E7,-5480961.71548,null,null,null,null,null,null,null,null
Tue Sep 29 02:00:00 UTC 2026,-1.783137390825591E7,-4222941.71548,null,null,null,null,null,null,null,null
Tue Sep 29 03:00:00 UTC 2026,-1.8928661848970383E7,-7029529.71548,null,null,null,null,null,null,null,null
Tue Sep 29 04:00:00 UTC 2026,-1.9369628030752573E7,-7664143.71548,null,null,null,null,null,null,null,null
Tue Sep 29 05:00:00 UTC 2026,-1.8046729485405087E7,-7892719.71548,null,null,null,null,null,null,null,null
Tue Sep 29 06:00:00 UTC 2026,-1.8415910474804524E7,-7190398.71548,null,null,null,null,null,null,null,null
Tue Sep 29 07:00:00 UTC 2026,-1.7728823633422554E7,-8421445.71548,null,null,null,null,null,null,null,null
Tue Sep 29 08:00:00 UTC 2026,-1.744168286388971E7,-7075889.71548,null,null,null,null,null,null,null,null
Tue Sep 29 09:00:00 UTC 2026,-1.770831357845579E7,-6327414.71548,null,null,null,null,null,null,null,null
Tue Sep 29 10:00:00 UTC 2026,-1.6067509181125773E7,-1.004852471548E7,null,null,null,null,null,null,null,null
Tue Sep 29 11:00:00 UTC 2026,-1.6036744098675631E7,-1.014339771548E7,null,null,null,null,null,null,null,null
Tue Sep 29 12:00:00 UTC 2026,-1.8241575007588413E7,-1.072208271548E7,null,null,null,null,null,null,null,null
Tue Sep 29 13:00:00 UTC 2026,-1.9769574102602154E7,-1.484925671548E7,null,null,null,null,null,null,null,null
Tue Sep 29 14:00:00 UTC 2026,-1.8887641739036858E7,-1.663913771548E7,-1.663903771548E7,null,null,null,-1.663853771548E7,null,null,null
Tue Sep 29 15:00:00 UTC 2026,-1.641618011555845E7,-1.158997471548E7,-1.6175764686068235E7,null,null,null,-1.6175264686068235E7,null,null,null
Tue Sep 29 16:00:00 UTC 2026,-1.6129039346025605E7,-1.158932171548E7,-1.571249165665647E7,null,null,null,-1.571199165665647E7,null,null,null
Tue Sep 29 17:00:00 UTC 2026,-1.4703590525845218E7,-9065417.71548,-1.5249218627244705E7,null,null,null,-1.5248718627244705E7,null,null,null
Tue Sep 29 18:00:00 UTC 2026,-1.5318892174843974E7,-1.003326271548E7,-1.478594559783294E7,null,null,null,-1.478544559783294E7,null,null,null
Tue Sep 29 19:00:00 UTC 2026,-1.4477979921212204E7,-1.080539071548E7,-1.4322672568421176E7,null,null,null,-1.4322172568421176E7,null,null,null
Tue Sep 29 20:00:00 UTC 2026,-1.3206356513281167E7,-1.339495571548E7,-1.385939953900941E7,null,null,null,-1.385889953900941E7,null,null,null
Tue Sep 29 21:00:00 UTC 2026,-1.6467455252974898E7,-1.194423371548E7,-1.3396126509597646E7,null,null,null,-1.3395626509597646E7,null,null,null
Tue Sep 29 22:00:00 UTC 2026,-1.4765120690745048E7,-1.039914971548E7,-1.2932853480185881E7,null,null,null,-1.2932353480185881E7,null,null,null
Tue Sep 29 23:00:00 UTC 2026,-1.577011338410955E7,-8953779.71548,-1.2469580450774118E7,null,null,null,-1.2469080450774118E7,null,null,null
Wed Sep 30 00:00:00 UTC 2026,-1.4488234948695585E7,-1.093257171548E7,-1.2006307421362353E7,null,null,null,-1.2005807421362353E7,null,null,null
Wed Sep 30 01:00:00 UTC 2026,-1.3114061265931193E7,-8888135.71548,-1.1543034391950589E7,null,null,null,-1.1542534391950589E7,null,null,null
Wed Sep 30 02:00:00 UTC 2026,-1.13809616212512E7,-1.158860671548E7,-1.1079761362538824E7,null,null,null,-1.1079261362538824E7,null,null,null
Wed Sep 30 03:00:00 UTC 2026,-9832452.471271154,-9417650.71548,-1.0616488333127059E7,null,null,null,-1.0615988333127059E7,null,null,null
Wed Sep 30 04:00:00 UTC 2026,-1.0283673680536726E7,-1.080743671548E7,-1.0153215303715294E7,null,null,null,-1.0152715303715294E7,null,null,null
Wed Sep 30 05:00:00 UTC 2026,-1.2467994534482747E7,-1.270746171548E7,-9689942.27430353,null,null,null,-9689442.27430353,null,null,null
Wed Sep 30 06:00:00 UTC 2026,-1.1114330906685118E7,-1.247674371548E7,-9226669.244891765,null,null,null,-9226169.244891765,null,null,null
Wed Sep 30 07:00:00 UTC 2026,-1.151427697853424E7,-1.073920971548E7,-8763396.21548,null,null,null,-8762896.21548,null,null,null
Wed Sep 30 08:00:00 UTC 2026,-1.2878195633815251E7,-1.263181471548E7,-8300123.186068235,null,null,null,-8299623.186068235,null,null,null
Wed Sep 30 09:00:00 UTC 2026,-9309446.069621913,-1.149888071548E7,-7836850.15665647,null,null,null,-7836350.15665647,null,null,null
Wed Sep 30 10:00:00 UTC 2026,-1.0704129807352612E7,-8657533.71548,-7373577.127244705,null,null,null,-7373077.127244705,null,null,null
Wed Sep 30 11:00:00 UTC 2026,-1.1452746813634412E7,-1.126286271548E7,-6910304.0978329405,null,null,null,-6909804.0978329405,null,null,null
Wed Sep 30 12:00:00 UTC 2026,-1.2929470771231702E7,-1.324282671548E7,-6447031.068421177,null,null,null,-6446531.068421177,null,null,null
Wed Sep 30 13:00:00 UTC 2026,-1.201677332521672E7,-9569995.71548,-5983758.039009412,null,null,null,-5983258.039009412,null,null,null
Wed Sep 30 14:00:00 UTC 2026,-1.3288396733147757E7,-1.016088071548E7,-5520485.009597647,null,null,null,-5519985.009597647,null,null,null
Wed Sep 30 15:00:00 UTC 2026,-1.1175861071584947E7,-4944580.71548,-5057211.980185882,null,null,null,-5056711.980185882,null,null,null
Wed Sep 30 16:00:00 UTC 2026,-1.2088558517599931E7,-4595721.71548,-4593938.950774117,null,null,null,-4593438.950774117,null,null,null
Wed Sep 30 17:00:00 UTC 2026,-1.0991270576885456E7,-8656021.71548,-4130665.9213623526,null,null,null,-4130165.9213623526,null,null,null
Wed Sep 30 18:00:00 UTC 2026,-9606841.866638139,-1739378.7154799998,-3667392.891950588,null,null,null,-3666892.891950588,null,null,null
Wed Sep 30 19:00:00 UTC 2026,-8714654.47558992,-2037642.7154799998,-3204119.8625388234,null,null,null,-3203619.8625388234,null,null,null
Wed Sep 30 20:00:00 UTC 2026,-6438038.374293925,-3037202.71548,-2740846.8331270586,null,null,null,-2740346.8331270586,null,null,null
Wed Sep 30 21:00:00 UTC 2026,-3823006.3660490923,-4017310.71548,-2277573.803715294,null,null,null,-2277073.803715294,null,null,null
Wed Sep 30 22:00:00 UTC 2026,-2797503.6177178286,-2789815.71548,-1814300.7743035292,null,null,null,-1813800.7743035292,null,null,null
Wed Sep 30 23:00:00 UTC 2026,-5740696.505428575,-3382035.71548,-1351027.7448917646,null,null,null,-1350527.7448917644,null,null,null
Thu Oct 01 00:00:00 UTC 2026,-3905046.5859156847,-887854.7154799998,-887754.7154799998,null,null,-887454.7154799998,-887254.7154799998,null,null,-886954.7154799998
Thu Oct 01 01:00:00 UTC 2026,-3915301.613399066,-4867581.71548,null,null,null,-2094252.6043688885,null,null,null,-2093752.6043688885
Thu Oct 01 02:00:00 UTC 2026,-3874281.5034655407,-7142343.71548,null,null,null,-3301050.4932577773,null,null,null,-3300550.4932577773
Thu Oct 01 03:00:00 UTC 2026,-2079651.6938857175,-4411911.71548,null,null,null,-4507848.382146667,null,null,null,-4507348.382146666
Thu Oct 01 04:00:00 UTC 2026,-1833531.0342863984,-5379922.71548,null,null,null,-5714646.271035555,null,null,null,-5714146.271035555
Thu Oct 01 05:00:00 UTC 2026,-2746228.48030138,-7006017.71548,null,null,null,-6921444.159924445,null,null,null,-6920944.159924445
Thu Oct 01 06:00:00 UTC 2026,-2541127.9306346737,-6251848.71548,null,null,null,-8128242.048813333,null,null,null,-8127742.048813333
Thu Oct 01 07:00:00 UTC 2026,-2100161.748852484,-8680046.71548,null,null,null,-9335039.937702222,null,null,null,-9334539.937702224
Thu Oct 01 08:00:00 UTC 2026,-2356537.4359351806,-8493559.71548,null,null,null,-1.054183782659111E7,null,null,null,-1.054133782659111E7
Thu Oct 01 09:00:00 UTC 2026,-1361799.7700536102,-5967667.71548,null,null,null,-1.174863571548E7,null,null,null,-1.174813571548E7
Thu Oct 01 10:00:00 UTC 2026,-2151436.8862689324,-6653270.71548,null,null,null,-1.295543360436889E7,null,null,null,-1.295493360436889E7
Thu Oct 01 11:00:00 UTC 2026,-1782255.8968694918,-9658521.71548,null,null,null,-1.416223149325778E7,null,null,null,-1.4161731493257778E7
Thu Oct 01 12:00:00 UTC 2026,1171192.0183246322,-1.264406071548E7,null,null,null,-1.5369029382146666E7,null,null,null,-1.5368529382146666E7
Thu Oct 01 13:00:00 UTC 2026,514870.2593928054,-1.015228071548E7,null,null,null,-1.6575827271035556E7,null,null,null,-1.6575327271035556E7
Thu Oct 01 14:00:00 UTC 2026,237984.5173433423,-1.280415271548E7,null,null,null,-1.7782625159924444E7,null,null,null,-1.7782125159924448E7
Thu Oct 01 15:00:00 UTC 2026,1232722.183224462,-1.367655471548E7,null,null,null,-1.8989423048813332E7,null,null,null,-1.8988923048813336E7
Thu Oct 01 16:00:00 UTC 2026,668695.6716421545,-1.588973671548E7,null,null,null,-2.019622093770222E7,null,null,null,-2.019572093770222E7
Thu Oct 01 17:00:00 UTC 2026,3509338.28452,-2.053812871548E7,null,null,null,-2.140301882659111E7,null,null,null,-2.140251882659111E7
Thu Oct 01 18:00:00 UTC 2026,2319755.09645601,-2.261021671548E7,null,null,null,-2.260981671548E7,-2.260961671548E7,null,-2.260941671548E7,-2.260931671548E7
Thu Oct 01 19:00:00 UTC 2026,-244001.774372831,-2.176472871548E7,null,null,null,null,-2.2059297815479998E7,null,-2.2059097815479998E7,null
Thu Oct 01 20:00:00 UTC 2026,596910.4792589433,-2.083306971548E7,null,null,null,null,-2.1508978915480003E7,null,-2.1508778915480003E7,null
Thu Oct 01 21:00:00 UTC 2026,-428592.2690723166,-1.966889471548E7,null,null,null,null,-2.0958660015479997E7,null,-2.0958460015479997E7,null
Thu Oct 01 22:00:00 UTC 2026,-428592.2690723166,-1.836516471548E7,null,null,null,null,-2.0408341115480002E7,null,-2.0408141115480002E7,null
Thu Oct 01 23:00:00 UTC 2026,-428592.2690723166,-1.941031771548E7,null,null,null,null,-1.985802221548E7,null,-1.985782221548E7,null
Fri Oct 02 00:00:00 UTC 2026,2.35601,-1.892268371548E7,null,null,null,null,null,null,-1.9307703315479998E7,null,-1.9307503315479998E7,null
Fri Oct 02 01:00:00 UTC 2026,2.35601,-1.783516771548E7,null,null,null,null,null,null,-1.875738441548E7,null,-1.875718441548E7,null
Fri Oct 02 02:00:00 UTC 2026,2.35601,-1.793484171548E7,null,null,null,null,null,null,-1.820706551548E7,null,-1.820686551548E7,null
Fri Oct 02 03:00:00 UTC 2026,2.35601,-1.637570071548E7,null,null,null,null,null,null,-1.7656746615480002E7,null,-1.7656546615480002E7,null
Fri Oct 02 04:00:00 UTC 2026,2.35601,-1.721839371548E7,null,null,null,null,null,null,-1.710642771548E7,null,-1.710622771548E7,null
Fri Oct 02 05:00:00 UTC 2026,2.35601,-1.628163771548E7,null,null,null,null,null,null,-1.6556108815480001E7,null,-1.6555908815480001E7,null
Fri Oct 02 06:00:00 UTC 2026,2.35601,-1.894792371548E7,null,null,null,null,null,null,-1.6005789915479999E7,null,-1.6005589915479999E7,null
Fri Oct 02 07:00:00 UTC 2026,2.35601,-2.022972571548E7,null,null,null,null,null,null,-1.545547101548E7,null,-1.545527101548E7,null
Fri Oct 02 08:00:00 UTC 2026,2.35601,-1.791989071548E7,null,null,null,null,null,null,-1.4905152115479998E7,null,-1.4904952115479998E7,null
Fri Oct 02 09:00:00 UTC 2026,2.35601,-1.538059871548E7,null,null,null,null,null,null,-1.435483321548E7,null,-1.435463321548E7,null
Fri Oct 02 10:00:00 UTC 2026,2.35601,-1.484200571548E7,null,null,null,null,null,null,-1.3804514315480001E7,null,-1.3804314315480001E7,null
Fri Oct 02 11:00:00 UTC 2026,2.35601,-1.559091971548E7,null,null,null,null,null,null,-1.3254195415479999E7,null,-1.3253995415479999E7,null
Fri Oct 02 12:00:00 UTC 2026,2.35601,-1.489137571548E7,null,null,null,null,null,null,-1.270387651548E7,null,-1.270367651548E7,null
Fri Oct 02 13:00:00 UTC 2026,2.35601,-1.466249771548E7,null,null,null,null,null,null,-1.215355761548E7,null,-1.215335761548E7,null
Fri Oct 02 14:00:00 UTC 2026,2.35601,-1.160383871548E7,null,null,null,null,null,null,-1.160323871548E7,null,-1.160303871548E7,null
Fri Oct 02 15:00:00 UTC 2026,2.35601,-1.574592971548E7,null,null,null,null,null,null,null,null,null,null
Fri Oct 02 16:00:00 UTC 2026,2.35601,-1.620730071548E7,null,null,null,null,null,null,null,null,null,null
Fri Oct 02 17:00:00 UTC 2026,2.35601,-1.787802071548E7,null,null,null,null,null,null,null,null,null,null
Fri Oct 02 18:00:00 UTC 2026,2.35601,-1.876237471548E7,null,null,null,null,null,null,null,null,null,null
Fri Oct 02 19:00:00 UTC 2026,2.35601,-2.128849271548E7,null,null,null,null,null,null,null,null,null,null
Fri Oct 02 20:00:00 UTC 2026,2.35601,-2.114456171548E7,null,null,null,null,null,null,null,null,null,null
Fri Oct 02 21:00:00 UTC 2026,2.35601,-1.876998871548E7,null,null,null,null,null,null,null,null,null,null
Fri Oct 02 22:00:00 UTC 2026,2.35601,-1.876998871548E7,null,null,null,null,null,null,null,null,null,null
Fri Oct 02 23:00:00 UTC 2026,2.35601,-1.876998871548E7,null,null,null,null,null,null,null,null,null,null
Sat Oct 03 00:00:00 UTC 2026,2.35601,-1.876998871548E7,null,null,null,null,null,null,null,null,null,null
Sat Oct 03 01:00:00 UTC 2026,2.35601,-1.876998871548E7,null,null,null,null,null,null,null,null,null,null
Sat Oct 03 02:00:00 UTC 2026,2.35601,-1.876998871548E7,null,null,null,null,null,null,null,null,null,null
Sat Oct 03 03:00:00 UTC 2026,2.35601,-1.876998871548E7,null,null,null,null,null,null,null,null,null,null
Sat Oct 03 04:00:00 UTC 2026,2.35601,-1.876998871548E7,null,null,null,null,null,null,null,null,null,null
Sat Oct 03 05:00:00 UTC 2026,2.35601,-1.876998871548E7,null,null,null,null,null,null,null,null,null,null
Sat Oct 03 06:00:00 UTC 2026,2.35601,-1.876998871548E7,null,null,null,null,null,null,null,null,null,null
Sat Oct 03 07:00:00 UTC 2026,2.35601,-1.876998871548E7,null,null,null,null,null,null,null,null,null,null
Sat Oct 03 08:00:00 UTC 2026,2.35601,-1.876998871548E7,null,null,null,null,null,null,null,null,null,null
Sat Oct 03 09:00:00 UTC 2026,2.35601,-1.876998871548E7,null,null,null,null,null,null,null,null,null,null
Sat Oct 03 10:00:00 UTC 2026,2.35601,-1.876998871548E7,null,null,null,null,null,null,null,null,null,null
Sat Oct 03 11:00:00 UTC 2026,2.35601,-1.876998871548E7,null,null,null,null,null,null,null,null,null,null
Sat Oct 03 12:00:00 UTC 2026,2.35601,-1.876998871548E7,null,null,null,null,null,null,null,null,null,null
Sat Oct 03 13:00:00 UTC 2026,2.35601,-1.876998871548E7,null,null,null,null,null,null,null,null,null,null
Sat Oct 03 14:00:00 UTC 2026,2.35601,-1.876998871548E7,null,null,null,null,null,null,null,null,null,null
Sat Oct 03 15:00:00 UTC 2026,2.35601,-1.876998871548E7,null,null,null,null,null,null,null,null,null,null
Sat Oct 03 16:00:00 UTC 2026,2.35601,-1.876998871548E7,null,null,null,null,null,null,null,null,null,null
Sat Oct 03 17:00:00 UTC 2026,2.35601,-1.876998871548E7,null,null,null,null,null,null,null,null,null,null
Sat Oct 03 18:00:00 UTC 2026,2.35601,-1.876998871548E7,null,null,null,null,null,null,null,null,null,null
Sat Oct 03 19:00:00 UTC 2026,2.35601,-1.876998871548E7,null,null,null,null,null,null,null,null,null,null
Sat Oct 03 20:00:00 UTC 2026,2.35601,-1.876998871548E7,null,null,null,null,null,null,null,null,null,null
Sat Oct 03 21:00:00 UTC 2026,2.35601,-1.876998871548E7,null,null,null,null,null,null,null,null,null,null
Sat Oct 03 22:00:00 UTC 2026,2.35601,-1.876998871548E7,null,null,null,null,null,null,null,null,null,null
Sat Oct 03 23:00:00 UTC 2026,2.35601,-1.876998871548E7,null,null,null,null,null,null,null,null,null,null
Sun Oct 04 00:00:00 UTC 2026,2.35601,-1.876998871548E7,null,null,null,null,null,null,null,null,null,null
Sun Oct 04 01:00:00 UTC 2026,2.35601,-1.876998871548E7,null,null,null,null,null,null,null,null,null,null
Sun Oct 04 02:00:00 UTC 2026,2.35601,-1.876998871548E7,null,null,null,null,null,null,null,null,null,null
Sun Oct 04 03:00:00 UTC 2026,2.35601,-1.876998871548E7,null,null,null,null,null,null,null,null,null,null
Sun Oct 04 04:00:00 UTC 2026,2.35601,-1.876998871548E7,null,null,null,null,null,null,null,null,null,null
Sun Oct 04 05:00:00 UTC 2026,2.35601,-1.876998871548E7,null,null,null,null,null,null,null,null,null,null
Sun Oct 04 06:00:00 UTC 2026,2.35601,-1.876998871548E7,null,null,null,null,null,null,null,null,null,null
Sun Oct 04 07:00:00 UTC 2026,2.35601,-1.876998871548E7,null,null,null,null,null,null,null,null,null,null
Sun Oct 04 08:00:00 UTC 2026,2.35601,-1.876998871548E7,null,null,null,null,null,null,null,null,null,null
Sun Oct 04 09:00:00 UTC 2026,2.35601,-1.876998871548E7,null,null,null,null,null,null,null,null,null,null
Sun Oct 04 10:00:00 UTC 2026,2.35601,-1.876998871548E7,null,null,null,null,null,null,null,null,null,null
Sun Oct 04 11:00:00 UTC 2026,2.35601,-1.876998871548E7,null,null,null,null,null,null,null,null,null,null
Sun Oct 04 12:00:00 UTC 2026,2.35601,-1.876998871548E7,null,null,null,null,null,null,null,null,null,null
Sun Oct 04 13:00:00 UTC 2026,2.35601,-1.876998871548E7,null,null,null,null,null,null,null,null,null,null
Sun Oct 04 14:00:00 UTC 2026,2.35601,-1.876998871548E7,null,null,null,null,null,null,null,null,null,null
Sun Oct 04 15:00:00 UTC 2026,2.35601,-1.876998871548E7,null,null,null,null,null,null,null,null,null,null
Sun Oct 04 16:00:00 UTC 2026,2.35601,-1.876998871548E7,null,null,null,null,null,null,null,null,null,null
Sun Oct 04 17:00:00 UTC 2026,2.35601,-1.876998871548E7,null,null,null,null,null,null,null,null,null,null
Sun Oct 04 18:00:00 UTC 2026,2.35601,-1.876998871548E7,null,null,null,null,null,null,null,null,null,null
Sun Oct 04 19:00:00 UTC 2026,2.35601,-1.876998871548E7,null,null,null,null,null,null,null,null,null,null
Sun Oct 04 20:00:00 UTC 2026,2.35601,-1.876998871548E7,null,null,null,null,null,null,null,null,null,null
Sun Oct 04 21:00:00 UTC 2026,2.35601,-2.045065471548E7,null,null,null,null,null,null,null,null,null,null
Sun Oct 04 22:00:00 UTC 2026,2.35601,-1.992285671548E7,null,null,null,null,null,null,null,null,null,null
Sun Oct 04 23:00:00 UTC 2026,2.35601,-1.957146671548E7,null,null,null,null,null,null,null,null,null,null
Mon Oct 05 00:00:00 UTC 2026,2.35601,-2.199950671548E7,null,null,null,null,null,null,null,null,null,null
Mon Oct 05 01:00:00 UTC 2026,2.35601,-1.966750471548E7,null,null,null,null,null,null,null,null,null,null
Mon Oct 05 02:00:00 UTC 2026,2.35601,-2.255987471548E7,null,null,null,null,null,null,null,null,null,null
Mon Oct 05 03:00:00 UTC 2026,2.35601,-2.238676771548E7,null,null,null,null,null,null,null,null,null,null
Mon Oct 05 04:00:00 UTC 2026,2.35601,-2.488240571548E7,null,null,null,null,null,null,null,null,null,null
Mon Oct 05 05:00:00 UTC 2026,2.35601,-2.366454371548E7,null,null,null,null,null,null,null,null,null,null
Mon Oct 05 06:00:00 UTC 2026,2.35601,-2.188528471548E7,null,null,null,null,null,null,null,null,null,null
Mon Oct 05 07:00:00 UTC 2026,2.35601,-1.920261471548E7,null,null,null,null,null,null,null,null,null,null
Mon Oct 05 08:00:00 UTC 2026,2.35601,-2.101902771548E7,null,null,null,null,null,null,null,null,null,null
Mon Oct 05 09:00:00 UTC 2026,2.35601,-2.074942571548E7,null,null,null,null,null,null,null,null,null,null
Mon Oct 05 10:00:00 UTC 2026,2.35601,-2.027195571548E7,null,null,null,null,null,null,null,null,null,null
Mon Oct 05 11:00:00 UTC 2026,2.35601,-2.173884971548E7,null,null,null,null,null,null,null,null,null,null
Mon Oct 05 12:00:00 UTC 2026,2.35601,-2.376726371548E7,null,null,null,null,null,null,null,null,null,null
Mon Oct 05 13:00:00 UTC 2026,2.35601,-2.314712971548E7,null,null,null,null,null,null,null,null,null,null
Mon Oct 05 14:00:00 UTC 2026,2.35601,-2.419934471548E7,null,null,null,null,null,null,null,null,null,null
Mon Oct 05 15:00:00 UTC 2026,2.35601,-2.247797771548E7,null,null,null,null,null,null,null,null,null,null
Mon Oct 05 16:00:00 UTC 2026,2.35601,-2.076023171548E7,null,null,null,null,null,null,null,null,null,null
Mon Oct 05 17:00:00 UTC 2026,2.35601,-2.042056371548E7,null,null,null,null,null,null,null,null,null,null
Mon Oct 05 18:00:00 UTC 2026,2.35601,-2.183951971548E7,null,null,null,null,null,null,null,null,null,null
Mon Oct 05 19:00:00 UTC 2026,2.35601,-2.103651871548E7,null,null,null,null,null,null,null,null,null,null
Mon Oct 05 20:00:00 UTC 2026,2.35601,-2.182461771548E7,null,null,null,null,null,null,null,null,null,null
Mon Oct 05 21:00:00 UTC 2026,2.35601,-2.110478771548E7,null,null,null,null,null,null,null,null,null,null
Mon Oct 05 22:00:00 UTC 2026,2.35601,-2.270151671548E7,null,null,null,null,null,null,null,null,null,null
Mon Oct 05 23:00:00 UTC 2026,2.35601,-2.489917571548E7,null,null,null,null,null,null,null,null,null,null
Tue Oct 06 00:00:00 UTC 2026,2.35601,-2.482795671548E7,null,null,null,null,null,null,null,null,null,null
Tue Oct 06 01:00:00 UTC 2026,2.35601,-2.578314571548E7,null,-2.578304571548E7,null,null,null,null,-2.578254571548E7,null,null,null
Tue Oct 06 02:00:00 UTC 2026,2.35601,-2.500393871548E7,null,-2.4565045332146667E7,null,null,null,null,-2.4577492232721377E7,null,null,null
Tue Oct 06 03:00:00 UTC 2026,2.35601,-2.261830771548E7,null,-2.3347044948813334E7,null,null,null,null,-2.337243874996276E7,null,null,null
Tue Oct 06 04:00:00 UTC 2026,2.35601,-2.099866071548E7,null,-2.212904456548E7,null,null,null,null,-2.216738526720414E7,null,null,null
Tue Oct 06 05:00:00 UTC 2026,2.35601,-1.927105271548E7,null,-2.091104418214667E7,null,null,null,null,-2.0962331784445513E7,null,null,null
Tue Oct 06 06:00:00 UTC 2026,2.35601,-2.017084171548E7,null,-1.9693043798813332E7,null,null,null,null,-1.9757278301686898E7,null,null,null
Tue Oct 06 07:00:00 UTC 2026,2.35601,-1.699375471548E7,null,-1.847504341548E7,null,null,null,null,-1.8552224818928275E7,null,null,null
Tue Oct 06 08:00:00 UTC 2026,2.35601,-1.321463771548E7,null,-1.7257043032146666E7,null,null,null,null,-1.7347171336169653E7,null,null,null
Tue Oct 06 09:00:00 UTC 2026,2.35601,-1.107245371548E7,null,-1.6039042648813333E7,null,null,null,null,-1.6142117853411036E7,null,null,null
Tue Oct 06 10:00:00 UTC 2026,2.35601,-1.086722871548E7,null,-1.482104226548E7,null,null,null,null,-1.4937064370652415E7,null,null,null
Tue Oct 06 11:00:00 UTC 2026,2.35601,-9412421.71548,null,-1.3603041882146668E7,null,null,null,null,-1.3732010887893792E7,null,null,null
Tue Oct 06 12:00:00 UTC 2026,2.35601,-7757760.71548,null,-1.2385041498813333E7,null,null,null,null,-1.2526957405135173E7,null,null,null
Tue Oct 06 13:00:00 UTC 2026,2.35601,-6152746.71548,null,-1.116704111548E7,null,null,null,null,-1.132190392237655E7,null,null,null
Tue Oct 06 14:00:00 UTC 2026,2.35601,-3209406.71548,null,-9949040.732146665,null,null,null,null,-1.011685043961793E7,null,null,null
Tue Oct 06 15:00:00 UTC 2026,2.35601,-2677445.71548,null,-8731040.348813333,null,null,null,null,-8911796.95685931,null,null,null
Tue Oct 06 16:00:00 UTC 2026,2.35601,-2416427.71548,null,-7513039.96548,null,null,null,null,-7706743.4741006885,null,null,null
Tue Oct 06 17:00:00 UTC 2026,2.35601,-1068275.7154799998,null,-6295039.582146667,null,null,null,null,-6501689.99134207,null,null,null
Tue Oct 06 18:00:00 UTC 2026,2.35601,-1893334.7154799998,null,-5077039.198813334,null,null,null,null,-5296636.508583449,null,null,null
Tue Oct 06 19:00:00 UTC 2026,2.35601,98906.28452000022,null,-3859038.8154799994,null,null,null,null,-4091583.025824826,null,null,null
Tue Oct 06 20:00:00 UTC 2026,2.35601,1066873.2845200002,null,-2641038.4321466666,null,null,null,null,-2886529.5430662073,null,null,null
Tue Oct 06 21:00:00 UTC 2026,2.35601,1523369.2845200002,null,-1423038.0488133337,null,null,null,null,-1681476.0603075856,null,null,null
Tue Oct 06 22:00:00 UTC 2026,2.35601,2548634.28452,null,-205037.6654800009,null,null,null,null,-476422.5775489649,null,null,null
Tue Oct 06 23:00:00 UTC 2026,2.35601,414415.2845200002,null,1012962.7178533338,null,null,null,null,728630.905209655,null,null,null
Wed Oct 07 00:00:00 UTC 2026,2.35601,1602489.2845200002,null,2230963.1011866666,null,null,null,null,1933684.3879682766,null,null,null
Wed Oct 07 01:00:00 UTC 2026,2.35601,4761849.28452,null,3448963.4845199995,null,null,null,null,3138737.8707268964,null,null,null
Wed Oct 07 02:00:00 UTC 2026,2.35601,7072844.28452,null,4666963.867853334,null,null,null,null,4343791.353485517,null,null,null
Wed Oct 07 03:00:00 UTC 2026,2.35601,5692859.28452,null,5884964.251186669,null,null,null,null,5548844.836244138,null,null,null
Wed Oct 07 04:00:00 UTC 2026,2.35601,8518152.28452,null,7102964.63452,null,null,null,null,6753898.319002759,null,null,null
Wed Oct 07 05:00:00 UTC 2026,2.35601,6530737.28452,null,8320965.017853335,null,null,null,null,7958951.80176138,null,null,null
Wed Oct 07 06:00:00 UTC 2026,2.35601,9163405.28452,null,9538965.401186666,null,null,null,null,9164005.28452,null,null,null
Wed Oct 07 07:00:00 UTC 2026,2.35601,4458202.28452,null,1.075696578452E7,null,null,null,null,null,null,null,null
Wed Oct 07 08:00:00 UTC 2026,2.35601,5960946.28452,null,1.1974966167853337E7,null,null,null,null,null,null,null,null
Wed Oct 07 09:00:00 UTC 2026,2.35601,4130013.28452,null,1.3192966551186666E7,null,null,null,null,null,null,null,null
Wed Oct 07 10:00:00 UTC 2026,2.35601,3890026.28452,null,1.4410966934520002E7,null,null,null,null,null,null,null,null
Wed Oct 07 11:00:00 UTC 2026,2.35601,5014581.28452,null,1.5628967317853332E7,null,null,null,null,null,null,null,null
Wed Oct 07 12:00:00 UTC 2026,2.35601,5020588.28452,null,1.6846967701186668E7,null,null,null,null,null,null,null,null
Wed Oct 07 13:00:00 UTC 2026,2.35601,4001853.28452,null,1.806496808452E7,null,null,null,null,null,null,null,null
Wed Oct 07 14:00:00 UTC 2026,2.35601,4398310.28452,null,1.9282968467853334E7,null,null,null,null,null,null,null,null
Wed Oct 07 15:00:00 UTC 2026,2.35601,2337976.28452,null,2.0500968851186667E7,null,null,null,null,2338576.28452,null,null,null
Wed Oct 07 16:00:00 UTC 2026,2.35601,2996484.28452,null,2.171896923452E7,null,null,null,null,4382162.693610909,null,null,null
Wed Oct 07 17:00:00 UTC 2026,2.35601,5143272.28452,null,2.2936969617853332E7,null,null,null,null,6425749.102701819,null,null,null
Wed Oct 07 18:00:00 UTC 2026,2.35601,9688751.28452,null,2.415497000118667E7,null,null,null,null,8469335.511792727,null,null,null
Wed Oct 07 19:00:00 UTC 2026,2.35601,9004030.28452,null,2.5372970384519998E7,null,null,null,null,1.0512921920883637E7,null,null,null
Wed Oct 07 20:00:00 UTC 2026,2.35601,8870641.28452,null,2.6590970767853335E7,null,null,null,null,1.2556508329974545E7,null,null,null
Wed Oct 07 21:00:00 UTC 2026,2.35601,9786247.28452,null,2.7808971151186667E7,null,null,null,null,1.4600094739065453E7,null,null,null
Wed Oct 07 22:00:00 UTC 2026,2.35601,1.252146828452E7,null,2.902697153452E7,null,null,null,null,1.6643681148156364E7,null,null,null
Wed Oct 07 23:00:00 UTC 2026,2.35601,1.249896828452E7,null,3.0244971917853333E7,null,null,null,null,1.8687267557247274E7,null,null,null
Thu Oct 08 00:00:00 UTC 2026,2.35601,1.184589228452E7,null,3.1462972301186666E7,null,null,null,null,2.0730853966338184E7,null,null,null
Thu Oct 08 01:00:00 UTC 2026,2.35601,1.272833628452E7,null,3.268097268452E7,null,null,null,null,2.277444037542909E7,null,null,null
Thu Oct 08 02:00:00 UTC 2026,2.35601,1.255713128452E7,null,3.389897306785333E7,null,null,null,null,2.481802678452E7,null,null,null
Thu Oct 08 03:00:00 UTC 2026,2.35601,1.487633128452E7,null,3.511697345118667E7,null,null,null,null,2.6861613193610907E7,null,null,null
Thu Oct 08 04:00:00 UTC 2026,2.35601,1.343062528452E7,null,3.633497383452E7,null,null,null,null,2.8905199602701817E7,null,null,null
Thu Oct 08 05:00:00 UTC 2026,2.35601,1.224544728452E7,null,3.755297421785334E7,null,null,null,null,3.0948786011792727E7,null,null,null
Thu Oct 08 06:00:00 UTC 2026,2.35601,1.268652228452E7,null,3.877097460118666E7,null,null,null,null,3.2992372420883633E7,null,null,null
Thu Oct 08 07:00:00 UTC 2026,2.35601,1.306804428452E7,null,3.998897498452E7,null,null,null,null,3.503595882997455E7,null,null,null
Thu Oct 08 08:00:00 UTC 2026,2.35601,1.172514528452E7,null,4.120697536785333E7,null,null,null,null,3.707954523906545E7,null,null,null
Thu Oct 08 09:00:00 UTC 2026,2.35601,1.039679028452E7,null,4.242497575118667E7,null,null,null,null,3.912313164815637E7,null,null,null
Thu Oct 08 10:00:00 UTC 2026,2.35601,2.767044728452E7,null,4.364297613452E7,null,null,null,null,4.116671805724727E7,null,null,null
Thu Oct 08 11:00:00 UTC 2026,2.35601,3.370285728452E7,null,4.4860976517853335E7,null,null,null,null,4.321030446633818E7,null,null,null
Thu Oct 08 12:00:00 UTC 2026,2.35601,3.161900128452E7,null,4.607897690118667E7,null,null,null,null,4.5253890875429094E7,null,null,null
Thu Oct 08 13:00:00 UTC 2026,2.35601,4.729687728452E7,null,4.729697728452E7,null,null,null,null,4.729747728452E7,null,null,null
Thu Oct 08 14:00:00 UTC 2026,2.35601,3.500404128452E7,null,null,null,null,null,null,null,null,null,null
Thu Oct 08 15:00:00 UTC 2026,2.35601,3.505587628452E7,null,null,null,null,null,null,null,null,null,null
Thu Oct 08 16:00:00 UTC 2026,2.35601,3.234861528452E7,null,null,null,null,null,null,null,null,null,null
Thu Oct 08 17:00:00 UTC 2026,2.35601,3.283830028452E7,null,null,null,null,null,null,null,null,null,null
Thu Oct 08 18:00:00 UTC 2026,2.35601,3.520601128452E7,null,null,null,null,null,null,null,null,null,null
Thu Oct 08 19:00:00 UTC 2026,2.35601,3.323291728452E7,null,null,null,null,null,null,null,null,null,null
Thu Oct 08 20:00:00 UTC 2026,2.35601,3.452827528452E7,null,null,null,null,null,null,null,null,null,null
Thu Oct 08 21:00:00 UTC 2026,2.35601,3.235030028452E7,null,null,null,null,null,null,null,null,null,null
Thu Oct 08 22:00:00 UTC 2026,2.35601,3.074398328452E7,null,null,null,null,null,null,null,null,null,null
Thu Oct 08 23:00:00 UTC 2026,2.35601,3.127382528452E7,null,null,null,null,null,null,null,null,null,null
Fri Oct 09 00:00:00 UTC 2026,2.35601,3.186432828452E7,null,null,null,null,null,null,null,null,null,null
Fri Oct 09 01:00:00 UTC 2026,2.35601,3.244669428452E7,null,null,null,null,null,null,null,null,null,null
Fri Oct 09 02:00:00 UTC 2026,2.35601,3.002195428452E7,null,null,null,null,null,null,null,null,null,null
Fri Oct 09 03:00:00 UTC 2026,2.35601,3.065703228452E7,null,null,null,null,null,null,null,null,null,null
Fri Oct 09 04:00:00 UTC 2026,2.35601,2.846660428452E7,null,2.846670428452E7,null,null,null,null,2.846720428452E7,null,null,null
Fri Oct 09 05:00:00 UTC 2026,2.35601,2.936676528452E7,null,2.8606587207596928E7,null,null,null,null,2.8599651027377144E7,null,null,null
Fri Oct 09 06:00:00 UTC 2026,2.35601,3.072800228452E7,null,2.8746470130673844E7,null,null,null,null,2.8732097770234287E7,null,null,null
Fri Oct 09 07:00:00 UTC 2026,2.35601,3.256149328452E7,null,2.8886353053750772E7,null,null,null,null,2.886454451309143E7,null,null,null
Fri Oct 09 08:00:00 UTC 2026,2.35601,3.468276728452E7,null,2.902623597682769E7,null,null,null,null,2.8996991255948573E7,null,null,null
Fri Oct 09 09:00:00 UTC 2026,2.35601,3.537026428452E7,null,2.9166118899904616E7,null,null,null,null,2.9129437998805713E7,null,null,null
Fri Oct 09 10:00:00 UTC 2026,2.35601,3.427412128452E7,null,2.930600182298154E7,null,null,null,null,2.9261884741662856E7,null,null,null
Fri Oct 09 11:00:00 UTC 2026,2.35601,3.320108828452E7,null,2.944588474605846E7,null,null,null,null,2.939433148452E7,null,null,null
Fri Oct 09 12:00:00 UTC 2026,2.35601,3.618475928452E7,null,2.9585767669135384E7,null,null,null,null,2.952677822737714E7,null,null,null
Fri Oct 09 13:00:00 UTC 2026,2.35601,3.746685928452E7,null,2.9725650592212304E7,null,null,null,null,2.9659224970234286E7,null,null,null
Fri Oct 09 14:00:00 UTC 2026,2.35601,3.435084828452E7,null,2.9865533515289232E7,null,null,null,null,2.9791671713091426E7,null,null,null
Fri Oct 09 15:00:00 UTC 2026,2.35601,3.496932428452E7,null,3.0005416438366152E7,null,null,null,null,2.9924118455948573E7,null,null,null
Fri Oct 09 16:00:00 UTC 2026,2.35601,3.369007828452E7,null,3.014529936144308E7,null,null,null,null,3.005656519880572E7,null,null,null
Fri Oct 09 17:00:00 UTC 2026,2.35601,3.628775628452E7,null,3.028518228452E7,null,null,null,null,3.018901194166286E7,null,null,null
Fri Oct 09 18:00:00 UTC 2026,2.35601,3.479523028452E7,null,3.042506520759692E7,null,null,null,null,3.032145868452E7,null,null,null
Fri Oct 09 19:00:00 UTC 2026,2.35601,3.391569828452E7,null,3.0564948130673844E7,null,null,null,null,3.0453905427377142E7,null,null,null
Fri Oct 09 20:00:00 UTC 2026,2.35601,3.433886528452E7,null,3.070483105375077E7,null,null,null,null,3.0586352170234285E7,null,null,null
Fri Oct 09 21:00:00 UTC 2026,2.35601,3.433886528452E7,null,3.0844713976827696E7,null,null,null,null,3.071879891309143E7,null,null,null
Fri Oct 09 22:00:00 UTC 2026,2.35601,3.433886528452E7,null,3.0984596899904616E7,null,null,null,null,3.085124565594857E7,null,null,null
Fri Oct 09 23:00:00 UTC 2026,2.35601,3.433886528452E7,null,3.1124479822981536E7,null,null,null,null,3.0983692398805715E7,null,null,null
Sat Oct 10 00:00:00 UTC 2026,2.35601,3.433886528452E7,null,3.126436274605846E7,null,null,null,null,3.111613914166286E7,null,null,null
Sat Oct 10 01:00:00 UTC 2026,2.35601,3.433886528452E7,null,3.1404245669135384E7,null,null,null,null,3.124858588452E7,null,null,null
Sat Oct 10 02:00:00 UTC 2026,2.35601,3.433886528452E7,null,3.1544128592212304E7,null,null,null,null,3.138103262737714E7,null,null,null
Sat Oct 10 03:00:00 UTC 2026,2.35601,3.433886528452E7,null,3.1684011515289232E7,null,null,null,null,3.151347937023428E7,null,null,null
Sat Oct 10 04:00:00 UTC 2026,2.35601,3.433886528452E7,null,3.1823894438366156E7,null,null,null,null,3.1645926113091428E7,null,null,null
Sat Oct 10 05:00:00 UTC 2026,2.35601,3.433886528452E7,null,3.196377736144308E7,null,null,null,null,3.1778372855948575E7,null,null,null
Sat Oct 10 06:00:00 UTC 2026,2.35601,3.433886528452E7,null,3.210366028452E7,null,null,null,null,3.1910819598805714E7,null,null,null
Sat Oct 10 07:00:00 UTC 2026,2.35601,3.433886528452E7,null,3.224354320759692E7,null,null,null,null,3.204326634166286E7,null,null,null
Sat Oct 10 08:00:00 UTC 2026,2.35601,3.433886528452E7,null,3.2383426130673848E7,null,null,null,null,3.217571308452E7,null,null,null
Sat Oct 10 09:00:00 UTC 2026,2.35601,3.433886528452E7,null,3.252330905375077E7,null,null,null,null,3.2308159827377144E7,null,null,null
Sat Oct 10 10:00:00 UTC 2026,2.35601,3.433886528452E7,null,3.2663191976827696E7,null,null,null,null,3.2440606570234284E7,null,null,null
Sat Oct 10 11:00:00 UTC 2026,2.35601,3.433886528452E7,null,3.2803074899904616E7,null,null,null,null,3.2573053313091427E7,null,null,null
Sat Oct 10 12:00:00 UTC 2026,2.35601,3.433886528452E7,null,3.2942957822981536E7,null,null,null,null,3.270550005594857E7,null,null,null
Sat Oct 10 13:00:00 UTC 2026,2.35601,3.433886528452E7,null,3.308284074605846E7,null,null,null,null,3.2837946798805714E7,null,null,null
Sat Oct 10 14:00:00 UTC 2026,2.35601,3.433886528452E7,null,3.3222723669135384E7,null,null,null,null,3.2970393541662853E7,null,null,null
Sat Oct 10 15:00:00 UTC 2026,2.35601,3.433886528452E7,null,3.3362606592212312E7,null,null,null,null,3.310284028452E7,null,null,null
Sat Oct 10 16:00:00 UTC 2026,2.35601,3.433886528452E7,null,3.3502489515289232E7,null,null,null,null,3.3235287027377144E7,null,null,null
Sat Oct 10 17:00:00 UTC 2026,2.35601,3.433886528452E7,null,3.364237243836616E7,null,null,null,null,3.3367733770234287E7,null,null,null
Sat Oct 10 18:00:00 UTC 2026,2.35601,3.433886528452E7,null,3.378225536144307E7,null,null,null,null,3.3500180513091426E7,null,null,null
Sat Oct 10 19:00:00 UTC 2026,2.35601,3.433886528452E7,null,3.392213828452E7,null,null,null,null,3.363262725594857E7,null,null,null
Sat Oct 10 20:00:00 UTC 2026,2.35601,3.433886528452E7,null,3.406202120759692E7,null,null,null,null,3.376507399880572E7,null,null,null
Sat Oct 10 21:00:00 UTC 2026,2.35601,3.433886528452E7,null,3.420190413067384E7,null,null,null,null,3.389752074166286E7,null,null,null
Sat Oct 10 22:00:00 UTC 2026,2.35601,3.433886528452E7,null,3.434178705375077E7,null,null,null,null,3.402996748452E7,null,null,null
Sat Oct 10 23:00:00 UTC 2026,2.35601,3.433886528452E7,null,3.4481669976827696E7,null,null,null,null,3.416241422737715E7,null,null,null
Sun Oct 11 00:00:00 UTC 2026,2.35601,3.433886528452E7,null,3.4621552899904616E7,null,null,null,null,3.429486097023429E7,null,null,null
Sun Oct 11 01:00:00 UTC 2026,2.35601,3.433886528452E7,null,3.476143582298154E7,null,null,null,null,3.442730771309143E7,null,null,null
Sun Oct 11 02:00:00 UTC 2026,2.35601,3.433886528452E7,null,3.4901318746058464E7,null,null,null,null,3.455975445594857E7,null,null,null
Sun Oct 11 03:00:00 UTC 2026,2.35601,3.433886528452E7,null,3.5041201669135384E7,null,null,null,null,3.469220119880571E7,null,null,null
Sun Oct 11 04:00:00 UTC 2026,2.35601,3.433886528452E7,null,3.518108459221231E7,null,null,null,null,3.4824647941662855E7,null,null,null
Sun Oct 11 05:00:00 UTC 2026,2.35601,3.433886528452E7,null,3.532096751528923E7,null,null,null,null,3.495709468452E7,null,null,null
Sun Oct 11 06:00:00 UTC 2026,2.35601,3.433886528452E7,null,3.546085043836615E7,null,null,null,null,3.508954142737714E7,null,null,null
Sun Oct 11 07:00:00 UTC 2026,2.35601,3.433886528452E7,null,3.560073336144307E7,null,null,null,null,3.5221988170234285E7,null,null,null
Sun Oct 11 08:00:00 UTC 2026,2.35601,3.433886528452E7,null,3.574061628452E7,null,null,null,null,3.535443491309143E7,null,null,null
Sun Oct 11 09:00:00 UTC 2026,2.35601,3.433886528452E7,null,3.588049920759693E7,null,null,null,null,3.548688165594857E7,null,null,null
Sun Oct 11 10:00:00 UTC 2026,2.35601,3.433886528452E7,null,3.602038213067385E7,null,null,null,null,3.5619328398805715E7,null,null,null
Sun Oct 11 11:00:00 UTC 2026,2.35601,3.433886528452E7,null,3.616026505375077E7,null,null,null,null,3.575177514166286E7,null,null,null
Sun Oct 11 12:00:00 UTC 2026,2.35601,3.433886528452E7,null,3.630014797682769E7,null,null,null,null,3.588422188452E7,null,null,null
Sun Oct 11 13:00:00 UTC 2026,2.35601,3.433886528452E7,null,3.6440030899904616E7,null,null,null,null,3.6016668627377145E7,null,null,null
Sun Oct 11 14:00:00 UTC 2026,2.35601,3.433886528452E7,null,3.657991382298154E7,null,null,null,null,3.614911537023429E7,null,null,null
Sun Oct 11 15:00:00 UTC 2026,2.35601,3.433886528452E7,null,3.6719796746058464E7,null,null,null,null,3.628156211309143E7,null,null,null
Sun Oct 11 16:00:00 UTC 2026,2.35601,3.433886528452E7,null,3.6859679669135384E7,null,null,null,null,3.641400885594857E7,null,null,null
Sun Oct 11 17:00:00 UTC 2026,2.35601,3.433886528452E7,null,3.699956259221231E7,null,null,null,null,3.654645559880571E7,null,null,null
Sun Oct 11 18:00:00 UTC 2026,2.35601,3.433886528452E7,null,3.713944551528923E7,null,null,null,null,3.6678902341662854E7,null,null,null
Sun Oct 11 19:00:00 UTC 2026,2.35601,3.433886528452E7,null,3.727932843836615E7,null,null,null,null,3.6811349084520005E7,null,null,null
Sun Oct 11 20:00:00 UTC 2026,2.35601,3.433886528452E7,null,3.741921136144307E7,null,null,null,null,3.694379582737714E7,null,null,null
Sun Oct 11 21:00:00 UTC 2026,2.35601,3.596988728452E7,null,3.755909428452E7,null,null,null,null,3.7076242570234284E7,null,null,null
Sun Oct 11 22:00:00 UTC 2026,2.35601,3.695983828452E7,null,3.769897720759693E7,null,null,null,null,3.720868931309143E7,null,null,null
Sun Oct 11 23:00:00 UTC 2026,2.35601,3.575349328452E7,null,3.783886013067384E7,null,null,null,null,3.734113605594858E7,null,null,null
Mon Oct 12 00:00:00 UTC 2026,2.35601,3.403402128452E7,null,3.797874305375077E7,null,null,null,null,3.747358279880571E7,null,null,null
Mon Oct 12 01:00:00 UTC 2026,2.35601,3.740411828452E7,null,3.811862597682769E7,null,null,null,null,3.760602954166286E7,null,null,null
Mon Oct 12 02:00:00 UTC 2026,2.35601,3.773787628452E7,null,3.8258508899904616E7,null,null,null,null,3.773847628452E7,null,null,null
Mon Oct 12 03:00:00 UTC 2026,2.35601,3.547491928452E7,null,3.839839182298154E7,null,null,null,null,null,null,null,null
Mon Oct 12 04:00:00 UTC 2026,2.35601,3.190574528452E7,null,3.8538274746058464E7,null,null,null,null,null,null,null,null
Mon Oct 12 05:00:00 UTC 2026,2.35601,3.371942328452E7,null,3.8678157669135384E7,null,null,null,null,null,null,null,null
Mon Oct 12 06:00:00 UTC 2026,2.35601,3.454287928452E7,null,3.881804059221231E7,null,null,null,null,null,null,null,null
Mon Oct 12 07:00:00 UTC 2026,2.35601,3.720697028452E7,null,3.895792351528923E7,null,null,null,null,null,null,null,null
Mon Oct 12 08:00:00 UTC 2026,2.35601,3.732455228452E7,null,3.909780643836615E7,null,null,null,null,null,null,null,null
Mon Oct 12 09:00:00 UTC 2026,2.35601,3.919306728452E7,null,3.923768936144308E7,null,null,null,null,null,null,null,null
Mon Oct 12 10:00:00 UTC 2026,2.35601,3.937747228452E7,null,3.937757228452E7,null,null,null,null,null,null,null,null
Mon Oct 12 11:00:00 UTC 2026,2.35601,3.717092728452E7,null,null,null,null,null,null,null,null,null,null
Mon Oct 12 12:00:00 UTC 2026,2.35601,3.540935728452E7,null,null,null,null,null,null,null,null,null,null
Mon Oct 12 13:00:00 UTC 2026,2.35601,3.726019528452E7,null,null,null,null,null,null,null,null,null,null
Mon Oct 12 14:00:00 UTC 2026,2.35601,3.917554128452E7,null,null,null,null,null,null,null,null,null,null
Mon Oct 12 15:00:00 UTC 2026,2.35601,3.714734928452E7,null,null,null,null,null,null,null,null,null,null
Mon Oct 12 16:00:00 UTC 2026,2.35601,3.625216228452E7,null,null,null,null,null,null,null,null,null,null
Mon Oct 12 17:00:00 UTC 2026,2.35601,1.633917728452E7,null,null,null,null,null,null,null,null,null,null
Mon Oct 12 18:00:00 UTC 2026,2.35601,1.668525628452E7,null,null,null,null,null,null,null,null,null,null
Mon Oct 12 19:00:00 UTC 2026,2.35601,1.579750628452E7,null,null,null,null,null,null,null,null,null,null
Mon Oct 12 20:00:00 UTC 2026,2.35601,1.686891028452E7,null,null,null,null,null,null,null,null,null,null
Mon Oct 12 21:00:00 UTC 2026,2.35601,1.485505728452E7,null,null,null,null,null,null,1.485565728452E7,null,null,null
Mon Oct 12 22:00:00 UTC 2026,2.35601,1.637645028452E7,null,null,null,null,null,null,1.638235278452E7,null,null,null
Mon Oct 12 23:00:00 UTC 2026,2.35601,2.035018528452E7,null,null,null,null,null,null,1.790904828452E7,null,null,null
Tue Oct 13 00:00:00 UTC 2026,2.35601,1.890031828452E7,null,null,null,null,null,null,1.943574378452E7,null,null,null
Tue Oct 13 01:00:00 UTC 2026,2.35601,2.096183928452E7,null,null,null,null,null,null,2.096243928452E7,2.096253928452E7,null,null
Tue Oct 13 02:00:00 UTC 2026,2.35601,1.941625128452E7,null,null,null,null,null,null,null,2.081644647386911E7,null,null
Tue Oct 13 03:00:00 UTC 2026,2.35601,2.015677828452E7,null,null,null,null,null,null,null,2.0670353663218223E7,null,null
Tue Oct 13 04:00:00 UTC 2026,2.35601,2.024429828452E7,null,null,null,null,null,null,null,2.0524260852567337E7,null,null
Tue Oct 13 05:00:00 UTC 2026,2.35601,2.049918528452E7,null,null,null,null,null,null,null,2.0378168041916452E7,null,null
Tue Oct 13 06:00:00 UTC 2026,2.35601,2.023242028452E7,null,null,null,null,null,null,null,2.0232075231265564E7,null,null
Tue Oct 13 07:00:00 UTC 2026,2.35601,2.016024328452E7,null,null,null,null,null,null,null,2.0085982420614675E7,null,null
Tue Oct 13 08:00:00 UTC 2026,2.35601,-4998142.71548,null,null,null,null,null,null,null,1.9939889609963786E7,null,null
Tue Oct 13 09:00:00 UTC 2026,2.35601,-4771818.71548,null,null,null,null,null,null,null,1.9793796799312897E7,null,null
Tue Oct 13 10:00:00 UTC 2026,2.35601,-4968338.71548,null,null,null,null,null,null,null,1.9647703988662012E7,null,null
Tue Oct 13 11:00:00 UTC 2026,2.35601,-5123203.71548,null,null,null,null,null,null,null,1.9501611178011123E7,null,null
Tue Oct 13 12:00:00 UTC 2026,2.35601,-4187209.71548,null,null,null,null,null,null,null,1.9355518367360238E7,null,null
Tue Oct 13 13:00:00 UTC 2026,2.35601,-5340132.71548,null,null,null,null,null,null,null,1.920942555670935E7,null,null
Tue Oct 13 14:00:00 UTC 2026,2.35601,-5601458.71548,null,null,null,null,null,null,null,1.906333274605846E7,null,null
Tue Oct 13 15:00:00 UTC 2026,2.35601,-6099883.71548,null,null,null,null,null,null,null,1.891723993540757E7,null,null
Tue Oct 13 16:00:00 UTC 2026,2.35601,-6175845.71548,null,null,null,null,null,null,null,1.8771147124756686E7,null,null
Tue Oct 13 17:00:00 UTC 2026,2.35601,-6404446.71548,null,null,null,null,null,null,null,1.86250543141058E7,null,null
Tue Oct 13 18:00:00 UTC 2026,2.35601,-6592892.71548,null,null,null,null,null,null,null,1.8478961503454912E7,null,null
Tue Oct 13 19:00:00 UTC 2026,2.35601,-6933198.71548,null,null,null,null,null,null,null,1.8332868692804024E7,null,null
Tue Oct 13 20:00:00 UTC 2026,2.35601,-7178060.71548,null,null,null,null,null,null,null,1.8186775882153135E7,null,null
Tue Oct 13 21:00:00 UTC 2026,2.35601,-7133494.71548,null,null,null,null,null,null,null,1.8040683071502246E7,null,null
Tue Oct 13 22:00:00 UTC 2026,2.35601,-7481547.71548,null,null,null,null,null,null,null,1.7894590260851365E7,null,null
Tue Oct 13 23:00:00 UTC 2026,2.35601,-7394448.71548,null,null,null,null,null,null,null,1.7748497450200476E7,null,null
Wed Oct 14 00:00:00 UTC 2026,2.35601,-6825425.71548,null,null,null,null,null,null,null,1.7602404639549587E7,null,null
Wed Oct 14 01:00:00 UTC 2026,2.35601,-5533848.71548,null,null,null,null,null,null,null,1.7456311828898698E7,null,null
Wed Oct 14 02:00:00 UTC 2026,2.35601,-6311563.71548,null,null,null,null,null,null,null,1.731021901824781E7,null,null
Wed Oct 14 03:00:00 UTC 2026,2.35601,-7339013.71548,null,null,null,null,null,null,null,1.7164126207596924E7,null,null
Wed Oct 14 04:00:00 UTC 2026,2.35601,-7735584.71548,null,null,null,null,null,null,null,1.701803339694604E7,null,null
Wed Oct 14 05:00:00 UTC 2026,2.35601,-7937622.71548,null,null,null,null,null,null,null,1.687194058629515E7,null,null
Wed Oct 14 06:00:00 UTC 2026,2.35601,-7994097.71548,null,null,null,null,null,null,null,1.6725847775644261E7,null,null
Wed Oct 14 07:00:00 UTC 2026,2.35601,-8550314.71548,null,null,null,null,null,null,null,1.6579754964993373E7,null,null
Wed Oct 14 08:00:00 UTC 2026,2.35601,-8379461.71548,null,null,null,null,null,null,null,1.6433662154342486E7,null,null
Wed Oct 14 09:00:00 UTC 2026,2.35601,-8757271.71548,null,null,null,null,null,null,null,1.6287569343691597E7,null,null
Wed Oct 14 10:00:00 UTC 2026,2.35601,-8518086.71548,null,null,null,null,null,null,null,1.6141476533040708E7,null,null
Wed Oct 14 11:00:00 UTC 2026,2.35601,-7958371.71548,null,null,null,null,null,null,null,1.5995383722389825E7,null,null
Wed Oct 14 12:00:00 UTC 2026,2.35601,-7581950.71548,null,null,null,null,null,null,null,1.5849290911738936E7,null,null
Wed Oct 14 13:00:00 UTC 2026,2.35601,-8502743.71548,null,null,null,null,null,null,null,1.5703198101088047E7,null,null
Wed Oct 14 14:00:00 UTC 2026,2.35601,-7641132.71548,null,null,null,null,null,null,null,1.555710529043716E7,null,null
Wed Oct 14 15:00:00 UTC 2026,2.35601,-9619375.71548,null,null,null,null,null,null,null,1.5411012479786271E7,null,null
Wed Oct 14 16:00:00 UTC 2026,2.35601,-8917924.71548,null,null,null,null,null,null,null,1.5264919669135382E7,null,null
Wed Oct 14 17:00:00 UTC 2026,2.35601,-8699986.71548,null,null,null,null,null,null,null,1.5118826858484495E7,null,null
Wed Oct 14 18:00:00 UTC 2026,2.35601,-1.019117871548E7,null,null,null,null,null,null,null,1.497273404783361E7,null,null
Wed Oct 14 19:00:00 UTC 2026,2.35601,-9980668.71548,null,null,null,null,null,null,null,1.4826641237182721E7,null,null
Wed Oct 14 20:00:00 UTC 2026,2.35601,-1.031789371548E7,null,null,null,null,null,null,null,1.4680548426531833E7,null,null
Wed Oct 14 21:00:00 UTC 2026,2.35601,-1.009858271548E7,null,null,null,null,null,null,null,1.4534455615880946E7,null,null
Wed Oct 14 22:00:00 UTC 2026,2.35601,-1.066811271548E7,null,null,null,null,null,null,null,1.4388362805230057E7,null,null
Wed Oct 14 23:00:00 UTC 2026,2.35601,-1.043939771548E7,null,null,null,null,null,null,null,1.424226999457917E7,null,null
Thu Oct 15 00:00:00 UTC 2026,2.35601,-9823478.71548,null,null,null,null,null,null,null,1.4096177183928285E7,null,null
Thu Oct 15 01:00:00 UTC 2026,2.35601,-1.014590171548E7,null,null,null,null,null,null,null,1.3950084373277396E7,null,null
Thu Oct 15 02:00:00 UTC 2026,2.35601,-9616383.71548,null,null,null,null,null,null,null,1.3803991562626509E7,null,null
Thu Oct 15 03:00:00 UTC 2026,2.35601,-1.085709371548E7,null,null,null,null,null,null,null,1.365789875197562E7,null,null
Thu Oct 15 04:00:00 UTC 2026,2.35601,-1.158649971548E7,null,null,null,null,null,null,null,1.3511805941324733E7,null,null
Thu Oct 15 05:00:00 UTC 2026,2.35601,-1.134294571548E7,null,null,null,null,null,null,null,1.3365713130673848E7,null,null
Thu Oct 15 06:00:00 UTC 2026,2.35601,-1.026467971548E7,null,null,null,null,null,null,null,1.321962032002296E7,null,null
Thu Oct 15 07:00:00 UTC 2026,2.35601,-1.116779771548E7,null,null,null,null,null,null,null,1.307352750937207E7,null,null
Thu Oct 15 08:00:00 UTC 2026,2.35601,-8077184.71548,null,null,null,null,null,null,null,1.2927434698721183E7,null,null
Thu Oct 15 09:00:00 UTC 2026,2.35601,-9639418.71548,null,null,null,null,null,null,null,1.2781341888070298E7,null,null
Thu Oct 15 10:00:00 UTC 2026,2.35601,-1.015668071548E7,null,null,null,null,null,null,null,1.2635249077419411E7,null,null
Thu Oct 15 11:00:00 UTC 2026,2.35601,-9578947.71548,null,null,null,null,null,null,null,1.2489156266768523E7,null,null
Thu Oct 15 12:00:00 UTC 2026,2.35601,-1.002698071548E7,null,null,null,null,null,null,null,1.2343063456117634E7,null,null
Thu Oct 15 13:00:00 UTC 2026,2.35601,-9175185.71548,null,null,null,null,null,null,null,1.2196970645466745E7,null,null
Thu Oct 15 14:00:00 UTC 2026,2.35601,-1.000435971548E7,null,null,null,null,null,null,null,1.2050877834815858E7,null,null
Thu Oct 15 15:00:00 UTC 2026,2.35601,-1.071338271548E7,null,null,null,null,null,null,null,1.1904785024164971E7,null,null
Thu Oct 15 16:00:00 UTC 2026,2.35601,-1.157060671548E7,null,null,null,null,null,null,null,1.1758692213514086E7,null,null
Thu Oct 15 17:00:00 UTC 2026,2.35601,-1.155671671548E7,null,null,null,null,null,null,null,1.1612599402863197E7,null,null
Thu Oct 15 18:00:00 UTC 2026,2.35601,-1.178809571548E7,null,null,null,null,null,null,null,1.1466506592212308E7,null,null
Thu Oct 15 19:00:00 UTC 2026,2.35601,-1.324023471548E7,null,null,null,null,null,null,null,1.132041378156142E7,null,null
Thu Oct 15 20:00:00 UTC 2026,2.35601,-1.393248371548E7,null,null,null,null,null,null,null,1.1174320970910532E7,null,null
Thu Oct 15 21:00:00 UTC 2026,2.35601,-1.212113671548E7,null,null,null,null,null,null,null,1.1028228160259645E7,null,null
Thu Oct 15 22:00:00 UTC 2026,2.35601,-1.229727771548E7,null,null,null,null,null,null,null,1.0882135349608757E7,null,null
Thu Oct 15 23:00:00 UTC 2026,2.35601,-1.271683671548E7,null,null,null,null,null,null,null,1.0736042538957871E7,null,null
Fri Oct 16 00:00:00 UTC 2026,2.35601,-1.446441071548E7,null,null,null,null,null,null,null,1.0589949728306983E7,null,null
Fri Oct 16 01:00:00 UTC 2026,2.35601,-1.333333571548E7,null,null,null,null,null,null,null,1.0443856917656094E7,null,null
Fri Oct 16 02:00:00 UTC 2026,2.35601,-1.265211771548E7,null,null,null,null,null,null,null,1.0297764107005207E7,null,null
Fri Oct 16 03:00:00 UTC 2026,2.35601,-1.264294971548E7,null,null,null,null,null,null,null,1.015167129635432E7,null,null
Fri Oct 16 04:00:00 UTC 2026,2.35601,-1.359398171548E7,null,null,null,null,null,null,null,1.0005578485703433E7,null,null
Fri Oct 16 05:00:00 UTC 2026,2.35601,-1.345854271548E7,null,null,null,null,null,null,null,9859485.675052544,null,null
Fri Oct 16 06:00:00 UTC 2026,2.35601,-1.307667671548E7,null,null,null,null,null,null,null,9713392.864401657,null,null
Fri Oct 16 07:00:00 UTC 2026,2.35601,-1.318137171548E7,null,null,null,null,null,null,null,9567300.053750768,null,null
Fri Oct 16 08:00:00 UTC 2026,2.35601,-1.298814771548E7,null,null,null,null,null,null,null,9421207.243099881,null,null
Fri Oct 16 09:00:00 UTC 2026,2.35601,-1.433804271548E7,null,null,null,null,null,null,null,9275114.432448994,null,null
Fri Oct 16 10:00:00 UTC 2026,2.35601,-1.460451971548E7,null,null,null,null,null,null,null,9129021.621798107,null,null
Fri Oct 16 11:00:00 UTC 2026,2.35601,-1.430382871548E7,null,null,null,null,null,null,null,8982928.81114722,null,null
Fri Oct 16 12:00:00 UTC 2026,2.35601,-1.296788171548E7,null,null,null,null,null,null,null,8836836.000496332,null,null
Fri Oct 16 13:00:00 UTC 2026,2.35601,-1.262416671548E7,null,null,null,null,null,null,null,8690743.189845443,null,null
Fri Oct 16 14:00:00 UTC 2026,2.35601,-1.348866971548E7,null,null,null,null,null,null,null,8544650.379194558,null,null
Fri Oct 16 15:00:00 UTC 2026,2.35601,-1.448848471548E7,null,null,null,null,null,null,null,8398557.568543669,null,null
Fri Oct 16 16:00:00 UTC 2026,2.35601,-1.598452271548E7,null,null,null,null,null,null,null,8252464.757892782,null,null
Fri Oct 16 17:00:00 UTC 2026,2.35601,-1.625668271548E7,null,null,null,null,null,null,null,8106371.947241893,null,null
Fri Oct 16 18:00:00 UTC 2026,2.35601,-1.646845171548E7,null,null,null,null,null,null,null,7960279.136591005,null,null
Fri Oct 16 19:00:00 UTC 2026,2.35601,-1.562965771548E7,null,null,null,null,null,null,null,7814186.325940118,null,null
Fri Oct 16 20:00:00 UTC 2026,2.35601,-1.744932871548E7,null,null,null,null,null,null,null,7668093.515289231,null,null
Fri Oct 16 21:00:00 UTC 2026,2.35601,-1.785067771548E7,null,null,null,null,null,null,null,7522000.704638344,null,null
Fri Oct 16 22:00:00 UTC 2026,2.35601,-1.785067771548E7,null,null,null,null,null,null,null,7375907.893987455,null,null
Fri Oct 16 23:00:00 UTC 2026,2.35601,-1.785067771548E7,null,null,null,null,null,null,null,7229815.083336568,null,null
Sat Oct 17 00:00:00 UTC 2026,2.35601,-1.785067771548E7,null,null,null,null,null,null,null,7083722.2726856815,null,null
Sat Oct 17 01:00:00 UTC 2026,2.35601,-1.785067771548E7,null,null,null,null,null,null,null,6937629.462034794,null,null
Sat Oct 17 02:00:00 UTC 2026,2.35601,-1.785067771548E7,null,null,null,null,null,null,null,6791536.651383905,null,null
Sat Oct 17 03:00:00 UTC 2026,2.35601,-1.785067771548E7,null,null,null,null,null,null,null,6645443.840733018,null,null
Sat Oct 17 04:00:00 UTC 2026,2.35601,-1.785067771548E7,null,null,null,null,null,null,null,6499351.030082129,null,null
Sat Oct 17 05:00:00 UTC 2026,2.35601,-1.785067771548E7,null,null,null,null,null,null,null,6353258.219431244,null,null
Sat Oct 17 06:00:00 UTC 2026,2.35601,-1.785067771548E7,null,null,null,null,null,null,null,6207165.408780355,null,null
Sat Oct 17 07:00:00 UTC 2026,2.35601,-1.785067771548E7,null,null,null,null,null,null,null,6061072.598129468,null,null
Sat Oct 17 08:00:00 UTC 2026,2.35601,-1.785067771548E7,null,null,null,null,null,null,null,5914979.787478579,null,null
Sat Oct 17 09:00:00 UTC 2026,2.35601,-1.785067771548E7,null,null,null,null,null,null,null,5768886.97682769,null,null
Sat Oct 17 10:00:00 UTC 2026,2.35601,-1.785067771548E7,null,null,null,null,null,null,null,5622794.166176803,null,null
Sat Oct 17 11:00:00 UTC 2026,2.35601,-1.785067771548E7,null,null,null,null,null,null,null,5476701.355525918,null,null
Sat Oct 17 12:00:00 UTC 2026,2.35601,-1.785067771548E7,null,null,null,null,null,null,null,5330608.544875031,null,null
Sat Oct 17 13:00:00 UTC 2026,2.35601,-1.785067771548E7,null,null,null,null,null,null,null,5184515.7342241425,null,null
Sat Oct 17 14:00:00 UTC 2026,2.35601,-1.785067771548E7,null,null,null,null,null,null,null,5038422.923573256,null,null
Sat Oct 17 15:00:00 UTC 2026,2.35601,-1.785067771548E7,null,null,null,null,null,null,null,4892330.112922367,null,null
Sat Oct 17 16:00:00 UTC 2026,2.35601,-1.785067771548E7,null,null,null,null,null,null,null,4746237.30227148,null,null
Sat Oct 17 17:00:00 UTC 2026,2.35601,-1.785067771548E7,null,null,null,null,null,null,null,4600144.491620591,null,null
Sat Oct 17 18:00:00 UTC 2026,2.35601,-1.785067771548E7,null,null,null,null,null,null,null,4454051.680969704,null,null
Sat Oct 17 19:00:00 UTC 2026,2.35601,-1.785067771548E7,null,null,null,null,null,null,null,4307958.870318817,null,null
Sat Oct 17 20:00:00 UTC 2026,2.35601,-1.785067771548E7,null,null,null,null,null,null,null,4161866.05966793,null,null
Sat Oct 17 21:00:00 UTC 2026,2.35601,-1.785067771548E7,null,null,null,null,null,null,null,4015773.249017043,null,null
Sat Oct 17 22:00:00 UTC 2026,2.35601,-1.785067771548E7,null,null,null,null,null,null,null,3869680.438366154,null,null
Sat Oct 17 23:00:00 UTC 2026,2.35601,-1.785067771548E7,null,null,null,null,null,null,null,3723587.6277152654,null,null
Sun Oct 18 00:00:00 UTC 2026,2.35601,-1.785067771548E7,null,null,null,null,null,null,null,3577494.8170643784,null,null
Sun Oct 18 01:00:00 UTC 2026,2.35601,-1.785067771548E7,null,null,null,null,null,null,null,3431402.0064134896,null,null
Sun Oct 18 02:00:00 UTC 2026,2.35601,-1.785067771548E7,null,null,null,null,null,null,null,3285309.1957626045,null,null
Sun Oct 18 03:00:00 UTC 2026,2.35601,-1.785067771548E7,null,null,null,null,null,null,null,3139216.3851117175,null,null
Sun Oct 18 04:00:00 UTC 2026,2.35601,-1.785067771548E7,null,null,null,null,null,null,null,2993123.5744608287,null,null
Sun Oct 18 05:00:00 UTC 2026,2.35601,-1.785067771548E7,null,null,null,null,null,null,null,2847030.7638099417,null,null
Sun Oct 18 06:00:00 UTC 2026,2.35601,-1.785067771548E7,null,null,null,null,null,null,null,2700937.953159053,null,null
Sun Oct 18 07:00:00 UTC 2026,2.35601,-1.785067771548E7,null,null,null,null,null,null,null,2554845.142508166,null,null
Sun Oct 18 08:00:00 UTC 2026,2.35601,-1.785067771548E7,null,null,null,null,null,null,null,2408752.331857279,null,null
Sun Oct 18 09:00:00 UTC 2026,2.35601,-1.785067771548E7,null,null,null,null,null,null,null,2262659.52120639,null,null
Sun Oct 18 10:00:00 UTC 2026,2.35601,-1.785067771548E7,null,null,null,null,null,null,null,2116566.710555503,null,null
Sun Oct 18 11:00:00 UTC 2026,2.35601,-1.785067771548E7,null,null,null,null,null,null,null,1970473.8999046143,null,null
Sun Oct 18 12:00:00 UTC 2026,2.35601,-1.785067771548E7,null,null,null,null,null,null,null,1824381.0892537292,null,null
Sun Oct 18 13:00:00 UTC 2026,2.35601,-1.785067771548E7,null,null,null,null,null,null,null,1678288.2786028404,null,null
Sun Oct 18 14:00:00 UTC 2026,2.35601,-1.785067771548E7,null,null,null,null,null,null,null,1532195.4679519515,null,null
Sun Oct 18 15:00:00 UTC 2026,2.35601,-1.785067771548E7,null,null,null,null,null,null,null,1386102.6573010646,null,null
Sun Oct 18 16:00:00 UTC 2026,2.35601,-1.785067771548E7,null,null,null,null,null,null,null,1240009.8466501776,null,null
Sun Oct 18 17:00:00 UTC 2026,2.35601,-1.785067771548E7,null,null,null,null,null,null,null,1093917.0359992925,null,null
Sun Oct 18 18:00:00 UTC 2026,2.35601,-1.785067771548E7,null,null,null,null,null,null,null,947824.2253484037,null,null
Sun Oct 18 19:00:00 UTC 2026,2.35601,-1.785067771548E7,null,null,null,null,null,null,null,801731.4146975167,null,null
Sun Oct 18 20:00:00 UTC 2026,2.35601,-1.785067771548E7,null,null,null,null,null,null,null,655638.6040466279,null,null
Sun Oct 18 21:00:00 UTC 2026,2.35601,-1.897234071548E7,null,null,null,null,null,null,null,509545.79339573905,null,null
Sun Oct 18 22:00:00 UTC 2026,2.35601,-2.347085171548E7,null,null,null,null,null,null,null,363452.9827448502,null,null
Sun Oct 18 23:00:00 UTC 2026,2.35601,-2.366719171548E7,null,null,null,null,null,null,null,217360.1720939651,null,null
Mon Oct 19 00:00:00 UTC 2026,2.35601,-2.333976671548E7,null,null,null,null,null,null,null,71267.36144307628,null,null
Mon Oct 19 01:00:00 UTC 2026,2.35601,-2.331666571548E7,null,null,null,null,null,null,null,-74825.44920781069,null,null
Mon Oct 19 02:00:00 UTC 2026,2.35601,-2.272646571548E7,null,null,null,null,null,null,null,-220918.25985869952,null,null
Mon Oct 19 03:00:00 UTC 2026,2.35601,-2.169194071548E7,null,null,null,null,null,null,null,-367011.0705095846,null,null
Mon Oct 19 04:00:00 UTC 2026,2.35601,-2.153739071548E7,null,null,null,null,null,null,null,-513103.88116047345,null,null
Mon Oct 19 05:00:00 UTC 2026,2.35601,-2.141606371548E7,null,null,null,null,null,null,null,-659196.6918113604,null,null
Mon Oct 19 06:00:00 UTC 2026,2.35601,-2.144781471548E7,null,null,null,null,null,null,null,-805289.5024622474,null,null
Mon Oct 19 07:00:00 UTC 2026,2.35601,-2.159424971548E7,null,null,null,null,null,null,null,-951382.3131131362,null,null
Mon Oct 19 08:00:00 UTC 2026,2.35601,-2.113409371548E7,null,null,null,null,null,null,null,-1097475.1237640213,null,null
Mon Oct 19 09:00:00 UTC 2026,2.35601,-2.075973271548E7,null,null,null,null,null,null,null,-1243567.9344149102,null,null
Mon Oct 19 10:00:00 UTC 2026,2.35601,-2.112341271548E7,null,null,null,null,null,null,null,-1389660.7450657971,null,null
Mon Oct 19 11:00:00 UTC 2026,2.35601,-1.995354371548E7,null,null,null,null,null,null,null,-1535753.555716686,null,null
Mon Oct 19 12:00:00 UTC 2026,2.35601,-1.988900571548E7,null,null,null,null,null,null,null,-1681846.3663675748,null,null
Mon Oct 19 13:00:00 UTC 2026,2.35601,-2.014273571548E7,null,null,null,null,null,null,null,-1827939.1770184636,null,null
Mon Oct 19 14:00:00 UTC 2026,2.35601,-2.012547071548E7,null,null,null,null,null,null,null,-1974031.9876693487,null,null
Mon Oct 19 15:00:00 UTC 2026,2.35601,-2.033968971548E7,null,null,null,null,null,null,null,-2120124.7983202357,null,null
Mon Oct 19 16:00:00 UTC 2026,2.35601,-2.061477871548E7,null,null,null,null,null,null,null,-2266217.6089711245,null,null
Mon Oct 19 17:00:00 UTC 2026,2.35601,-2.109741571548E7,null,null,null,null,null,null,null,-2412310.4196220115,null,null
Mon Oct 19 18:00:00 UTC 2026,2.35601,-2.119956371548E7,null,null,null,null,null,null,null,-2558403.2302729003,null,null
Mon Oct 19 19:00:00 UTC 2026,2.35601,-2.147275171548E7,null,null,null,null,null,null,null,-2704496.0409237854,null,null
Mon Oct 19 20:00:00 UTC 2026,2.35601,-2.235406371548E7,null,null,null,null,null,null,null,-2850588.8515746742,null,null
Mon Oct 19 21:00:00 UTC 2026,2.35601,-2.275226871548E7,null,null,null,null,null,null,null,-2996681.662225561,null,null
Mon Oct 19 22:00:00 UTC 2026,2.35601,-2.293118771548E7,null,null,null,null,null,null,null,-3142774.47287645,null,null
Mon Oct 19 23:00:00 UTC 2026,2.35601,-2.264614871548E7,null,null,null,null,null,null,null,-3288867.283527335,null,null
Tue Oct 20 00:00:00 UTC 2026,2.35601,-2.249408371548E7,null,null,null,null,null,null,null,-3434960.094178224,null,null
Tue Oct 20 01:00:00 UTC 2026,2.35601,-2.245009271548E7,null,null,null,null,null,null,null,-3581052.904829111,null,null
Tue Oct 20 02:00:00 UTC 2026,2.35601,-2.240393071548E7,null,null,null,null,null,null,null,-3727145.71548,null,null
Tue Oct 20 03:00:00 UTC 2026,2.35601,-2.215562871548E7,null,null,null,null,null,null,null,-3873238.5261308886,null,null
Tue Oct 20 04:00:00 UTC 2026,2.35601,-2.256352571548E7,null,null,null,null,null,null,null,-4019331.3367817756,null,null
Tue Oct 20 05:00:00 UTC 2026,2.35601,-2.304341671548E7,null,null,null,null,null,null,null,-4165424.1474326644,null,null
Tue Oct 20 06:00:00 UTC 2026,2.35601,-2.352646771548E7,null,null,null,null,null,null,null,-4311516.9580835495,null,null
Tue Oct 20 07:00:00 UTC 2026,2.35601,-2.390412971548E7,null,null,null,null,null,null,null,-4457609.768734438,null,null
Tue Oct 20 08:00:00 UTC 2026,2.35601,-2.416977371548E7,null,null,null,null,null,null,null,-4603702.579385325,null,null
Tue Oct 20 09:00:00 UTC 2026,2.35601,-2.407457971548E7,null,null,null,null,null,null,null,-4749795.390036214,null,null
Tue Oct 20 10:00:00 UTC 2026,2.35601,-2.396776271548E7,null,null,null,null,null,null,null,-4895888.200687099,null,null
Tue Oct 20 11:00:00 UTC 2026,2.35601,-2.395833671548E7,null,null,null,null,null,null,null,-5041981.011337988,null,null
Tue Oct 20 12:00:00 UTC 2026,2.35601,-2.426596171548E7,null,null,null,null,null,null,null,-5188073.821988877,null,null
Tue Oct 20 13:00:00 UTC 2026,2.35601,-2.397064871548E7,null,null,null,null,null,null,null,-5334166.632639764,null,null
Tue Oct 20 14:00:00 UTC 2026,2.35601,-2.365974371548E7,null,null,null,null,null,null,null,-5480259.443290649,null,null
Tue Oct 20 15:00:00 UTC 2026,2.35601,-2.373582771548E7,null,null,null,null,null,null,null,-5626352.253941536,null,null
Tue Oct 20 16:00:00 UTC 2026,2.35601,-2.372830071548E7,null,null,null,null,null,null,null,-5772445.064592425,null,null
Tue Oct 20 17:00:00 UTC 2026,2.35601,-2.383217171548E7,null,null,null,null,null,null,null,-5918537.875243314,null,null
Tue Oct 20 18:00:00 UTC 2026,2.35601,-2.403286571548E7,null,null,null,null,null,null,null,-6064630.685894202,null,null
Tue Oct 20 19:00:00 UTC 2026,2.35601,-2.440902471548E7,null,null,null,null,null,null,null,-6210723.496545089,null,null
Tue Oct 20 20:00:00 UTC 2026,2.35601,-2.418119571548E7,null,null,null,null,null,null,null,-6356816.307195978,null,null
Tue Oct 20 21:00:00 UTC 2026,2.35601,-2.408172871548E7,null,null,null,null,null,null,null,-6502909.117846863,null,null
Tue Oct 20 22:00:00 UTC 2026,2.35601,-2.407505271548E7,null,null,null,null,null,null,null,-6649001.928497752,null,null
Tue Oct 20 23:00:00 UTC 2026,2.35601,-2.418750571548E7,null,null,null,null,null,null,null,-6795094.739148639,null,null
Wed Oct 21 00:00:00 UTC 2026,2.35601,-2.406874071548E7,null,null,null,null,null,null,null,-6941187.549799526,null,null
Wed Oct 21 01:00:00 UTC 2026,2.35601,-2.535772071548E7,null,null,null,null,null,null,null,-7087280.360450415,null,null
Wed Oct 21 02:00:00 UTC 2026,2.35601,-2.563315971548E7,null,null,null,null,null,null,null,-7233373.171101302,null,null
Wed Oct 21 03:00:00 UTC 2026,2.35601,-2.585527471548E7,null,null,null,null,null,null,null,-7379465.981752191,null,null
Wed Oct 21 04:00:00 UTC 2026,2.35601,-2.549373771548E7,null,null,null,null,null,null,null,-7525558.792403074,null,null
Wed Oct 21 05:00:00 UTC 2026,2.35601,-2.575727971548E7,null,null,null,null,null,null,null,-7671651.603053963,null,null
Wed Oct 21 06:00:00 UTC 2026,2.35601,-2.654321871548E7,null,null,null,null,null,null,null,-7817744.41370485,null,null
Wed Oct 21 07:00:00 UTC 2026,2.35601,-2.625858071548E7,null,null,null,null,null,null,null,-7963837.224355739,null,null
Wed Oct 21 08:00:00 UTC 2026,2.35601,-2.642528871548E7,null,null,null,null,null,null,null,-8109930.035006627,null,null
Wed Oct 21 09:00:00 UTC 2026,2.35601,-2.695072371548E7,null,null,null,null,null,null,null,-8256022.845657516,null,null
Wed Oct 21 10:00:00 UTC 2026,2.35601,-2.661045671548E7,null,null,null,null,null,null,null,-8402115.656308403,null,null
Wed Oct 21 11:00:00 UTC 2026,2.35601,-2.636912871548E7,null,null,null,null,null,null,null,-8548208.466959292,null,null
Wed Oct 21 12:00:00 UTC 2026,2.35601,-2.647008071548E7,null,null,null,null,null,null,null,-8694301.277610177,null,null
Wed Oct 21 13:00:00 UTC 2026,2.35601,-2.645486971548E7,null,null,null,null,null,null,null,-8840394.088261064,null,null
Wed Oct 21 14:00:00 UTC 2026,2.35601,-2.628120971548E7,null,null,null,null,null,null,null,-8986486.898911953,null,null
Wed Oct 21 15:00:00 UTC 2026,2.35601,-2.619501571548E7,null,null,null,null,null,null,null,-9132579.709562842,null,null
Wed Oct 21 16:00:00 UTC 2026,2.35601,-2.656247271548E7,null,null,null,null,null,null,null,-9278672.52021373,null,null
Wed Oct 21 17:00:00 UTC 2026,2.35601,-2.719735471548E7,null,null,null,null,null,null,null,-9424765.330864618,null,null
Wed Oct 21 18:00:00 UTC 2026,2.35601,-2.729929071548E7,null,null,null,null,null,null,null,-9570858.141515505,null,null
Wed Oct 21 19:00:00 UTC 2026,2.35601,-2.625878671548E7,null,null,null,null,null,null,null,-9716950.95216639,null,null
Wed Oct 21 20:00:00 UTC 2026,2.35601,-2.664488771548E7,null,null,null,null,null,null,null,-9863043.762817279,null,null
Wed Oct 21 21:00:00 UTC 2026,2.35601,-2.593876571548E7,null,null,null,null,null,null,null,-1.0009136573468164E7,null,null
Wed Oct 21 22:00:00 UTC 2026,2.35601,-2.625991971548E7,null,null,null,null,null,null,null,-1.0155229384119052E7,null,null
Wed Oct 21 23:00:00 UTC 2026,2.35601,-2.633401671548E7,null,null,null,null,null,null,null,-1.030132219476994E7,null,null
Thu Oct 22 00:00:00 UTC 2026,2.35601,-2.636529071548E7,null,null,null,null,null,null,null,-1.0447415005420826E7,null,null
Thu Oct 22 01:00:00 UTC 2026,2.35601,-2.671790371548E7,null,null,null,null,null,null,null,-1.0593507816071715E7,null,null
Thu Oct 22 02:00:00 UTC 2026,2.35601,-2.662184971548E7,null,null,null,null,null,null,null,-1.07396006267226E7,null,null
Thu Oct 22 03:00:00 UTC 2026,2.35601,-2.670365571548E7,null,null,null,null,null,null,null,-1.088569343737349E7,null,null
Thu Oct 22 04:00:00 UTC 2026,2.35601,-2.673351471548E7,null,null,null,null,null,null,null,-1.1031786248024376E7,null,null
Thu Oct 22 05:00:00 UTC 2026,2.35601,-2.693752971548E7,null,null,null,null,null,null,null,-1.1177879058675265E7,null,null
Thu Oct 22 06:00:00 UTC 2026,2.35601,-2.728020071548E7,null,null,null,null,null,null,null,-1.1323971869326154E7,null,null
Thu Oct 22 07:00:00 UTC 2026,2.35601,-2.744469571548E7,null,null,null,null,null,null,null,-1.147006467997704E7,null,null
Thu Oct 22 08:00:00 UTC 2026,2.35601,-2.722753671548E7,null,null,null,null,null,null,null,-1.161615749062793E7,null,null
Thu Oct 22 09:00:00 UTC 2026,2.35601,-2.751992871548E7,null,null,null,null,null,null,null,-1.1762250301278818E7,null,null
Thu Oct 22 10:00:00 UTC 2026,2.35601,-2.780220071548E7,null,null,null,null,null,null,null,-1.1908343111929704E7,null,null
Thu Oct 22 11:00:00 UTC 2026,2.35601,-2.794062671548E7,null,null,null,null,null,null,null,-1.205443592258059E7,null,null
Thu Oct 22 12:00:00 UTC 2026,2.35601,-2.811034971548E7,null,null,null,null,null,null,null,-1.2200528733231477E7,null,null
Thu Oct 22 13:00:00 UTC 2026,2.35601,-2.828363471548E7,null,null,null,null,null,null,null,-1.2346621543882366E7,null,null
Thu Oct 22 14:00:00 UTC 2026,2.35601,-2.806854471548E7,null,null,null,null,null,null,null,-1.2492714354533255E7,null,null
Thu Oct 22 15:00:00 UTC 2026,2.35601,-2.810266571548E7,null,null,null,null,null,null,null,-1.2638807165184144E7,null,null
Thu Oct 22 16:00:00 UTC 2026,2.35601,-2.829559971548E7,null,null,null,null,null,null,null,-1.2784899975835033E7,null,null
Thu Oct 22 17:00:00 UTC 2026,2.35601,-2.812848271548E7,null,null,null,null,null,null,null,-1.2930992786485916E7,null,null
Thu Oct 22 18:00:00 UTC 2026,2.35601,-2.782132771548E7,null,null,null,null,null,null,null,-1.3077085597136805E7,null,null
Thu Oct 22 19:00:00 UTC 2026,2.35601,-2.811972671548E7,null,null,null,null,null,null,null,-1.3223178407787692E7,null,null
Thu Oct 22 20:00:00 UTC 2026,2.35601,-2.811029171548E7,null,null,null,null,null,null,null,-1.336927121843858E7,null,null
Thu Oct 22 21:00:00 UTC 2026,2.35601,-2.816069871548E7,null,null,null,null,null,null,null,-1.351536402908947E7,null,null
Thu Oct 22 22:00:00 UTC 2026,2.35601,-2.807980471548E7,null,null,null,null,null,null,null,-1.3661456839740356E7,null,null
Thu Oct 22 23:00:00 UTC 2026,2.35601,-2.798915771548E7,null,null,null,null,null,null,null,-1.3807549650391242E7,null,null
Fri Oct 23 00:00:00 UTC 2026,2.35601,-2.777849371548E7,null,null,null,null,null,null,null,-1.395364246104213E7,null,null
Fri Oct 23 01:00:00 UTC 2026,2.35601,-2.782084571548E7,null,null,null,null,null,null,null,-1.4099735271693017E7,null,null
Fri Oct 23 02:00:00 UTC 2026,2.35601,-2.784394471548E7,null,null,null,null,null,null,null,-1.4245828082343902E7,null,null
Fri Oct 23 03:00:00 UTC 2026,2.35601,-2.761283571548E7,null,null,null,null,null,null,null,-1.4391920892994791E7,null,null
Fri Oct 23 04:00:00 UTC 2026,2.35601,-2.751165471548E7,null,null,null,null,null,null,null,-1.453801370364568E7,null,null
Fri Oct 23 05:00:00 UTC 2026,2.35601,-2.745300571548E7,null,null,null,null,null,null,null,-1.4684106514296569E7,null,null
Fri Oct 23 06:00:00 UTC 2026,2.35601,-2.737838771548E7,null,null,null,null,null,null,null,-1.4830199324947454E7,null,null
Fri Oct 23 07:00:00 UTC 2026,2.35601,-2.719678171548E7,null,null,null,null,null,null,null,-1.4976292135598343E7,null,null
Fri Oct 23 08:00:00 UTC 2026,2.35601,-2.652326471548E7,null,null,null,null,null,null,null,-1.5122384946249228E7,null,null
Fri Oct 23 09:00:00 UTC 2026,2.35601,-2.672124171548E7,null,null,null,null,null,null,null,-1.5268477756900117E7,null,null
Fri Oct 23 10:00:00 UTC 2026,2.35601,-2.691014371548E7,null,null,null,null,null,null,null,-1.5414570567551006E7,null,null
Fri Oct 23 11:00:00 UTC 2026,2.35601,-2.699172171548E7,null,null,null,null,null,null,null,-1.5560663378201893E7,null,null
Fri Oct 23 12:00:00 UTC 2026,2.35601,-2.691912371548E7,null,null,null,null,null,null,null,-1.5706756188852781E7,null,null
Fri Oct 23 13:00:00 UTC 2026,2.35601,-2.698456371548E7,null,null,null,null,null,null,null,-1.5852848999503668E7,null,null
Fri Oct 23 14:00:00 UTC 2026,2.35601,-2.698599871548E7,null,null,null,null,null,null,null,-1.5998941810154557E7,null,null
Fri Oct 23 15:00:00 UTC 2026,2.35601,-2.625600671548E7,null,null,null,null,null,null,null,-1.6145034620805442E7,null,null
Fri Oct 23 16:00:00 UTC 2026,2.35601,-2.638200271548E7,null,null,null,null,null,null,null,-1.6291127431456331E7,null,null
Fri Oct 23 17:00:00 UTC 2026,2.35601,-2.650365371548E7,null,null,null,null,null,null,null,-1.643722024210722E7,null,null
Fri Oct 23 18:00:00 UTC 2026,2.35601,-2.642217371548E7,null,null,null,null,null,null,null,-1.6583313052758107E7,null,null
Fri Oct 23 19:00:00 UTC 2026,2.35601,-2.637932871548E7,null,null,null,null,null,null,null,-1.6729405863408994E7,null,null
Fri Oct 23 20:00:00 UTC 2026,2.35601,-2.640380271548E7,null,null,null,null,null,null,null,-1.6875498674059883E7,null,null
Fri Oct 23 21:00:00 UTC 2026,2.35601,-2.755863271548E7,null,null,null,null,null,null,null,-1.702159148471077E7,null,null
Fri Oct 23 22:00:00 UTC 2026,2.35601,-2.755863271548E7,null,null,null,null,null,null,null,-1.7167684295361657E7,null,null
Fri Oct 23 23:00:00 UTC 2026,2.35601,-2.755863271548E7,null,null,null,null,null,null,null,-1.7313777106012546E7,null,null
Sat Oct 24 00:00:00 UTC 2026,2.35601,-2.755863271548E7,null,null,null,null,null,null,null,-1.745986991666343E7,null,null
Sat Oct 24 01:00:00 UTC 2026,2.35601,-2.755863271548E7,null,null,null,null,null,null,null,-1.760596272731432E7,null,null
Sat Oct 24 02:00:00 UTC 2026,2.35601,-2.755863271548E7,null,null,null,null,null,null,null,-1.775205553796521E7,null,null
Sat Oct 24 03:00:00 UTC 2026,2.35601,-2.755863271548E7,null,null,null,null,null,null,null,-1.7898148348616097E7,null,null
Sat Oct 24 04:00:00 UTC 2026,2.35601,-2.755863271548E7,null,null,null,null,null,null,null,-1.8044241159266982E7,null,null
Sat Oct 24 05:00:00 UTC 2026,2.35601,-2.755863271548E7,null,null,null,null,null,null,null,-1.819033396991787E7,null,null
Sat Oct 24 06:00:00 UTC 2026,2.35601,-2.755863271548E7,null,null,null,null,null,null,null,-1.8336426780568756E7,null,null
Sat Oct 24 07:00:00 UTC 2026,2.35601,-2.755863271548E7,null,null,null,null,null,null,null,-1.848251959121964E7,null,null
Sat Oct 24 08:00:00 UTC 2026,2.35601,-2.755863271548E7,null,null,null,null,null,null,null,-1.862861240187053E7,null,null
Sat Oct 24 09:00:00 UTC 2026,2.35601,-2.755863271548E7,null,null,null,null,null,null,null,-1.877470521252142E7,null,null
Sat Oct 24 10:00:00 UTC 2026,2.35601,-2.755863271548E7,null,null,null,null,null,null,null,-1.8920798023172308E7,null,null
Sat Oct 24 11:00:00 UTC 2026,2.35601,-2.755863271548E7,null,null,null,null,null,null,null,-1.9066890833823197E7,null,null
Sat Oct 24 12:00:00 UTC 2026,2.35601,-2.755863271548E7,null,null,null,null,null,null,null,-1.921298364447408E7,null,null
Sat Oct 24 13:00:00 UTC 2026,2.35601,-2.755863271548E7,null,null,null,null,null,null,null,-1.9359076455124967E7,null,null
Sat Oct 24 14:00:00 UTC 2026,2.35601,-2.755863271548E7,null,null,null,null,null,null,null,-1.9505169265775856E7,null,null
Sat Oct 24 15:00:00 UTC 2026,2.35601,-2.755863271548E7,null,null,null,null,null,null,null,-1.9651262076426744E7,null,null
Sat Oct 24 16:00:00 UTC 2026,2.35601,-2.755863271548E7,null,null,null,null,null,null,null,-1.9797354887077633E7,null,null
Sat Oct 24 17:00:00 UTC 2026,2.35601,-2.755863271548E7,null,null,null,null,null,null,null,-1.9943447697728522E7,null,null
Sat Oct 24 18:00:00 UTC 2026,2.35601,-2.755863271548E7,null,null,null,null,null,null,null,-2.0089540508379407E7,null,null
Sat Oct 24 19:00:00 UTC 2026,2.35601,-2.755863271548E7,null,null,null,null,null,null,null,-2.0235633319030296E7,null,null
Sat Oct 24 20:00:00 UTC 2026,2.35601,-2.755863271548E7,null,null,null,null,null,null,null,-2.038172612968118E7,null,null
Sat Oct 24 21:00:00 UTC 2026,2.35601,-2.755863271548E7,null,null,null,null,null,null,null,-2.052781894033207E7,null,null
Sat Oct 24 22:00:00 UTC 2026,2.35601,-2.755863271548E7,null,null,null,null,null,null,null,-2.067391175098296E7,null,null
Sat Oct 24 23:00:00 UTC 2026,2.35601,-2.755863271548E7,null,null,null,null,null,null,null,-2.0820004561633848E7,null,null
Sun Oct 25 00:00:00 UTC 2026,2.35601,-2.755863271548E7,null,null,null,null,null,null,null,-2.0966097372284733E7,null,null
Sun Oct 25 01:00:00 UTC 2026,2.35601,-2.755863271548E7,null,null,null,null,null,null,null,-2.111219018293562E7,null,null
Sun Oct 25 02:00:00 UTC 2026,2.35601,-2.755863271548E7,null,null,null,null,null,null,null,-2.125828299358651E7,null,null
Sun Oct 25 03:00:00 UTC 2026,2.35601,-2.755863271548E7,null,null,null,null,null,null,null,-2.14043758042374E7,null,null
Sun Oct 25 04:00:00 UTC 2026,2.35601,-2.755863271548E7,null,null,null,null,null,null,null,-2.1550468614888284E7,null,null
Sun Oct 25 05:00:00 UTC 2026,2.35601,-2.755863271548E7,null,null,null,null,null,null,null,-2.1696561425539173E7,null,null
Sun Oct 25 06:00:00 UTC 2026,2.35601,-2.755863271548E7,null,null,null,null,null,null,null,-2.184265423619006E7,null,null
Sun Oct 25 07:00:00 UTC 2026,2.35601,-2.755863271548E7,null,null,null,null,null,null,null,-2.1988747046840947E7,null,null
Sun Oct 25 08:00:00 UTC 2026,2.35601,-2.755863271548E7,null,null,null,null,null,null,null,-2.2134839857491836E7,null,null
Sun Oct 25 09:00:00 UTC 2026,2.35601,-2.755863271548E7,null,null,null,null,null,null,null,-2.228093266814272E7,null,null
Sun Oct 25 10:00:00 UTC 2026,2.35601,-2.755863271548E7,null,null,null,null,null,null,null,-2.242702547879361E7,null,null
Sun Oct 25 11:00:00 UTC 2026,2.35601,-2.755863271548E7,null,null,null,null,null,null,null,-2.2573118289444495E7,null,null
Sun Oct 25 12:00:00 UTC 2026,2.35601,-2.755863271548E7,null,null,null,null,null,null,null,-2.271921110009538E7,null,null
Sun Oct 25 13:00:00 UTC 2026,2.35601,-2.755863271548E7,null,null,null,null,null,null,null,-2.286530391074627E7,null,null
Sun Oct 25 14:00:00 UTC 2026,2.35601,-2.755863271548E7,null,null,null,null,null,null,null,-2.3011396721397158E7,null,null
Sun Oct 25 15:00:00 UTC 2026,2.35601,-2.755863271548E7,null,null,null,null,null,null,null,-2.3157489532048047E7,null,null
Sun Oct 25 16:00:00 UTC 2026,2.35601,-2.755863271548E7,null,null,null,null,null,null,null,-2.3303582342698935E7,null,null
Sun Oct 25 17:00:00 UTC 2026,2.35601,-2.755863271548E7,null,null,null,null,null,null,null,-2.3449675153349824E7,null,null
Sun Oct 25 18:00:00 UTC 2026,2.35601,-2.755863271548E7,null,null,null,null,null,null,null,-2.359576796400071E7,null,null
Sun Oct 25 19:00:00 UTC 2026,2.35601,-2.755863271548E7,null,null,null,null,null,null,null,-2.3741860774651594E7,null,null
Sun Oct 25 20:00:00 UTC 2026,2.35601,-2.755863271548E7,null,null,null,null,null,null,null,-2.3887953585302483E7,null,null
Sun Oct 25 21:00:00 UTC 2026,2.35601,-2.756811571548E7,null,null,null,null,null,null,null,-2.4034046395953372E7,null,null
Sun Oct 25 22:00:00 UTC 2026,2.35601,-2.760204071548E7,null,null,null,null,null,null,null,-2.418013920660426E7,null,null
Sun Oct 25 23:00:00 UTC 2026,2.35601,-2.740599971548E7,null,null,null,null,null,null,null,-2.432623201725515E7,null,null
Mon Oct 26 00:00:00 UTC 2026,2.35601,-2.728899071548E7,null,null,null,null,null,null,null,-2.4472324827906035E7,null,null
Mon Oct 26 01:00:00 UTC 2026,2.35601,-2.752941471548E7,null,null,null,null,null,null,null,-2.4618417638556924E7,null,null
Mon Oct 26 02:00:00 UTC 2026,2.35601,-2.757283771548E7,null,null,null,null,null,null,null,-2.476451044920781E7,null,null
Mon Oct 26 03:00:00 UTC 2026,2.35601,-2.758408871548E7,null,null,null,null,null,null,null,-2.4910603259858698E7,null,null
Mon Oct 26 04:00:00 UTC 2026,2.35601,-2.775818571548E7,null,null,null,null,null,null,null,-2.5056696070509586E7,null,null
Mon Oct 26 05:00:00 UTC 2026,2.35601,-2.783848971548E7,null,null,null,null,null,null,null,-2.5202788881160475E7,null,null
Mon Oct 26 06:00:00 UTC 2026,2.35601,-2.779663571548E7,null,null,null,null,null,null,null,-2.534888169181136E7,null,null
Mon Oct 26 07:00:00 UTC 2026,2.35601,-2.778698271548E7,null,null,null,null,null,null,null,-2.549497450246225E7,null,null
Mon Oct 26 08:00:00 UTC 2026,2.35601,-2.774415071548E7,null,null,null,null,null,null,null,-2.5641067313113138E7,null,null
Mon Oct 26 09:00:00 UTC 2026,2.35601,-2.765522871548E7,null,null,null,null,null,null,null,-2.5787160123764023E7,null,null
Mon Oct 26 10:00:00 UTC 2026,2.35601,-2.756175371548E7,null,null,null,null,null,null,null,-2.5933252934414912E7,null,null
Mon Oct 26 11:00:00 UTC 2026,2.35601,-2.716987871548E7,null,null,null,null,null,null,null,-2.60793457450658E7,null,null
Mon Oct 26 12:00:00 UTC 2026,2.35601,-2.723120471548E7,null,null,null,null,null,null,null,-2.6225438555716686E7,null,null
Mon Oct 26 13:00:00 UTC 2026,2.35601,-2.744764971548E7,null,null,null,null,null,null,null,-2.637153136636757E7,null,null
Mon Oct 26 14:00:00 UTC 2026,2.35601,-2.777622571548E7,null,null,null,null,null,null,null,-2.651762417701846E7,null,null
Mon Oct 26 15:00:00 UTC 2026,2.35601,-2.777106771548E7,null,null,null,null,null,null,null,-2.666371698766935E7,null,null
Mon Oct 26 16:00:00 UTC 2026,2.35601,-2.760744871548E7,null,null,null,null,null,null,null,-2.6809809798320234E7,null,null
Mon Oct 26 17:00:00 UTC 2026,2.35601,-2.733451271548E7,null,null,null,null,null,null,null,-2.6955902608971123E7,null,null
Mon Oct 26 18:00:00 UTC 2026,2.35601,-2.722610871548E7,null,null,null,null,null,null,null,-2.710199541962201E7,null,null
Mon Oct 26 19:00:00 UTC 2026,2.35601,-2.746445971548E7,null,null,null,null,null,null,null,-2.7248088230272897E7,null,null
Mon Oct 26 20:00:00 UTC 2026,2.35601,-2.766900671548E7,null,null,null,null,null,null,null,-2.7394181040923785E7,null,null
Mon Oct 26 21:00:00 UTC 2026,2.35601,-2.735017271548E7,null,null,null,null,null,null,null,-2.7540273851574674E7,null,null
Mon Oct 26 22:00:00 UTC 2026,2.35601,-2.792125971548E7,null,null,null,null,null,null,null,-2.7686366662225563E7,null,null
Mon Oct 26 23:00:00 UTC 2026,2.35601,-2.823368971548E7,null,null,null,null,null,null,null,-2.7832459472876452E7,null,null
Tue Oct 27 00:00:00 UTC 2026,2.35601,-2.803188171548E7,null,null,null,null,null,null,null,-2.7978552283527333E7,null,null
Tue Oct 27 01:00:00 UTC 2026,2.35601,-2.780919071548E7,null,null,null,null,null,null,null,-2.8124645094178222E7,null,null
Tue Oct 27 02:00:00 UTC 2026,2.35601,-2.814884671548E7,null,null,null,null,null,null,null,-2.827073790482911E7,null,null
Tue Oct 27 03:00:00 UTC 2026,2.35601,-2.841753071548E7,null,null,null,null,null,null,null,-2.841683071548E7,null,null
Tue Oct 27 04:00:00 UTC 2026,2.35601,-2.815445671548E7,null,null,null,null,null,null,null,null,null,null
Tue Oct 27 05:00:00 UTC 2026,2.35601,-2.814641671548E7,null,null,null,null,null,null,null,null,null,null
Tue Oct 27 06:00:00 UTC 2026,2.35601,-2.815356071548E7,null,null,null,null,null,null,null,null,null,null
Tue Oct 27 07:00:00 UTC 2026,2.35601,-2.816735171548E7,null,null,null,null,null,null,null,null,null,null
Tue Oct 27 08:00:00 UTC 2026,2.35601,-2.680010971548E7,null,null,null,null,null,null,null,null,null,null
Tue Oct 27 09:00:00 UTC 2026,2.35601,-2.677087071548E7,null,null,null,null,null,null,null,null,null,null
Tue Oct 27 10:00:00 UTC 2026,2.35601,-2.677242471548E7,null,null,null,null,null,null,null,null,null,null
Tue Oct 27 11:00:00 UTC 2026,2.35601,-2.684408071548E7,null,null,null,null,null,null,null,null,null,null
Tue Oct 27 12:00:00 UTC 2026,2.35601,-2.688389271548E7,null,null,null,null,null,null,null,null,null,null
Tue Oct 27 13:00:00 UTC 2026,2.35601,-2.681497971548E7,null,null,null,null,null,null,null,null,null,null
Tue Oct 27 14:00:00 UTC 2026,2.35601,-2.678153771548E7,null,null,null,null,null,null,null,null,null,null
Tue Oct 27 15:00:00 UTC 2026,2.35601,-2.679705071548E7,null,null,null,null,null,null,null,null,null,null
Tue Oct 27 16:00:00 UTC 2026,2.35601,-2.680035671548E7,null,null,null,null,null,null,null,null,null,null
Tue Oct 27 17:00:00 UTC 2026,2.35601,-2.677621571548E7,null,null,null,null,null,null,null,null,null,null
Tue Oct 27 18:00:00 UTC 2026,2.35601,-2.683031571548E7,null,null,null,null,null,null,null,null,null,null
Tue Oct 27 19:00:00 UTC 2026,2.35601,-2.683929371548E7,null,null,null,null,null,null,null,null,null,null
Tue Oct 27 20:00:00 UTC 2026,2.35601,-2.684723371548E7,null,null,null,null,null,null,null,null,null,null
Tue Oct 27 21:00:00 UTC 2026,2.35601,-2.683637071548E7,null,null,null,null,null,null,null,null,null,null
Tue Oct 27 22:00:00 UTC 2026,2.35601,-2.684142771548E7,null,null,null,null,null,null,null,null,null,null
Tue Oct 27 23:00:00 UTC 2026,2.35601,-2.688293871548E7,null,null,null,null,null,null,null,null,null,null
Wed Oct 28 00:00:00 UTC 2026,2.35601,-2.693763671548E7,null,null,null,null,null,null,null,null,null,null
Wed Oct 28 01:00:00 UTC 2026,2.35601,-2.691551871548E7,null,null,null,null,null,null,null,null,null,null
Wed Oct 28 02:00:00 UTC 2026,2.35601,-2.689811171548E7,null,null,null,null,null,null,null,null,null,null
Wed Oct 28 03:00:00 UTC 2026,2.35601,-2.693671671548E7,null,null,null,null,null,null,null,null,null,null
Wed Oct 28 04:00:00 UTC 2026,2.35601,-2.691273671548E7,null,null,null,null,null,null,null,null,null,null
Wed Oct 28 05:00:00 UTC 2026,2.35601,-2.691820071548E7,null,null,null,null,null,null,null,null,null,null
Wed Oct 28 06:00:00 UTC 2026,2.35601,-2.690256271548E7,null,null,null,null,null,null,null,null,null,null
Wed Oct 28 07:00:00 UTC 2026,2.35601,-2.690380171548E7,null,null,null,null,null,null,null,null,null,null
Wed Oct 28 08:00:00 UTC 2026,2.35601,-2.677898971548E7,null,null,null,null,null,null,null,null,null,null
Wed Oct 28 09:00:00 UTC 2026,2.35601,-2.677410971548E7,null,null,null,null,null,null,null,null,null,null
Wed Oct 28 10:00:00 UTC 2026,2.35601,-2.694698271548E7,null,null,null,null,null,null,null,null,null,null
Wed Oct 28 11:00:00 UTC 2026,2.35601,-2.683893671548E7,null,null,null,null,null,null,null,null,null,null
Wed Oct 28 12:00:00 UTC 2026,2.35601,-2.694963171548E7,null,null,null,null,null,null,null,null,null,null
Wed Oct 28 13:00:00 UTC 2026,2.35601,-2.695014971548E7,null,null,null,null,null,null,null,null,null,null
Wed Oct 28 14:00:00 UTC 2026,2.35601,-2.701560671548E7,null,null,null,null,null,null,null,null,null,null
Wed Oct 28 15:00:00 UTC 2026,2.35601,-2.701151671548E7,null,null,null,null,null,null,null,null,null,null
Wed Oct 28 16:00:00 UTC 2026,2.35601,-2.700104971548E7,null,null,null,null,null,null,null,null,null,null
Wed Oct 28 17:00:00 UTC 2026,2.35601,-2.693149771548E7,null,null,null,null,null,null,null,null,null,null
Wed Oct 28 18:00:00 UTC 2026,2.35601,-2.699633671548E7,null,null,null,null,null,null,null,null,null,null
Wed Oct 28 19:00:00 UTC 2026,2.35601,-2.701481371548E7,null,null,null,null,null,null,null,null,null,null
Wed Oct 28 20:00:00 UTC 2026,2.35601,-2.700553171548E7,null,null,null,null,null,null,null,null,null,null
Wed Oct 28 21:00:00 UTC 2026,2.35601,-2.709047471548E7,null,null,null,null,null,null,null,null,null,null
Wed Oct 28 22:00:00 UTC 2026,2.35601,-2.705814371548E7,null,null,null,null,null,null,null,null,null,null
Wed Oct 28 23:00:00 UTC 2026,2.35601,-2.704963471548E7,null,null,null,null,null,null,null,null,null,null
Thu Oct 29 00:00:00 UTC 2026,2.35601,-2.701540071548E7,null,null,null,null,null,null,null,null,null,null
Thu Oct 29 01:00:00 UTC 2026,2.35601,-2.701015871548E7,null,null,null,null,null,null,null,null,null,null
Thu Oct 29 02:00:00 UTC 2026,2.35601,-2.704381771548E7,null,null,null,null,null,null,null,null,null,null
Thu Oct 29 03:00:00 UTC 2026,2.35601,-2.705102771548E7,null,null,null,null,null,null,null,null,null,null
Thu Oct 29 04:00:00 UTC 2026,2.35601,-2.712333671548E7,null,null,null,null,null,null,null,null,null,null
Thu Oct 29 05:00:00 UTC 2026,2.35601,-2.710396771548E7,null,null,null,null,null,null,null,null,null,null
Thu Oct 29 06:00:00 UTC 2026,2.35601,-2.711411071548E7,null,null,null,null,null,null,null,null,null,null
Thu Oct 29 07:00:00 UTC 2026,2.35601,-2.707939771548E7,null,null,null,null,null,null,null,null,null,null
Thu Oct 29 08:00:00 UTC 2026,2.35601,-2.705272571548E7,null,null,null,null,null,null,null,null,null,null
Thu Oct 29 09:00:00 UTC 2026,2.35601,-2.707247471548E7,null,null,null,null,null,null,null,null,null,null
Thu Oct 29 10:00:00 UTC 2026,2.35601,-2.705783971548E7,null,null,null,null,null,null,null,null,null,null
Thu Oct 29 11:00:00 UTC 2026,2.35601,-2.710579871548E7,null,null,null,null,null,null,null,null,null,null
Thu Oct 29 12:00:00 UTC 2026,2.35601,-2.707385771548E7,null,null,null,null,null,null,null,null,null,null
Thu Oct 29 13:00:00 UTC 2026,2.35601,-2.697917571548E7,null,null,null,null,null,null,null,null,null,null
Thu Oct 29 14:00:00 UTC 2026,2.35601,-2.696126271548E7,null,null,null,null,null,null,null,null,null,null
Thu Oct 29 15:00:00 UTC 2026,2.35601,-2.698262971548E7,null,null,null,null,null,null,null,null,null,null
Thu Oct 29 16:00:00 UTC 2026,2.35601,-2.699337271548E7,null,null,null,null,null,null,null,null,null,null
Thu Oct 29 17:00:00 UTC 2026,2.35601,-2.709041171548E7,null,null,null,null,null,null,null,null,null,null
Thu Oct 29 18:00:00 UTC 2026,2.35601,-2.715973671548E7,null,null,null,null,null,null,null,null,null,null
Thu Oct 29 19:00:00 UTC 2026,2.35601,-2.717570271548E7,null,null,null,null,null,null,null,null,null,null
Thu Oct 29 20:00:00 UTC 2026,2.35601,-2.711519571548E7,null,null,null,null,null,null,null,null,null,null
Thu Oct 29 21:00:00 UTC 2026,2.35601,-2.709807971548E7,null,null,null,null,null,null,null,null,null,null
Thu Oct 29 22:00:00 UTC 2026,2.35601,-2.712595471548E7,null,null,null,null,null,null,null,null,null,null
Thu Oct 29 23:00:00 UTC 2026,2.35601,-2.713029871548E7,null,null,null,null,null,null,null,null,null,null
