date,P_Kweek_35_Kday_19_ETE_60_ORD_52_EXT_71_E2Ekor_71_EXTkor_59_DIFF_25926,a,b,c,d,e,f,g,h,i,j
Fri Sep 04 09:00:00 UTC 2026,-2020505.2684199996,1.7315799999050796,null,null,null,null,null,null,null,null
Fri Sep 04 10:00:00 UTC 2026,-1878037.3822410891,-9948.268420000095,null,null,null,null,null,null,null,null
Fri Sep 04 11:00:00 UTC 2026,-1672883.6261435745,-112243.2684200001,null,null,null,null,null,null,null,null
Fri Sep 04 12:00:00 UTC 2026,-1632992.6180134846,-119134.2684200001,null,null,null,null,null,null,null,null
Fri Sep 04 13:00:00 UTC 2026,-1524717.0245175986,-317009.2684200001,null,null,null,null,null,null,null,null
Fri Sep 04 14:00:00 UTC 2026,-1570306.7480947538,-355904.2684200001,null,null,null,null,null,null,null,null
Fri Sep 04 15:00:00 UTC 2026,-1501922.1627289578,-389998.2684200001,null,null,null,null,null,null,null,null
Fri Sep 04 16:00:00 UTC 2026,-1268274.8293956104,-422393.2684200001,null,null,null,null,null,null,null,null
Fri Sep 04 17:00:00 UTC 2026,-658512.2765501316,-540021.2684200001,null,null,null,null,null,null,null,null
Fri Sep 04 18:00:00 UTC 2026,-367877.78874524543,-965414.2684200001,null,null,null,null,null,null,null,null
Fri Sep 04 19:00:00 UTC 2026,-567332.8293955682,-1046205.2684200001,null,null,null,null,null,null,null,null
Fri Sep 04 20:00:00 UTC 2026,-1182794.0976882388,-882852.2684200001,null,null,null,null,null,null,null,null
Fri Sep 04 21:00:00 UTC 2026,-276698.34159068204,-882852.2684200001,null,null,null,null,null,null,null,null
Fri Sep 04 22:00:00 UTC 2026,-441961.0895582333,-882852.2684200001,null,null,null,null,null,null,null,null
Fri Sep 04 23:00:00 UTC 2026,2185146.7315800004,-882852.2684200001,null,null,null,null,null,null,null,null
Sat Sep 05 00:00:00 UTC 2026,1370230.4226368805,-882852.2684200001,null,null,null,null,null,null,null,null
Sat Sep 05 01:00:00 UTC 2026,1130884.3738564677,-882852.2684200001,null,null,null,null,null,null,null,null
Sat Sep 05 02:00:00 UTC 2026,982717.772230492,-882852.2684200001,null,null,null,null,null,null,null,null
Sat Sep 05 03:00:00 UTC 2026,1056801.07304348,-986728.2684200001,null,null,null,null,null,null,null,null
Sat Sep 05 04:00:00 UTC 2026,777564.0161328507,-986728.2684200001,null,null,null,null,null,null,null,null
Sat Sep 05 05:00:00 UTC 2026,743371.7234499524,-986728.2684200001,null,null,null,null,null,null,null,null
Sat Sep 05 06:00:00 UTC 2026,504025.67466941336,-986728.2684200001,null,null,null,null,null,null,null,null
Sat Sep 05 07:00:00 UTC 2026,914333.1868645693,-986728.2684200001,null,null,null,null,null,null,null,null
Sat Sep 05 08:00:00 UTC 2026,498326.95922234794,-986728.2684200001,null,null,null,null,null,null,null,null
Sat Sep 05 09:00:00 UTC 2026,412846.22751497664,-986728.2684200001,null,null,null,null,null,null,null,null
Sat Sep 05 10:00:00 UTC 2026,384352.6502792705,-986728.2684200001,null,null,null,null,null,null,null,null
Sat Sep 05 11:00:00 UTC 2026,794660.1624742998,-986728.2684200001,null,null,null,null,null,null,null,null
Sat Sep 05 12:00:00 UTC 2026,800358.8779214914,-986728.2684200001,null,null,null,null,null,null,null,null
Sat Sep 05 13:00:00 UTC 2026,800358.8779214914,-986728.2684200001,null,null,null,null,null,null,null,null
Sat Sep 05 14:00:00 UTC 2026,629397.414506875,-986728.2684200001,null,null,null,null,null,null,null,null
Sat Sep 05 15:00:00 UTC 2026,754769.1543442099,-986728.2684200001,null,null,null,null,null,null,null,null
Sat Sep 05 16:00:00 UTC 2026,771865.300685659,-986728.2684200001,null,null,null,null,null,null,null,null
Sat Sep 05 17:00:00 UTC 2026,777564.0161328507,-986728.2684200001,null,null,null,null,null,null,null,null
Sat Sep 05 18:00:00 UTC 2026,766166.5852385936,-986728.2684200001,null,null,null,null,null,null,null,null
Sat Sep 05 19:00:00 UTC 2026,806057.5933686835,-986728.2684200001,null,null,null,null,null,null,null,null
Sat Sep 05 20:00:00 UTC 2026,817455.024262941,-986728.2684200001,null,null,null,null,null,null,null,null
Sat Sep 05 21:00:00 UTC 2026,857346.0323930304,-986728.2684200001,null,null,null,null,null,null,null,null
Sat Sep 05 22:00:00 UTC 2026,526820.5364580546,-986728.2684200001,null,null,null,null,null,null,null,null
Sat Sep 05 23:00:00 UTC 2026,680685.8535312219,-986728.2684200001,null,null,null,null,null,null,null,null
Sun Sep 06 00:00:00 UTC 2026,680685.8535312219,-986728.2684200001,null,null,null,null,null,null,null,null
Sun Sep 06 01:00:00 UTC 2026,703480.715319863,-986728.2684200001,null,null,null,null,null,null,null,null
Sun Sep 06 02:00:00 UTC 2026,863044.747840222,-986728.2684200001,null,null,null,null,null,null,null,null
Sun Sep 06 03:00:00 UTC 2026,743371.7234499524,-986728.2684200001,null,null,null,null,null,null,null,null
Sun Sep 06 04:00:00 UTC 2026,771865.300685659,-986728.2684200001,null,null,null,null,null,null,null,null
Sun Sep 06 05:00:00 UTC 2026,640794.8454011325,-986728.2684200001,null,null,null,null,null,null,null,null
Sun Sep 06 06:00:00 UTC 2026,749070.4388971445,-986728.2684200001,null,null,null,null,null,null,null,null
Sun Sep 06 07:00:00 UTC 2026,669288.4226369648,-986728.2684200001,null,null,null,null,null,null,null,null
Sun Sep 06 08:00:00 UTC 2026,583807.6909295935,-986728.2684200001,null,null,null,null,null,null,null,null
Sun Sep 06 09:00:00 UTC 2026,800358.8779214914,-986728.2684200001,null,null,null,null,null,null,null,null
Sun Sep 06 10:00:00 UTC 2026,657890.9917425811,-986728.2684200001,null,null,null,null,null,null,null,null
Sun Sep 06 11:00:00 UTC 2026,697781.999872671,-986728.2684200001,null,null,null,null,null,null,null,null
Sun Sep 06 12:00:00 UTC 2026,709179.4307670547,-986728.2684200001,null,null,null,null,null,null,null,null
Sun Sep 06 13:00:00 UTC 2026,475532.0974337072,-986728.2684200001,null,null,null,null,null,null,null,null
Sun Sep 06 14:00:00 UTC 2026,578108.9754824014,-986728.2684200001,null,null,null,null,null,null,null,null
Sun Sep 06 15:00:00 UTC 2026,549615.3982466953,-986728.2684200001,null,null,null,null,null,null,null,null
Sun Sep 06 16:00:00 UTC 2026,549615.3982466953,-986728.2684200001,null,null,null,null,null,null,null,null
Sun Sep 06 17:00:00 UTC 2026,504025.67466941336,-986728.2684200001,null,null,null,null,null,null,null,null
Sun Sep 06 18:00:00 UTC 2026,384352.6502792705,-986728.2684200001,null,null,null,null,null,null,null,null
Sun Sep 06 19:00:00 UTC 2026,447038.5201978744,-986728.2684200001,null,null,null,null,null,null,null,null
Sun Sep 06 20:00:00 UTC 2026,572410.260035336,-986728.2684200001,null,null,null,null,null,null,null,null
Sun Sep 06 21:00:00 UTC 2026,572410.260035336,-1301172.26842,null,null,null,null,null,null,null,null
Sun Sep 06 22:00:00 UTC 2026,760467.869791402,-1498625.26842,null,null,null,null,null,null,null,null
Sun Sep 06 23:00:00 UTC 2026,760467.869791402,-1519903.26842,null,null,null,null,null,null,null,null
Mon Sep 07 00:00:00 UTC 2026,982717.772230492,-1866915.26842,null,null,null,null,null,null,null,null
Mon Sep 07 01:00:00 UTC 2026,521121.8210108625,-1926348.26842,null,null,null,null,null,null,null,null
Mon Sep 07 02:00:00 UTC 2026,749070.4388971445,-2020505.2684199996,null,null,null,null,null,null,null,null
Mon Sep 07 03:00:00 UTC 2026,686384.5689784135,-1874279.26842,null,null,null,null,null,null,null,null
Mon Sep 07 04:00:00 UTC 2026,777564.0161328507,-1673879.26842,null,null,null,null,null,null,null,null
Mon Sep 07 05:00:00 UTC 2026,902935.7559703123,-1758532.26842,null,null,null,null,null,null,null,null
Mon Sep 07 06:00:00 UTC 2026,-493249.5285825804,-1690600.26842,null,null,null,null,null,null,null,null
Mon Sep 07 07:00:00 UTC 2026,572410.260035336,-1378041.26842,null,null,null,null,null,null,null,null
Mon Sep 07 08:00:00 UTC 2026,566711.5445881439,-1465357.26842,null,null,null,null,null,null,null,null
Mon Sep 07 09:00:00 UTC 2026,629397.414506875,-1583037.26842,null,null,null,null,null,null,null,null
Mon Sep 07 10:00:00 UTC 2026,629397.414506875,-1357922.26842,null,null,null,null,null,null,null,null
Mon Sep 07 11:00:00 UTC 2026,697781.999872671,-1338658.26842,null,null,null,null,null,null,null,null
Mon Sep 07 12:00:00 UTC 2026,469833.3819865156,-1152283.26842,null,null,null,null,null,null,null,null
Mon Sep 07 13:00:00 UTC 2026,264679.62588900095,-1251252.26842,null,null,null,null,null,null,null,null
Mon Sep 07 14:00:00 UTC 2026,338762.92670198856,-1346084.26842,null,null,null,null,null,null,null,null
Mon Sep 07 15:00:00 UTC 2026,321666.78036053944,-1515512.26842,null,null,null,null,null,null,null,null
Mon Sep 07 16:00:00 UTC 2026,521121.8210108625,-995820.2684200001,null,null,null,null,null,null,null,null
Mon Sep 07 17:00:00 UTC 2026,1438615.0080028027,-934259.2684200001,null,null,null,null,null,null,null,null
Mon Sep 07 18:00:00 UTC 2026,1506999.5933685987,-955280.2684200001,null,null,null,null,null,null,null,null
Mon Sep 07 19:00:00 UTC 2026,1410121.4307669704,-1350064.26842,null,null,null,null,null,null,null,null
Mon Sep 07 20:00:00 UTC 2026,1353134.2762954314,-1438161.26842,null,null,null,null,null,null,null,null
Mon Sep 07 21:00:00 UTC 2026,1102390.7966206349,-1404041.26842,null,null,null,null,null,null,null,null
Mon Sep 07 22:00:00 UTC 2026,868743.4632872879,-1161885.26842,null,null,null,null,null,null,null,null
Mon Sep 07 23:00:00 UTC 2026,458435.9510922581,-1148385.26842,null,null,null,null,null,null,null,null
Tue Sep 08 00:00:00 UTC 2026,452737.2356450665,-1119880.26842,null,null,null,null,null,null,null,null
Tue Sep 08 01:00:00 UTC 2026,760467.869791402,-1305614.26842,null,null,null,null,null,null,null,null
Tue Sep 08 02:00:00 UTC 2026,766166.5852385936,-1180786.26842,null,null,null,null,null,null,null,null
Tue Sep 08 03:00:00 UTC 2026,1113788.227515019,-1290340.26842,null,null,null,null,null,null,null,null
Tue Sep 08 04:00:00 UTC 2026,982717.772230492,-1474268.26842,null,null,null,null,null,null,null,null
Tue Sep 08 05:00:00 UTC 2026,1056801.07304348,-1546240.26842,null,null,null,null,null,null,null,null
Tue Sep 08 06:00:00 UTC 2026,999813.9185719411,-1722431.26842,null,null,null,null,null,null,null,null
Tue Sep 08 07:00:00 UTC 2026,999813.9185719411,-1367015.26842,null,null,null,null,null,null,null,null
Tue Sep 08 08:00:00 UTC 2026,999813.9185719411,2185146.73158,null,null,null,null,null,null,null,null
Tue Sep 08 09:00:00 UTC 2026,1.87064,1776098.73158,null,null,null,null,null,null,null,null,null,null
Tue Sep 08 10:00:00 UTC 2026,1.87064,1930922.73158,null,null,null,null,null,null,null,null,null,null
Tue Sep 08 11:00:00 UTC 2026,1.87064,1894410.73158,null,null,null,null,null,null,null,null,null,null
Tue Sep 08 12:00:00 UTC 2026,1.87064,1763129.73158,null,null,null,null,null,null,null,null,null,null
Tue Sep 08 13:00:00 UTC 2026,1.87064,1843144.73158,null,null,null,null,null,null,null,null,null,null
Tue Sep 08 14:00:00 UTC 2026,1.87064,1774737.73158,null,null,null,null,null,null,null,null,null,null
Tue Sep 08 15:00:00 UTC 2026,1.87064,1657302.73158,null,null,null,null,null,null,null,null,null,null
Tue Sep 08 16:00:00 UTC 2026,1.87064,1712837.73158,null,null,null,null,null,null,null,null,null,null
Tue Sep 08 17:00:00 UTC 2026,1.87064,1834106.73158,null,null,null,null,null,null,null,null,null,null
Tue Sep 08 18:00:00 UTC 2026,1.87064,1851669.73158,null,null,null,null,null,null,null,null,null,null
Tue Sep 08 19:00:00 UTC 2026,1.87064,1546766.73158,null,null,null,null,null,null,null,null,null,null
Tue Sep 08 20:00:00 UTC 2026,1.87064,1440784.73158,null,null,null,null,null,null,null,null,null,null
Tue Sep 08 21:00:00 UTC 2026,1.87064,1123740.73158,null,null,null,null,null,null,null,null,null,null
Tue Sep 08 22:00:00 UTC 2026,1.87064,1009962.7315799999,null,null,null,null,null,null,null,null,null,null
Tue Sep 08 23:00:00 UTC 2026,1.87064,1152326.73158,null,null,null,null,null,null,null,null,null,null
Wed Sep 09 00:00:00 UTC 2026,1.87064,1290876.73158,null,null,null,null,null,null,null,null,null,null
Wed Sep 09 01:00:00 UTC 2026,1.87064,1482604.73158,null,null,null,null,null,null,null,null,null,null
Wed Sep 09 02:00:00 UTC 2026,1.87064,1413488.73158,null,null,null,null,null,null,null,null,null,null
Wed Sep 09 03:00:00 UTC 2026,1.87064,1758836.73158,null,null,null,null,null,null,null,null,null,null
Wed Sep 09 04:00:00 UTC 2026,1.87064,1769765.73158,null,null,null,null,null,null,null,null,null,null
Wed Sep 09 05:00:00 UTC 2026,1.87064,1929221.73158,null,null,null,null,null,null,null,null,null,null
Wed Sep 09 06:00:00 UTC 2026,1.87064,1832088.73158,null,null,null,null,null,null,null,null,null,null
Wed Sep 09 07:00:00 UTC 2026,1.87064,1782778.73158,null,null,null,null,null,null,null,null,null,null
Wed Sep 09 08:00:00 UTC 2026,1.87064,1684889.73158,null,null,null,null,null,null,null,null,null,null
Wed Sep 09 09:00:00 UTC 2026,1.87064,1785761.73158,null,null,null,null,null,null,null,null,null,null
Wed Sep 09 10:00:00 UTC 2026,1.87064,1946210.73158,null,null,null,null,null,null,null,null,null,null
Wed Sep 09 11:00:00 UTC 2026,1.87064,1887282.73158,null,null,null,null,null,null,null,null,null,null
Wed Sep 09 12:00:00 UTC 2026,1.87064,1925305.73158,null,null,null,null,null,null,null,null,null,null
Wed Sep 09 13:00:00 UTC 2026,1.87064,2037502.73158,null,null,null,null,null,null,null,null,null,null
Wed Sep 09 14:00:00 UTC 2026,1.87064,2016381.73158,null,null,null,null,null,null,null,null,null,null
Wed Sep 09 15:00:00 UTC 2026,1.87064,1991462.73158,null,null,null,null,null,null,null,null,null,null
Wed Sep 09 16:00:00 UTC 2026,1.87064,2071800.73158,null,null,null,null,null,null,null,null,null,null
Wed Sep 09 17:00:00 UTC 2026,1.87064,2145539.73158,null,null,null,null,null,null,null,null,null,null
Wed Sep 09 18:00:00 UTC 2026,1.87064,2008743.73158,null,null,null,null,null,null,null,null,null,null
Wed Sep 09 19:00:00 UTC 2026,1.87064,2065048.73158,null,null,null,null,null,null,null,null,null,null
Wed Sep 09 20:00:00 UTC 2026,1.87064,2031723.73158,null,null,null,null,null,null,null,null,null,null
Wed Sep 09 21:00:00 UTC 2026,1.87064,2085147.73158,null,null,null,null,null,null,null,null,null,null
Wed Sep 09 22:00:00 UTC 2026,1.87064,2025454.73158,null,null,null,null,null,null,null,null,null,null
Wed Sep 09 23:00:00 UTC 2026,1.87064,2135844.73158,null,null,null,null,null,null,null,null,null,null
Thu Sep 10 00:00:00 UTC 2026,1.87064,2201490.73158,null,null,null,null,null,null,null,null,null,null
Thu Sep 10 01:00:00 UTC 2026,1.87064,2383709.73158,null,null,null,null,null,null,null,null,null,null
Thu Sep 10 02:00:00 UTC 2026,1.87064,2225830.73158,null,null,null,null,null,null,null,null,null,null
Thu Sep 10 03:00:00 UTC 2026,1.87064,2087518.73158,null,null,null,null,null,null,null,null,null,null
Thu Sep 10 04:00:00 UTC 2026,1.87064,2054008.73158,null,null,null,null,null,null,null,null,null,null
Thu Sep 10 05:00:00 UTC 2026,1.87064,2176633.73158,null,null,null,null,null,null,null,null,null,null
Thu Sep 10 06:00:00 UTC 2026,1.87064,2234975.73158,null,null,null,null,null,null,null,null,null,null
Thu Sep 10 07:00:00 UTC 2026,1.87064,2255649.73158,null,null,null,null,null,null,null,null,null,null
Thu Sep 10 08:00:00 UTC 2026,1.87064,2263605.73158,null,null,null,null,null,null,null,null,null,null
Thu Sep 10 09:00:00 UTC 2026,1.87064,2299955.73158,null,null,null,null,null,null,null,null,null,null
Thu Sep 10 10:00:00 UTC 2026,1.87064,2427699.73158,null,null,null,null,null,null,null,null,null,null
Thu Sep 10 11:00:00 UTC 2026,1.87064,2320330.73158,null,null,null,null,null,null,null,null,null,null
Thu Sep 10 12:00:00 UTC 2026,1.87064,2257881.73158,null,null,null,null,null,null,null,null,null,null
Thu Sep 10 13:00:00 UTC 2026,1.87064,2457492.73158,null,null,null,null,null,null,null,null,null,null
Thu Sep 10 14:00:00 UTC 2026,1.87064,2608548.73158,null,null,null,null,null,null,null,null,null,null
Thu Sep 10 15:00:00 UTC 2026,1.87064,2671982.73158,null,null,null,null,null,null,null,null,null,null
Thu Sep 10 16:00:00 UTC 2026,1.87064,2546492.73158,null,null,null,null,null,null,null,null,null,null
Thu Sep 10 17:00:00 UTC 2026,1.87064,2696540.73158,null,null,null,null,null,null,null,null,null,null
Thu Sep 10 18:00:00 UTC 2026,1.87064,2556850.73158,null,null,null,null,null,null,null,null,null,null
Thu Sep 10 19:00:00 UTC 2026,1.87064,2371660.73158,null,null,null,null,null,null,null,null,null,null
Thu Sep 10 20:00:00 UTC 2026,1.87064,2123179.73158,null,null,null,null,null,null,null,null,null,null
Thu Sep 10 21:00:00 UTC 2026,1.87064,1927442.73158,null,null,null,null,null,null,null,null,null,null
Thu Sep 10 22:00:00 UTC 2026,1.87064,1889253.73158,null,null,null,null,null,null,null,null,null,null
Thu Sep 10 23:00:00 UTC 2026,1.87064,1871781.73158,null,null,null,null,null,null,null,null,null,null
Fri Sep 11 00:00:00 UTC 2026,1.87064,1949431.73158,null,null,null,null,null,null,null,null,null,null
Fri Sep 11 01:00:00 UTC 2026,1.87064,2199421.73158,null,null,null,null,null,null,null,null,null,null
Fri Sep 11 02:00:00 UTC 2026,1.87064,2097592.73158,null,null,null,null,null,null,null,null,null,null
Fri Sep 11 03:00:00 UTC 2026,1.87064,1978514.73158,null,null,null,null,null,null,null,null,null,null
Fri Sep 11 04:00:00 UTC 2026,1.87064,1968007.73158,null,null,null,null,null,null,null,null,null,null
Fri Sep 11 05:00:00 UTC 2026,1.87064,1893741.73158,null,null,null,null,null,null,null,null,null,null
Fri Sep 11 06:00:00 UTC 2026,1.87064,2157958.73158,null,null,null,null,null,null,null,null,null,null
Fri Sep 11 07:00:00 UTC 2026,1.87064,2250852.73158,null,null,null,null,null,null,null,null,null,null
Fri Sep 11 08:00:00 UTC 2026,1.87064,2238502.73158,null,null,null,null,null,null,null,null,null,null
Fri Sep 11 09:00:00 UTC 2026,1.87064,2258591.73158,null,null,null,null,null,null,null,null,null,null
Fri Sep 11 10:00:00 UTC 2026,1.87064,2153856.73158,null,null,null,null,null,null,null,null,null,null
Fri Sep 11 11:00:00 UTC 2026,1.87064,2158682.73158,null,null,null,null,null,null,null,null,null,null
Fri Sep 11 12:00:00 UTC 2026,1.87064,2160183.73158,null,null,null,null,null,null,null,null,null,null
Fri Sep 11 13:00:00 UTC 2026,1.87064,2159161.73158,null,null,null,null,null,null,null,null,null,null
Fri Sep 11 14:00:00 UTC 2026,1.87064,2294299.73158,null,null,null,null,null,null,null,null,null,null
Fri Sep 11 15:00:00 UTC 2026,1.87064,1922772.73158,null,null,null,null,null,null,null,null,null,null
Fri Sep 11 16:00:00 UTC 2026,1.87064,2158467.73158,null,null,null,null,null,null,null,null,null,null
Fri Sep 11 17:00:00 UTC 2026,1.87064,2154580.73158,null,null,null,null,null,null,null,null,null,null
Fri Sep 11 18:00:00 UTC 2026,1.87064,1732152.73158,null,null,null,null,null,null,null,null,null,null
Fri Sep 11 19:00:00 UTC 2026,1.87064,1943514.73158,null,null,null,null,null,null,null,null,null,null
Fri Sep 11 20:00:00 UTC 2026,1.87064,2058361.73158,null,null,null,null,null,null,null,null,null,null
Fri Sep 11 21:00:00 UTC 2026,1.87064,2058361.73158,null,null,null,null,null,null,null,null,null,null
Fri Sep 11 22:00:00 UTC 2026,1.87064,2058361.73158,null,null,null,null,null,null,null,null,null,null
Fri Sep 11 23:00:00 UTC 2026,1.87064,2058361.73158,null,null,null,null,null,null,null,null,null,null
Sat Sep 12 00:00:00 UTC 2026,1.87064,2058361.73158,null,null,null,null,null,null,null,null,null,null
Sat Sep 12 01:00:00 UTC 2026,1.87064,2058361.73158,null,null,null,null,null,null,null,null,null,null
Sat Sep 12 02:00:00 UTC 2026,1.87064,2058361.73158,null,null,null,null,null,null,null,null,null,null
Sat Sep 12 03:00:00 UTC 2026,1.87064,2058361.73158,null,null,null,null,null,null,null,null,null,null
Sat Sep 12 04:00:00 UTC 2026,1.87064,2058361.73158,null,null,null,null,null,null,null,null,null,null
Sat Sep 12 05:00:00 UTC 2026,1.87064,2058361.73158,null,null,null,null,null,null,null,null,null,null
Sat Sep 12 06:00:00 UTC 2026,1.87064,2058361.73158,null,null,null,null,null,null,null,null,null,null
Sat Sep 12 07:00:00 UTC 2026,1.87064,2058361.73158,null,null,null,null,null,null,null,null,null,null
Sat Sep 12 08:00:00 UTC 2026,1.87064,2058361.73158,null,null,null,null,null,null,null,null,null,null
Sat Sep 12 09:00:00 UTC 2026,1.87064,2058361.73158,null,null,null,null,null,null,null,null,null,null
Sat Sep 12 10:00:00 UTC 2026,1.87064,2058361.73158,null,null,null,null,null,null,null,null,null,null
Sat Sep 12 11:00:00 UTC 2026,1.87064,2058361.73158,null,null,null,null,null,null,null,null,null,null
Sat Sep 12 12:00:00 UTC 2026,1.87064,2058361.73158,null,null,null,null,null,null,null,null,null,null
Sat Sep 12 13:00:00 UTC 2026,1.87064,2058361.73158,null,null,null,null,null,null,null,null,null,null
Sat Sep 12 14:00:00 UTC 2026,1.87064,2058361.73158,null,null,null,null,null,null,null,null,null,null
Sat Sep 12 15:00:00 UTC 2026,1.87064,2058361.73158,null,null,null,null,null,null,null,null,null,null
Sat Sep 12 16:00:00 UTC 2026,1.87064,2058361.73158,null,null,null,null,null,null,null,null,null,null
Sat Sep 12 17:00:00 UTC 2026,1.87064,2058361.73158,null,null,null,null,null,null,null,null,null,null
Sat Sep 12 18:00:00 UTC 2026,1.87064,2058361.73158,null,null,null,null,null,null,null,null,null,null
Sat Sep 12 19:00:00 UTC 2026,1.87064,2058361.73158,null,null,null,null,null,null,null,null,null,null
Sat Sep 12 20:00:00 UTC 2026,1.87064,2058361.73158,null,null,null,null,null,null,null,null,null,null
Sat Sep 12 21:00:00 UTC 2026,1.87064,2058361.73158,null,null,null,null,null,null,null,null,null,null
Sat Sep 12 22:00:00 UTC 2026,1.87064,2058361.73158,null,null,null,null,null,null,null,null,null,null
Sat Sep 12 23:00:00 UTC 2026,1.87064,2058361.73158,null,null,null,null,null,null,null,null,null,null
Sun Sep 13 00:00:00 UTC 2026,1.87064,2058361.73158,null,null,null,null,null,null,null,null,null,null
Sun Sep 13 01:00:00 UTC 2026,1.87064,2058361.73158,null,null,null,null,null,null,null,null,null,null
Sun Sep 13 02:00:00 UTC 2026,1.87064,2058361.73158,null,null,null,null,null,null,null,null,null,null
Sun Sep 13 03:00:00 UTC 2026,1.87064,2058361.73158,null,null,null,null,null,null,null,null,null,null
Sun Sep 13 04:00:00 UTC 2026,1.87064,2058361.73158,null,null,null,null,null,null,null,null,null,null
Sun Sep 13 05:00:00 UTC 2026,1.87064,2058361.73158,null,null,null,null,null,null,null,null,null,null
Sun Sep 13 06:00:00 UTC 2026,1.87064,2058361.73158,null,null,null,null,null,null,null,null,null,null
Sun Sep 13 07:00:00 UTC 2026,1.87064,2058361.73158,null,null,null,null,null,null,null,null,null,null
Sun Sep 13 08:00:00 UTC 2026,1.87064,2058361.73158,null,null,null,null,null,null,null,null,null,null
Sun Sep 13 09:00:00 UTC 2026,1.87064,2058361.73158,null,null,null,null,null,null,null,null,null,null
Sun Sep 13 10:00:00 UTC 2026,1.87064,2058361.73158,null,null,null,null,null,null,null,null,null,null
Sun Sep 13 11:00:00 UTC 2026,1.87064,2058361.73158,null,null,null,null,null,null,null,null,null,null
Sun Sep 13 12:00:00 UTC 2026,1.87064,2058361.73158,null,null,null,null,null,null,null,null,null,null
Sun Sep 13 13:00:00 UTC 2026,1.87064,2058361.73158,null,null,null,null,null,null,null,null,null,null
Sun Sep 13 14:00:00 UTC 2026,1.87064,2058361.73158,null,null,null,null,null,null,null,null,null,null
Sun Sep 13 15:00:00 UTC 2026,1.87064,2058361.73158,null,null,null,null,null,null,null,null,null,null
Sun Sep 13 16:00:00 UTC 2026,1.87064,2058361.73158,null,null,null,null,null,null,null,null,null,null
Sun Sep 13 17:00:00 UTC 2026,1.87064,2058361.73158,null,null,null,null,null,null,null,null,null,null
Sun Sep 13 18:00:00 UTC 2026,1.87064,2058361.73158,null,null,null,null,null,null,null,null,null,null
Sun Sep 13 19:00:00 UTC 2026,1.87064,2058361.73158,null,null,null,null,null,null,null,null,null,null
Sun Sep 13 20:00:00 UTC 2026,1.87064,2058361.73158,null,null,null,null,null,null,null,null,null,null
Sun Sep 13 21:00:00 UTC 2026,1.87064,1910093.73158,null,null,null,null,null,null,null,null,null,null
Sun Sep 13 22:00:00 UTC 2026,1.87064,2001310.73158,null,null,null,null,null,null,null,null,null,null
Sun Sep 13 23:00:00 UTC 2026,1.87064,1885342.73158,null,null,null,null,null,null,null,null,null,null
Mon Sep 14 00:00:00 UTC 2026,1.87064,1797790.73158,null,null,null,null,null,null,null,null,null,null
Mon Sep 14 01:00:00 UTC 2026,1.87064,1931379.73158,null,null,null,null,null,null,null,null,null,null
Mon Sep 14 02:00:00 UTC 2026,1.87064,1942562.73158,null,null,null,null,null,null,null,null,null,null
Mon Sep 14 03:00:00 UTC 2026,1.87064,1879076.73158,null,null,null,null,null,null,null,null,null,null
Mon Sep 14 04:00:00 UTC 2026,1.87064,1715823.73158,null,null,null,null,null,null,null,null,null,null
Mon Sep 14 05:00:00 UTC 2026,1.87064,1539019.73158,null,null,null,null,null,null,null,null,null,null
Mon Sep 14 06:00:00 UTC 2026,1.87064,1485797.73158,null,null,null,null,null,null,null,null,null,null
Mon Sep 14 07:00:00 UTC 2026,1.87064,1218054.73158,null,null,null,null,null,null,null,null,null,null
Mon Sep 14 08:00:00 UTC 2026,1.87064,1227943.73158,null,null,null,null,null,null,null,null,null,null
Mon Sep 14 09:00:00 UTC 2026,1.87064,1286467.73158,null,null,null,null,null,null,null,null,null,null
Mon Sep 14 10:00:00 UTC 2026,1.87064,1504766.73158,null,null,null,null,null,null,null,null,null,null
Mon Sep 14 11:00:00 UTC 2026,1.87064,1766695.73158,null,null,null,null,null,null,null,null,null,null
Mon Sep 14 12:00:00 UTC 2026,1.87064,1704345.73158,null,null,null,null,null,null,null,null,null,null
Mon Sep 14 13:00:00 UTC 2026,1.87064,1707052.73158,null,null,null,null,null,null,null,null,null,null
Mon Sep 14 14:00:00 UTC 2026,1.87064,1679922.73158,null,null,null,null,null,null,null,null,null,null
Mon Sep 14 15:00:00 UTC 2026,1.87064,1598537.73158,null,null,null,null,null,null,null,null,null,null
Mon Sep 14 16:00:00 UTC 2026,1.87064,1722728.73158,null,null,null,null,null,null,null,null,null,null
Mon Sep 14 17:00:00 UTC 2026,1.87064,1669737.73158,null,null,null,null,null,null,null,null,null,null
Mon Sep 14 18:00:00 UTC 2026,1.87064,1527243.73158,null,null,null,null,null,null,null,null,null,null
Mon Sep 14 19:00:00 UTC 2026,1.87064,1607322.73158,null,null,null,null,null,null,null,null,null,null
Mon Sep 14 20:00:00 UTC 2026,1.87064,1599767.73158,null,null,null,null,null,null,null,null,null,null
Mon Sep 14 21:00:00 UTC 2026,1.87064,1432609.73158,null,null,null,null,null,null,null,null,null,null
Mon Sep 14 22:00:00 UTC 2026,1.87064,1297081.73158,null,null,null,null,null,null,null,null,null,null
Mon Sep 14 23:00:00 UTC 2026,1.87064,1213971.73158,null,null,null,null,null,null,null,null,null,null
Tue Sep 15 00:00:00 UTC 2026,1.87064,1266397.73158,null,null,null,null,null,null,null,null,null,null
Tue Sep 15 01:00:00 UTC 2026,1.87064,1256753.73158,null,null,null,null,null,null,null,null,null,null
Tue Sep 15 02:00:00 UTC 2026,1.87064,1355830.73158,null,null,null,null,null,null,null,null,null,null
Tue Sep 15 03:00:00 UTC 2026,1.87064,1255843.73158,null,null,null,null,null,null,null,null,null,null
Tue Sep 15 04:00:00 UTC 2026,1.87064,1284839.73158,null,null,null,null,null,null,null,null,null,null
Tue Sep 15 05:00:00 UTC 2026,1.87064,593934.7315799999,null,null,null,null,null,null,null,null,null,null
Tue Sep 15 06:00:00 UTC 2026,1.87064,590024.7315799999,null,null,null,null,null,null,null,null,null,null
Tue Sep 15 07:00:00 UTC 2026,1.87064,573922.7315799999,null,null,null,null,null,null,null,null,null,null
Tue Sep 15 08:00:00 UTC 2026,1.87064,899126.7315799999,null,null,null,null,null,null,null,null,null,null
Tue Sep 15 09:00:00 UTC 2026,1.87064,772927.7315799999,null,null,null,null,null,null,null,null,null,null
Tue Sep 15 10:00:00 UTC 2026,1.87064,699179.7315799999,null,null,null,null,null,null,null,null,null,null
Tue Sep 15 11:00:00 UTC 2026,1.87064,658392.7315799999,null,null,null,null,null,null,null,null,null,null
Tue Sep 15 12:00:00 UTC 2026,1.87064,625197.7315799999,null,null,null,null,null,null,null,null,null,null
Tue Sep 15 13:00:00 UTC 2026,1.87064,743510.7315799999,null,null,null,null,null,null,null,null,null,null
Tue Sep 15 14:00:00 UTC 2026,1.87064,573591.7315799999,null,null,null,null,null,null,null,null,null,null
Tue Sep 15 15:00:00 UTC 2026,1.87064,470056.7315799999,null,null,null,null,null,null,null,null,null,null
Tue Sep 15 16:00:00 UTC 2026,1.87064,593459.7315799999,null,null,null,null,null,null,null,null,null,null
Tue Sep 15 17:00:00 UTC 2026,1.87064,513970.7315799999,null,null,null,null,null,null,null,null,null,null
Tue Sep 15 18:00:00 UTC 2026,1.87064,489627.7315799999,null,null,null,null,null,null,null,null,null,null
Tue Sep 15 19:00:00 UTC 2026,1.87064,630503.7315799999,null,null,null,null,null,null,null,null,null,null
Tue Sep 15 20:00:00 UTC 2026,1.87064,618439.7315799999,null,null,null,null,null,null,null,null,null,null
Tue Sep 15 21:00:00 UTC 2026,1.87064,657785.7315799999,null,null,null,null,null,null,null,null,null,null
Tue Sep 15 22:00:00 UTC 2026,1.87064,527925.7315799999,null,null,null,null,null,null,null,null,null,null
Tue Sep 15 23:00:00 UTC 2026,1.87064,682832.7315799999,null,null,null,null,null,null,null,null,null,null
Wed Sep 16 00:00:00 UTC 2026,1.87064,691897.7315799999,null,null,null,null,null,null,null,null,null,null
Wed Sep 16 01:00:00 UTC 2026,1.87064,731303.7315799999,null,null,null,null,null,null,null,null,null,null
Wed Sep 16 02:00:00 UTC 2026,1.87064,747959.7315799999,null,null,null,null,null,null,null,null,null,null
Wed Sep 16 03:00:00 UTC 2026,1.87064,801338.7315799999,null,null,null,null,null,null,null,null,null,null
Wed Sep 16 04:00:00 UTC 2026,1.87064,743689.7315799999,null,null,null,null,null,null,null,null,null,null
Wed Sep 16 05:00:00 UTC 2026,1.87064,733525.7315799999,null,null,null,null,null,null,null,null,null,null
Wed Sep 16 06:00:00 UTC 2026,1.87064,788104.7315799999,null,null,null,null,null,null,null,null,null,null
Wed Sep 16 07:00:00 UTC 2026,1.87064,866603.7315799999,null,null,null,null,null,null,null,null,null,null
Wed Sep 16 08:00:00 UTC 2026,1.87064,908498.7315799999,null,null,null,null,null,null,null,null,null,null
Wed Sep 16 09:00:00 UTC 2026,1.87064,923787.7315799999,null,null,null,null,null,null,null,null,null,null
Wed Sep 16 10:00:00 UTC 2026,1.87064,801420.7315799999,null,null,null,null,null,null,null,null,null,null
Wed Sep 16 11:00:00 UTC 2026,1.87064,839028.7315799999,null,null,null,null,null,null,null,null,null,null
Wed Sep 16 12:00:00 UTC 2026,1.87064,889123.7315799999,null,null,null,null,null,null,null,null,null,null
Wed Sep 16 13:00:00 UTC 2026,1.87064,693572.7315799999,null,null,null,null,null,null,null,null,null,null
Wed Sep 16 14:00:00 UTC 2026,1.87064,606107.7315799999,null,null,null,null,null,null,null,null,null,null
Wed Sep 16 15:00:00 UTC 2026,1.87064,615599.7315799999,null,null,null,null,null,null,null,null,null,null
Wed Sep 16 16:00:00 UTC 2026,1.87064,730063.7315799999,null,null,null,null,null,null,null,null,null,null
Wed Sep 16 17:00:00 UTC 2026,1.87064,830541.7315799999,null,null,null,null,null,null,null,null,null,null
Wed Sep 16 18:00:00 UTC 2026,1.87064,869910.7315799999,null,null,null,null,null,null,null,null,null,null
Wed Sep 16 19:00:00 UTC 2026,1.87064,893787.7315799999,null,null,null,null,null,null,null,null,null,null
Wed Sep 16 20:00:00 UTC 2026,1.87064,972291.7315799999,null,null,null,null,null,null,null,null,null,null
Wed Sep 16 21:00:00 UTC 2026,1.87064,973707.7315799999,null,null,null,null,null,null,null,null,null,null
Wed Sep 16 22:00:00 UTC 2026,1.87064,949529.7315799999,null,null,null,null,null,null,null,null,null,null
Wed Sep 16 23:00:00 UTC 2026,1.87064,887512.7315799999,null,null,null,null,null,null,null,null,null,null
Thu Sep 17 00:00:00 UTC 2026,1.87064,1014609.7315799999,null,null,null,null,null,null,null,null,null,null
Thu Sep 17 01:00:00 UTC 2026,1.87064,1172028.73158,null,null,null,null,null,null,null,null,null,null
Thu Sep 17 02:00:00 UTC 2026,1.87064,1084718.73158,null,null,null,null,null,null,null,null,null,null
Thu Sep 17 03:00:00 UTC 2026,1.87064,1217744.73158,null,null,null,null,null,null,null,null,null,null
Thu Sep 17 04:00:00 UTC 2026,1.87064,1250349.73158,null,null,null,null,null,null,null,null,null,null
Thu Sep 17 05:00:00 UTC 2026,1.87064,1151506.73158,null,null,null,null,null,null,null,null,null,null
Thu Sep 17 06:00:00 UTC 2026,1.87064,1167765.73158,null,null,null,null,null,null,null,null,null,null
Thu Sep 17 07:00:00 UTC 2026,1.87064,1193985.73158,null,null,null,null,null,null,null,null,null,null
Thu Sep 17 08:00:00 UTC 2026,1.87064,1142838.73158,null,null,null,null,null,null,null,null,null,null
Thu Sep 17 09:00:00 UTC 2026,1.87064,1096882.73158,null,null,null,null,null,null,null,null,null,null
Thu Sep 17 10:00:00 UTC 2026,1.87064,1003367.7315799999,null,null,null,null,null,null,null,null,null,null
Thu Sep 17 11:00:00 UTC 2026,1.87064,1187947.73158,null,null,null,null,null,null,null,null,null,null
Thu Sep 17 12:00:00 UTC 2026,1.87064,1480729.73158,null,null,null,null,null,null,null,null,null,null
Thu Sep 17 13:00:00 UTC 2026,1.87064,1505992.73158,null,null,null,null,null,null,null,null,null,null
Thu Sep 17 14:00:00 UTC 2026,1.87064,1551843.73158,null,null,null,null,null,null,null,null,null,null
Thu Sep 17 15:00:00 UTC 2026,1.87064,1552466.73158,null,null,null,null,null,null,null,null,null,null
Thu Sep 17 16:00:00 UTC 2026,1.87064,1905565.73158,null,null,null,null,null,null,null,null,null,null
Thu Sep 17 17:00:00 UTC 2026,1.87064,1717447.73158,null,null,null,null,null,null,null,null,null,null
Thu Sep 17 18:00:00 UTC 2026,1.87064,1633795.73158,null,null,null,null,null,null,null,null,null,null
Thu Sep 17 19:00:00 UTC 2026,1.87064,1715699.73158,null,null,null,null,null,null,null,null,null,null
Thu Sep 17 20:00:00 UTC 2026,1.87064,1755048.73158,null,null,null,null,null,null,null,null,null,null
Thu Sep 17 21:00:00 UTC 2026,1.87064,933877.7315799999,null,null,null,null,null,null,null,null,null,null
Thu Sep 17 22:00:00 UTC 2026,1.87064,1043673.7315799999,null,null,null,null,null,null,null,null,null,null
Thu Sep 17 23:00:00 UTC 2026,1.87064,1144562.73158,null,null,null,null,null,null,null,null,null,null
Fri Sep 18 00:00:00 UTC 2026,1.87064,1446983.73158,null,null,null,null,null,null,null,null,null,null
Fri Sep 18 01:00:00 UTC 2026,1.87064,1382897.73158,null,null,null,null,null,null,null,null,null,null
Fri Sep 18 02:00:00 UTC 2026,1.87064,1431834.73158,null,null,null,null,null,null,null,null,null,null
Fri Sep 18 03:00:00 UTC 2026,1.87064,1472435.73158,null,null,null,null,null,null,null,null,null,null
Fri Sep 18 04:00:00 UTC 2026,1.87064,1508342.73158,null,null,null,null,null,null,null,null,null,null
Fri Sep 18 05:00:00 UTC 2026,1.87064,1744492.73158,null,null,null,null,null,null,null,null,null,null
Fri Sep 18 06:00:00 UTC 2026,1.87064,2033789.73158,null,null,null,null,null,null,null,null,null,null
Fri Sep 18 07:00:00 UTC 2026,1.87064,1944395.73158,null,null,null,null,null,null,null,null,null,null
Fri Sep 18 08:00:00 UTC 2026,1.87064,2068517.73158,null,null,null,null,null,null,null,null,null,null
Fri Sep 18 09:00:00 UTC 2026,1.87064,1833093.73158,null,null,null,null,null,null,null,null,null,null
Fri Sep 18 10:00:00 UTC 2026,1.87064,1878862.73158,null,null,null,null,null,null,null,null,null,null
Fri Sep 18 11:00:00 UTC 2026,1.87064,1777784.73158,null,null,null,null,null,null,null,null,null,null
Fri Sep 18 12:00:00 UTC 2026,1.87064,1772910.73158,null,null,null,null,null,null,null,null,null,null
Fri Sep 18 13:00:00 UTC 2026,1.87064,1835106.73158,null,null,null,null,null,null,null,null,null,null
Fri Sep 18 14:00:00 UTC 2026,1.87064,1774537.73158,null,null,null,null,null,null,null,null,null,null
Fri Sep 18 15:00:00 UTC 2026,1.87064,1776746.73158,null,null,null,null,null,null,null,null,null,null
Fri Sep 18 16:00:00 UTC 2026,1.87064,1896197.73158,null,null,null,null,null,null,null,null,null,null
Fri Sep 18 17:00:00 UTC 2026,1.87064,1646719.73158,null,null,null,null,null,null,null,null,null,null
Fri Sep 18 18:00:00 UTC 2026,1.87064,1682617.73158,null,null,null,null,null,null,null,null,null,null
Fri Sep 18 19:00:00 UTC 2026,1.87064,1923418.73158,null,null,null,null,null,null,null,null,null,null
Fri Sep 18 20:00:00 UTC 2026,1.87064,1806796.73158,null,null,null,null,null,null,null,null,null,null
Fri Sep 18 21:00:00 UTC 2026,1.87064,1806796.73158,null,null,null,null,null,null,null,null,null,null
Fri Sep 18 22:00:00 UTC 2026,1.87064,1806796.73158,null,null,null,null,null,null,null,null,null,null
Fri Sep 18 23:00:00 UTC 2026,1.87064,1806796.73158,null,null,null,null,null,null,null,null,null,null
Sat Sep 19 00:00:00 UTC 2026,1.87064,1806796.73158,null,null,null,null,null,null,null,null,null,null
Sat Sep 19 01:00:00 UTC 2026,1.87064,1806796.73158,null,null,null,null,null,null,null,null,null,null
Sat Sep 19 02:00:00 UTC 2026,1.87064,1806796.73158,null,null,null,null,null,null,null,null,null,null
Sat Sep 19 03:00:00 UTC 2026,1.87064,1806796.73158,null,null,null,null,null,null,null,null,null,null
Sat Sep 19 04:00:00 UTC 2026,1.87064,1806796.73158,null,null,null,null,null,null,null,null,null,null
Sat Sep 19 05:00:00 UTC 2026,1.87064,1806796.73158,null,null,null,null,null,null,null,null,null,null
Sat Sep 19 06:00:00 UTC 2026,1.87064,1806796.73158,null,null,null,null,null,null,null,null,null,null
Sat Sep 19 07:00:00 UTC 2026,1.87064,1806796.73158,null,null,null,null,null,null,null,null,null,null
Sat Sep 19 08:00:00 UTC 2026,1.87064,1806796.73158,null,null,null,null,null,null,null,null,null,null
Sat Sep 19 09:00:00 UTC 2026,1.87064,1806796.73158,null,null,null,null,null,null,null,null,null,null
Sat Sep 19 10:00:00 UTC 2026,1.87064,1806796.73158,null,null,null,null,null,null,null,null,null,null
Sat Sep 19 11:00:00 UTC 2026,1.87064,1806796.73158,null,null,null,null,null,null,null,null,null,null
Sat Sep 19 12:00:00 UTC 2026,1.87064,1806796.73158,null,null,null,null,null,null,null,null,null,null
Sat Sep 19 13:00:00 UTC 2026,1.87064,1806796.73158,null,null,null,null,null,null,null,null,null,null
Sat Sep 19 14:00:00 UTC 2026,1.87064,1806796.73158,null,null,null,null,null,null,null,null,null,null
Sat Sep 19 15:00:00 UTC 2026,1.87064,1806796.73158,null,null,null,null,null,null,null,null,null,null
Sat Sep 19 16:00:00 UTC 2026,1.87064,1806796.73158,null,null,null,null,null,null,null,null,null,null
Sat Sep 19 17:00:00 UTC 2026,1.87064,1806796.73158,null,null,null,null,null,null,null,null,null,null
Sat Sep 19 18:00:00 UTC 2026,1.87064,1806796.73158,null,null,null,null,null,null,null,null,null,null
Sat Sep 19 19:00:00 UTC 2026,1.87064,1806796.73158,null,null,null,null,null,null,null,null,null,null
Sat Sep 19 20:00:00 UTC 2026,1.87064,1806796.73158,null,null,null,null,null,null,null,null,null,null
Sat Sep 19 21:00:00 UTC 2026,1.87064,1806796.73158,null,null,null,null,null,null,null,null,null,null
Sat Sep 19 22:00:00 UTC 2026,1.87064,1806796.73158,null,null,null,null,null,null,null,null,null,null
Sat Sep 19 23:00:00 UTC 2026,1.87064,1806796.73158,null,null,null,null,null,null,null,null,null,null
Sun Sep 20 00:00:00 UTC 2026,1.87064,1806796.73158,null,null,null,null,null,null,null,null,null,null
Sun Sep 20 01:00:00 UTC 2026,1.87064,1806796.73158,null,null,null,null,null,null,null,null,null,null
Sun Sep 20 02:00:00 UTC 2026,1.87064,1806796.73158,null,null,null,null,null,null,null,null,null,null
Sun Sep 20 03:00:00 UTC 2026,1.87064,1806796.73158,null,null,null,null,null,null,null,null,null,null
Sun Sep 20 04:00:00 UTC 2026,1.87064,1806796.73158,null,null,null,null,null,null,null,null,null,null
Sun Sep 20 05:00:00 UTC 2026,1.87064,1806796.73158,null,null,null,null,null,null,null,null,null,null
Sun Sep 20 06:00:00 UTC 2026,1.87064,1806796.73158,null,null,null,null,null,null,null,null,null,null
Sun Sep 20 07:00:00 UTC 2026,1.87064,1806796.73158,null,null,null,null,null,null,null,null,null,null
Sun Sep 20 08:00:00 UTC 2026,1.87064,1806796.73158,null,null,null,null,null,null,null,null,null,null
Sun Sep 20 09:00:00 UTC 2026,1.87064,1806796.73158,null,null,null,null,null,null,null,null,null,null
Sun Sep 20 10:00:00 UTC 2026,1.87064,1806796.73158,null,null,null,null,null,null,null,null,null,null
Sun Sep 20 11:00:00 UTC 2026,1.87064,1806796.73158,null,null,null,null,null,null,null,null,null,null
Sun Sep 20 12:00:00 UTC 2026,1.87064,1806796.73158,null,null,null,null,null,null,null,null,null,null
Sun Sep 20 13:00:00 UTC 2026,1.87064,1806796.73158,null,null,null,null,null,null,null,null,null,null
Sun Sep 20 14:00:00 UTC 2026,1.87064,1806796.73158,null,null,null,null,null,null,null,null,null,null
Sun Sep 20 15:00:00 UTC 2026,1.87064,1806796.73158,null,null,null,null,null,null,null,null,null,null
Sun Sep 20 16:00:00 UTC 2026,1.87064,1806796.73158,null,null,null,null,null,null,null,null,null,null
Sun Sep 20 17:00:00 UTC 2026,1.87064,1806796.73158,null,null,null,null,null,null,null,null,null,null
Sun Sep 20 18:00:00 UTC 2026,1.87064,1806796.73158,null,null,null,null,null,null,null,null,null,null
Sun Sep 20 19:00:00 UTC 2026,1.87064,1806796.73158,null,null,null,null,null,null,null,null,null,null
Sun Sep 20 20:00:00 UTC 2026,1.87064,1806796.73158,null,null,null,null,null,null,null,null,null,null
Sun Sep 20 21:00:00 UTC 2026,1.87064,1797182.73158,null,null,null,null,null,null,null,null,null,null
Sun Sep 20 22:00:00 UTC 2026,1.87064,1766896.73158,null,null,null,null,null,null,null,null,null,null
Sun Sep 20 23:00:00 UTC 2026,1.87064,1773863.73158,null,null,null,null,null,null,null,null,null,null
Mon Sep 21 00:00:00 UTC 2026,1.87064,1858931.73158,null,null,null,null,null,null,null,null,null,null
Mon Sep 21 01:00:00 UTC 2026,1.87064,2026613.73158,null,null,null,null,null,null,null,null,null,null
Mon Sep 21 02:00:00 UTC 2026,1.87064,2009079.73158,null,null,null,null,null,null,null,null,null,null
Mon Sep 21 03:00:00 UTC 2026,1.87064,2121432.73158,null,null,null,null,null,null,null,null,null,null
Mon Sep 21 04:00:00 UTC 2026,1.87064,2056807.73158,null,null,null,null,null,null,null,null,null,null
Mon Sep 21 05:00:00 UTC 2026,1.87064,1990226.73158,null,null,null,null,null,null,null,null,null,null
Mon Sep 21 06:00:00 UTC 2026,1.87064,1969743.73158,null,null,null,null,null,null,null,null,null,null
Mon Sep 21 07:00:00 UTC 2026,1.87064,2000705.73158,null,null,null,null,null,null,null,null,null,null
Mon Sep 21 08:00:00 UTC 2026,1.87064,1954649.73158,null,null,null,null,null,null,null,null,null,null
Mon Sep 21 09:00:00 UTC 2026,1.87064,1893210.73158,null,null,null,null,null,null,null,null,null,null
Mon Sep 21 10:00:00 UTC 2026,1.87064,1892219.73158,null,null,null,null,null,null,null,null,null,null
Mon Sep 21 11:00:00 UTC 2026,1.87064,2088577.73158,null,null,null,null,null,null,null,null,null,null
Mon Sep 21 12:00:00 UTC 2026,1.87064,2138434.73158,null,null,null,null,null,null,null,null,null,null
Mon Sep 21 13:00:00 UTC 2026,1.87064,2190050.73158,null,null,null,null,null,null,null,null,null,null
Mon Sep 21 14:00:00 UTC 2026,1.87064,2262951.73158,null,null,null,null,null,null,null,null,null,null
Mon Sep 21 15:00:00 UTC 2026,1.87064,2419498.73158,null,null,null,null,null,null,null,null,null,null
Mon Sep 21 16:00:00 UTC 2026,1.87064,2355729.73158,null,null,null,null,null,null,null,null,null,null
Mon Sep 21 17:00:00 UTC 2026,1.87064,2496837.73158,null,null,null,null,null,null,null,null,null,null
Mon Sep 21 18:00:00 UTC 2026,1.87064,2576172.73158,null,null,null,null,null,null,null,null,null,null
Mon Sep 21 19:00:00 UTC 2026,1.87064,2479307.73158,null,null,null,null,null,null,null,null,null,null
Mon Sep 21 20:00:00 UTC 2026,1.87064,2351900.73158,null,null,null,null,null,null,null,null,null,null
Mon Sep 21 21:00:00 UTC 2026,1.87064,2206757.73158,null,null,null,null,null,null,null,null,null,null
Mon Sep 21 22:00:00 UTC 2026,1.87064,2200463.73158,null,null,null,null,null,null,null,null,null,null
Mon Sep 21 23:00:00 UTC 2026,1.87064,2320452.73158,null,null,null,null,null,null,null,null,null,null
Tue Sep 22 00:00:00 UTC 2026,1.87064,2442544.73158,null,null,null,null,null,null,null,null,null,null
Tue Sep 22 01:00:00 UTC 2026,1.87064,2488663.73158,null,null,null,null,null,null,null,null,null,null
Tue Sep 22 02:00:00 UTC 2026,1.87064,2490786.73158,null,null,null,null,null,null,null,null,null,null
Tue Sep 22 03:00:00 UTC 2026,1.87064,2487047.73158,null,null,null,null,null,null,null,null,null,null
Tue Sep 22 04:00:00 UTC 2026,1.87064,2438499.73158,null,null,null,null,null,null,null,null,null,null
Tue Sep 22 05:00:00 UTC 2026,1.87064,2497320.73158,null,null,null,null,null,null,null,null,null,null
Tue Sep 22 06:00:00 UTC 2026,1.87064,2670293.73158,null,null,null,null,null,null,null,null,null,null
Tue Sep 22 07:00:00 UTC 2026,1.87064,2456577.73158,null,null,null,null,null,null,null,null,null,null
Tue Sep 22 08:00:00 UTC 2026,1.87064,2292431.73158,null,null,null,null,null,null,null,null,null,null
Tue Sep 22 09:00:00 UTC 2026,1.87064,2095387.73158,null,null,null,null,null,null,null,null,null,null
Tue Sep 22 10:00:00 UTC 2026,1.87064,2057965.73158,null,null,null,null,null,null,null,null,null,null
Tue Sep 22 11:00:00 UTC 2026,1.87064,2145797.73158,null,null,null,null,null,null,null,null,null,null
Tue Sep 22 12:00:00 UTC 2026,1.87064,2124124.73158,null,null,null,null,null,null,null,null,null,null
Tue Sep 22 13:00:00 UTC 2026,1.87064,2238007.73158,null,null,null,null,null,null,null,null,null,null
Tue Sep 22 14:00:00 UTC 2026,1.87064,2296051.73158,null,null,null,null,null,null,null,null,null,null
Tue Sep 22 15:00:00 UTC 2026,1.87064,2300863.73158,null,null,null,null,null,null,null,null,null,null
Tue Sep 22 16:00:00 UTC 2026,1.87064,2120787.73158,null,null,null,null,null,null,null,null,null,null
Tue Sep 22 17:00:00 UTC 2026,1.87064,2152458.73158,null,null,null,null,null,null,null,null,null,null
Tue Sep 22 18:00:00 UTC 2026,1.87064,2166049.73158,null,null,null,null,null,null,null,null,null,null
Tue Sep 22 19:00:00 UTC 2026,1.87064,2155216.73158,null,null,null,null,null,null,null,null,null,null
Tue Sep 22 20:00:00 UTC 2026,1.87064,2121143.73158,null,null,null,null,null,null,null,null,null,null
Tue Sep 22 21:00:00 UTC 2026,1.87064,2141419.73158,null,null,null,null,null,null,null,null,null,null
Tue Sep 22 22:00:00 UTC 2026,1.87064,2154690.73158,null,null,null,null,null,null,null,null,null,null
Tue Sep 22 23:00:00 UTC 2026,1.87064,2177879.73158,null,null,null,null,null,null,null,null,null,null
Wed Sep 23 00:00:00 UTC 2026,1.87064,2108235.73158,null,null,null,null,null,null,null,null,null,null
Wed Sep 23 01:00:00 UTC 2026,1.87064,2094842.73158,null,null,null,null,null,null,null,null,null,null
Wed Sep 23 02:00:00 UTC 2026,1.87064,2110100.73158,null,null,null,null,null,null,null,null,null,null
Wed Sep 23 03:00:00 UTC 2026,1.87064,2108742.73158,null,null,null,null,null,null,null,null,null,null
Wed Sep 23 04:00:00 UTC 2026,1.87064,1995092.73158,null,null,null,null,null,null,null,null,null,null
Wed Sep 23 05:00:00 UTC 2026,1.87064,2050145.73158,null,null,null,null,null,null,null,null,null,null
Wed Sep 23 06:00:00 UTC 2026,1.87064,2012607.73158,null,null,null,null,null,null,null,null,null,null
Wed Sep 23 07:00:00 UTC 2026,1.87064,2016936.73158,null,null,null,null,null,null,null,null,null,null
Wed Sep 23 08:00:00 UTC 2026,1.87064,2010562.73158,null,null,null,null,null,null,null,null,null,null
Wed Sep 23 09:00:00 UTC 2026,1.87064,2082750.73158,null,null,null,null,null,null,null,null,null,null
Wed Sep 23 10:00:00 UTC 2026,1.87064,1975431.73158,null,null,null,null,null,null,null,null,null,null
Wed Sep 23 11:00:00 UTC 2026,1.87064,2066118.73158,null,null,null,null,null,null,null,null,null,null
Wed Sep 23 12:00:00 UTC 2026,1.87064,2159499.73158,null,null,null,null,null,null,null,null,null,null
Wed Sep 23 13:00:00 UTC 2026,1.87064,2195448.73158,null,null,null,null,null,null,null,null,null,null
Wed Sep 23 14:00:00 UTC 2026,1.87064,2117162.73158,null,null,null,null,null,null,null,null,null,null
Wed Sep 23 15:00:00 UTC 2026,1.87064,2132243.73158,null,null,null,null,null,null,null,null,null,null
Wed Sep 23 16:00:00 UTC 2026,1.87064,2067271.73158,null,null,null,null,null,null,null,null,null,null
Wed Sep 23 17:00:00 UTC 2026,1.87064,2119835.73158,null,null,null,null,null,null,null,null,null,null
Wed Sep 23 18:00:00 UTC 2026,1.87064,2161132.73158,null,null,null,null,null,null,null,null,null,null
Wed Sep 23 19:00:00 UTC 2026,1.87064,2153555.73158,null,null,null,null,null,null,null,null,null,null
Wed Sep 23 20:00:00 UTC 2026,1.87064,2180509.73158,null,null,null,null,null,null,null,null,null,null
Wed Sep 23 21:00:00 UTC 2026,1.87064,2246005.73158,null,null,null,null,null,null,null,null,null,null
Wed Sep 23 22:00:00 UTC 2026,1.87064,2146460.73158,null,null,null,null,null,null,null,null,null,null
Wed Sep 23 23:00:00 UTC 2026,1.87064,2089364.73158,null,null,null,null,null,null,null,null,null,null
Thu Sep 24 00:00:00 UTC 2026,1.87064,2082764.73158,null,null,null,null,null,null,null,null,null,null
Thu Sep 24 01:00:00 UTC 2026,1.87064,1974211.73158,null,null,null,null,null,null,null,null,null,null
Thu Sep 24 02:00:00 UTC 2026,1.87064,2079289.73158,null,null,null,null,null,null,null,null,null,null
Thu Sep 24 03:00:00 UTC 2026,1.87064,1944340.73158,null,null,null,null,null,null,null,null,null,null
Thu Sep 24 04:00:00 UTC 2026,1.87064,2044335.73158,null,null,null,null,null,null,null,null,null,null
Thu Sep 24 05:00:00 UTC 2026,1.87064,2088909.73158,null,null,null,null,null,null,null,null,null,null
Thu Sep 24 06:00:00 UTC 2026,1.87064,2137246.73158,null,null,null,null,null,null,null,null,null,null
Thu Sep 24 07:00:00 UTC 2026,1.87064,2115118.73158,null,null,null,null,null,null,null,null,null,null
Thu Sep 24 08:00:00 UTC 2026,1.87064,2142872.73158,null,null,null,null,null,null,null,null,null,null
Thu Sep 24 09:00:00 UTC 2026,1.87064,2068475.73158,null,null,null,null,null,null,null,null,null,null
Thu Sep 24 10:00:00 UTC 2026,1.87064,2093914.73158,null,null,null,null,null,null,null,null,null,null
Thu Sep 24 11:00:00 UTC 2026,1.87064,2104050.73158,null,null,null,null,null,null,null,null,null,null
Thu Sep 24 12:00:00 UTC 2026,1.87064,2046576.73158,null,null,null,null,null,null,null,null,null,null
Thu Sep 24 13:00:00 UTC 2026,1.87064,2016598.73158,null,null,null,null,null,null,null,null,null,null
Thu Sep 24 14:00:00 UTC 2026,1.87064,1887353.73158,null,null,null,null,null,null,null,null,null,null
Thu Sep 24 15:00:00 UTC 2026,1.87064,1751611.73158,null,null,null,null,null,null,null,null,null,null
Thu Sep 24 16:00:00 UTC 2026,1.87064,1801600.73158,null,null,null,null,null,null,null,null,null,null
Thu Sep 24 17:00:00 UTC 2026,1.87064,1832453.73158,null,null,null,null,null,null,null,null,null,null
Thu Sep 24 18:00:00 UTC 2026,1.87064,1783693.73158,null,null,null,null,null,null,null,null,null,null
Thu Sep 24 19:00:00 UTC 2026,1.87064,1805467.73158,null,null,null,null,null,null,null,null,null,null
Thu Sep 24 20:00:00 UTC 2026,1.87064,1751334.73158,null,null,null,null,null,null,null,null,null,null
Thu Sep 24 21:00:00 UTC 2026,1.87064,1485035.73158,null,null,null,null,null,null,null,null,null,null
Thu Sep 24 22:00:00 UTC 2026,1.87064,1471298.73158,null,null,null,null,null,null,null,null,null,null
Thu Sep 24 23:00:00 UTC 2026,1.87064,1470055.73158,null,null,null,null,null,null,null,null,null,null
Fri Sep 25 00:00:00 UTC 2026,1.87064,1470942.73158,null,null,null,null,null,null,null,null,null,null
Fri Sep 25 01:00:00 UTC 2026,1.87064,1743403.73158,null,null,null,null,null,null,null,null,null,null
Fri Sep 25 02:00:00 UTC 2026,1.87064,1569736.73158,null,null,null,null,null,null,null,null,null,null
Fri Sep 25 03:00:00 UTC 2026,1.87064,1515080.73158,null,null,null,null,null,null,null,null,null,null
Fri Sep 25 04:00:00 UTC 2026,1.87064,1357584.73158,null,null,null,null,null,null,null,null,null,null
Fri Sep 25 05:00:00 UTC 2026,1.87064,1388455.73158,null,null,null,null,null,null,null,null,null,null
Fri Sep 25 06:00:00 UTC 2026,1.87064,1507975.73158,null,null,null,null,null,null,null,null,null,null
Fri Sep 25 07:00:00 UTC 2026,1.87064,1477844.73158,null,null,null,null,null,null,null,null,null,null
Fri Sep 25 08:00:00 UTC 2026,1.87064,1535214.73158,null,null,null,null,null,null,null,null,null,null
Fri Sep 25 09:00:00 UTC 2026,1.87064,1580735.73158,null,null,null,null,null,null,null,null,null,null
Fri Sep 25 10:00:00 UTC 2026,1.87064,1527443.73158,null,null,null,null,null,null,null,null,null,null
Fri Sep 25 11:00:00 UTC 2026,1.87064,1517934.73158,null,null,null,null,null,null,null,null,null,null
Fri Sep 25 12:00:00 UTC 2026,1.87064,1565086.73158,null,null,null,null,null,null,null,null,null,null
Fri Sep 25 13:00:00 UTC 2026,1.87064,1441484.73158,null,null,null,null,null,null,null,null,null,null
Fri Sep 25 14:00:00 UTC 2026,1.87064,1406812.73158,null,null,null,null,null,null,null,null,null,null
Fri Sep 25 15:00:00 UTC 2026,1.87064,1469671.73158,null,null,null,null,null,null,null,null,null,null
Fri Sep 25 16:00:00 UTC 2026,1.87064,1556290.73158,null,null,null,null,null,null,null,null,null,null
Fri Sep 25 17:00:00 UTC 2026,1.87064,1625285.73158,null,null,null,null,null,null,null,null,null,null
Fri Sep 25 18:00:00 UTC 2026,1.87064,1773091.73158,null,null,null,null,null,null,null,null,null,null
Fri Sep 25 19:00:00 UTC 2026,1.87064,1854145.73158,null,null,null,null,null,null,null,null,null,null
Fri Sep 25 20:00:00 UTC 2026,1.87064,1904933.73158,null,null,null,null,null,null,null,null,null,null
Fri Sep 25 21:00:00 UTC 2026,1.87064,1904933.73158,null,null,null,null,null,null,null,null,null,null
Fri Sep 25 22:00:00 UTC 2026,1.87064,1904933.73158,null,null,null,null,null,null,null,null,null,null
Fri Sep 25 23:00:00 UTC 2026,1.87064,1904933.73158,null,null,null,null,null,null,null,null,null,null
Sat Sep 26 00:00:00 UTC 2026,1.87064,1904933.73158,null,null,null,null,null,null,null,null,null,null
Sat Sep 26 01:00:00 UTC 2026,1.87064,1904933.73158,null,null,null,null,null,null,null,null,null,null
Sat Sep 26 02:00:00 UTC 2026,1.87064,1904933.73158,null,null,null,null,null,null,null,null,null,null
Sat Sep 26 03:00:00 UTC 2026,1.87064,1904933.73158,null,null,null,null,null,null,null,null,null,null
Sat Sep 26 04:00:00 UTC 2026,1.87064,1904933.73158,null,null,null,null,null,null,null,null,null,null
Sat Sep 26 05:00:00 UTC 2026,1.87064,1904933.73158,null,null,null,null,null,null,null,null,null,null
Sat Sep 26 06:00:00 UTC 2026,1.87064,1904933.73158,null,null,null,null,null,null,null,null,null,null
Sat Sep 26 07:00:00 UTC 2026,1.87064,1904933.73158,null,null,null,null,null,null,null,null,null,null
Sat Sep 26 08:00:00 UTC 2026,1.87064,1904933.73158,null,null,null,null,null,null,null,null,null,null
Sat Sep 26 09:00:00 UTC 2026,1.87064,1904933.73158,null,null,null,null,null,null,null,null,null,null
Sat Sep 26 10:00:00 UTC 2026,1.87064,1904933.73158,null,null,null,null,null,null,null,null,null,null
Sat Sep 26 11:00:00 UTC 2026,1.87064,1904933.73158,null,null,null,null,null,null,null,null,null,null
Sat Sep 26 12:00:00 UTC 2026,1.87064,1904933.73158,null,null,null,null,null,null,null,null,null,null
Sat Sep 26 13:00:00 UTC 2026,1.87064,1904933.73158,null,null,null,null,null,null,null,null,null,null
Sat Sep 26 14:00:00 UTC 2026,1.87064,1904933.73158,null,null,null,null,null,null,null,null,null,null
Sat Sep 26 15:00:00 UTC 2026,1.87064,1904933.73158,null,null,null,null,null,null,null,null,null,null
Sat Sep 26 16:00:00 UTC 2026,1.87064,1904933.73158,null,null,null,null,null,null,null,null,null,null
Sat Sep 26 17:00:00 UTC 2026,1.87064,1904933.73158,null,null,null,null,null,null,null,null,null,null
Sat Sep 26 18:00:00 UTC 2026,1.87064,1904933.73158,null,null,null,null,null,null,null,null,null,null
Sat Sep 26 19:00:00 UTC 2026,1.87064,1904933.73158,null,null,null,null,null,null,null,null,null,null
Sat Sep 26 20:00:00 UTC 2026,1.87064,1904933.73158,null,null,null,null,null,null,null,null,null,null
Sat Sep 26 21:00:00 UTC 2026,1.87064,1904933.73158,null,null,null,null,null,null,null,null,null,null
Sat Sep 26 22:00:00 UTC 2026,1.87064,1904933.73158,null,null,null,null,null,null,null,null,null,null
Sat Sep 26 23:00:00 UTC 2026,1.87064,1904933.73158,null,null,null,null,null,null,null,null,null,null
Sun Sep 27 00:00:00 UTC 2026,1.87064,1904933.73158,null,null,null,null,null,null,null,null,null,null
Sun Sep 27 01:00:00 UTC 2026,1.87064,1904933.73158,null,null,null,null,null,null,null,null,null,null
Sun Sep 27 02:00:00 UTC 2026,1.87064,1904933.73158,null,null,null,null,null,null,null,null,null,null
Sun Sep 27 03:00:00 UTC 2026,1.87064,1904933.73158,null,null,null,null,null,null,null,null,null,null
Sun Sep 27 04:00:00 UTC 2026,1.87064,1904933.73158,null,null,null,null,null,null,null,null,null,null
Sun Sep 27 05:00:00 UTC 2026,1.87064,1904933.73158,null,null,null,null,null,null,null,null,null,null
Sun Sep 27 06:00:00 UTC 2026,1.87064,1904933.73158,null,null,null,null,null,null,null,null,null,null
Sun Sep 27 07:00:00 UTC 2026,1.87064,1904933.73158,null,null,null,null,null,null,null,null,null,null
Sun Sep 27 08:00:00 UTC 2026,1.87064,1904933.73158,null,null,null,null,null,null,null,null,null,null
Sun Sep 27 09:00:00 UTC 2026,1.87064,1904933.73158,null,null,null,null,null,null,null,null,null,null
Sun Sep 27 10:00:00 UTC 2026,1.87064,1904933.73158,null,null,null,null,null,null,null,null,null,null
Sun Sep 27 11:00:00 UTC 2026,1.87064,1904933.73158,null,null,null,null,null,null,null,null,null,null
Sun Sep 27 12:00:00 UTC 2026,1.87064,1904933.73158,null,null,null,null,null,null,null,null,null,null
Sun Sep 27 13:00:00 UTC 2026,1.87064,1904933.73158,null,null,null,null,null,null,null,null,null,null
Sun Sep 27 14:00:00 UTC 2026,1.87064,1904933.73158,null,null,null,null,null,null,null,null,null,null
Sun Sep 27 15:00:00 UTC 2026,1.87064,1904933.73158,null,null,null,null,null,null,null,null,null,null
Sun Sep 27 16:00:00 UTC 2026,1.87064,1904933.73158,null,null,null,null,null,null,null,null,null,null
Sun Sep 27 17:00:00 UTC 2026,1.87064,1904933.73158,null,null,null,null,null,null,null,null,null,null
Sun Sep 27 18:00:00 UTC 2026,1.87064,1904933.73158,null,null,null,null,null,null,null,null,null,null
Sun Sep 27 19:00:00 UTC 2026,1.87064,1904933.73158,null,null,null,null,null,null,null,null,null,null
Sun Sep 27 20:00:00 UTC 2026,1.87064,1904933.73158,null,null,null,null,null,null,null,null,null,null
Sun Sep 27 21:00:00 UTC 2026,1.87064,1837950.73158,null,null,null,null,null,null,null,null,null,null
Sun Sep 27 22:00:00 UTC 2026,1.87064,1885830.73158,null,null,null,null,null,null,null,null,null,null
Sun Sep 27 23:00:00 UTC 2026,1.87064,1965267.73158,null,null,null,null,null,null,null,null,null,null
Mon Sep 28 00:00:00 UTC 2026,1.87064,1960795.73158,null,null,null,null,null,null,null,null,null,null
Mon Sep 28 01:00:00 UTC 2026,1.87064,1828197.73158,null,null,null,null,null,null,null,null,null,null
Mon Sep 28 02:00:00 UTC 2026,1.87064,1801126.73158,null,null,null,null,null,null,null,null,null,null
Mon Sep 28 03:00:00 UTC 2026,1.87064,1835253.73158,null,null,null,null,null,null,null,null,null,null
Mon Sep 28 04:00:00 UTC 2026,1.87064,1813028.73158,null,null,null,null,null,null,null,null,null,null
Mon Sep 28 05:00:00 UTC 2026,1.87064,1787683.73158,null,null,null,null,null,null,null,null,null,null
Mon Sep 28 06:00:00 UTC 2026,1.87064,1699187.73158,null,null,null,null,null,null,null,null,null,null
Mon Sep 28 07:00:00 UTC 2026,1.87064,1734065.73158,null,null,null,null,null,null,null,null,null,null
Mon Sep 28 08:00:00 UTC 2026,1.87064,1649093.73158,null,null,null,null,null,null,null,null,null,null
Mon Sep 28 09:00:00 UTC 2026,1.87064,1731586.73158,null,null,null,null,null,null,null,null,null,null
Mon Sep 28 10:00:00 UTC 2026,1.87064,1671742.73158,null,null,null,null,null,null,null,null,null,null
Mon Sep 28 11:00:00 UTC 2026,1.87064,1593009.73158,null,null,null,null,null,null,null,null,null,null
Mon Sep 28 12:00:00 UTC 2026,1.87064,1480327.73158,null,null,null,null,null,null,null,null,null,null
Mon Sep 28 13:00:00 UTC 2026,1.87064,1508194.73158,null,null,null,null,null,null,null,null,null,null
Mon Sep 28 14:00:00 UTC 2026,1.87064,1475740.73158,null,null,null,null,null,null,null,null,null,null
Mon Sep 28 15:00:00 UTC 2026,1.87064,1446218.73158,null,null,null,null,null,null,null,null,null,null
Mon Sep 28 16:00:00 UTC 2026,1.87064,1526259.73158,null,null,null,null,null,null,null,null,null,null
Mon Sep 28 17:00:00 UTC 2026,1.87064,1552815.73158,null,null,null,null,null,null,null,null,null,null
Mon Sep 28 18:00:00 UTC 2026,1.87064,1622434.73158,null,null,null,null,null,null,null,null,null,null
Mon Sep 28 19:00:00 UTC 2026,1.87064,1601950.73158,null,null,null,null,null,null,null,null,null,null
Mon Sep 28 20:00:00 UTC 2026,1.87064,1639597.73158,null,null,null,null,null,null,null,null,null,null
Mon Sep 28 21:00:00 UTC 2026,1.87064,1594745.73158,null,null,null,null,null,null,null,null,null,null
Mon Sep 28 22:00:00 UTC 2026,1.87064,1589123.73158,null,null,null,null,null,null,null,null,null,null
Mon Sep 28 23:00:00 UTC 2026,1.87064,1401610.73158,null,null,null,null,null,null,null,null,null,null
Tue Sep 29 00:00:00 UTC 2026,1.87064,1498084.73158,null,null,null,null,null,null,null,null,null,null
Tue Sep 29 01:00:00 UTC 2026,1.87064,1073688.73158,null,null,null,null,null,null,null,null,null,null
Tue Sep 29 02:00:00 UTC 2026,1.87064,1120712.73158,null,null,null,null,null,null,null,null,null,null
Tue Sep 29 03:00:00 UTC 2026,1.87064,1047636.7315799999,null,null,null,null,null,null,null,null,null,null
Tue Sep 29 04:00:00 UTC 2026,1.87064,1061406.73158,null,null,null,null,null,null,null,null,null,null
Tue Sep 29 05:00:00 UTC 2026,1.87064,980441.7315799999,null,null,null,null,null,null,null,null,null,null
Tue Sep 29 06:00:00 UTC 2026,1.87064,969327.7315799999,null,null,null,null,null,null,null,null,null,null
Tue Sep 29 07:00:00 UTC 2026,1.87064,967844.7315799999,null,null,null,null,null,null,null,null,null,null
Tue Sep 29 08:00:00 UTC 2026,1.87064,2044192.73158,null,null,null,null,null,null,null,null,null,null
Tue Sep 29 09:00:00 UTC 2026,1.87064,2063495.73158,null,null,null,null,null,null,null,null,null,null
Tue Sep 29 10:00:00 UTC 2026,1.87064,2057784.73158,null,null,null,null,null,null,null,null,null,null
Tue Sep 29 11:00:00 UTC 2026,1.87064,2030395.73158,null,null,null,null,null,null,null,null,null,null
Tue Sep 29 12:00:00 UTC 2026,1.87064,2038346.73158,null,null,null,null,null,null,null,null,null,null
Tue Sep 29 13:00:00 UTC 2026,1.87064,2009499.73158,null,null,null,null,null,null,null,null,null,null
Tue Sep 29 14:00:00 UTC 2026,1.87064,2031155.73158,null,null,null,null,null,null,null,null,null,null
Tue Sep 29 15:00:00 UTC 2026,1.87064,2036433.73158,null,null,null,null,null,null,null,null,null,null
Tue Sep 29 16:00:00 UTC 2026,1.87064,2072798.73158,null,null,null,null,null,null,null,null,null,null
Tue Sep 29 17:00:00 UTC 2026,1.87064,2095675.73158,null,null,null,null,null,null,null,null,null,null
Tue Sep 29 18:00:00 UTC 2026,1.87064,2103862.73158,null,null,null,null,null,null,null,null,null,null
Tue Sep 29 19:00:00 UTC 2026,1.87064,2117174.73158,null,null,null,null,null,null,null,null,null,null
Tue Sep 29 20:00:00 UTC 2026,1.87064,2078138.73158,null,null,null,null,null,null,null,null,null,null
Tue Sep 29 21:00:00 UTC 2026,1.87064,2081621.73158,null,null,null,null,null,null,null,null,null,null
Tue Sep 29 22:00:00 UTC 2026,1.87064,2101853.73158,null,null,null,null,null,null,null,null,null,null
Tue Sep 29 23:00:00 UTC 2026,1.87064,2125165.73158,null,null,null,null,null,null,null,null,null,null
Wed Sep 30 00:00:00 UTC 2026,1.87064,2102613.73158,null,null,null,null,null,null,null,null,null,null
Wed Sep 30 01:00:00 UTC 2026,1.87064,2084866.73158,null,null,null,null,null,null,null,null,null,null
Wed Sep 30 02:00:00 UTC 2026,1.87064,2128786.73158,null,null,null,null,null,null,null,null,null,null
Wed Sep 30 03:00:00 UTC 2026,1.87064,2154043.73158,null,null,null,null,null,null,null,null,null,null
Wed Sep 30 04:00:00 UTC 2026,1.87064,2124446.73158,null,null,null,null,null,null,null,null,null,null
Wed Sep 30 05:00:00 UTC 2026,1.87064,2140827.73158,null,null,null,null,null,null,null,null,null,null
Wed Sep 30 06:00:00 UTC 2026,1.87064,2154486.73158,null,null,null,null,null,null,null,null,null,null
Wed Sep 30 07:00:00 UTC 2026,1.87064,2151912.73158,null,null,null,null,null,null,null,null,null,null
Wed Sep 30 08:00:00 UTC 2026,1.87064,2154013.73158,null,null,null,null,null,null,null,null,null,null
Wed Sep 30 09:00:00 UTC 2026,1.87064,2133307.73158,null,null,null,null,null,null,null,null,null,null
Wed Sep 30 10:00:00 UTC 2026,1.87064,2158720.73158,null,null,null,null,null,null,null,null,null,null
Wed Sep 30 11:00:00 UTC 2026,1.87064,2162711.73158,null,null,null,null,null,null,null,null,null,null
Wed Sep 30 12:00:00 UTC 2026,1.87064,2166989.73158,null,null,null,null,null,null,null,null,null,null
Wed Sep 30 13:00:00 UTC 2026,1.87064,2152661.73158,null,null,null,null,null,null,null,null,null,null
Wed Sep 30 14:00:00 UTC 2026,1.87064,2145703.73158,null,null,null,null,null,null,null,null,null,null
Wed Sep 30 15:00:00 UTC 2026,1.87064,2184124.73158,null,null,null,null,null,null,null,null,null,null
Wed Sep 30 16:00:00 UTC 2026,1.87064,2215901.73158,null,null,null,null,null,null,null,null,null,null
Wed Sep 30 17:00:00 UTC 2026,1.87064,2170907.73158,null,null,null,null,null,null,null,null,null,null
Wed Sep 30 18:00:00 UTC 2026,1.87064,2198083.73158,null,null,null,null,null,null,null,null,null,null
Wed Sep 30 19:00:00 UTC 2026,1.87064,2191461.73158,null,null,null,null,null,null,null,null,null,null
Wed Sep 30 20:00:00 UTC 2026,1.87064,2162377.73158,null,null,null,null,null,null,null,null,null,null
Wed Sep 30 21:00:00 UTC 2026,1.87064,2125988.73158,null,null,null,null,null,null,null,null,null,null
Wed Sep 30 22:00:00 UTC 2026,1.87064,2084859.73158,null,null,null,null,null,null,null,null,null,null
Wed Sep 30 23:00:00 UTC 2026,1.87064,2090495.73158,null,null,null,null,null,null,null,null,null,null
Thu Oct 01 00:00:00 UTC 2026,1.87064,2153599.73158,null,null,null,null,null,null,null,null,null,null
Thu Oct 01 01:00:00 UTC 2026,1.87064,2082240.73158,null,null,null,null,null,null,null,null,null,null
Thu Oct 01 02:00:00 UTC 2026,1.87064,2119742.73158,null,null,null,null,null,null,null,null,null,null
Thu Oct 01 03:00:00 UTC 2026,1.87064,2118820.73158,null,null,null,null,null,null,null,null,null,null
Thu Oct 01 04:00:00 UTC 2026,1.87064,2113746.73158,null,null,null,null,null,null,null,null,null,null
Thu Oct 01 05:00:00 UTC 2026,1.87064,2125790.73158,null,null,null,null,null,null,null,null,null,null
Thu Oct 01 06:00:00 UTC 2026,1.87064,2125419.73158,null,null,null,null,null,null,null,null,null,null
Thu Oct 01 07:00:00 UTC 2026,1.87064,2141251.73158,null,null,null,null,null,null,null,null,null,null
Thu Oct 01 08:00:00 UTC 2026,1.87064,2156241.73158,null,null,null,null,null,null,null,null,null,null
Thu Oct 01 09:00:00 UTC 2026,1.87064,2183548.73158,null,null,null,null,null,null,null,null,null,null
Thu Oct 01 10:00:00 UTC 2026,1.87064,2180369.73158,null,null,null,null,null,null,null,null,null,null
Thu Oct 01 11:00:00 UTC 2026,1.87064,2178264.73158,null,null,null,null,null,null,null,null,null,null
Thu Oct 01 12:00:00 UTC 2026,1.87064,2179453.73158,null,null,null,null,null,null,null,null,null,null
Thu Oct 01 13:00:00 UTC 2026,1.87064,2189302.73158,null,null,null,null,null,null,null,null,null,null
Thu Oct 01 14:00:00 UTC 2026,1.87064,2191085.73158,null,null,null,null,null,null,null,null,null,null
Thu Oct 01 15:00:00 UTC 2026,1.87064,2179176.73158,null,null,null,null,null,null,null,null,null,null
Thu Oct 01 16:00:00 UTC 2026,1.87064,2168184.73158,null,null,null,null,null,null,null,null,null,null
Thu Oct 01 17:00:00 UTC 2026,1.87064,2146612.73158,null,null,null,null,null,null,null,null,null,null
Thu Oct 01 18:00:00 UTC 2026,1.87064,2144716.73158,null,null,null,null,null,null,null,null,null,null
Thu Oct 01 19:00:00 UTC 2026,1.87064,2143852.73158,null,null,null,null,null,null,null,null,null,null
Thu Oct 01 20:00:00 UTC 2026,1.87064,2178787.73158,null,null,null,null,null,null,null,null,null,null
Thu Oct 01 21:00:00 UTC 2026,1.87064,2183844.73158,null,null,null,null,null,null,null,null,null,null
Thu Oct 01 22:00:00 UTC 2026,1.87064,2167506.73158,null,null,null,null,null,null,null,null,null,null
Thu Oct 01 23:00:00 UTC 2026,1.87064,2180050.73158,null,null,null,null,null,null,null,null,null,null
Fri Oct 02 00:00:00 UTC 2026,1.87064,2177141.73158,null,null,null,null,null,null,null,null,null,null
Fri Oct 02 01:00:00 UTC 2026,1.87064,2199111.73158,null,null,null,null,null,null,null,null,null,null
Fri Oct 02 02:00:00 UTC 2026,1.87064,2177317.73158,null,null,null,null,null,null,null,null,null,null
Fri Oct 02 03:00:00 UTC 2026,1.87064,2192668.73158,null,null,null,null,null,null,null,null,null,null
Fri Oct 02 04:00:00 UTC 2026,1.87064,2194642.73158,null,null,null,null,null,null,null,null,null,null
Fri Oct 02 05:00:00 UTC 2026,1.87064,2185721.73158,null,null,null,null,null,null,null,null,null,null
Fri Oct 02 06:00:00 UTC 2026,1.87064,2171596.73158,null,null,null,null,null,null,null,null,null,null
Fri Oct 02 07:00:00 UTC 2026,1.87064,2166568.73158,null,null,null,null,null,null,null,null,null,null
Fri Oct 02 08:00:00 UTC 2026,1.87064,2144158.73158,null,null,null,null,null,null,null,null,null,null
Fri Oct 02 09:00:00 UTC 2026,1.87064,2152534.73158,null,null,null,null,null,null,null,null,null,null
Fri Oct 02 10:00:00 UTC 2026,1.87064,2159444.73158,null,null,null,null,null,null,null,null,null,null
Fri Oct 02 11:00:00 UTC 2026,1.87064,2147664.73158,null,null,null,null,null,null,null,null,null,null
Fri Oct 02 12:00:00 UTC 2026,1.87064,2164249.73158,null,null,null,null,null,null,null,null,null,null
Fri Oct 02 13:00:00 UTC 2026,1.87064,2166558.73158,null,null,null,null,null,null,null,null,null,null
Fri Oct 02 14:00:00 UTC 2026,1.87064,2130904.73158,null,null,null,null,null,null,null,null,null,null
Fri Oct 02 15:00:00 UTC 2026,1.87064,2133825.73158,null,null,null,null,null,null,null,null,null,null
Fri Oct 02 16:00:00 UTC 2026,1.87064,2108424.73158,null,null,null,null,null,null,null,null,null,null
Fri Oct 02 17:00:00 UTC 2026,1.87064,2100211.73158,null,null,null,null,null,null,null,null,null,null
Fri Oct 02 18:00:00 UTC 2026,1.87064,2117152.73158,null,null,null,null,null,null,null,null,null,null
Fri Oct 02 19:00:00 UTC 2026,1.87064,2156771.73158,null,null,null,null,null,null,null,null,null,null
Fri Oct 02 20:00:00 UTC 2026,1.87064,2154956.73158,null,null,null,null,null,null,null,null,null,null
Fri Oct 02 21:00:00 UTC 2026,1.87064,2154956.73158,null,null,null,null,null,null,null,null,null,null
Fri Oct 02 22:00:00 UTC 2026,1.87064,2154956.73158,null,null,null,null,null,null,null,null,null,null
Fri Oct 02 23:00:00 UTC 2026,1.87064,2154956.73158,null,null,null,null,null,null,null,null,null,null
Sat Oct 03 00:00:00 UTC 2026,1.87064,2154956.73158,null,null,null,null,null,null,null,null,null,null
Sat Oct 03 01:00:00 UTC 2026,1.87064,2154956.73158,null,null,null,null,null,null,null,null,null,null
Sat Oct 03 02:00:00 UTC 2026,1.87064,2154956.73158,null,null,null,null,null,null,null,null,null,null
Sat Oct 03 03:00:00 UTC 2026,1.87064,2154956.73158,null,null,null,null,null,null,null,null,null,null
Sat Oct 03 04:00:00 UTC 2026,1.87064,2154956.73158,null,null,null,null,null,null,null,null,null,null
Sat Oct 03 05:00:00 UTC 2026,1.87064,2154956.73158,null,null,null,null,null,null,null,null,null,null
Sat Oct 03 06:00:00 UTC 2026,1.87064,2154956.73158,null,null,null,null,null,null,null,null,null,null
Sat Oct 03 07:00:00 UTC 2026,1.87064,2154956.73158,null,null,null,null,null,null,null,null,null,null
Sat Oct 03 08:00:00 UTC 2026,1.87064,2154956.73158,null,null,null,null,null,null,null,null,null,null
Sat Oct 03 09:00:00 UTC 2026,1.87064,2154956.73158,null,null,null,null,null,null,null,null,null,null
Sat Oct 03 10:00:00 UTC 2026,1.87064,2154956.73158,null,null,null,null,null,null,null,null,null,null
Sat Oct 03 11:00:00 UTC 2026,1.87064,2154956.73158,null,null,null,null,null,null,null,null,null,null
Sat Oct 03 12:00:00 UTC 2026,1.87064,2154956.73158,null,null,null,null,null,null,null,null,null,null
Sat Oct 03 13:00:00 UTC 2026,1.87064,2154956.73158,null,null,null,null,null,null,null,null,null,null
Sat Oct 03 14:00:00 UTC 2026,1.87064,2154956.73158,null,null,null,null,null,null,null,null,null,null
Sat Oct 03 15:00:00 UTC 2026,1.87064,2154956.73158,null,null,null,null,null,null,null,null,null,null
Sat Oct 03 16:00:00 UTC 2026,1.87064,2154956.73158,null,null,null,null,null,null,null,null,null,null
Sat Oct 03 17:00:00 UTC 2026,1.87064,2154956.73158,null,null,null,null,null,null,null,null,null,null
Sat Oct 03 18:00:00 UTC 2026,1.87064,2154956.73158,null,null,null,null,null,null,null,null,null,null
Sat Oct 03 19:00:00 UTC 2026,1.87064,2154956.73158,null,null,null,null,null,null,null,null,null,null
Sat Oct 03 20:00:00 UTC 2026,1.87064,2154956.73158,null,null,null,null,null,null,null,null,null,null
Sat Oct 03 21:00:00 UTC 2026,1.87064,2154956.73158,null,null,null,null,null,null,null,null,null,null
Sat Oct 03 22:00:00 UTC 2026,1.87064,2154956.73158,null,null,null,null,null,null,null,null,null,null
Sat Oct 03 23:00:00 UTC 2026,1.87064,2154956.73158,null,null,null,null,null,null,null,null,null,null
Sun Oct 04 00:00:00 UTC 2026,1.87064,2154956.73158,null,null,null,null,null,null,null,null,null,null
Sun Oct 04 01:00:00 UTC 2026,1.87064,2154956.73158,null,null,null,null,null,null,null,null,null,null
Sun Oct 04 02:00:00 UTC 2026,1.87064,2154956.73158,null,null,null,null,null,null,null,null,null,null
Sun Oct 04 03:00:00 UTC 2026,1.87064,2154956.73158,null,null,null,null,null,null,null,null,null,null
Sun Oct 04 04:00:00 UTC 2026,1.87064,2154956.73158,null,null,null,null,null,null,null,null,null,null
Sun Oct 04 05:00:00 UTC 2026,1.87064,2154956.73158,null,null,null,null,null,null,null,null,null,null
Sun Oct 04 06:00:00 UTC 2026,1.87064,2154956.73158,null,null,null,null,null,null,null,null,null,null
Sun Oct 04 07:00:00 UTC 2026,1.87064,2154956.73158,null,null,null,null,null,null,null,null,null,null
Sun Oct 04 08:00:00 UTC 2026,1.87064,2154956.73158,null,null,null,null,null,null,null,null,null,null
Sun Oct 04 09:00:00 UTC 2026,1.87064,2154956.73158,null,null,null,null,null,null,null,null,null,null
Sun Oct 04 10:00:00 UTC 2026,1.87064,2154956.73158,null,null,null,null,null,null,null,null,null,null
Sun Oct 04 11:00:00 UTC 2026,1.87064,2154956.73158,null,null,null,null,null,null,null,null,null,null
Sun Oct 04 12:00:00 UTC 2026,1.87064,2154956.73158,null,null,null,null,null,null,null,null,null,null
Sun Oct 04 13:00:00 UTC 2026,1.87064,2154956.73158,null,null,null,null,null,null,null,null,null,null
Sun Oct 04 14:00:00 UTC 2026,1.87064,2154956.73158,null,null,null,null,null,null,null,null,null,null
Sun Oct 04 15:00:00 UTC 2026,1.87064,2154956.73158,null,null,null,null,null,null,null,null,null,null
Sun Oct 04 16:00:00 UTC 2026,1.87064,2154956.73158,null,null,null,null,null,null,null,null,null,null
Sun Oct 04 17:00:00 UTC 2026,1.87064,2154956.73158,null,null,null,null,null,null,null,null,null,null
Sun Oct 04 18:00:00 UTC 2026,1.87064,2154956.73158,null,null,null,null,null,null,null,null,null,null
Sun Oct 04 19:00:00 UTC 2026,1.87064,2154956.73158,null,null,null,null,null,null,null,null,null,null
Sun Oct 04 20:00:00 UTC 2026,1.87064,2154956.73158,null,null,null,null,null,null,null,null,null,null
Sun Oct 04 21:00:00 UTC 2026,1.87064,2195406.73158,null,null,null,null,null,null,null,null,null,null
Sun Oct 04 22:00:00 UTC 2026,1.87064,2179045.73158,null,null,null,null,null,null,null,null,null,null
Sun Oct 04 23:00:00 UTC 2026,1.87064,2144096.73158,null,null,null,null,null,null,null,null,null,null
Mon Oct 05 00:00:00 UTC 2026,1.87064,2169939.73158,null,null,null,null,null,null,null,null,null,null
Mon Oct 05 01:00:00 UTC 2026,1.87064,2180899.73158,null,null,null,null,null,null,null,null,null,null
Mon Oct 05 02:00:00 UTC 2026,1.87064,2217964.73158,null,null,null,null,null,null,null,null,null,null
Mon Oct 05 03:00:00 UTC 2026,1.87064,2251802.73158,null,null,null,null,null,null,null,null,null,null
Mon Oct 05 04:00:00 UTC 2026,1.87064,2220171.73158,null,null,null,null,null,null,null,null,null,null
Mon Oct 05 05:00:00 UTC 2026,1.87064,2209899.73158,null,null,null,null,null,null,null,null,null,null
Mon Oct 05 06:00:00 UTC 2026,1.87064,2188525.73158,null,null,null,null,null,null,null,null,null,null
Mon Oct 05 07:00:00 UTC 2026,1.87064,2182514.73158,null,null,null,null,null,null,null,null,null,null
Mon Oct 05 08:00:00 UTC 2026,1.87064,2171682.73158,null,null,null,null,null,null,null,null,null,null
Mon Oct 05 09:00:00 UTC 2026,1.87064,2202582.73158,null,null,null,null,null,null,null,null,null,null
Mon Oct 05 10:00:00 UTC 2026,1.87064,2193179.73158,null,null,null,null,null,null,null,null,null,null
Mon Oct 05 11:00:00 UTC 2026,1.87064,2163140.73158,null,null,null,null,null,null,null,null,null,null
Mon Oct 05 12:00:00 UTC 2026,1.87064,2143335.73158,null,null,null,null,null,null,null,null,null,null
Mon Oct 05 13:00:00 UTC 2026,1.87064,2142435.73158,null,null,null,null,null,null,null,null,null,null
Mon Oct 05 14:00:00 UTC 2026,1.87064,2151096.73158,null,null,null,null,null,null,null,null,null,null
Mon Oct 05 15:00:00 UTC 2026,1.87064,2150952.73158,null,null,null,null,null,null,null,null,null,null
Mon Oct 05 16:00:00 UTC 2026,1.87064,2116032.73158,null,null,null,null,null,null,null,null,null,null
Mon Oct 05 17:00:00 UTC 2026,1.87064,2084400.73158,null,null,null,null,null,null,null,null,null,null
Mon Oct 05 18:00:00 UTC 2026,1.87064,2036399.73158,null,null,null,null,null,null,null,null,null,null
Mon Oct 05 19:00:00 UTC 2026,1.87064,2022323.73158,null,null,null,null,null,null,null,null,null,null
Mon Oct 05 20:00:00 UTC 2026,1.87064,2012475.73158,null,null,null,null,null,null,null,null,null,null
Mon Oct 05 21:00:00 UTC 2026,1.87064,2011273.73158,null,null,null,null,null,null,null,null,null,null
Mon Oct 05 22:00:00 UTC 2026,1.87064,2005673.73158,null,null,null,null,null,null,null,null,null,null
Mon Oct 05 23:00:00 UTC 2026,1.87064,1978775.73158,null,null,null,null,null,null,null,null,null,null
Tue Oct 06 00:00:00 UTC 2026,1.87064,2025841.73158,null,null,null,null,null,null,null,null,null,null
Tue Oct 06 01:00:00 UTC 2026,1.87064,2008441.73158,null,null,null,null,null,null,null,null,null,null
Tue Oct 06 02:00:00 UTC 2026,1.87064,1994821.73158,null,null,null,null,null,null,null,null,null,null
Tue Oct 06 03:00:00 UTC 2026,1.87064,2012386.73158,null,null,null,null,null,null,null,null,null,null
Tue Oct 06 04:00:00 UTC 2026,1.87064,2002306.73158,null,null,null,null,null,null,null,null,null,null
Tue Oct 06 05:00:00 UTC 2026,1.87064,2009061.73158,null,null,null,null,null,null,null,null,null,null
Tue Oct 06 06:00:00 UTC 2026,1.87064,1998989.73158,null,null,null,null,null,null,null,null,null,null
Tue Oct 06 07:00:00 UTC 2026,1.87064,2008773.73158,null,null,null,null,null,null,null,null,null,null
Tue Oct 06 08:00:00 UTC 2026,1.87064,2008773.73158,null,null,null,null,null,null,null,null,null,null
