date,P_Kweek_-56_Kday_-67_ETE_58_ORD_55_EXT_68_E2Ekor_71_EXTkor_59_DIFF_23284,a,b,c,d,e,f,g,h,i,j
Tue Oct 06 00:00:00 UTC 2026,-564955.9078421667,1.796730000525713,-3402452.5222884063,null,-3402252.5222884053,null,null,null,null,null
Tue Oct 06 01:00:00 UTC 2026,-1985933.0403155768,290514.7967300005,-3319888.7922270577,null,-3319688.7922270577,null,291114.7967300005,null,291314.7967300005,291414.7967300005
Tue Oct 06 02:00:00 UTC 2026,-2717115.448287623,204969.79673000053,-3237325.0621657064,null,-3237125.0621657073,null,78207.20213540597,null,78407.20213540594,78507.20213540591
Tue Oct 06 03:00:00 UTC 2026,-3889766.479940617,-358413.2032699995,-3154761.332104358,null,-3154561.332104357,null,-134700.3924591887,null,-134500.39245918865,-134400.3924591887
Tue Oct 06 04:00:00 UTC 2026,-2910257.971148153,-503990.2032699995,-3072197.6020430075,null,-3071997.6020430084,null,-347607.98705378326,null,-347407.98705378326,-347307.9870537833
Tue Oct 06 05:00:00 UTC 2026,-3848378.7964705466,-2073133.2032699995,-2989633.871981658,null,-2989433.871981658,null,-560515.5816483779,null,-560315.5816483778,-560215.5816483779
Tue Oct 06 06:00:00 UTC 2026,-4234663.8421912985,-1238642.2032699995,-2907070.1419203095,null,-2906870.1419203077,null,-773423.1762429725,null,-773223.1762429725,-773123.1762429725
Tue Oct 06 07:00:00 UTC 2026,-3696623.9570800876,-1074840.2032699995,-2824506.4118589573,null,-2824306.4118589573,null,-986330.770837567,null,-986130.770837567,-986030.7708375672
Tue Oct 06 08:00:00 UTC 2026,-4482989.943012022,-3688561.2032699995,-2741942.6817976106,null,-2741742.6817976106,null,-1199238.3654321616,null,-1199038.3654321616,-1198938.3654321618
Tue Oct 06 09:00:00 UTC 2026,-4110500.7917810897,-808630.2032699995,-2659378.9517362583,null,-2659178.9517362583,null,-1412145.9600267564,null,-1411945.9600267562,-1411845.9600267564
Tue Oct 06 10:00:00 UTC 2026,-3351726.5948290993,-1814152.2032699995,-2576815.2216749117,null,-2576615.22167491,null,-1625053.554621351,null,-1624853.554621351,-1624753.554621351
Tue Oct 06 11:00:00 UTC 2026,-3282747.122379085,-2821274.2032699995,-2494251.4916135594,null,-2494051.4916135576,null,-1837961.1492159455,null,-1837761.1492159455,-1837661.1492159455
Tue Oct 06 12:00:00 UTC 2026,-3310338.91135903,-2057743.2032699995,-2411687.761552211,null,-2411487.761552211,null,-2050868.7438105403,null,-2050668.7438105403,-2050568.7438105398
Tue Oct 06 13:00:00 UTC 2026,-3006829.2325784173,-3408205.2032699995,-2329124.0314908605,null,-2328924.0314908624,null,-2263776.3384051346,null,-2263576.3384051346,-2263476.338405135
Tue Oct 06 14:00:00 UTC 2026,-4758907.832812691,-3220354.2032699995,-2246560.30142951,null,-2246360.30142951,null,-2476683.9329997296,null,-2476483.9329997296,-2476383.9329997296
Tue Oct 06 15:00:00 UTC 2026,-4455398.154032079,-3866476.2032699995,-2163996.5713681616,null,-2163796.5713681616,null,-2689591.5275943237,null,-2689391.5275943237,-2689291.527594324
Tue Oct 06 16:00:00 UTC 2026,-4620948.887912357,-4127453.2032699995,-2081432.841306813,null,-2081232.841306813,null,-2902499.1221889188,null,-2902299.1221889188,-2902199.1221889188
Tue Oct 06 17:00:00 UTC 2026,-5048621.617103484,-3239611.2032699995,-1998869.1112454627,null,-1998669.1112454627,null,-3115406.7167835133,null,-3115206.716783513,-3115106.7167835133
Tue Oct 06 18:00:00 UTC 2026,-3613848.5901399483,-2094315.2032699995,-1916305.3811841123,null,-1916105.3811841123,null,-3328314.311378108,null,-3328114.311378108,-3328014.3113781074
Tue Oct 06 19:00:00 UTC 2026,-3089604.599518556,-2062278.2032699995,-1833741.651122762,null,-1833541.6511227638,null,-3541221.9059727024,null,-3541021.9059727024,-3540921.9059727024
Tue Oct 06 20:00:00 UTC 2026,-1765198.728475104,-3093722.2032699995,-1751177.9210614134,null,-1750977.9210614134,null,-3754129.5005672965,null,-3753929.5005672965,-3753829.5005672965
Tue Oct 06 21:00:00 UTC 2026,511123.8623805614,-3338199.2032699995,-1668614.191000063,null,-1668414.191000063,null,-3967037.0951618915,null,-3966837.0951618915,-3966737.0951618915
Tue Oct 06 22:00:00 UTC 2026,1338877.5317825675,-3254110.2032699995,-1586050.4609387144,null,-1585850.4609387126,null,-4179944.6897564856,null,-4179744.6897564856,-4179644.6897564856
Tue Oct 06 23:00:00 UTC 2026,2387365.513025351,-3408111.2032699995,-1503486.7308773622,null,-1503286.7308773622,null,-4392852.284351082,null,-4392652.284351082,-4392552.284351081
Wed Oct 07 00:00:00 UTC 2026,2028672.2562845442,-5068157.2032699995,-1420923.0008160137,null,-1420723.0008160137,null,-4605759.878945675,null,-4605559.878945675,-4605459.878945675
Wed Oct 07 01:00:00 UTC 2026,1835529.7334240153,-5219570.2032699995,-1338359.2707546633,null,-1338159.2707546633,null,-4818667.47354027,null,-4818467.47354027,-4818367.473540271
Wed Oct 07 02:00:00 UTC 2026,4180831.7967300005,-5934559.2032699995,-1255795.5406933147,null,-1255595.5406933147,null,-5031575.068134864,null,-5031375.068134864,-5031275.068134864
Wed Oct 07 03:00:00 UTC 2026,2359773.724045407,-4222786.2032699995,-1173231.8106319625,null,-1173031.8106319644,null,-5244482.66272946,null,-5244282.66272946,-5244182.66272946
Wed Oct 07 04:00:00 UTC 2026,1683774.894033555,-5293232.2032699995,-1090668.0805706158,null,-1090468.080570614,null,-5457390.257324053,null,-5457190.257324053,-5457090.257324053
Wed Oct 07 05:00:00 UTC 2026,1794142.049953945,-5353745.2032699995,-1008104.3505092673,null,-1007904.3505092673,null,-5670297.851918648,null,-5670097.851918648,-5669997.851918649
Wed Oct 07 06:00:00 UTC 2026,1242306.2703526095,-4597691.2032699995,-925540.620447915,null,-925340.620447915,null,-5883205.446513243,null,-5883005.446513243,-5882905.446513242
Wed Oct 07 07:00:00 UTC 2026,2276998.357104961,-5608685.2032699995,-842976.8903865665,null,-842776.8903865665,null,-6096113.041107838,null,-6095913.041107838,-6095813.041107838
Wed Oct 07 08:00:00 UTC 2026,1656183.105053611,-4513938.2032699995,-760413.1603252161,null,-760213.1603252161,null,-6309020.635702431,null,-6308820.635702431,-6308720.635702432
Wed Oct 07 09:00:00 UTC 2026,2097651.7287345584,-3852251.2032699995,-677849.4302638676,null,-677649.4302638676,null,-6521928.230297027,null,-6521728.230297026,-6521628.230297027
Wed Oct 07 10:00:00 UTC 2026,2608099.8248658236,-4835524.2032699995,-595285.7002025172,null,-595085.7002025172,null,-6734835.824891621,null,-6734635.824891621,-6734535.824891621
Wed Oct 07 11:00:00 UTC 2026,1200918.5868822318,-6400855.2032699995,-512721.9701411687,null,-512521.9701411687,null,-6947743.419486216,null,-6947543.419486216,-6947443.419486216
Wed Oct 07 12:00:00 UTC 2026,1214714.4813723583,-6916419.2032699995,-430158.24007981643,null,-429958.24007981643,null,-7160651.014080809,null,-7160451.014080809,-7160351.01408081
Wed Oct 07 13:00:00 UTC 2026,675.7662492953241,-6006801.2032699995,-347594.5100184679,null,-347394.5100184679,null,-7373558.608675405,null,-7373358.608675405,-7373258.608675405
Wed Oct 07 14:00:00 UTC 2026,1532020.0546430964,-7587066.2032699995,-265030.7799571175,null,-264830.7799571194,null,-7586466.2032699995,null,-7586266.2032699995,-7586166.2032699995
Wed Oct 07 15:00:00 UTC 2026,1090551.430962149,-5821843.2032699995,-182467.04989576899,null,-182267.04989576712,null,null,null,null,null
Wed Oct 07 16:00:00 UTC 2026,1807937.9444437642,-2891236.2032699995,-99903.3198344186,null,-99703.3198344186,null,null,null,null,null
Wed Oct 07 17:00:00 UTC 2026,1918305.1003641542,-2411643.2032699995,-17339.589773070067,null,-17139.589773068205,null,null,null,null,null
Wed Oct 07 18:00:00 UTC 2026,2014876.3617944177,-1180431.2032699995,65224.14028828032,null,65424.14028828032,null,null,null,null,null
Wed Oct 07 19:00:00 UTC 2026,538715.6513608126,-343665.2032699995,147787.8703496307,null,147987.8703496307,null,null,null,null,null
Wed Oct 07 20:00:00 UTC 2026,-937445.0590730999,-1419008.2032699995,230351.6004109811,null,230551.6004109811,null,null,null,null,null
Wed Oct 07 21:00:00 UTC 2026,-799486.114172765,80671.79673000053,312915.33047232777,null,313115.33047232963,null,null,null,null,null
Wed Oct 07 22:00:00 UTC 2026,28267.555229239166,-697301.2032699995,395479.06053368,null,395679.06053368,null,null,null,null,null
Wed Oct 07 23:00:00 UTC 2026,856021.2246315498,-738638.2032699995,478042.79059502855,null,478242.79059502855,null,null,null,null,null
Thu Oct 08 00:00:00 UTC 2026,193818.28910982423,266987.7967300005,560606.5206563808,null,560806.5206563789,null,null,null,null,null
Thu Oct 08 01:00:00 UTC 2026,262797.7615598384,415216.7967300005,643170.2507177275,null,643370.2507177275,null,null,null,null,null
Thu Oct 08 02:00:00 UTC 2026,-1641035.6780648958,221248.79673000053,725733.9807790797,null,725933.9807790779,null,null,null,null,null
Thu Oct 08 03:00:00 UTC 2026,-2123891.9852159116,1483467.7967300005,808297.7108404282,null,808497.7108404264,null,null,null,null,null
Thu Oct 08 04:00:00 UTC 2026,-2330830.402566566,2222158.7967300005,890861.4409017786,null,891061.4409017786,null,null,null,null,null
Thu Oct 08 05:00:00 UTC 2026,-3089604.599518556,4119792.7967300005,973425.1709631272,null,973625.1709631272,null,null,null,null,null
Thu Oct 08 06:00:00 UTC 2026,-2675727.7648175536,3996243.7967300005,1055988.9010244757,null,1056188.9010244757,null,null,null,null,null
Thu Oct 08 07:00:00 UTC 2026,-2951645.6546182223,4065041.7967300005,1138552.631085828,null,1138752.631085828,null,null,null,null,null
Thu Oct 08 08:00:00 UTC 2026,-2344626.297056691,3241396.7967300005,1221116.3611471746,null,1221316.3611471765,null,null,null,null,null
Thu Oct 08 09:00:00 UTC 2026,-1999728.9348057024,4180831.7967300005,1303680.0912085269,null,1303880.0912085269,null,4181431.7967300005,null,4181631.7967300005,4181731.7967300005
Thu Oct 08 10:00:00 UTC 2026,-1572056.2056145752,2516104.7967300005,1386243.8212698735,null,1386443.8212698754,null,3755566.5467300005,null,3755766.5467300005,3755866.5467300005
Thu Oct 08 11:00:00 UTC 2026,-2179075.5631761067,-85055.20326999947,1468807.5513312258,null,1469007.5513312258,null,3329701.2967300005,null,3329901.2967300005,3330001.2967300005
Thu Oct 08 12:00:00 UTC 2026,-1516872.6276543802,151861.79673000053,1551371.2813925743,null,1551571.2813925743,null,2903836.0467300005,null,2904036.0467300005,2904136.0467300005
Thu Oct 08 13:00:00 UTC 2026,-2772299.026247818,251489.79673000053,1633935.0114539266,null,1634135.0114539266,null,2477970.7967300005,null,2478170.7967300005,2478270.7967300005
Thu Oct 08 14:00:00 UTC 2026,-2358422.19154651,3220049.7967300005,1716498.741515275,null,1716698.741515275,null,2052105.5467300008,null,2052305.5467300008,2052405.5467300008
Thu Oct 08 15:00:00 UTC 2026,-495976.4353918461,432075.7967300005,1799062.4715766236,null,1799262.4715766255,null,1626240.2967300005,null,1626440.2967300005,1626540.2967300005
Thu Oct 08 16:00:00 UTC 2026,-495976.4353918461,-279509.2032699995,1881626.201637974,null,1881826.201637974,null,1200375.0467300003,null,1200575.0467300003,1200675.0467300003
Thu Oct 08 17:00:00 UTC 2026,952592.4860618152,279407.7967300005,1964189.9316993244,null,1964389.9316993225,null,774509.7967300005,null,774709.7967300005,774809.7967300005
Thu Oct 08 18:00:00 UTC 2026,-1434097.2607142404,677551.7967300005,2046753.6617606748,null,2046953.661760673,null,348644.5467300005,null,348844.5467300005,348944.5467300005
Thu Oct 08 19:00:00 UTC 2026,-978832.7425431693,-974758.2032699995,2129317.3918220233,null,2129517.3918220233,null,-77220.70326999947,null,-77020.70326999947,-76920.70326999947
Thu Oct 08 20:00:00 UTC 2026,-3048216.9160484867,-1152565.2032699995,2211881.1218833737,null,2212081.1218833737,null,-503085.9532699995,null,-502885.9532699995,-502785.9532699995
Thu Oct 08 21:00:00 UTC 2026,-3324134.8058491554,-1650944.2032699995,2294444.8519447222,null,2294644.8519447222,null,-928951.2032699995,null,-928751.2032699995,-928651.2032699995
Thu Oct 08 22:00:00 UTC 2026,1476836.4766832069,-1746291.2032699995,2377008.5820060726,null,2377208.5820060726,null,-1354816.4532699997,null,-1354616.4532699997,-1354516.4532699997
Thu Oct 08 23:00:00 UTC 2026,3242710.9714076053,-449000.2032699995,2459572.312067423,null,2459772.312067423,null,-1780681.7032699995,null,-1780481.7032699995,-1780381.7032699995
Fri Oct 09 00:00:00 UTC 2026,2428753.1964954194,-2463543.2032699995,2542136.0421287715,null,2542336.0421287697,null,-2206546.9532699995,null,-2206346.9532699995,-2206246.9532699995
Fri Oct 09 01:00:00 UTC 2026,1076755.5364720244,-2633012.2032699995,2624699.772190124,null,2624899.772190122,null,-2632412.2032699995,null,-2632212.2032699995,-2632112.2032699995
Fri Oct 09 02:00:00 UTC 2026,262797.7615598384,-1380768.2032699995,2707263.5022514705,null,2707463.5022514705,null,null,null,null,null
Fri Oct 09 03:00:00 UTC 2026,2249406.568125017,-1080778.2032699995,2789827.232312821,null,2790027.232312821,null,null,null,null,null
Fri Oct 09 04:00:00 UTC 2026,1049163.7474920787,-2305753.2032699995,2872390.9623741694,null,2872590.9623741694,null,null,null,null,null
Fri Oct 09 05:00:00 UTC 2026,2083855.8342447374,-1110486.2032699995,2954954.6924355216,null,2955154.6924355216,null,null,null,null,null
Fri Oct 09 06:00:00 UTC 2026,2552916.246905936,-412962.2032699995,3037518.42249687,null,3037718.42249687,null,null,null,null,null
Fri Oct 09 07:00:00 UTC 2026,2139039.412204627,523946.7967300005,3120082.1525582187,null,3120282.1525582187,null,null,null,null,null
Fri Oct 09 08:00:00 UTC 2026,2014876.3617944177,842019.7967300005,3202645.882619569,null,3202845.882619571,null,null,null,null,null
Fri Oct 09 09:00:00 UTC 2026,2221814.779145073,1713794.7967300005,3285209.6126809195,null,3285409.6126809195,null,null,null,null,null
Fri Oct 09 10:00:00 UTC 2026,1973488.6783243492,2573627.7967300005,3367773.34274227,null,3367973.34274227,null,null,null,null,null
Fri Oct 09 11:00:00 UTC 2026,2056264.045264488,3691621.7967300005,3450337.0728036165,null,3450537.0728036184,null,null,null,null,null
Fri Oct 09 12:00:00 UTC 2026,952592.4860618152,1754622.7967300005,3532900.802864969,null,3533100.802864969,null,null,null,null,null
Fri Oct 09 13:00:00 UTC 2026,-1020220.4260132378,1856671.7967300005,3615464.5329263182,null,3615664.5329263164,null,null,null,null,null
Fri Oct 09 14:00:00 UTC 2026,-2041116.6182757718,2630610.7967300005,3698028.2629876686,null,3698228.2629876686,null,null,null,null,null
Fri Oct 09 15:00:00 UTC 2026,-2123891.9852159116,1371171.7967300005,3780591.993049017,null,3780791.993049017,null,null,null,null,null
Fri Oct 09 16:00:00 UTC 2026,-2579156.50338729,1798269.7967300005,3863155.7231103657,null,3863355.7231103666,null,null,null,null,null
Fri Oct 09 17:00:00 UTC 2026,-4731316.043832747,2304232.7967300005,3945719.453171718,null,3945919.453171717,null,null,null,null,null
Fri Oct 09 18:00:00 UTC 2026,-5103805.1950636795,3277547.7967300005,4028283.1832330655,null,4028483.1832330655,null,null,null,null,null
Fri Oct 09 19:00:00 UTC 2026,-3186175.8609488206,3428881.7967300005,4110846.913294417,null,4111046.913294417,null,null,null,null,null
Fri Oct 09 20:00:00 UTC 2026,-3158584.0719685704,3717199.7967300005,4193410.6433557654,null,4193610.6433557644,null,null,null,null,null
Fri Oct 09 21:00:00 UTC 2026,-3379318.3838093495,3717199.7967300005,4275974.373417116,null,4276174.373417117,null,null,null,null,null
Fri Oct 09 22:00:00 UTC 2026,-5158988.773023874,3717199.7967300005,4358538.103478464,null,4358738.103478465,null,null,null,null,null
Fri Oct 09 23:00:00 UTC 2026,-7587066.2032699995,3717199.7967300005,4441101.833539813,null,4441301.833539814,null,null,null,null,null
Sat Oct 10 00:00:00 UTC 2026,1.89407,3717199.7967300005,null,4523665.563601165,null,4523865.563601165,null,null,null,null,null,null
Sat Oct 10 01:00:00 UTC 2026,1.89407,3717199.7967300005,null,4606229.293662514,null,4606429.293662514,null,null,null,null,null,null
Sat Oct 10 02:00:00 UTC 2026,1.89407,3717199.7967300005,null,4688793.023723864,null,4688993.023723866,null,null,null,null,null,null
Sat Oct 10 03:00:00 UTC 2026,1.89407,3717199.7967300005,null,4771356.753785213,null,4771556.7537852125,null,null,null,null,null,null
Sat Oct 10 04:00:00 UTC 2026,1.89407,3717199.7967300005,null,4853920.483846564,null,4854120.483846563,null,null,null,null,null,null
Sat Oct 10 05:00:00 UTC 2026,1.89407,3717199.7967300005,null,4936484.213907912,null,4936684.213907913,null,null,null,null,null,null
Sat Oct 10 06:00:00 UTC 2026,1.89407,3717199.7967300005,null,5019047.943969265,null,5019247.943969264,null,null,null,null,null,null
Sat Oct 10 07:00:00 UTC 2026,1.89407,3717199.7967300005,null,5101611.674030613,null,5101811.674030611,null,null,null,null,null,null
Sat Oct 10 08:00:00 UTC 2026,1.89407,3717199.7967300005,null,5184175.404091962,null,5184375.404091962,null,null,null,null,null,null
Sat Oct 10 09:00:00 UTC 2026,1.89407,3717199.7967300005,null,5266739.134153312,null,5266939.134153312,null,null,null,null,null,null
Sat Oct 10 10:00:00 UTC 2026,1.89407,3717199.7967300005,null,5349302.864214661,null,5349502.864214661,null,null,null,null,null,null
Sat Oct 10 11:00:00 UTC 2026,1.89407,3717199.7967300005,null,5431866.594276012,null,5432066.594276011,null,null,null,null,null,null
Sat Oct 10 12:00:00 UTC 2026,1.89407,3717199.7967300005,null,5514430.32433736,null,5514630.3243373595,null,null,null,null,null,null
Sat Oct 10 13:00:00 UTC 2026,1.89407,3717199.7967300005,null,5596994.054398711,null,5597194.054398712,null,null,null,null,null,null
Sat Oct 10 14:00:00 UTC 2026,1.89407,3717199.7967300005,null,5679557.784460061,null,5679757.78446006,null,null,null,null,null,null
Sat Oct 10 15:00:00 UTC 2026,1.89407,3717199.7967300005,null,5762121.514521412,null,5762321.514521412,null,null,null,null,null,null
Sat Oct 10 16:00:00 UTC 2026,1.89407,3717199.7967300005,null,5844685.24458276,null,5844885.24458276,null,null,null,null,null,null
Sat Oct 10 17:00:00 UTC 2026,1.89407,3717199.7967300005,null,5927248.974644108,null,5927448.974644109,null,null,null,null,null,null
Sat Oct 10 18:00:00 UTC 2026,1.89407,3717199.7967300005,null,6009812.70470546,null,6010012.704705461,null,null,null,null,null,null
Sat Oct 10 19:00:00 UTC 2026,1.89407,3717199.7967300005,null,6092376.4347668085,null,6092576.4347668085,null,null,null,null,null,null
Sat Oct 10 20:00:00 UTC 2026,1.89407,3717199.7967300005,null,6174940.164828158,null,6175140.16482816,null,null,null,null,null,null
Sat Oct 10 21:00:00 UTC 2026,1.89407,3717199.7967300005,null,6257503.8948895065,null,6257703.894889508,null,null,null,null,null,null
Sat Oct 10 22:00:00 UTC 2026,1.89407,3717199.7967300005,null,6340067.624950859,null,6340267.624950858,null,null,null,null,null,null
Sat Oct 10 23:00:00 UTC 2026,1.89407,3717199.7967300005,null,6422631.355012207,null,6422831.355012208,null,null,null,null,null,null
Sun Oct 11 00:00:00 UTC 2026,1.89407,3717199.7967300005,null,6505195.085073556,null,6505395.085073557,null,null,null,null,null,null
Sun Oct 11 01:00:00 UTC 2026,1.89407,3717199.7967300005,null,6587758.815134908,null,6587958.815134907,null,null,null,null,null,null
Sun Oct 11 02:00:00 UTC 2026,1.89407,3717199.7967300005,null,6670322.545196257,null,6670522.545196257,null,null,null,null,null,null
Sun Oct 11 03:00:00 UTC 2026,1.89407,3717199.7967300005,null,6752886.275257607,null,6753086.275257607,null,null,null,null,null,null
Sun Oct 11 04:00:00 UTC 2026,1.89407,3717199.7967300005,null,6835450.005318955,null,6835650.005318955,null,null,null,null,null,null
Sun Oct 11 05:00:00 UTC 2026,1.89407,3717199.7967300005,null,6918013.735380307,null,6918213.735380307,null,null,null,null,null,null
Sun Oct 11 06:00:00 UTC 2026,1.89407,3717199.7967300005,null,7000577.465441655,null,7000777.465441654,null,null,null,null,null,null
Sun Oct 11 07:00:00 UTC 2026,1.89407,3717199.7967300005,null,7083141.195503006,null,7083341.195503007,null,null,null,null,null,null
Sun Oct 11 08:00:00 UTC 2026,1.89407,3717199.7967300005,null,7165704.925564356,null,7165904.925564355,null,null,null,null,null,null
Sun Oct 11 09:00:00 UTC 2026,1.89407,3717199.7967300005,null,7248268.655625705,null,7248468.655625704,null,null,null,null,null,null
Sun Oct 11 10:00:00 UTC 2026,1.89407,3717199.7967300005,null,7330832.385687055,null,7331032.385687055,null,null,null,null,null,null
Sun Oct 11 11:00:00 UTC 2026,1.89407,3717199.7967300005,null,7413396.115748404,null,7413596.115748404,null,null,null,null,null,null
Sun Oct 11 12:00:00 UTC 2026,1.89407,3717199.7967300005,null,7495959.845809755,null,7496159.845809755,null,null,null,null,null,null
Sun Oct 11 13:00:00 UTC 2026,1.89407,3717199.7967300005,null,7578523.575871103,null,7578723.5758711025,null,null,null,null,null,null
Sun Oct 11 14:00:00 UTC 2026,1.89407,3717199.7967300005,null,7661087.305932454,null,7661287.305932453,null,null,null,null,null,null
Sun Oct 11 15:00:00 UTC 2026,1.89407,3717199.7967300005,null,7743651.035993802,null,7743851.035993803,null,null,null,null,null,null
Sun Oct 11 16:00:00 UTC 2026,1.89407,3717199.7967300005,null,7826214.766055152,null,7826414.766055152,null,null,null,null,null,null
Sun Oct 11 17:00:00 UTC 2026,1.89407,3717199.7967300005,null,7908778.496116502,null,7908978.496116503,null,null,null,null,null,null
Sun Oct 11 18:00:00 UTC 2026,1.89407,3717199.7967300005,null,7991342.226177851,null,7991542.226177852,null,null,null,null,null,null
Sun Oct 11 19:00:00 UTC 2026,1.89407,3717199.7967300005,null,8073905.956239203,null,8074105.956239202,null,null,null,null,null,null
Sun Oct 11 20:00:00 UTC 2026,1.89407,3717199.7967300005,null,8156469.6863005515,null,8156669.686300552,null,null,3717799.7967300005,3717899.7967300005,null,null
Sun Oct 11 21:00:00 UTC 2026,1.89407,62445.796730000526,null,8239033.416361901,null,8239233.416361901,null,null,1553127.7967300005,1553227.7967300005,null,null
Sun Oct 11 22:00:00 UTC 2026,1.89407,-612144.2032699995,null,8321597.1464232495,null,8321797.1464232495,null,null,-611544.2032699995,-611444.2032699995,null,null
Sun Oct 11 23:00:00 UTC 2026,1.89407,5200472.7967300005,null,8404160.876484603,null,8404360.876484603,null,null,null,null,null,null
Mon Oct 12 00:00:00 UTC 2026,1.89407,5197742.7967300005,null,8486724.606545951,null,8486924.60654595,null,null,null,null,null,null
Mon Oct 12 01:00:00 UTC 2026,1.89407,6572630.7967300005,null,8569288.3366073,null,8569488.336607298,null,null,null,null,null,null
Mon Oct 12 02:00:00 UTC 2026,1.89407,6637441.7967300005,null,8651852.066668648,null,8652052.06666865,null,null,null,null,null,null
Mon Oct 12 03:00:00 UTC 2026,1.89407,5242420.7967300005,null,8734415.79673,null,8734615.796729999,null,null,null,null,null,null
Mon Oct 12 04:00:00 UTC 2026,1.89407,4165634.7967300005,null,8816979.526791349,null,8817179.526791349,null,null,null,null,null,null
Mon Oct 12 05:00:00 UTC 2026,1.89407,3791173.7967300005,null,8899543.256852698,null,8899743.256852698,null,null,null,null,null,null
Mon Oct 12 06:00:00 UTC 2026,1.89407,3967254.7967300005,null,8982106.98691405,null,8982306.98691405,null,null,null,null,null,null
Mon Oct 12 07:00:00 UTC 2026,1.89407,4208461.7967300005,null,9064670.716975398,null,9064870.716975398,null,null,null,null,null,null
Mon Oct 12 08:00:00 UTC 2026,1.89407,2997514.7967300005,null,9147234.447036749,null,9147434.447036747,null,null,null,null,null,null
Mon Oct 12 09:00:00 UTC 2026,1.89407,3978422.7967300005,null,9229798.177098097,null,9229998.1770981,null,null,null,null,null,null
Mon Oct 12 10:00:00 UTC 2026,1.89407,6180876.7967300005,null,9312361.907159446,null,9312561.907159448,null,null,null,null,null,null
Mon Oct 12 11:00:00 UTC 2026,1.89407,7581836.7967300005,null,9394925.637220798,null,9395125.637220796,null,null,null,null,null,null
Mon Oct 12 12:00:00 UTC 2026,1.89407,8823224.79673,null,9477489.367282147,null,9477689.367282147,null,null,null,null,null,null
Mon Oct 12 13:00:00 UTC 2026,1.89407,9938833.79673,null,9560053.097343497,null,9560253.097343497,null,null,null,null,null,null
Mon Oct 12 14:00:00 UTC 2026,1.89407,1.072092979673E7,null,9642616.827404846,null,9642816.827404846,null,null,null,null,null,null
Mon Oct 12 15:00:00 UTC 2026,1.89407,1.250422779673E7,null,9725180.557466196,null,9725380.557466196,null,null,null,null,null,null
Mon Oct 12 16:00:00 UTC 2026,1.89407,1.169083879673E7,null,9807744.287527544,null,9807944.287527544,null,null,null,null,null,null
Mon Oct 12 17:00:00 UTC 2026,1.89407,1.275600279673E7,null,9890308.017588893,null,9890508.017588895,null,null,null,null,null,null
Mon Oct 12 18:00:00 UTC 2026,1.89407,1.355853479673E7,null,9972871.747650245,null,9973071.747650245,null,null,null,null,null,null
Mon Oct 12 19:00:00 UTC 2026,1.89407,1.389027979673E7,null,1.0055435477711594E7,null,1.0055635477711592E7,null,null,null,null,null,null
Mon Oct 12 20:00:00 UTC 2026,1.89407,1.371194579673E7,null,1.0137999207772944E7,null,1.0138199207772944E7,null,null,null,null,null,null
Mon Oct 12 21:00:00 UTC 2026,1.89407,1.206880679673E7,null,1.0220562937834293E7,null,1.0220762937834293E7,null,null,null,null,null,null
Mon Oct 12 22:00:00 UTC 2026,1.89407,1.265994179673E7,null,1.0303126667895645E7,null,1.0303326667895645E7,null,null,null,null,null,null
Mon Oct 12 23:00:00 UTC 2026,1.89407,1.286034079673E7,null,1.0385690397956993E7,null,1.0385890397956993E7,null,null,null,null,null,null
Tue Oct 13 00:00:00 UTC 2026,1.89407,1.275423179673E7,null,1.0468254128018346E7,null,1.0468454128018346E7,null,null,null,null,null,null
Tue Oct 13 01:00:00 UTC 2026,1.89407,1.256001379673E7,null,1.0550817858079694E7,null,1.0551017858079694E7,null,null,null,null,null,null
Tue Oct 13 02:00:00 UTC 2026,1.89407,1.309843779673E7,null,1.0633381588141043E7,null,1.0633581588141043E7,null,null,null,null,null,null
Tue Oct 13 03:00:00 UTC 2026,1.89407,1.306451379673E7,null,1.0715945318202391E7,null,1.0716145318202393E7,null,null,null,null,null,null
Tue Oct 13 04:00:00 UTC 2026,1.89407,1.393006979673E7,null,1.079850904826374E7,null,1.0798709048263742E7,null,null,null,null,null,null
Tue Oct 13 05:00:00 UTC 2026,1.89407,1.305510279673E7,null,1.0881072778325092E7,null,1.0881272778325092E7,null,null,null,null,null,null
Tue Oct 13 06:00:00 UTC 2026,1.89407,1.245906479673E7,null,1.096363650838644E7,null,1.096383650838644E7,null,null,null,null,null,null
Tue Oct 13 07:00:00 UTC 2026,1.89407,1.312307279673E7,null,1.1046200238447791E7,null,1.1046400238447791E7,null,null,null,null,null,null
Tue Oct 13 08:00:00 UTC 2026,1.89407,1.778617479673E7,null,1.1128763968509141E7,null,1.112896396850914E7,null,null,null,null,null,null
Tue Oct 13 09:00:00 UTC 2026,1.89407,1.787816679673E7,null,1.1211327698570492E7,null,1.1211527698570492E7,null,null,null,null,null,null
Tue Oct 13 10:00:00 UTC 2026,1.89407,1.795701879673E7,null,1.129389142863184E7,null,1.1294091428631838E7,null,null,null,null,null,null
Tue Oct 13 11:00:00 UTC 2026,1.89407,1.883917179673E7,null,1.1376455158693189E7,null,1.137665515869319E7,null,null,null,null,null,null
Tue Oct 13 12:00:00 UTC 2026,1.89407,1.848440079673E7,null,1.1459018888754541E7,null,1.145921888875454E7,null,null,null,null,null,null
Tue Oct 13 13:00:00 UTC 2026,1.89407,1.920917179673E7,null,1.154158261881589E7,null,1.1541782618815888E7,null,null,null,null,null,null
Tue Oct 13 14:00:00 UTC 2026,1.89407,2.027464379673E7,null,1.1624146348877238E7,null,1.162434634887724E7,null,null,null,null,null,null
Tue Oct 13 15:00:00 UTC 2026,1.89407,2.029227379673E7,null,1.1706710078938587E7,null,1.1706910078938589E7,null,null,null,null,null,null
Tue Oct 13 16:00:00 UTC 2026,1.89407,2.085609979673E7,null,1.1789273808999939E7,null,1.178947380899994E7,null,null,null,null,null,null
Tue Oct 13 17:00:00 UTC 2026,1.89407,2.057489379673E7,null,1.1871837539061287E7,null,1.1872037539061287E7,null,null,null,null,null,null
Tue Oct 13 18:00:00 UTC 2026,1.89407,2.137722879673E7,null,1.1954401269122636E7,null,1.1954601269122636E7,null,null,2.137782879673E7,null,null,null
Tue Oct 13 19:00:00 UTC 2026,1.89407,2.093189279673E7,null,1.2036964999183988E7,null,1.2037164999183988E7,null,null,2.0804935561435882E7,null,null,null
Tue Oct 13 20:00:00 UTC 2026,1.89407,2.040399879673E7,null,1.2119528729245337E7,null,1.2119728729245335E7,null,null,2.0232042326141767E7,null,null,null
Tue Oct 13 21:00:00 UTC 2026,1.89407,2.012057879673E7,null,1.2202092459306687E7,null,1.2202292459306687E7,null,null,1.9659149090847645E7,null,null,null
Tue Oct 13 22:00:00 UTC 2026,1.89407,1.880925479673E7,null,1.2284656189368036E7,null,1.2284856189368036E7,null,null,1.9086255855553526E7,null,null,null
Tue Oct 13 23:00:00 UTC 2026,1.89407,1.876845379673E7,null,1.2367219919429388E7,null,1.2367419919429388E7,null,null,1.851336262025941E7,null,null,null
Wed Oct 14 00:00:00 UTC 2026,1.89407,1.922738479673E7,null,1.2449783649490736E7,null,1.2449983649490735E7,null,null,1.7940469384965297E7,null,null,null
Wed Oct 14 01:00:00 UTC 2026,1.89407,1.947029079673E7,null,1.2532347379552089E7,null,1.2532547379552089E7,null,null,1.736757614967118E7,null,null,null
Wed Oct 14 02:00:00 UTC 2026,1.89407,1.863122879673E7,null,1.2614911109613437E7,null,1.2615111109613433E7,null,null,1.679468291437706E7,null,null,null
Wed Oct 14 03:00:00 UTC 2026,1.89407,1.895114279673E7,null,1.2697474839674786E7,null,1.2697674839674786E7,null,null,1.6221789679082941E7,null,null,null
Wed Oct 14 04:00:00 UTC 2026,1.89407,1.791286779673E7,null,1.2780038569736138E7,null,1.2780238569736134E7,null,null,1.5648896443788823E7,null,null,null
Wed Oct 14 05:00:00 UTC 2026,1.89407,1.733713079673E7,null,1.2862602299797485E7,null,1.2862802299797485E7,null,null,1.5076003208494708E7,null,null,null
Wed Oct 14 06:00:00 UTC 2026,1.89407,1.640299979673E7,null,1.2945166029858833E7,null,1.2945366029858835E7,null,null,1.450310997320059E7,null,null,null
Wed Oct 14 07:00:00 UTC 2026,1.89407,1.512170879673E7,null,1.3027729759920182E7,null,1.3027929759920184E7,null,null,1.393021673790647E7,null,null,null
Wed Oct 14 08:00:00 UTC 2026,1.89407,1.467935279673E7,null,1.3110293489981534E7,null,1.3110493489981536E7,null,null,1.3357323502612354E7,null,null,null
Wed Oct 14 09:00:00 UTC 2026,1.89407,1.611330179673E7,null,1.3192857220042882E7,null,1.3193057220042884E7,null,null,1.2784430267318234E7,null,null,null
Wed Oct 14 10:00:00 UTC 2026,1.89407,1.182185779673E7,null,1.3275420950104235E7,null,1.3275620950104235E7,null,null,1.2211537032024117E7,null,null,null
Wed Oct 14 11:00:00 UTC 2026,1.89407,1.163804379673E7,null,1.3357984680165583E7,null,1.3358184680165581E7,null,null,1.163864379673E7,null,null,null
Wed Oct 14 12:00:00 UTC 2026,1.89407,1.348127079673E7,null,1.3440548410226932E7,null,1.3440748410226932E7,null,null,null,null,null,null
Wed Oct 14 13:00:00 UTC 2026,1.89407,1.456719579673E7,null,1.3523112140288282E7,null,1.352331214028828E7,null,null,null,null,null,null
Wed Oct 14 14:00:00 UTC 2026,1.89407,1.468298679673E7,null,1.360567587034963E7,null,1.360587587034963E7,null,null,null,null,null,null
Wed Oct 14 15:00:00 UTC 2026,1.89407,1.477978379673E7,null,1.3688239600410983E7,null,1.3688439600410981E7,null,null,null,null,null,null
Wed Oct 14 16:00:00 UTC 2026,1.89407,1.505315479673E7,null,1.3770803330472331E7,null,1.3771003330472331E7,null,null,null,null,null,null
Wed Oct 14 17:00:00 UTC 2026,1.89407,1.457097979673E7,null,1.385336706053368E7,null,1.385356706053368E7,null,null,null,null,null,null
Wed Oct 14 18:00:00 UTC 2026,1.89407,1.581389879673E7,null,1.3935930790595029E7,null,1.3936130790595032E7,null,null,null,null,null,null
Wed Oct 14 19:00:00 UTC 2026,1.89407,1.579437079673E7,null,1.4018494520656377E7,null,1.4018694520656377E7,null,null,null,null,null,null
Wed Oct 14 20:00:00 UTC 2026,1.89407,1.637060279673E7,null,1.410105825071773E7,null,1.4101258250717731E7,null,null,null,null,null,null
Wed Oct 14 21:00:00 UTC 2026,1.89407,1.490750179673E7,null,1.4183621980779078E7,null,1.4183821980779078E7,null,null,null,null,null,null
Wed Oct 14 22:00:00 UTC 2026,1.89407,1.413961279673E7,null,1.426618571084043E7,null,1.426638571084043E7,null,null,null,null,null,null
Wed Oct 14 23:00:00 UTC 2026,1.89407,1.458411579673E7,null,1.4348749440901779E7,null,1.4348949440901779E7,null,null,null,null,null,null
Thu Oct 15 00:00:00 UTC 2026,1.89407,1.431463179673E7,null,1.443131317096313E7,null,1.4431513170963127E7,null,null,null,null,null,null
Thu Oct 15 01:00:00 UTC 2026,1.89407,1.434129279673E7,null,1.451387690102448E7,null,1.4514076901024478E7,null,null,null,null,null,null
Thu Oct 15 02:00:00 UTC 2026,1.89407,1.290812279673E7,null,1.4596440631085832E7,null,1.4596640631085828E7,null,null,null,null,null,null
Thu Oct 15 03:00:00 UTC 2026,1.89407,1.370405779673E7,null,1.467900436114718E7,null,1.4679204361147178E7,null,null,null,null,null,null
Thu Oct 15 04:00:00 UTC 2026,1.89407,1.376369979673E7,null,1.4761568091208529E7,null,1.4761768091208529E7,null,null,null,null,null,null
Thu Oct 15 05:00:00 UTC 2026,1.89407,1.383756379673E7,null,1.4844131821269875E7,null,1.4844331821269877E7,null,null,null,null,null,null
Thu Oct 15 06:00:00 UTC 2026,1.89407,1.489401279673E7,null,1.4926695551331224E7,null,1.4926895551331228E7,null,null,null,null,null,null
Thu Oct 15 07:00:00 UTC 2026,1.89407,1.554117679673E7,null,1.5009259281392576E7,null,1.5009459281392578E7,null,null,null,null,null,null
Thu Oct 15 08:00:00 UTC 2026,1.89407,1.555876079673E7,null,1.5091823011453925E7,null,1.5092023011453925E7,null,null,null,null,null,null
Thu Oct 15 09:00:00 UTC 2026,1.89407,1.600621879673E7,null,1.5174386741515277E7,null,1.5174586741515279E7,null,null,null,null,null,null
Thu Oct 15 10:00:00 UTC 2026,1.89407,1.631644279673E7,null,1.5256950471576625E7,null,1.5257150471576624E7,null,null,null,null,null,null
Thu Oct 15 11:00:00 UTC 2026,1.89407,1.764339279673E7,null,1.5339514201637978E7,null,1.5339714201637978E7,null,null,null,null,null,null
Thu Oct 15 12:00:00 UTC 2026,1.89407,1.811386979673E7,null,1.5422077931699326E7,null,1.5422277931699324E7,null,null,null,null,null,null
Thu Oct 15 13:00:00 UTC 2026,1.89407,1.964894179673E7,null,1.5504641661760675E7,null,1.5504841661760675E7,null,null,null,null,null,null
Thu Oct 15 14:00:00 UTC 2026,1.89407,1.888950279673E7,null,1.5587205391822025E7,null,1.5587405391822025E7,null,null,null,null,null,null
Thu Oct 15 15:00:00 UTC 2026,1.89407,1.931563879673E7,null,1.5669769121883374E7,null,1.5669969121883374E7,null,null,null,null,null,null
Thu Oct 15 16:00:00 UTC 2026,1.89407,1.906604379673E7,null,1.5752332851944722E7,null,1.5752532851944724E7,null,null,null,null,null,null
Thu Oct 15 17:00:00 UTC 2026,1.89407,2.002661779673E7,null,1.5834896582006074E7,null,1.5835096582006074E7,null,null,null,null,null,null
Thu Oct 15 18:00:00 UTC 2026,1.89407,2.006941279673E7,null,1.5917460312067423E7,null,1.5917660312067425E7,null,null,null,null,null,null
Thu Oct 15 19:00:00 UTC 2026,1.89407,2.002696679673E7,null,1.6000024042128772E7,null,1.6000224042128775E7,null,null,null,null,null,null
Thu Oct 15 20:00:00 UTC 2026,1.89407,1.939270779673E7,null,1.608258777219012E7,null,1.608278777219012E7,null,null,null,null,null,null
Thu Oct 15 21:00:00 UTC 2026,1.89407,2.037364979673E7,null,1.6165151502251472E7,null,1.616535150225147E7,null,null,null,null,null,null
Thu Oct 15 22:00:00 UTC 2026,1.89407,2.033207379673E7,null,1.624771523231282E7,null,1.624791523231282E7,null,null,null,null,null,null
Thu Oct 15 23:00:00 UTC 2026,1.89407,2.097706779673E7,null,1.6330278962374173E7,null,1.6330478962374171E7,null,null,null,null,null,null
Fri Oct 16 00:00:00 UTC 2026,1.89407,2.000579579673E7,null,1.6412842692435522E7,null,1.6413042692435522E7,null,null,null,null,null,null
Fri Oct 16 01:00:00 UTC 2026,1.89407,1.999010579673E7,null,1.6495406422496874E7,null,1.649560642249687E7,null,null,null,null,null,null
Fri Oct 16 02:00:00 UTC 2026,1.89407,2.010056179673E7,null,1.6577970152558222E7,null,1.657817015255822E7,null,null,null,null,null,null
Fri Oct 16 03:00:00 UTC 2026,1.89407,2.103237279673E7,null,1.6660533882619571E7,null,1.6660733882619571E7,null,null,null,null,null,null
Fri Oct 16 04:00:00 UTC 2026,1.89407,2.068570379673E7,null,1.6743097612680923E7,null,1.6743297612680921E7,null,null,null,null,null,null
Fri Oct 16 05:00:00 UTC 2026,1.89407,2.058734479673E7,null,1.682566134274227E7,null,1.6825861342742268E7,null,null,null,null,null,null
Fri Oct 16 06:00:00 UTC 2026,1.89407,2.155486179673E7,null,1.6908225072803617E7,null,1.690842507280362E7,null,null,null,null,null,null
Fri Oct 16 07:00:00 UTC 2026,1.89407,2.104481879673E7,null,1.699078880286497E7,null,1.699098880286497E7,null,null,null,null,null,null
Fri Oct 16 08:00:00 UTC 2026,1.89407,2.008190279673E7,null,1.707335253292632E7,null,1.707355253292632E7,null,null,null,null,null,null
Fri Oct 16 09:00:00 UTC 2026,1.89407,2.030332979673E7,null,1.7155916262987666E7,null,1.7156116262987666E7,null,null,null,null,null,null
Fri Oct 16 10:00:00 UTC 2026,1.89407,2.012892279673E7,null,1.7238479993049018E7,null,1.723867999304902E7,null,null,null,null,null,null
Fri Oct 16 11:00:00 UTC 2026,1.89407,1.966547779673E7,null,1.7321043723110367E7,null,1.7321243723110367E7,null,null,null,null,null,null
Fri Oct 16 12:00:00 UTC 2026,1.89407,1.961287479673E7,null,1.7403607453171715E7,null,1.740380745317172E7,null,null,null,null,null,null
Fri Oct 16 13:00:00 UTC 2026,1.89407,2.069213579673E7,null,1.7486171183233067E7,null,1.7486371183233067E7,null,null,null,null,null,null
Fri Oct 16 14:00:00 UTC 2026,1.89407,2.064479979673E7,null,1.7568734913294416E7,null,1.7568934913294416E7,null,null,null,null,null,null
Fri Oct 16 15:00:00 UTC 2026,1.89407,2.056095679673E7,null,1.765129864335577E7,null,1.765149864335577E7,null,null,null,null,null,null
Fri Oct 16 16:00:00 UTC 2026,1.89407,2.174622679673E7,null,1.7733862373417117E7,null,1.7734062373417117E7,null,null,null,null,null,null
Fri Oct 16 17:00:00 UTC 2026,1.89407,2.096474779673E7,null,1.7816426103478465E7,null,1.781662610347847E7,null,null,null,null,null,null
Fri Oct 16 18:00:00 UTC 2026,1.89407,1.990163279673E7,null,1.7898989833539814E7,null,1.7899189833539814E7,null,null,null,null,null,null
Fri Oct 16 19:00:00 UTC 2026,1.89407,1.915347079673E7,null,1.7981553563601166E7,null,1.7981753563601166E7,null,null,null,null,null,null
Fri Oct 16 20:00:00 UTC 2026,1.89407,1.953665979673E7,null,1.8064117293662515E7,null,1.8064317293662515E7,null,null,null,null,null,null
Fri Oct 16 21:00:00 UTC 2026,1.89407,1.953665979673E7,null,1.8146681023723863E7,null,1.8146881023723863E7,null,null,null,null,null,null
Fri Oct 16 22:00:00 UTC 2026,1.89407,1.953665979673E7,null,1.8229244753785215E7,null,1.8229444753785215E7,null,null,null,null,null,null
Fri Oct 16 23:00:00 UTC 2026,1.89407,1.953665979673E7,null,1.8311808483846564E7,null,1.8312008483846564E7,null,null,null,null,null,null
Sat Oct 17 00:00:00 UTC 2026,1.89407,1.953665979673E7,null,1.8394372213907916E7,null,1.8394572213907912E7,null,null,null,null,null,null
Sat Oct 17 01:00:00 UTC 2026,1.89407,1.953665979673E7,null,1.8476935943969265E7,null,1.8477135943969265E7,null,null,null,null,null,null
Sat Oct 17 02:00:00 UTC 2026,1.89407,1.953665979673E7,null,1.8559499674030617E7,null,1.8559699674030613E7,null,null,null,null,null,null
Sat Oct 17 03:00:00 UTC 2026,1.89407,1.953665979673E7,null,1.8642063404091965E7,null,1.8642263404091965E7,null,null,null,null,null,null
Sat Oct 17 04:00:00 UTC 2026,1.89407,1.953665979673E7,null,1.8724627134153314E7,null,1.8724827134153314E7,null,null,null,null,null,null
Sat Oct 17 05:00:00 UTC 2026,1.89407,1.953665979673E7,null,1.8807190864214662E7,null,1.8807390864214666E7,null,null,null,null,null,null
Sat Oct 17 06:00:00 UTC 2026,1.89407,1.953665979673E7,null,1.888975459427601E7,null,1.888995459427601E7,null,null,null,null,null,null
Sat Oct 17 07:00:00 UTC 2026,1.89407,1.953665979673E7,null,1.8972318324337363E7,null,1.8972518324337363E7,null,null,null,null,null,null
Sat Oct 17 08:00:00 UTC 2026,1.89407,1.953665979673E7,null,1.9054882054398708E7,null,1.905508205439871E7,null,null,null,null,null,null
Sat Oct 17 09:00:00 UTC 2026,1.89407,1.953665979673E7,null,1.913744578446006E7,null,1.913764578446006E7,null,null,null,null,null,null
Sat Oct 17 10:00:00 UTC 2026,1.89407,1.953665979673E7,null,1.922000951452141E7,null,1.9220209514521413E7,null,null,null,null,null,null
Sat Oct 17 11:00:00 UTC 2026,1.89407,1.953665979673E7,null,1.930257324458276E7,null,1.930277324458276E7,null,null,null,null,null,null
Sat Oct 17 12:00:00 UTC 2026,1.89407,1.953665979673E7,null,1.938513697464411E7,null,1.938533697464411E7,null,null,null,null,null,null
Sat Oct 17 13:00:00 UTC 2026,1.89407,1.953665979673E7,null,1.9467700704705458E7,null,1.946790070470546E7,null,null,null,null,null,null
Sat Oct 17 14:00:00 UTC 2026,1.89407,1.953665979673E7,null,1.955026443476681E7,null,1.955046443476681E7,null,null,null,null,null,null
Sat Oct 17 15:00:00 UTC 2026,1.89407,1.953665979673E7,null,1.963282816482816E7,null,1.963302816482816E7,null,null,null,null,null,null
Sat Oct 17 16:00:00 UTC 2026,1.89407,1.953665979673E7,null,1.9715391894889507E7,null,1.971559189488951E7,null,null,null,null,null,null
Sat Oct 17 17:00:00 UTC 2026,1.89407,1.953665979673E7,null,1.979795562495086E7,null,1.9798155624950856E7,null,null,null,null,null,null
Sat Oct 17 18:00:00 UTC 2026,1.89407,1.953665979673E7,null,1.988051935501221E7,null,1.9880719355012212E7,null,null,null,null,null,null
Sat Oct 17 19:00:00 UTC 2026,1.89407,1.953665979673E7,null,1.9963083085073557E7,null,1.9963283085073557E7,null,null,null,null,null,null
Sat Oct 17 20:00:00 UTC 2026,1.89407,1.953665979673E7,null,2.004564681513491E7,null,2.0045846815134913E7,null,null,null,null,null,null
Sat Oct 17 21:00:00 UTC 2026,1.89407,1.953665979673E7,null,2.0128210545196258E7,null,2.0128410545196258E7,null,null,null,null,null,null
Sat Oct 17 22:00:00 UTC 2026,1.89407,1.953665979673E7,null,2.0210774275257606E7,null,2.0210974275257606E7,null,null,null,null,null,null
Sat Oct 17 23:00:00 UTC 2026,1.89407,1.953665979673E7,null,2.029333800531896E7,null,2.029353800531896E7,null,null,null,null,null,null
Sun Oct 18 00:00:00 UTC 2026,1.89407,1.953665979673E7,null,2.0375901735380307E7,null,2.0376101735380307E7,null,null,null,null,null,null
Sun Oct 18 01:00:00 UTC 2026,1.89407,1.953665979673E7,null,2.045846546544166E7,null,2.045866546544166E7,null,null,null,null,null,null
Sun Oct 18 02:00:00 UTC 2026,1.89407,1.953665979673E7,null,2.0541029195503008E7,null,2.0541229195503008E7,null,null,null,null,null,null
Sun Oct 18 03:00:00 UTC 2026,1.89407,1.953665979673E7,null,2.0623592925564356E7,null,2.0623792925564356E7,null,null,null,null,null,null
Sun Oct 18 04:00:00 UTC 2026,1.89407,1.953665979673E7,null,2.070615665562571E7,null,2.070635665562571E7,null,null,null,null,null,null
Sun Oct 18 05:00:00 UTC 2026,1.89407,1.953665979673E7,null,2.0788720385687057E7,null,2.0788920385687057E7,null,null,null,null,null,null
Sun Oct 18 06:00:00 UTC 2026,1.89407,1.953665979673E7,null,2.0871284115748405E7,null,2.0871484115748405E7,null,null,null,null,null,null
Sun Oct 18 07:00:00 UTC 2026,1.89407,1.953665979673E7,null,2.0953847845809754E7,null,2.0954047845809754E7,null,null,null,null,null,null
Sun Oct 18 08:00:00 UTC 2026,1.89407,1.953665979673E7,null,2.1036411575871106E7,null,2.1036611575871103E7,null,null,null,null,null,null
Sun Oct 18 09:00:00 UTC 2026,1.89407,1.953665979673E7,null,2.1118975305932455E7,null,2.1119175305932455E7,null,null,null,null,null,null
Sun Oct 18 10:00:00 UTC 2026,1.89407,1.953665979673E7,null,2.1201539035993803E7,null,2.1201739035993803E7,null,null,null,null,null,null
Sun Oct 18 11:00:00 UTC 2026,1.89407,1.953665979673E7,null,2.128410276605515E7,null,2.1284302766055156E7,null,null,null,null,null,null
Sun Oct 18 12:00:00 UTC 2026,1.89407,1.953665979673E7,null,2.1366666496116504E7,null,2.1366866496116504E7,null,null,null,null,null,null
Sun Oct 18 13:00:00 UTC 2026,1.89407,1.953665979673E7,null,2.1449230226177853E7,null,2.1449430226177853E7,null,null,null,null,null,null
Sun Oct 18 14:00:00 UTC 2026,1.89407,1.953665979673E7,null,2.15317939562392E7,null,2.15319939562392E7,null,null,null,null,null,null
Sun Oct 18 15:00:00 UTC 2026,1.89407,1.953665979673E7,null,2.1614357686300553E7,null,2.1614557686300553E7,null,null,null,null,null,null
Sun Oct 18 16:00:00 UTC 2026,1.89407,1.953665979673E7,null,2.1696921416361902E7,null,2.1697121416361902E7,null,null,null,null,null,null
Sun Oct 18 17:00:00 UTC 2026,1.89407,1.953665979673E7,null,2.177948514642325E7,null,2.1779685146423254E7,null,null,null,null,null,null
Sun Oct 18 18:00:00 UTC 2026,1.89407,1.953665979673E7,null,2.18620488764846E7,null,2.18622488764846E7,null,null,null,null,null,null
Sun Oct 18 19:00:00 UTC 2026,1.89407,1.953665979673E7,null,2.194461260654595E7,null,2.194481260654595E7,null,null,null,null,null,null
Sun Oct 18 20:00:00 UTC 2026,1.89407,1.953665979673E7,null,2.20271763366073E7,null,2.20273763366073E7,null,null,null,null,null,null
Sun Oct 18 21:00:00 UTC 2026,1.89407,1.990245979673E7,null,2.2109740066668652E7,null,2.2109940066668652E7,null,null,null,null,null,null
Sun Oct 18 22:00:00 UTC 2026,1.89407,2.219220379673E7,null,2.219230379673E7,null,2.219250379673E7,null,null,2.219280379673E7,null,null,null
Sun Oct 18 23:00:00 UTC 2026,1.89407,1.912994779673E7,null,null,null,null,null,null,2.1878539663396668E7,null,null,null
Mon Oct 19 00:00:00 UTC 2026,1.89407,1.877696479673E7,null,null,null,null,null,null,2.1564275530063335E7,null,null,null
Mon Oct 19 01:00:00 UTC 2026,1.89407,1.879879279673E7,null,null,null,null,null,null,2.125001139673E7,null,null,null
Mon Oct 19 02:00:00 UTC 2026,1.89407,1.813033579673E7,null,null,null,null,null,null,2.0935747263396665E7,null,null,null
Mon Oct 19 03:00:00 UTC 2026,1.89407,1.814666779673E7,null,null,null,null,null,null,2.0621483130063333E7,null,null,null
Mon Oct 19 04:00:00 UTC 2026,1.89407,1.907783579673E7,null,null,null,null,null,null,2.030721899673E7,null,null,null
Mon Oct 19 05:00:00 UTC 2026,1.89407,1.910316279673E7,null,null,null,null,null,null,1.9992954863396667E7,null,null,null
Mon Oct 19 06:00:00 UTC 2026,1.89407,1.935073679673E7,null,null,null,null,null,null,1.9678690730063334E7,null,null,null
Mon Oct 19 07:00:00 UTC 2026,1.89407,1.971944779673E7,null,null,null,null,null,null,1.936442659673E7,null,null,null
Mon Oct 19 08:00:00 UTC 2026,1.89407,1.996856279673E7,null,null,null,null,null,null,1.905016246339667E7,null,null,null
Mon Oct 19 09:00:00 UTC 2026,1.89407,1.983861779673E7,null,null,null,null,null,null,1.8735898330063332E7,null,null,null
Mon Oct 19 10:00:00 UTC 2026,1.89407,1.916285279673E7,null,null,null,null,null,null,1.8421634196730003E7,null,null,null
Mon Oct 19 11:00:00 UTC 2026,1.89407,1.900315279673E7,null,null,null,null,null,null,1.8107370063396666E7,null,null,null
Mon Oct 19 12:00:00 UTC 2026,1.89407,1.860250179673E7,null,null,null,null,null,null,1.7793105930063333E7,null,null,null
Mon Oct 19 13:00:00 UTC 2026,1.89407,1.747824179673E7,null,null,null,null,null,null,1.747884179673E7,null,null,null
Mon Oct 19 14:00:00 UTC 2026,1.89407,1.851547279673E7,null,null,null,null,null,null,null,null,null,null
Mon Oct 19 15:00:00 UTC 2026,1.89407,1.893328779673E7,null,null,null,null,null,null,null,null,null,null
Mon Oct 19 16:00:00 UTC 2026,1.89407,1.924196779673E7,null,null,null,null,null,null,null,null,null,null
Mon Oct 19 17:00:00 UTC 2026,1.89407,2.026667779673E7,null,null,null,null,null,null,null,null,null,null
Mon Oct 19 18:00:00 UTC 2026,1.89407,1.912382779673E7,null,null,null,null,null,null,null,null,null,null
Mon Oct 19 19:00:00 UTC 2026,1.89407,1.835235179673E7,null,null,null,null,null,null,null,null,null,null
Mon Oct 19 20:00:00 UTC 2026,1.89407,1.878864579673E7,null,null,null,null,null,null,null,null,null,null
Mon Oct 19 21:00:00 UTC 2026,1.89407,1.972396679673E7,null,null,null,null,null,null,null,null,null,null
Mon Oct 19 22:00:00 UTC 2026,1.89407,1.981914379673E7,null,null,null,null,null,null,null,null,null,null
Mon Oct 19 23:00:00 UTC 2026,1.89407,1.974058879673E7,null,null,null,null,null,null,null,null,null,null
Tue Oct 20 00:00:00 UTC 2026,1.89407,1.910688679673E7,null,null,null,null,null,null,null,null,null,null
Tue Oct 20 01:00:00 UTC 2026,1.89407,1.867937479673E7,null,null,null,null,null,null,null,null,null,null
Tue Oct 20 02:00:00 UTC 2026,1.89407,1.868974879673E7,null,null,null,null,null,null,null,null,null,null
Tue Oct 20 03:00:00 UTC 2026,1.89407,1.901818379673E7,null,null,null,null,null,null,null,null,null,null
Tue Oct 20 04:00:00 UTC 2026,1.89407,2.004852379673E7,null,null,null,null,null,null,null,null,null,null
Tue Oct 20 05:00:00 UTC 2026,1.89407,1.948148379673E7,null,null,null,null,null,null,null,null,null,null
Tue Oct 20 06:00:00 UTC 2026,1.89407,1.937189879673E7,null,null,null,null,null,null,null,null,null,null
Tue Oct 20 07:00:00 UTC 2026,1.89407,1.944935579673E7,null,null,null,null,null,null,null,null,null,null
Tue Oct 20 08:00:00 UTC 2026,1.89407,1.908383079673E7,null,null,null,null,null,null,null,null,null,null
Tue Oct 20 09:00:00 UTC 2026,1.89407,1.900198679673E7,null,null,null,null,null,null,null,null,null,null
Tue Oct 20 10:00:00 UTC 2026,1.89407,1.926493879673E7,null,null,null,null,null,null,null,null,null,null
Tue Oct 20 11:00:00 UTC 2026,1.89407,1.952101279673E7,null,null,null,null,null,null,null,null,null,null
Tue Oct 20 12:00:00 UTC 2026,1.89407,1.883709379673E7,null,null,null,null,null,null,null,null,null,null
Tue Oct 20 13:00:00 UTC 2026,1.89407,1.873334079673E7,null,null,null,null,null,null,null,null,null,null
Tue Oct 20 14:00:00 UTC 2026,1.89407,1.897439079673E7,null,null,null,null,null,null,null,null,null,null
Tue Oct 20 15:00:00 UTC 2026,1.89407,1.922372179673E7,null,null,null,null,null,null,null,null,null,null
Tue Oct 20 16:00:00 UTC 2026,1.89407,1.919956979673E7,null,null,null,null,null,null,null,null,null,null
Tue Oct 20 17:00:00 UTC 2026,1.89407,1.973319979673E7,null,null,null,null,null,null,null,null,null,null
Tue Oct 20 18:00:00 UTC 2026,1.89407,1.944197879673E7,null,null,null,null,null,null,null,null,null,null
Tue Oct 20 19:00:00 UTC 2026,1.89407,1.918250479673E7,null,null,null,null,null,null,null,null,null,null
Tue Oct 20 20:00:00 UTC 2026,1.89407,1.894215279673E7,null,null,null,null,null,null,null,null,null,null
Tue Oct 20 21:00:00 UTC 2026,1.89407,1.945142879673E7,null,null,null,null,null,null,null,null,null,null
Tue Oct 20 22:00:00 UTC 2026,1.89407,1.877959279673E7,null,null,null,null,null,null,null,null,null,null
Tue Oct 20 23:00:00 UTC 2026,1.89407,1.859791079673E7,null,null,null,null,null,null,null,null,null,null
Wed Oct 21 00:00:00 UTC 2026,1.89407,1.936739379673E7,null,null,null,null,null,null,null,null,null,null
Wed Oct 21 01:00:00 UTC 2026,1.89407,2.046399779673E7,null,null,null,null,null,null,null,null,null,null
Wed Oct 21 02:00:00 UTC 2026,1.89407,1.963595079673E7,null,null,null,null,null,null,null,null,null,null
Wed Oct 21 03:00:00 UTC 2026,1.89407,1.978357579673E7,null,null,null,null,null,null,null,null,null,null
Wed Oct 21 04:00:00 UTC 2026,1.89407,2.085358979673E7,null,null,null,null,null,null,null,null,null,null
Wed Oct 21 05:00:00 UTC 2026,1.89407,2.167371179673E7,null,null,null,null,null,null,null,null,null,null
Wed Oct 21 06:00:00 UTC 2026,1.89407,2.024991279673E7,null,null,null,null,null,null,null,null,null,null
Wed Oct 21 07:00:00 UTC 2026,1.89407,2.006251479673E7,null,null,null,null,null,null,null,null,null,null
Wed Oct 21 08:00:00 UTC 2026,1.89407,2.012133979673E7,null,null,null,null,null,null,null,null,null,null
Wed Oct 21 09:00:00 UTC 2026,1.89407,2.041719579673E7,null,null,null,null,null,null,null,null,null,null
Wed Oct 21 10:00:00 UTC 2026,1.89407,1.997350279673E7,null,null,null,null,null,null,null,null,null,null
Wed Oct 21 11:00:00 UTC 2026,1.89407,1.949476279673E7,null,null,null,null,null,null,null,null,null,null
Wed Oct 21 12:00:00 UTC 2026,1.89407,1.911366879673E7,null,null,null,null,null,null,null,null,null,null
Wed Oct 21 13:00:00 UTC 2026,1.89407,1.865472879673E7,null,null,null,null,null,null,null,null,null,null
Wed Oct 21 14:00:00 UTC 2026,1.89407,1.816693779673E7,null,null,null,null,null,null,null,null,null,null
Wed Oct 21 15:00:00 UTC 2026,1.89407,1.867701679673E7,null,null,null,null,null,null,null,null,null,null
Wed Oct 21 16:00:00 UTC 2026,1.89407,1.905958079673E7,null,null,null,null,null,null,null,null,null,null
Wed Oct 21 17:00:00 UTC 2026,1.89407,1.917303479673E7,null,null,null,null,null,null,null,null,null,null
Wed Oct 21 18:00:00 UTC 2026,1.89407,1.907419879673E7,null,null,null,null,null,null,null,null,null,null
Wed Oct 21 19:00:00 UTC 2026,1.89407,1.952787379673E7,null,null,null,null,null,null,null,null,null,null
Wed Oct 21 20:00:00 UTC 2026,1.89407,1.938464179673E7,null,null,null,null,null,null,null,null,null,null
Wed Oct 21 21:00:00 UTC 2026,1.89407,1.939079879673E7,null,null,null,null,null,null,null,null,null,null
Wed Oct 21 22:00:00 UTC 2026,1.89407,1.899343579673E7,null,null,null,null,null,null,null,null,null,null
Wed Oct 21 23:00:00 UTC 2026,1.89407,1.915344179673E7,null,null,null,null,null,null,null,null,null,null
Thu Oct 22 00:00:00 UTC 2026,1.89407,1.881044779673E7,null,null,null,null,null,null,null,null,null,null
Thu Oct 22 01:00:00 UTC 2026,1.89407,1.860180479673E7,null,null,null,null,null,null,null,null,null,null
Thu Oct 22 02:00:00 UTC 2026,1.89407,1.826535579673E7,null,null,null,null,null,null,null,null,null,null
Thu Oct 22 03:00:00 UTC 2026,1.89407,1.855821579673E7,null,null,null,null,null,null,null,null,null,null
Thu Oct 22 04:00:00 UTC 2026,1.89407,1.954234679673E7,null,null,null,null,null,null,null,null,null,null
Thu Oct 22 05:00:00 UTC 2026,1.89407,1.921605079673E7,null,null,null,null,null,null,null,null,null,null
Thu Oct 22 06:00:00 UTC 2026,1.89407,1.941866679673E7,null,null,null,null,null,null,null,null,null,null
Thu Oct 22 07:00:00 UTC 2026,1.89407,1.895752979673E7,null,null,null,null,null,null,null,null,null,null
Thu Oct 22 08:00:00 UTC 2026,1.89407,1.901927979673E7,null,null,null,null,null,null,null,null,null,null
Thu Oct 22 09:00:00 UTC 2026,1.89407,1.943290179673E7,null,null,null,null,null,null,null,null,null,null
Thu Oct 22 10:00:00 UTC 2026,1.89407,1.904321479673E7,null,null,null,null,null,null,null,null,null,null
Thu Oct 22 11:00:00 UTC 2026,1.89407,1.888150579673E7,null,null,null,null,null,null,null,null,null,null
Thu Oct 22 12:00:00 UTC 2026,1.89407,1.837225379673E7,null,null,null,null,null,null,null,null,null,null
Thu Oct 22 13:00:00 UTC 2026,1.89407,1.863523779673E7,null,null,null,null,null,null,null,null,null,null
Thu Oct 22 14:00:00 UTC 2026,1.89407,1.837923179673E7,null,null,null,null,null,null,null,null,null,null
Thu Oct 22 15:00:00 UTC 2026,1.89407,1.843113979673E7,null,null,null,null,null,null,null,null,null,null
Thu Oct 22 16:00:00 UTC 2026,1.89407,1.833397179673E7,null,null,null,null,null,null,null,null,null,null
Thu Oct 22 17:00:00 UTC 2026,1.89407,1.747828379673E7,null,null,null,null,null,null,null,null,null,null
Thu Oct 22 18:00:00 UTC 2026,1.89407,1.724528779673E7,null,null,null,null,null,null,null,null,null,null
Thu Oct 22 19:00:00 UTC 2026,1.89407,1.703265679673E7,null,null,null,null,null,null,null,null,null,null
Thu Oct 22 20:00:00 UTC 2026,1.89407,1.692037279673E7,null,null,null,null,null,null,null,null,null,null
Thu Oct 22 21:00:00 UTC 2026,1.89407,1.678505579673E7,null,null,null,null,null,null,null,null,null,null
Thu Oct 22 22:00:00 UTC 2026,1.89407,1.695203379673E7,null,null,null,null,null,null,null,null,null,null
Thu Oct 22 23:00:00 UTC 2026,1.89407,1.529136779673E7,null,null,null,null,null,null,null,null,null,null
Fri Oct 23 00:00:00 UTC 2026,1.89407,1.556821179673E7,null,null,null,null,null,null,null,null,null,null
Fri Oct 23 01:00:00 UTC 2026,1.89407,1.549226779673E7,null,null,null,null,null,null,null,null,null,null
Fri Oct 23 02:00:00 UTC 2026,1.89407,1.642921979673E7,null,null,null,null,null,null,null,null,null,null
Fri Oct 23 03:00:00 UTC 2026,1.89407,1.600498779673E7,null,null,null,null,null,null,null,null,null,null
Fri Oct 23 04:00:00 UTC 2026,1.89407,1.595767979673E7,null,null,null,null,null,null,null,null,null,null
Fri Oct 23 05:00:00 UTC 2026,1.89407,1.499997379673E7,null,null,null,null,null,null,null,null,null,null
Fri Oct 23 06:00:00 UTC 2026,1.89407,1.477079479673E7,null,null,null,null,null,null,null,null,null,null
Fri Oct 23 07:00:00 UTC 2026,1.89407,1.496203479673E7,null,null,null,null,null,null,null,null,null,null
Fri Oct 23 08:00:00 UTC 2026,1.89407,1.474810279673E7,null,null,null,null,null,null,null,null,null,null
Fri Oct 23 09:00:00 UTC 2026,1.89407,1.528214679673E7,null,null,null,null,null,null,null,null,null,null
Fri Oct 23 10:00:00 UTC 2026,1.89407,1.528107479673E7,null,null,null,null,null,null,null,null,null,null
Fri Oct 23 11:00:00 UTC 2026,1.89407,1.539516079673E7,null,null,null,null,null,null,null,null,null,null
Fri Oct 23 12:00:00 UTC 2026,1.89407,1.492582379673E7,null,null,null,null,null,null,null,null,null,null
Fri Oct 23 13:00:00 UTC 2026,1.89407,1.521149279673E7,null,null,null,null,null,null,null,null,null,null
Fri Oct 23 14:00:00 UTC 2026,1.89407,1.532303979673E7,null,null,null,null,null,null,null,null,null,null
Fri Oct 23 15:00:00 UTC 2026,1.89407,1.508520779673E7,null,null,null,null,null,null,null,null,null,null
Fri Oct 23 16:00:00 UTC 2026,1.89407,1.497787179673E7,null,null,null,null,null,null,null,null,null,null
Fri Oct 23 17:00:00 UTC 2026,1.89407,1.545584979673E7,null,null,null,null,null,null,null,null,null,null
Fri Oct 23 18:00:00 UTC 2026,1.89407,1.498793879673E7,null,null,null,null,null,null,null,null,null,null
Fri Oct 23 19:00:00 UTC 2026,1.89407,1.457147379673E7,null,null,null,null,null,null,null,null,null,null
Fri Oct 23 20:00:00 UTC 2026,1.89407,1.466076879673E7,null,null,null,null,null,null,null,null,null,null
Fri Oct 23 21:00:00 UTC 2026,1.89407,1.466076879673E7,null,null,null,null,null,null,null,null,null,null
Fri Oct 23 22:00:00 UTC 2026,1.89407,1.466076879673E7,null,null,null,null,null,null,null,null,null,null
Fri Oct 23 23:00:00 UTC 2026,1.89407,1.466076879673E7,null,null,null,null,null,null,null,null,null,null
Sat Oct 24 00:00:00 UTC 2026,1.89407,1.466076879673E7,null,null,null,null,null,null,null,null,null,null
Sat Oct 24 01:00:00 UTC 2026,1.89407,1.466076879673E7,null,null,null,null,null,null,null,null,null,null
Sat Oct 24 02:00:00 UTC 2026,1.89407,1.466076879673E7,null,null,null,null,null,null,null,null,null,null
Sat Oct 24 03:00:00 UTC 2026,1.89407,1.466076879673E7,null,null,null,null,null,null,null,null,null,null
Sat Oct 24 04:00:00 UTC 2026,1.89407,1.466076879673E7,null,null,null,null,null,null,null,null,null,null
Sat Oct 24 05:00:00 UTC 2026,1.89407,1.466076879673E7,null,null,null,null,null,null,null,null,null,null
Sat Oct 24 06:00:00 UTC 2026,1.89407,1.466076879673E7,null,null,null,null,null,null,null,null,null,null
Sat Oct 24 07:00:00 UTC 2026,1.89407,1.466076879673E7,null,null,null,null,null,null,null,null,null,null
Sat Oct 24 08:00:00 UTC 2026,1.89407,1.466076879673E7,null,null,null,null,null,null,null,null,null,null
Sat Oct 24 09:00:00 UTC 2026,1.89407,1.466076879673E7,null,null,null,null,null,null,null,null,null,null
Sat Oct 24 10:00:00 UTC 2026,1.89407,1.466076879673E7,null,null,null,null,null,null,null,null,null,null
Sat Oct 24 11:00:00 UTC 2026,1.89407,1.466076879673E7,null,null,null,null,null,null,null,null,null,null
Sat Oct 24 12:00:00 UTC 2026,1.89407,1.466076879673E7,null,null,null,null,null,null,null,null,null,null
Sat Oct 24 13:00:00 UTC 2026,1.89407,1.466076879673E7,null,null,null,null,null,null,null,null,null,null
Sat Oct 24 14:00:00 UTC 2026,1.89407,1.466076879673E7,null,null,null,null,null,null,null,null,null,null
Sat Oct 24 15:00:00 UTC 2026,1.89407,1.466076879673E7,null,null,null,null,null,null,null,null,null,null
Sat Oct 24 16:00:00 UTC 2026,1.89407,1.466076879673E7,null,null,null,null,null,null,null,null,null,null
Sat Oct 24 17:00:00 UTC 2026,1.89407,1.466076879673E7,null,null,null,null,null,null,null,null,null,null
Sat Oct 24 18:00:00 UTC 2026,1.89407,1.466076879673E7,null,null,null,null,null,null,null,null,null,null
Sat Oct 24 19:00:00 UTC 2026,1.89407,1.466076879673E7,null,null,null,null,null,null,null,null,null,null
Sat Oct 24 20:00:00 UTC 2026,1.89407,1.466076879673E7,null,null,null,null,null,null,null,null,null,null
Sat Oct 24 21:00:00 UTC 2026,1.89407,1.466076879673E7,null,null,null,null,null,null,null,null,null,null
Sat Oct 24 22:00:00 UTC 2026,1.89407,1.466076879673E7,null,null,null,null,null,null,null,null,null,null
Sat Oct 24 23:00:00 UTC 2026,1.89407,1.466076879673E7,null,null,null,null,null,null,null,null,null,null
Sun Oct 25 00:00:00 UTC 2026,1.89407,1.466076879673E7,null,null,null,null,null,null,null,null,null,null
Sun Oct 25 01:00:00 UTC 2026,1.89407,1.466076879673E7,null,null,null,null,null,null,null,null,null,null
Sun Oct 25 02:00:00 UTC 2026,1.89407,1.466076879673E7,null,null,null,null,null,null,null,null,null,null
Sun Oct 25 03:00:00 UTC 2026,1.89407,1.466076879673E7,null,null,null,null,null,null,null,null,null,null
Sun Oct 25 04:00:00 UTC 2026,1.89407,1.466076879673E7,null,null,null,null,null,null,null,null,null,null
Sun Oct 25 05:00:00 UTC 2026,1.89407,1.466076879673E7,null,null,null,null,null,null,null,null,null,null
Sun Oct 25 06:00:00 UTC 2026,1.89407,1.466076879673E7,null,null,null,null,null,null,null,null,null,null
Sun Oct 25 07:00:00 UTC 2026,1.89407,1.466076879673E7,null,null,null,null,null,null,null,null,null,null
Sun Oct 25 08:00:00 UTC 2026,1.89407,1.466076879673E7,null,null,null,null,null,null,null,null,null,null
Sun Oct 25 09:00:00 UTC 2026,1.89407,1.466076879673E7,null,null,null,null,null,null,null,null,null,null
Sun Oct 25 10:00:00 UTC 2026,1.89407,1.466076879673E7,null,null,null,null,null,null,null,null,null,null
Sun Oct 25 11:00:00 UTC 2026,1.89407,1.466076879673E7,null,null,null,null,null,null,null,null,null,null
Sun Oct 25 12:00:00 UTC 2026,1.89407,1.466076879673E7,null,null,null,null,null,null,null,null,null,null
Sun Oct 25 13:00:00 UTC 2026,1.89407,1.466076879673E7,null,null,null,null,null,null,null,null,null,null
Sun Oct 25 14:00:00 UTC 2026,1.89407,1.466076879673E7,null,null,null,null,null,null,null,null,null,null
Sun Oct 25 15:00:00 UTC 2026,1.89407,1.466076879673E7,null,null,null,null,null,null,null,null,null,null
Sun Oct 25 16:00:00 UTC 2026,1.89407,1.466076879673E7,null,null,null,null,null,null,null,null,null,null
Sun Oct 25 17:00:00 UTC 2026,1.89407,1.466076879673E7,null,null,null,null,null,null,null,null,null,null
Sun Oct 25 18:00:00 UTC 2026,1.89407,1.466076879673E7,null,null,null,null,null,null,null,null,null,null
Sun Oct 25 19:00:00 UTC 2026,1.89407,1.466076879673E7,null,null,null,null,null,null,null,null,null,null
Sun Oct 25 20:00:00 UTC 2026,1.89407,1.466076879673E7,null,null,null,null,null,null,null,null,null,null
Sun Oct 25 21:00:00 UTC 2026,1.89407,1.447301179673E7,null,null,null,null,null,null,null,null,null,null
Sun Oct 25 22:00:00 UTC 2026,1.89407,1.487621579673E7,null,null,null,null,null,null,null,null,null,null
Sun Oct 25 23:00:00 UTC 2026,1.89407,1.504075979673E7,null,null,null,null,null,null,null,null,null,null
Mon Oct 26 00:00:00 UTC 2026,1.89407,1.477487279673E7,null,null,null,null,null,null,null,null,null,null
Mon Oct 26 01:00:00 UTC 2026,1.89407,1.430078779673E7,null,null,null,null,null,null,null,null,null,null
Mon Oct 26 02:00:00 UTC 2026,1.89407,1.410759379673E7,null,null,null,null,null,null,null,null,null,null
Mon Oct 26 03:00:00 UTC 2026,1.89407,1.419607579673E7,null,null,null,null,null,null,null,null,null,null
Mon Oct 26 04:00:00 UTC 2026,1.89407,1.396045279673E7,null,null,null,null,null,null,null,null,null,null
Mon Oct 26 05:00:00 UTC 2026,1.89407,1.384642179673E7,null,null,null,null,null,null,null,null,null,null
Mon Oct 26 06:00:00 UTC 2026,1.89407,1.515185579673E7,null,null,null,null,null,null,null,null,null,null
Mon Oct 26 07:00:00 UTC 2026,1.89407,1.468604279673E7,null,null,null,null,null,null,null,null,null,null
Mon Oct 26 08:00:00 UTC 2026,1.89407,1.388638079673E7,null,null,null,null,null,null,null,null,null,null
Mon Oct 26 09:00:00 UTC 2026,1.89407,1.427418679673E7,null,null,null,null,null,null,null,null,null,null
Mon Oct 26 10:00:00 UTC 2026,1.89407,1.426431579673E7,null,null,null,null,null,null,null,null,null,null
Mon Oct 26 11:00:00 UTC 2026,1.89407,1.429114379673E7,null,null,null,null,null,null,null,null,null,null
Mon Oct 26 12:00:00 UTC 2026,1.89407,1.344279479673E7,null,null,null,null,null,null,null,null,null,null
Mon Oct 26 13:00:00 UTC 2026,1.89407,1.400740479673E7,null,null,null,null,null,null,null,null,null,null
Mon Oct 26 14:00:00 UTC 2026,1.89407,1.356087979673E7,null,null,null,null,null,null,null,null,null,null
Mon Oct 26 15:00:00 UTC 2026,1.89407,1.380305779673E7,null,null,null,null,null,null,null,null,null,null
Mon Oct 26 16:00:00 UTC 2026,1.89407,1.398659979673E7,null,null,null,null,null,null,null,null,null,null
Mon Oct 26 17:00:00 UTC 2026,1.89407,1.387302079673E7,null,null,null,null,null,null,null,null,null,null
Mon Oct 26 18:00:00 UTC 2026,1.89407,1.368921379673E7,null,null,null,null,null,null,null,null,null,null
Mon Oct 26 19:00:00 UTC 2026,1.89407,7533522.7967300005,null,null,null,null,null,null,null,null,null,null
Mon Oct 26 20:00:00 UTC 2026,1.89407,7376799.7967300005,null,null,null,null,null,null,null,null,null,null
Mon Oct 26 21:00:00 UTC 2026,1.89407,7398487.7967300005,null,null,null,null,null,null,null,null,null,null
Mon Oct 26 22:00:00 UTC 2026,1.89407,7551752.7967300005,null,null,null,null,null,null,null,null,null,null
Mon Oct 26 23:00:00 UTC 2026,1.89407,7739196.79673,null,null,null,null,null,null,null,null,null,null
Tue Oct 27 00:00:00 UTC 2026,1.89407,7827282.79673,null,null,null,null,null,null,null,null,null,null
Tue Oct 27 01:00:00 UTC 2026,1.89407,7810519.79673,null,null,null,null,null,null,null,null,null,null
Tue Oct 27 02:00:00 UTC 2026,1.89407,7991726.79673,null,null,null,null,null,null,null,null,null,null
Tue Oct 27 03:00:00 UTC 2026,1.89407,8017471.79673,null,null,null,null,null,null,null,null,null,null
Tue Oct 27 04:00:00 UTC 2026,1.89407,7908068.79673,null,null,null,null,null,null,null,null,null,null
Tue Oct 27 05:00:00 UTC 2026,1.89407,8094691.79673,null,null,null,null,null,null,null,null,null,null
Tue Oct 27 06:00:00 UTC 2026,1.89407,8067693.79673,null,null,null,null,null,null,null,null,null,null
Tue Oct 27 07:00:00 UTC 2026,1.89407,8199256.79673,null,null,null,null,null,null,null,null,null,null
Tue Oct 27 08:00:00 UTC 2026,1.89407,1.530389479673E7,null,null,null,null,null,null,null,null,null,null
Tue Oct 27 09:00:00 UTC 2026,1.89407,1.535002879673E7,null,null,null,null,null,null,null,null,null,null
Tue Oct 27 10:00:00 UTC 2026,1.89407,1.531284779673E7,null,null,null,null,null,null,null,null,null,null
Tue Oct 27 11:00:00 UTC 2026,1.89407,1.533824879673E7,null,null,null,null,null,null,null,null,null,null
Tue Oct 27 12:00:00 UTC 2026,1.89407,1.538867679673E7,null,null,null,null,null,null,null,null,null,null
Tue Oct 27 13:00:00 UTC 2026,1.89407,1.534530779673E7,null,null,null,null,null,null,null,null,null,null
Tue Oct 27 14:00:00 UTC 2026,1.89407,1.532927679673E7,null,null,null,null,null,null,null,null,null,null
Tue Oct 27 15:00:00 UTC 2026,1.89407,1.538047279673E7,null,null,null,null,null,null,null,null,null,null
Tue Oct 27 16:00:00 UTC 2026,1.89407,1.537888379673E7,null,null,null,null,null,null,null,null,null,null
Tue Oct 27 17:00:00 UTC 2026,1.89407,1.537876279673E7,null,null,null,null,null,null,null,null,null,null
Tue Oct 27 18:00:00 UTC 2026,1.89407,1.541029579673E7,null,null,null,null,null,null,null,null,null,null
Tue Oct 27 19:00:00 UTC 2026,1.89407,1.538405279673E7,null,null,null,null,null,null,null,null,null,null
Tue Oct 27 20:00:00 UTC 2026,1.89407,1.545317279673E7,null,null,null,null,null,null,null,null,null,null
Tue Oct 27 21:00:00 UTC 2026,1.89407,1.541868179673E7,null,null,null,null,null,null,null,null,null,null
Tue Oct 27 22:00:00 UTC 2026,1.89407,1.540984179673E7,null,null,null,null,null,null,null,null,null,null
Tue Oct 27 23:00:00 UTC 2026,1.89407,1.539625579673E7,null,null,null,null,null,null,null,null,null,null
Wed Oct 28 00:00:00 UTC 2026,1.89407,1.538190479673E7,null,null,null,null,null,null,null,null,null,null
Wed Oct 28 01:00:00 UTC 2026,1.89407,1.536142379673E7,null,null,null,null,null,null,null,null,null,null
Wed Oct 28 02:00:00 UTC 2026,1.89407,1.530144079673E7,null,null,null,null,null,null,null,null,null,null
Wed Oct 28 03:00:00 UTC 2026,1.89407,1.533140879673E7,null,null,null,null,null,null,null,null,null,null
Wed Oct 28 04:00:00 UTC 2026,1.89407,1.532548079673E7,null,null,null,null,null,null,null,null,null,null
Wed Oct 28 05:00:00 UTC 2026,1.89407,1.530228979673E7,null,null,null,null,null,null,null,null,null,null
Wed Oct 28 06:00:00 UTC 2026,1.89407,1.524134879673E7,null,null,null,null,null,null,null,null,null,null
Wed Oct 28 07:00:00 UTC 2026,1.89407,1.527703079673E7,null,null,null,null,null,null,null,null,null,null
Wed Oct 28 08:00:00 UTC 2026,1.89407,1.524335979673E7,null,null,null,null,null,null,null,null,null,null
Wed Oct 28 09:00:00 UTC 2026,1.89407,1.523635379673E7,null,null,null,null,null,null,null,null,null,null
Wed Oct 28 10:00:00 UTC 2026,1.89407,1.510194479673E7,null,null,null,null,null,null,null,null,null,null
Wed Oct 28 11:00:00 UTC 2026,1.89407,1.509721879673E7,null,null,null,null,null,null,null,null,null,null
Wed Oct 28 12:00:00 UTC 2026,1.89407,1.506281879673E7,null,null,null,null,null,null,null,null,null,null
Wed Oct 28 13:00:00 UTC 2026,1.89407,1.514354079673E7,null,null,null,null,null,null,null,null,null,null
Wed Oct 28 14:00:00 UTC 2026,1.89407,1.528689679673E7,null,null,null,null,null,null,null,null,null,null
Wed Oct 28 15:00:00 UTC 2026,1.89407,1.526122479673E7,null,null,null,null,null,null,null,null,null,null
Wed Oct 28 16:00:00 UTC 2026,1.89407,1.518942979673E7,null,null,null,null,null,null,null,null,null,null
Wed Oct 28 17:00:00 UTC 2026,1.89407,1.546478179673E7,null,null,null,null,null,null,null,null,null,null
Wed Oct 28 18:00:00 UTC 2026,1.89407,1.554853279673E7,null,null,null,null,null,null,null,null,null,null
Wed Oct 28 19:00:00 UTC 2026,1.89407,1.552492179673E7,null,null,null,null,null,null,null,null,null,null
Wed Oct 28 20:00:00 UTC 2026,1.89407,1.553663879673E7,null,null,null,null,null,null,null,null,null,null
Wed Oct 28 21:00:00 UTC 2026,1.89407,1.545809579673E7,null,null,null,null,null,null,null,null,null,null
Wed Oct 28 22:00:00 UTC 2026,1.89407,1.534988579673E7,null,null,null,null,null,null,null,null,null,null
Wed Oct 28 23:00:00 UTC 2026,1.89407,1.538232779673E7,null,null,null,null,null,null,null,null,null,null
Thu Oct 29 00:00:00 UTC 2026,1.89407,1.544411979673E7,null,null,null,null,null,null,null,null,null,null
Thu Oct 29 01:00:00 UTC 2026,1.89407,1.541579479673E7,null,null,null,null,null,null,null,null,null,null
Thu Oct 29 02:00:00 UTC 2026,1.89407,1.532287579673E7,null,null,null,null,null,null,null,null,null,null
Thu Oct 29 03:00:00 UTC 2026,1.89407,1.530983979673E7,null,null,null,null,null,null,null,null,null,null
Thu Oct 29 04:00:00 UTC 2026,1.89407,1.530685979673E7,null,null,null,null,null,null,null,null,null,null
Thu Oct 29 05:00:00 UTC 2026,1.89407,1.530670379673E7,null,null,null,null,null,null,null,null,null,null
Thu Oct 29 06:00:00 UTC 2026,1.89407,1.528386879673E7,null,null,null,null,null,null,null,null,null,null
Thu Oct 29 07:00:00 UTC 2026,1.89407,1.523399779673E7,null,null,null,null,null,null,null,null,null,null
Thu Oct 29 08:00:00 UTC 2026,1.89407,1.526607179673E7,null,null,null,null,null,null,null,null,null,null
Thu Oct 29 09:00:00 UTC 2026,1.89407,1.531413979673E7,null,null,null,null,null,null,null,null,null,null
Thu Oct 29 10:00:00 UTC 2026,1.89407,1.541286079673E7,null,null,null,null,null,null,null,null,null,null
Thu Oct 29 11:00:00 UTC 2026,1.89407,1.539848979673E7,null,null,null,null,null,null,null,null,null,null
Thu Oct 29 12:00:00 UTC 2026,1.89407,1.537836179673E7,null,null,null,null,null,null,null,null,null,null
Thu Oct 29 13:00:00 UTC 2026,1.89407,1.537135579673E7,null,null,null,null,null,null,null,null,null,null
Thu Oct 29 14:00:00 UTC 2026,1.89407,1.542896379673E7,null,null,null,null,null,null,null,null,null,null
Thu Oct 29 15:00:00 UTC 2026,1.89407,1.533631979673E7,null,null,null,null,null,null,null,null,null,null
Thu Oct 29 16:00:00 UTC 2026,1.89407,1.540295179673E7,null,null,null,null,null,null,null,null,null,null
Thu Oct 29 17:00:00 UTC 2026,1.89407,1.543842579673E7,null,null,null,null,null,null,null,null,null,null
Thu Oct 29 18:00:00 UTC 2026,1.89407,1.542853979673E7,null,null,null,null,null,null,null,null,null,null
Thu Oct 29 19:00:00 UTC 2026,1.89407,1.539640479673E7,null,null,null,null,null,null,null,null,null,null
Thu Oct 29 20:00:00 UTC 2026,1.89407,1.535267479673E7,null,null,null,null,null,null,null,null,null,null
Thu Oct 29 21:00:00 UTC 2026,1.89407,1.533740079673E7,null,null,null,null,null,null,null,null,null,null
Thu Oct 29 22:00:00 UTC 2026,1.89407,1.536124379673E7,null,null,null,null,null,null,null,null,null,null
Thu Oct 29 23:00:00 UTC 2026,1.89407,1.535504679673E7,null,null,null,null,null,null,null,null,null,null
Fri Oct 30 00:00:00 UTC 2026,1.89407,1.539951679673E7,null,null,null,null,null,null,null,null,null,null
Fri Oct 30 01:00:00 UTC 2026,1.89407,1.540366579673E7,null,null,null,null,null,null,null,null,null,null
Fri Oct 30 02:00:00 UTC 2026,1.89407,1.543502179673E7,null,null,null,null,null,null,null,null,null,null
Fri Oct 30 03:00:00 UTC 2026,1.89407,1.542503379673E7,null,null,null,null,null,null,null,null,null,null
Fri Oct 30 04:00:00 UTC 2026,1.89407,1.546929479673E7,null,null,null,null,null,null,null,null,null,null
Fri Oct 30 05:00:00 UTC 2026,1.89407,1.544630579673E7,null,null,null,null,null,null,null,null,null,null
Fri Oct 30 06:00:00 UTC 2026,1.89407,1.554058379673E7,null,null,null,null,null,null,null,null,null,null
Fri Oct 30 07:00:00 UTC 2026,1.89407,1.556185479673E7,null,null,null,null,null,null,null,null,null,null
Fri Oct 30 08:00:00 UTC 2026,1.89407,1.554516179673E7,null,null,null,null,null,null,null,null,null,null
Fri Oct 30 09:00:00 UTC 2026,1.89407,1.562816879673E7,null,null,null,null,null,null,null,null,null,null
Fri Oct 30 10:00:00 UTC 2026,1.89407,1.563915379673E7,null,null,null,null,null,null,null,null,null,null
Fri Oct 30 11:00:00 UTC 2026,1.89407,1.561734479673E7,null,null,null,null,null,null,null,null,null,null
Fri Oct 30 12:00:00 UTC 2026,1.89407,1.562336879673E7,null,null,null,null,null,null,null,null,null,null
Fri Oct 30 13:00:00 UTC 2026,1.89407,1.565861379673E7,null,null,null,null,null,null,null,null,null,null
Fri Oct 30 14:00:00 UTC 2026,1.89407,1.563288679673E7,null,null,null,null,null,null,null,null,null,null
Fri Oct 30 15:00:00 UTC 2026,1.89407,1.550027079673E7,null,null,null,null,null,null,null,null,null,null
Fri Oct 30 16:00:00 UTC 2026,1.89407,1.554550279673E7,null,null,null,null,null,null,null,null,null,null
Fri Oct 30 17:00:00 UTC 2026,1.89407,1.554896579673E7,null,null,null,null,null,null,null,null,null,null
Fri Oct 30 18:00:00 UTC 2026,1.89407,1.554627779673E7,null,null,null,null,null,null,null,null,null,null
Fri Oct 30 19:00:00 UTC 2026,1.89407,1.553331479673E7,null,null,null,null,null,null,null,null,null,null
Fri Oct 30 20:00:00 UTC 2026,1.89407,1.547688779673E7,null,null,null,null,null,null,null,null,null,null
Fri Oct 30 21:00:00 UTC 2026,1.89407,1.547688779673E7,null,null,null,null,null,null,null,null,null,null
Fri Oct 30 22:00:00 UTC 2026,1.89407,1.547688779673E7,null,null,null,null,null,null,null,null,null,null
Fri Oct 30 23:00:00 UTC 2026,1.89407,1.547688779673E7,null,null,null,null,null,null,null,null,null,null
Sat Oct 31 00:00:00 UTC 2026,1.89407,1.547688779673E7,null,null,null,null,null,null,null,null,null,null
Sat Oct 31 01:00:00 UTC 2026,1.89407,1.547688779673E7,null,null,null,null,null,null,null,null,null,null
Sat Oct 31 02:00:00 UTC 2026,1.89407,1.547688779673E7,null,null,null,null,null,null,null,null,null,null
Sat Oct 31 03:00:00 UTC 2026,1.89407,1.547688779673E7,null,null,null,null,null,null,null,null,null,null
Sat Oct 31 04:00:00 UTC 2026,1.89407,1.547688779673E7,null,null,null,null,null,null,null,null,null,null
Sat Oct 31 05:00:00 UTC 2026,1.89407,1.547688779673E7,null,null,null,null,null,null,null,null,null,null
Sat Oct 31 06:00:00 UTC 2026,1.89407,1.547688779673E7,null,null,null,null,null,null,null,null,null,null
Sat Oct 31 07:00:00 UTC 2026,1.89407,1.547688779673E7,null,null,null,null,null,null,null,null,null,null
Sat Oct 31 08:00:00 UTC 2026,1.89407,1.547688779673E7,null,null,null,null,null,null,null,null,null,null
Sat Oct 31 09:00:00 UTC 2026,1.89407,1.547688779673E7,null,null,null,null,null,null,null,null,null,null
Sat Oct 31 10:00:00 UTC 2026,1.89407,1.547688779673E7,null,null,null,null,null,null,null,null,null,null
Sat Oct 31 11:00:00 UTC 2026,1.89407,1.547688779673E7,null,null,null,null,null,null,null,null,null,null
Sat Oct 31 12:00:00 UTC 2026,1.89407,1.547688779673E7,null,null,null,null,null,null,null,null,null,null
Sat Oct 31 13:00:00 UTC 2026,1.89407,1.547688779673E7,null,null,null,null,null,null,null,null,null,null
Sat Oct 31 14:00:00 UTC 2026,1.89407,1.547688779673E7,null,null,null,null,null,null,null,null,null,null
Sat Oct 31 15:00:00 UTC 2026,1.89407,1.547688779673E7,null,null,null,null,null,null,null,null,null,null
Sat Oct 31 16:00:00 UTC 2026,1.89407,1.547688779673E7,null,null,null,null,null,null,null,null,null,null
Sat Oct 31 17:00:00 UTC 2026,1.89407,1.547688779673E7,null,null,null,null,null,null,null,null,null,null
Sat Oct 31 18:00:00 UTC 2026,1.89407,1.547688779673E7,null,null,null,null,null,null,null,null,null,null
Sat Oct 31 19:00:00 UTC 2026,1.89407,1.547688779673E7,null,null,null,null,null,null,null,null,null,null
Sat Oct 31 20:00:00 UTC 2026,1.89407,1.547688779673E7,null,null,null,null,null,null,null,null,null,null
Sat Oct 31 21:00:00 UTC 2026,1.89407,1.547688779673E7,null,null,null,null,null,null,null,null,null,null
Sat Oct 31 22:00:00 UTC 2026,1.89407,1.547688779673E7,null,null,null,null,null,null,null,null,null,null
Sat Oct 31 23:00:00 UTC 2026,1.89407,1.547688779673E7,null,null,null,null,null,null,null,null,null,null
Sun Nov 01 00:00:00 UTC 2026,1.89407,1.547688779673E7,null,null,null,null,null,null,null,null,null,null
Sun Nov 01 01:00:00 UTC 2026,1.89407,1.547688779673E7,null,null,null,null,null,null,null,null,null,null
Sun Nov 01 02:00:00 UTC 2026,1.89407,1.547688779673E7,null,null,null,null,null,null,null,null,null,null
Sun Nov 01 03:00:00 UTC 2026,1.89407,1.547688779673E7,null,null,null,null,null,null,null,null,null,null
Sun Nov 01 04:00:00 UTC 2026,1.89407,1.547688779673E7,null,null,null,null,null,null,null,null,null,null
Sun Nov 01 05:00:00 UTC 2026,1.89407,1.547688779673E7,null,null,null,null,null,null,null,null,null,null
Sun Nov 01 06:00:00 UTC 2026,1.89407,1.547688779673E7,null,null,null,null,null,null,null,null,null,null
Sun Nov 01 07:00:00 UTC 2026,1.89407,1.547688779673E7,null,null,null,null,null,null,null,null,null,null
Sun Nov 01 08:00:00 UTC 2026,1.89407,1.547688779673E7,null,null,null,null,null,null,null,null,null,null
Sun Nov 01 09:00:00 UTC 2026,1.89407,1.547688779673E7,null,null,null,null,null,null,null,null,null,null
Sun Nov 01 10:00:00 UTC 2026,1.89407,1.547688779673E7,null,null,null,null,null,null,null,null,null,null
Sun Nov 01 11:00:00 UTC 2026,1.89407,1.547688779673E7,null,null,null,null,null,null,null,null,null,null
Sun Nov 01 12:00:00 UTC 2026,1.89407,1.547688779673E7,null,null,null,null,null,null,null,null,null,null
Sun Nov 01 13:00:00 UTC 2026,1.89407,1.547688779673E7,null,null,null,null,null,null,null,null,null,null
Sun Nov 01 14:00:00 UTC 2026,1.89407,1.547688779673E7,null,null,null,null,null,null,null,null,null,null
Sun Nov 01 15:00:00 UTC 2026,1.89407,1.547688779673E7,null,null,null,null,null,null,null,null,null,null
Sun Nov 01 16:00:00 UTC 2026,1.89407,1.547688779673E7,null,null,null,null,null,null,null,null,null,null
Sun Nov 01 17:00:00 UTC 2026,1.89407,1.547688779673E7,null,null,null,null,null,null,null,null,null,null
Sun Nov 01 18:00:00 UTC 2026,1.89407,1.547688779673E7,null,null,null,null,null,null,null,null,null,null
Sun Nov 01 19:00:00 UTC 2026,1.89407,1.547688779673E7,null,null,null,null,null,null,null,null,null,null
Sun Nov 01 20:00:00 UTC 2026,1.89407,1.547688779673E7,null,null,null,null,null,null,null,null,null,null
Sun Nov 01 21:00:00 UTC 2026,1.89407,1.547876979673E7,null,null,null,null,null,null,null,null,null,null
Sun Nov 01 22:00:00 UTC 2026,1.89407,1.548846479673E7,null,null,null,null,null,null,null,null,null,null
Sun Nov 01 23:00:00 UTC 2026,1.89407,1.544610579673E7,null,null,null,null,null,null,null,null,null,null
Mon Nov 02 00:00:00 UTC 2026,1.89407,1.547740279673E7,null,null,null,null,null,null,null,null,null,null
Mon Nov 02 01:00:00 UTC 2026,1.89407,1.548913479673E7,null,null,null,null,null,null,null,null,null,null
Mon Nov 02 02:00:00 UTC 2026,1.89407,1.552517779673E7,null,null,null,null,null,null,null,null,null,null
Mon Nov 02 03:00:00 UTC 2026,1.89407,1.560310379673E7,null,null,null,null,null,null,null,null,null,null
Mon Nov 02 04:00:00 UTC 2026,1.89407,1.559318279673E7,null,null,null,null,null,null,null,null,null,null
Mon Nov 02 05:00:00 UTC 2026,1.89407,1.555440479673E7,null,null,null,null,null,null,null,null,null,null
Mon Nov 02 06:00:00 UTC 2026,1.89407,1.565203279673E7,null,null,null,null,null,null,null,null,null,null
Mon Nov 02 07:00:00 UTC 2026,1.89407,1.561134079673E7,null,null,null,null,null,null,null,null,null,null
Mon Nov 02 08:00:00 UTC 2026,1.89407,1.562982679673E7,null,null,null,null,null,null,null,null,null,null
Mon Nov 02 09:00:00 UTC 2026,1.89407,1.564999479673E7,null,null,null,null,null,null,null,null,null,null
Mon Nov 02 10:00:00 UTC 2026,1.89407,1.555573079673E7,null,null,null,null,null,null,null,null,null,null
Mon Nov 02 11:00:00 UTC 2026,1.89407,1.555885479673E7,null,null,null,null,null,null,null,null,null,null
Mon Nov 02 12:00:00 UTC 2026,1.89407,1.551467679673E7,null,null,null,null,null,null,null,null,null,null
Mon Nov 02 13:00:00 UTC 2026,1.89407,1.549365179673E7,null,null,null,null,null,null,null,null,null,null
Mon Nov 02 14:00:00 UTC 2026,1.89407,1.555063379673E7,null,null,null,null,null,null,null,null,null,null
Mon Nov 02 15:00:00 UTC 2026,1.89407,1.546901579673E7,null,null,null,null,null,null,null,null,null,null
Mon Nov 02 16:00:00 UTC 2026,1.89407,1.547092379673E7,null,null,null,null,null,null,null,null,null,null
Mon Nov 02 17:00:00 UTC 2026,1.89407,1.545467379673E7,null,null,null,null,null,null,null,null,null,null
Mon Nov 02 18:00:00 UTC 2026,1.89407,1.544708079673E7,null,null,null,null,null,null,null,null,null,null
Mon Nov 02 19:00:00 UTC 2026,1.89407,1.545053479673E7,null,null,null,null,null,null,null,null,null,null
Mon Nov 02 20:00:00 UTC 2026,1.89407,1.541955979673E7,null,null,null,null,null,null,null,null,null,null
Mon Nov 02 21:00:00 UTC 2026,1.89407,1.546055279673E7,null,null,null,null,null,null,null,null,null,null
Mon Nov 02 22:00:00 UTC 2026,1.89407,1.537644179673E7,null,null,null,null,null,null,null,null,null,null
Mon Nov 02 23:00:00 UTC 2026,1.89407,1.537319379673E7,null,null,null,null,null,null,null,null,null,null
Tue Nov 03 00:00:00 UTC 2026,1.89407,1.542881479673E7,null,null,null,null,null,null,null,null,null,null
Tue Nov 03 01:00:00 UTC 2026,1.89407,1.543993779673E7,null,null,null,null,null,null,null,null,null,null
Tue Nov 03 02:00:00 UTC 2026,1.89407,1.540306879673E7,null,null,null,null,null,null,null,null,null,null
Tue Nov 03 03:00:00 UTC 2026,1.89407,1.541378879673E7,null,null,null,null,null,null,null,null,null,null
Tue Nov 03 04:00:00 UTC 2026,1.89407,1.530801179673E7,null,null,null,null,null,null,null,null,null,null
Tue Nov 03 05:00:00 UTC 2026,1.89407,1.526942279673E7,null,null,null,null,null,null,null,null,null,null
Tue Nov 03 06:00:00 UTC 2026,1.89407,1.531916779673E7,null,null,null,null,null,null,null,null,null,null
Tue Nov 03 07:00:00 UTC 2026,1.89407,1.526962679673E7,null,null,null,null,null,null,null,null,null,null
Tue Nov 03 08:00:00 UTC 2026,1.89407,1.604873979673E7,null,null,null,null,null,null,null,null,null,null
Tue Nov 03 09:00:00 UTC 2026,1.89407,1.604835879673E7,null,null,null,null,null,null,null,null,null,null
Tue Nov 03 10:00:00 UTC 2026,1.89407,1.605629779673E7,null,null,null,null,null,null,null,null,null,null
Tue Nov 03 11:00:00 UTC 2026,1.89407,1.605899079673E7,null,null,null,null,null,null,null,null,null,null
Tue Nov 03 12:00:00 UTC 2026,1.89407,1.605777579673E7,null,null,null,null,null,null,null,null,null,null
Tue Nov 03 13:00:00 UTC 2026,1.89407,1.605988879673E7,null,null,null,null,null,null,null,null,null,null
Tue Nov 03 14:00:00 UTC 2026,1.89407,1.606126379673E7,null,null,null,null,null,null,null,null,null,null
Tue Nov 03 15:00:00 UTC 2026,1.89407,1.606480379673E7,null,null,null,null,null,null,null,null,null,null
Tue Nov 03 16:00:00 UTC 2026,1.89407,1.607156379673E7,null,null,null,null,null,null,null,null,null,null
Tue Nov 03 17:00:00 UTC 2026,1.89407,1.607241079673E7,null,null,null,null,null,null,null,null,null,null
Tue Nov 03 18:00:00 UTC 2026,1.89407,1.607130379673E7,null,null,null,null,null,null,null,null,null,null
Tue Nov 03 19:00:00 UTC 2026,1.89407,1.606882079673E7,null,null,null,null,null,null,null,null,null,null
Tue Nov 03 20:00:00 UTC 2026,1.89407,1.607151279673E7,null,null,null,null,null,null,null,null,null,null
Tue Nov 03 21:00:00 UTC 2026,1.89407,1.607267079673E7,null,null,null,null,null,null,null,null,null,null
Tue Nov 03 22:00:00 UTC 2026,1.89407,1.607119479673E7,null,null,null,null,null,null,null,null,null,null
Tue Nov 03 23:00:00 UTC 2026,1.89407,1.607425679673E7,null,null,null,null,null,null,null,null,null,null
Wed Nov 04 00:00:00 UTC 2026,1.89407,1.607599379673E7,null,null,null,null,null,null,null,null,null,null
Wed Nov 04 01:00:00 UTC 2026,1.89407,1.607165879673E7,null,null,null,null,null,null,null,null,null,null
Wed Nov 04 02:00:00 UTC 2026,1.89407,1.607835479673E7,null,null,null,null,null,null,null,null,null,null
Wed Nov 04 03:00:00 UTC 2026,1.89407,1.608015579673E7,null,null,null,null,null,null,null,null,null,null
Wed Nov 04 04:00:00 UTC 2026,1.89407,1.608195679673E7,null,null,null,null,null,null,null,null,null,null
Wed Nov 04 05:00:00 UTC 2026,1.89407,1.608315779673E7,null,null,null,null,null,null,null,null,null,null
Wed Nov 04 06:00:00 UTC 2026,1.89407,1.608315779673E7,null,null,null,null,null,null,null,null,null,null
Wed Nov 04 07:00:00 UTC 2026,1.89407,1.608255779673E7,null,null,null,null,null,null,null,null,null,null
Wed Nov 04 08:00:00 UTC 2026,1.89407,1.608255779673E7,null,null,null,null,null,null,null,null,null,null
Wed Nov 04 09:00:00 UTC 2026,1.89407,1.608135679673E7,null,null,null,null,null,null,null,null,null,null
Wed Nov 04 10:00:00 UTC 2026,1.89407,1.608255779673E7,null,null,null,null,null,null,null,null,null,null
Wed Nov 04 11:00:00 UTC 2026,1.89407,1.608495879673E7,null,null,null,null,null,null,null,null,null,null
Wed Nov 04 12:00:00 UTC 2026,1.89407,1.608675979673E7,null,null,null,null,null,null,null,null,null,null
Wed Nov 04 13:00:00 UTC 2026,1.89407,1.608675979673E7,null,null,null,null,null,null,null,null,null,null
Wed Nov 04 14:00:00 UTC 2026,1.89407,1.608736079673E7,null,null,null,null,null,null,null,null,null,null
Wed Nov 04 15:00:00 UTC 2026,1.89407,1.608736079673E7,null,null,null,null,null,null,null,null,null,null
Wed Nov 04 16:00:00 UTC 2026,1.89407,1.608736079673E7,null,null,null,null,null,null,null,null,null,null
Wed Nov 04 17:00:00 UTC 2026,1.89407,1.608796079673E7,null,null,null,null,null,null,null,null,null,null
Wed Nov 04 18:00:00 UTC 2026,1.89407,1.608736079673E7,null,null,null,null,null,null,null,null,null,null
Wed Nov 04 19:00:00 UTC 2026,1.89407,1.608675979673E7,null,null,null,null,null,null,null,null,null,null
Wed Nov 04 20:00:00 UTC 2026,1.89407,1.608615979673E7,null,null,null,null,null,null,null,null,null,null
Wed Nov 04 21:00:00 UTC 2026,1.89407,1.608615979673E7,null,null,null,null,null,null,null,null,null,null
Wed Nov 04 22:00:00 UTC 2026,1.89407,1.608736079673E7,null,null,null,null,null,null,null,null,null,null
Wed Nov 04 23:00:00 UTC 2026,1.89407,1.608736079673E7,null,null,null,null,null,null,null,null,null,null
Thu Nov 05 00:00:00 UTC 2026,1.89407,1.608736079673E7,null,null,null,null,null,null,null,null,null,null
Thu Nov 05 01:00:00 UTC 2026,1.89407,1.608736079673E7,null,null,null,null,null,null,null,null,null,null
Thu Nov 05 02:00:00 UTC 2026,1.89407,1.608736079673E7,null,null,null,null,null,null,null,null,null,null
Thu Nov 05 03:00:00 UTC 2026,1.89407,1.609036279673E7,null,null,null,null,null,null,null,null,null,null
Thu Nov 05 04:00:00 UTC 2026,1.89407,1.609036279673E7,null,null,null,null,null,null,null,null,null,null
Thu Nov 05 05:00:00 UTC 2026,1.89407,1.609036279673E7,null,null,null,null,null,null,null,null,null,null
Thu Nov 05 06:00:00 UTC 2026,1.89407,1.609036279673E7,null,null,null,null,null,null,null,null,null,null
Thu Nov 05 07:00:00 UTC 2026,1.89407,1.609096279673E7,null,null,null,null,null,null,null,null,null,null
Thu Nov 05 08:00:00 UTC 2026,1.89407,1.609096279673E7,null,null,null,null,null,null,null,null,null,null
Thu Nov 05 09:00:00 UTC 2026,1.89407,1.609036279673E7,null,null,null,null,null,null,null,null,null,null
Thu Nov 05 10:00:00 UTC 2026,1.89407,1.609036279673E7,null,null,null,null,null,null,null,null,null,null
Thu Nov 05 11:00:00 UTC 2026,1.89407,1.609096279673E7,null,null,null,null,null,null,null,null,null,null
Thu Nov 05 12:00:00 UTC 2026,1.89407,1.609036279673E7,null,null,null,null,null,null,null,null,null,null
Thu Nov 05 13:00:00 UTC 2026,1.89407,1.609036279673E7,null,null,null,null,null,null,null,null,null,null
Thu Nov 05 14:00:00 UTC 2026,1.89407,1.609036279673E7,null,null,null,null,null,null,null,null,null,null
Thu Nov 05 15:00:00 UTC 2026,1.89407,1.609036279673E7,null,null,null,null,null,null,null,null,null,null
Thu Nov 05 16:00:00 UTC 2026,1.89407,1.609036279673E7,null,null,null,null,null,null,null,null,null,null
Thu Nov 05 17:00:00 UTC 2026,1.89407,1.609036279673E7,null,null,null,null,null,null,null,null,null,null
Thu Nov 05 18:00:00 UTC 2026,1.89407,1.609096279673E7,null,null,null,null,null,null,null,null,null,null
Thu Nov 05 19:00:00 UTC 2026,1.89407,1.609036279673E7,null,null,null,null,null,null,null,null,null,null
Thu Nov 05 20:00:00 UTC 2026,1.89407,1.609036279673E7,null,null,null,null,null,null,null,null,null,null
Thu Nov 05 21:00:00 UTC 2026,1.89407,1.609036279673E7,null,null,null,null,null,null,null,null,null,null
Thu Nov 05 22:00:00 UTC 2026,1.89407,1.609036279673E7,null,null,null,null,null,null,null,null,null,null
Thu Nov 05 23:00:00 UTC 2026,1.89407,1.609036279673E7,null,null,null,null,null,null,null,null,null,null
Fri Nov 06 00:00:00 UTC 2026,1.89407,1.609036279673E7,null,null,null,null,null,null,null,null,null,null
Fri Nov 06 01:00:00 UTC 2026,1.89407,1.609036279673E7,null,null,null,null,null,null,null,null,null,null
Fri Nov 06 02:00:00 UTC 2026,1.89407,1.609036279673E7,null,null,null,null,null,null,null,null,null,null
Fri Nov 06 03:00:00 UTC 2026,1.89407,1.609036279673E7,null,null,null,null,null,null,null,null,null,null
Fri Nov 06 04:00:00 UTC 2026,1.89407,1.609096279673E7,null,null,null,null,null,null,null,null,null,null
Fri Nov 06 05:00:00 UTC 2026,1.89407,1.609036279673E7,null,null,null,null,null,null,null,null,null,null
Fri Nov 06 06:00:00 UTC 2026,1.89407,1.609096279673E7,null,null,null,null,null,null,null,null,null,null
Fri Nov 06 07:00:00 UTC 2026,1.89407,1.609096279673E7,null,null,null,null,null,null,null,null,null,null
Fri Nov 06 08:00:00 UTC 2026,1.89407,1.609036279673E7,null,null,null,null,null,null,null,null,null,null
Fri Nov 06 09:00:00 UTC 2026,1.89407,1.609096279673E7,null,null,null,null,null,null,null,null,null,null
Fri Nov 06 10:00:00 UTC 2026,1.89407,1.609096279673E7,null,null,null,null,null,null,null,null,null,null
Fri Nov 06 11:00:00 UTC 2026,1.89407,1.609036279673E7,null,null,null,null,null,null,null,null,null,null
Fri Nov 06 12:00:00 UTC 2026,1.89407,1.609036279673E7,null,null,null,null,null,null,null,null,null,null
Fri Nov 06 13:00:00 UTC 2026,1.89407,1.609036279673E7,null,null,null,null,null,null,null,null,null,null
Fri Nov 06 14:00:00 UTC 2026,1.89407,1.609036279673E7,null,null,null,null,null,null,null,null,null,null
Fri Nov 06 15:00:00 UTC 2026,1.89407,1.609036279673E7,null,null,null,null,null,null,null,null,null,null
Fri Nov 06 16:00:00 UTC 2026,1.89407,1.609096279673E7,null,null,null,null,null,null,null,null,null,null
Fri Nov 06 17:00:00 UTC 2026,1.89407,1.609216379673E7,null,null,null,null,null,null,null,null,null,null
Fri Nov 06 18:00:00 UTC 2026,1.89407,1.609276379673E7,null,null,null,null,null,null,null,null,null,null
Fri Nov 06 19:00:00 UTC 2026,1.89407,1.609216379673E7,null,null,null,null,null,null,null,null,null,null
Fri Nov 06 20:00:00 UTC 2026,1.89407,1.609216379673E7,null,null,null,null,null,null,null,null,null,null
Fri Nov 06 21:00:00 UTC 2026,1.89407,1.609216379673E7,null,null,null,null,null,null,null,null,null,null
Fri Nov 06 22:00:00 UTC 2026,1.89407,1.609216379673E7,null,null,null,null,null,null,null,null,null,null
Fri Nov 06 23:00:00 UTC 2026,1.89407,1.609216379673E7,null,null,null,null,null,null,null,null,null,null
