date,P_Kweek_41_Kday_12_ETE_50_ORD_49_EXT_53_E2Ekor_61_EXTkor_56_DIFF_25,a,b,c,d,e,f,g,h,i,j
Tue Oct 06 06:00:00 UTC 2026,1.6499999999996362,1.6499999999996362,-376.98796477495137,null,-176.98796477495137,null,7568.955555555555,null,7768.955555555556,null
Tue Oct 06 07:00:00 UTC 2026,96.37340425534092,427.64999999999964,-357.0408023483369,null,-157.04080234833702,null,7829.094444444443,null,8029.094444444444,null
Tue Oct 06 08:00:00 UTC 2026,1.6499999999996362,7680.65,-337.09363992172246,null,-137.09363992172246,null,8089.233333333332,null,8289.233333333334,null
Tue Oct 06 09:00:00 UTC 2026,597.0542553191589,8016.65,-317.146477495108,null,-117.146477495108,null,8349.372222222222,null,8549.372222222222,null
Tue Oct 06 10:00:00 UTC 2026,394.0755319147703,8106.65,-297.19931506849355,null,-97.19931506849343,null,8609.51111111111,null,8809.511111111111,null
Tue Oct 06 11:00:00 UTC 2026,921.8202127660004,8269.65,-277.2521526418791,null,-77.25215264187909,null,8869.65,null,9069.65,9169.65
Tue Oct 06 12:00:00 UTC 2026,813.5648936169531,8070.65,-257.3049902152645,null,-57.304990215264525,null,null,null,null,9127.005555555555
Tue Oct 06 13:00:00 UTC 2026,610.5861702125644,7969.65,-237.35782778865007,null,-37.35782778865007,null,null,null,null,9084.361111111111
Tue Oct 06 14:00:00 UTC 2026,1084.2031914892707,7729.65,-217.41066536203562,null,-17.410665362035616,null,null,null,null,9041.716666666667
Tue Oct 06 15:00:00 UTC 2026,935.3521276594059,7856.65,-197.46350293542116,null,2.536497064578839,null,null,null,null,8999.072222222221
Tue Oct 06 16:00:00 UTC 2026,1043.6074468084532,7653.65,-177.5163405088066,null,22.483659491193407,null,null,null,null,8956.427777777777
Tue Oct 06 17:00:00 UTC 2026,948.884042553112,7674.65,-157.56917808219214,null,42.43082191780786,null,null,null,null,8913.783333333333
Tue Oct 06 18:00:00 UTC 2026,2004.3734042552717,7581.65,-137.62201565557757,null,62.377984344422316,null,null,null,null,8871.138888888889
Tue Oct 06 19:00:00 UTC 2026,4183.01170212782,7702.65,-117.67485322896323,null,82.32514677103677,null,null,null,null,8828.494444444445
Tue Oct 06 20:00:00 UTC 2026,4548.373404255479,7494.65,-97.72769080234877,null,102.27230919765134,null,null,null,null,8785.85
Tue Oct 06 21:00:00 UTC 2026,3560.5436170212492,7165.65,-77.78052837573432,null,122.2194716242658,null,null,null,null,8743.205555555556
Tue Oct 06 22:00:00 UTC 2026,4101.820212765885,7154.65,-57.83336594911975,null,142.16663405088025,null,null,null,null,8700.56111111111
Tue Oct 06 23:00:00 UTC 2026,5779.777659574616,7244.65,-37.8862035225053,null,162.1137964774947,null,null,null,null,8657.916666666666
Wed Oct 07 00:00:00 UTC 2026,5915.096808510774,7131.65,-17.93904109589073,null,182.06095890410927,null,null,null,null,8615.272222222222
Wed Oct 07 01:00:00 UTC 2026,7971.94787234057,7266.65,2.008121330723611,null,202.00812133072372,null,null,null,null,8572.627777777778
Wed Oct 07 02:00:00 UTC 2026,7051.777659574569,7221.65,21.95528375733818,null,221.95528375733818,null,null,null,null,8529.983333333334
Wed Oct 07 03:00:00 UTC 2026,6185.735106383092,6978.65,41.902446183952634,null,241.90244618395263,null,null,null,null,8487.33888888889
Wed Oct 07 04:00:00 UTC 2026,6997.650000000045,6920.65,61.8496086105672,null,261.8496086105672,null,null,null,null,8444.694444444443
Wed Oct 07 05:00:00 UTC 2026,7308.884042553182,6900.65,81.79677103718154,null,281.79677103718166,null,null,null,null,8402.05
Wed Oct 07 06:00:00 UTC 2026,7322.415957446887,6654.65,101.74393346379611,null,301.7439334637961,null,null,null,null,8359.405555555555
Wed Oct 07 07:00:00 UTC 2026,7741.90531914907,6601.65,121.69109589041045,null,321.69109589041057,null,null,null,null,8316.761111111111
Wed Oct 07 08:00:00 UTC 2026,7768.969148936181,6607.65,141.63825831702502,null,341.63825831702513,null,null,null,null,8274.116666666667
Wed Oct 07 09:00:00 UTC 2026,7308.884042553182,6646.65,161.58542074363947,null,361.5854207436395,null,null,null,null,8231.47222222222
Wed Oct 07 10:00:00 UTC 2026,8107.267021276729,6725.65,181.53258317025404,null,381.53258317025404,null,null,null,null,8188.827777777777
Wed Oct 07 11:00:00 UTC 2026,8269.65,6761.65,201.4797455968685,null,401.4797455968685,null,null,null,null,8146.1833333333325
Wed Oct 07 12:00:00 UTC 2026,7917.820212766046,6489.65,221.42690802348307,null,421.42690802348307,null,null,null,null,8103.538888888888
Wed Oct 07 13:00:00 UTC 2026,8026.075531915093,6614.65,241.3740704500974,null,441.3740704500974,null,null,null,null,8060.894444444444
Wed Oct 07 14:00:00 UTC 2026,8174.926595744959,6538.65,261.321232876712,null,461.321232876712,null,null,null,null,8018.25
Wed Oct 07 15:00:00 UTC 2026,8107.267021276729,6777.65,281.26839530332643,null,481.26839530332643,null,null,null,null,7975.605555555556
Wed Oct 07 16:00:00 UTC 2026,8053.139361702206,6551.65,301.215557729941,null,501.2155577299409,null,null,null,null,7932.961111111112
Wed Oct 07 17:00:00 UTC 2026,8093.735106383023,6890.65,321.16272015655545,null,521.1627201565553,null,null,null,null,7890.316666666666
Wed Oct 07 18:00:00 UTC 2026,6632.2882978723865,6791.65,341.10988258317,null,541.1098825831699,null,null,null,null,7847.6722222222215
Wed Oct 07 19:00:00 UTC 2026,5657.9904255318625,6606.65,361.05704500978436,null,561.0570450097844,null,null,null,null,7805.027777777777
Wed Oct 07 20:00:00 UTC 2026,6835.267021276775,6644.65,381.0042074363987,null,581.0042074363988,null,null,null,null,7762.383333333332
Wed Oct 07 21:00:00 UTC 2026,5536.20319148941,6711.65,400.95136986301316,null,600.9513698630133,null,null,null,null,7719.738888888889
Wed Oct 07 22:00:00 UTC 2026,3249.309574468114,6619.65,420.8985322896277,null,620.8985322896278,null,null,null,null,7677.094444444444
Wed Oct 07 23:00:00 UTC 2026,2004.3734042552717,6705.65,440.8456947162422,null,640.8456947162423,null,null,null,null,7634.450000000001
Thu Oct 08 00:00:00 UTC 2026,3113.990425531955,6866.65,460.79285714285675,null,660.7928571428567,null,null,null,null,7591.805555555555
Thu Oct 08 01:00:00 UTC 2026,2897.479787234161,6796.65,480.7400195694711,null,680.7400195694712,null,null,null,null,7549.161111111111
Thu Oct 08 02:00:00 UTC 2026,2951.6074468083843,6687.65,500.68718199608566,null,700.6871819960858,null,null,null,null,7506.516666666666
Thu Oct 08 03:00:00 UTC 2026,4426.586170212727,6505.65,520.6343444227001,null,720.6343444227002,null,null,null,null,7463.872222222222
Thu Oct 08 04:00:00 UTC 2026,4128.884042553297,6663.65,540.5815068493147,null,740.5815068493147,null,null,null,null,7421.227777777777
Thu Oct 08 05:00:00 UTC 2026,3601.139361702067,6482.65,560.5286692759291,null,760.5286692759291,null,null,null,null,7378.583333333334
Thu Oct 08 06:00:00 UTC 2026,3871.777659574385,6756.65,580.4758317025437,null,780.4758317025437,null,null,null,null,7335.938888888889
Thu Oct 08 07:00:00 UTC 2026,4142.415957446702,6732.65,600.422994129158,null,800.4229941291582,null,null,null,null,7293.294444444445
Thu Oct 08 08:00:00 UTC 2026,4007.0968085105437,6350.65,620.3701565557726,null,820.3701565557726,null,6950.65,null,null,7250.65
Thu Oct 08 09:00:00 UTC 2026,3831.181914893567,6612.65,640.3173189823871,null,840.3173189823871,null,6975.219999999999,null,null,null
Thu Oct 08 10:00:00 UTC 2026,3276.3734042552255,7057.65,660.2644814090016,null,860.2644814090016,null,6999.79,null,null,null
Thu Oct 08 11:00:00 UTC 2026,3492.8840425533203,6450.65,680.2116438356161,null,880.211643835616,null,7024.36,null,null,null
Thu Oct 08 12:00:00 UTC 2026,2694.501063829772,6603.65,700.1588062622307,null,900.1588062622305,null,7048.929999999999,null,null,null
Thu Oct 08 13:00:00 UTC 2026,2518.5861702127954,6809.65,720.105968688845,null,920.105968688845,null,7073.499999999999,null,null,null
Thu Oct 08 14:00:00 UTC 2026,3276.3734042552255,6825.65,740.0531311154596,null,940.0531311154596,null,7098.069999999999,null,null,null
Thu Oct 08 15:00:00 UTC 2026,2640.3734042552483,6798.65,760.0002935420738,null,960.0002935420739,null,7122.64,null,null,null
Thu Oct 08 16:00:00 UTC 2026,2748.6287234042957,6822.65,779.9474559686884,null,979.9474559686885,null,7147.21,null,null,null
Thu Oct 08 17:00:00 UTC 2026,2477.990425531978,6672.65,799.8946183953028,null,999.8946183953029,null,7171.78,null,null,null
Thu Oct 08 18:00:00 UTC 2026,1341.3095744681832,6612.65,819.8417808219173,null,1019.8417808219175,null,7196.35,null,null,null
Thu Oct 08 19:00:00 UTC 2026,2559.1819148936133,6618.65,839.7889432485317,null,1039.7889432485317,null,7220.92,null,null,null
Thu Oct 08 20:00:00 UTC 2026,2735.0968085105897,7151.65,859.7361056751463,null,1059.7361056751465,null,7245.49,null,null,null
Thu Oct 08 21:00:00 UTC 2026,2640.3734042552483,7146.65,879.6832681017607,null,1079.6832681017609,null,7270.0599999999995,null,null,null
Thu Oct 08 22:00:00 UTC 2026,3276.3734042552255,7278.65,899.6304305283753,null,1099.6304305283752,null,7294.629999999999,null,null,null
Thu Oct 08 23:00:00 UTC 2026,2369.7351063829306,6889.65,919.5775929549898,null,1119.5775929549898,null,7319.2,null,null,null
Fri Oct 09 00:00:00 UTC 2026,3722.92659574482,6680.65,939.5247553816042,null,1139.5247553816043,null,7343.7699999999995,null,null,null
Fri Oct 09 01:00:00 UTC 2026,4088.2882978724792,6695.65,959.4719178082187,null,1159.4719178082187,null,7368.34,null,null,null
Fri Oct 09 02:00:00 UTC 2026,4534.841489361774,6821.65,979.4190802348332,null,1179.4190802348332,null,7392.91,null,null,null
Fri Oct 09 03:00:00 UTC 2026,3560.5436170212492,6807.65,999.3662426614477,null,1199.3662426614478,null,7417.48,null,null,null
Fri Oct 09 04:00:00 UTC 2026,3127.522340425661,6997.65,1019.3134050880623,null,1219.3134050880622,null,7442.05,null,null,null
Fri Oct 09 05:00:00 UTC 2026,2180.288297872248,7364.65,1039.2605675146767,null,1239.2605675146767,null,7466.62,null,null,null
Fri Oct 09 06:00:00 UTC 2026,1882.5861702128188,7373.65,1059.2077299412913,null,1259.2077299412913,null,7491.19,null,null,null
Fri Oct 09 07:00:00 UTC 2026,2491.5223404253834,7246.65,1079.1548923679056,null,1279.1548923679056,null,7515.76,null,null,null
Fri Oct 09 08:00:00 UTC 2026,2721.5648936168836,7167.65,1099.1020547945202,null,1299.1020547945202,null,7540.33,null,null,null
Fri Oct 09 09:00:00 UTC 2026,2437.39468085116,7109.65,1119.0492172211348,null,1319.0492172211348,null,7564.9,null,null,null
Fri Oct 09 10:00:00 UTC 2026,2315.607446808407,7126.65,1138.996379647749,null,1338.996379647749,null,7589.469999999999,null,null,null
Fri Oct 09 11:00:00 UTC 2026,2545.649999999907,6984.65,1158.9435420743634,null,1358.9435420743634,null,7614.039999999999,null,null,null
Fri Oct 09 12:00:00 UTC 2026,2640.3734042552483,6834.65,1178.8907045009778,null,1378.8907045009782,null,7638.610000000001,null,null,null
Fri Oct 09 13:00:00 UTC 2026,1652.5436170213186,6876.65,1198.8378669275924,null,1398.8378669275926,null,7663.1799999999985,null,null,null
Fri Oct 09 14:00:00 UTC 2026,1774.3308510637714,6918.65,1218.785029354207,null,1418.785029354207,null,7687.749999999998,null,null,null
Fri Oct 09 15:00:00 UTC 2026,1490.1606382977475,6935.65,1238.7321917808213,null,1438.7321917808215,null,7712.32,null,null,null
Fri Oct 09 16:00:00 UTC 2026,1855.5223404254068,6883.65,1258.679354207436,null,1458.6793542074358,null,7736.889999999999,null,null,null
Fri Oct 09 17:00:00 UTC 2026,2139.6925531914303,6910.65,1278.6265166340504,null,1478.6265166340504,null,7761.459999999999,null,null,null
Fri Oct 09 18:00:00 UTC 2026,2383.2670212766366,7098.65,1298.5736790606647,null,1498.5736790606647,null,7786.030000000001,null,null,null
Fri Oct 09 19:00:00 UTC 2026,1395.437234042406,7159.65,1318.5208414872793,null,1518.5208414872795,null,7810.599999999999,null,null,null
Fri Oct 09 20:00:00 UTC 2026,2708.032978723478,7099.65,1338.4680039138939,null,1538.4680039138939,null,7835.17,null,null,null
Fri Oct 09 21:00:00 UTC 2026,2586.245744680725,7099.65,1358.4151663405082,null,1558.4151663405082,null,7859.74,null,null,null
Fri Oct 09 22:00:00 UTC 2026,1043.6074468084532,7099.65,1378.362328767123,null,1578.3623287671226,null,7884.3099999999995,null,null,null
Fri Oct 09 23:00:00 UTC 2026,1490.1606382977475,7099.65,1398.3094911937374,null,1598.3094911937374,null,7908.879999999999,null,null,null
Sat Oct 10 00:00:00 UTC 2026,881.2244680851828,7099.65,1418.2566536203517,null,1618.2566536203517,null,7933.449999999999,null,null,null
Sat Oct 10 01:00:00 UTC 2026,1882.5861702128188,7099.65,1438.2038160469663,null,1638.2038160469663,null,7958.0199999999995,null,null,null
Sat Oct 10 02:00:00 UTC 2026,1517.2244680851597,7099.65,1458.1509784735808,null,1658.1509784735806,null,7982.589999999999,null,null,null
Sat Oct 10 03:00:00 UTC 2026,962.415957446818,7099.65,1478.0981409001952,null,1678.0981409001952,null,8007.16,null,null,null
Sat Oct 10 04:00:00 UTC 2026,962.415957446818,7099.65,1498.04530332681,null,1698.0453033268095,null,8031.73,null,null,null
Sat Oct 10 05:00:00 UTC 2026,962.415957446818,7099.65,1517.9924657534243,null,1717.9924657534243,null,8056.3,null,null,null
Sat Oct 10 06:00:00 UTC 2026,1.09901,7099.65,null,1537.9396281800387,null,1737.9396281800387,null,null,8080.870000000001,null,null,null
Sat Oct 10 07:00:00 UTC 2026,1.09901,7099.65,null,1557.8867906066532,null,1757.8867906066532,null,null,8105.44,null,null,null
Sat Oct 10 08:00:00 UTC 2026,1.09901,7099.65,null,1577.8339530332678,null,1777.8339530332673,null,null,8130.009999999999,null,null,null
Sat Oct 10 09:00:00 UTC 2026,1.09901,7099.65,null,1597.7811154598821,null,1797.7811154598821,null,null,8154.58,null,null,null
Sat Oct 10 10:00:00 UTC 2026,1.09901,7099.65,null,1617.728277886497,null,1817.7282778864965,null,null,8179.15,null,null,null
Sat Oct 10 11:00:00 UTC 2026,1.09901,7099.65,null,1637.6754403131113,null,1837.6754403131113,null,null,8203.72,null,null,null
Sat Oct 10 12:00:00 UTC 2026,1.09901,7099.65,null,1657.6226027397256,null,1857.6226027397254,null,null,8228.29,null,null,null
Sat Oct 10 13:00:00 UTC 2026,1.09901,7099.65,null,1677.5697651663402,null,1877.56976516634,null,null,8252.86,null,null,null
Sat Oct 10 14:00:00 UTC 2026,1.09901,7099.65,null,1697.5169275929547,null,1897.5169275929543,null,null,8277.43,null,null,null
Sat Oct 10 15:00:00 UTC 2026,1.09901,7099.65,null,1717.464090019569,null,1917.464090019569,null,null,8302.0,null,null,null
Sat Oct 10 16:00:00 UTC 2026,1.09901,7099.65,null,1737.4112524461834,null,1937.4112524461834,null,null,8326.57,null,null,null
Sat Oct 10 17:00:00 UTC 2026,1.09901,7099.65,null,1757.3584148727978,null,1957.358414872798,null,null,8351.14,null,null,null
Sat Oct 10 18:00:00 UTC 2026,1.09901,7099.65,null,1777.305577299412,null,1977.3055772994123,null,null,8375.71,null,null,null
Sat Oct 10 19:00:00 UTC 2026,1.09901,7099.65,null,1797.2527397260267,null,1997.252739726027,null,null,8400.279999999999,null,null,null
Sat Oct 10 20:00:00 UTC 2026,1.09901,7099.65,null,1817.1999021526412,null,2017.1999021526412,null,null,8424.849999999999,null,null,null
Sat Oct 10 21:00:00 UTC 2026,1.09901,7099.65,null,1837.1470645792556,null,2037.147064579256,null,null,8449.419999999998,null,null,null
Sat Oct 10 22:00:00 UTC 2026,1.09901,7099.65,null,1857.0942270058704,null,2057.0942270058704,null,null,8473.99,null,null,null
Sat Oct 10 23:00:00 UTC 2026,1.09901,7099.65,null,1877.0413894324847,null,2077.0413894324847,null,null,8498.56,null,null,null
Sun Oct 11 00:00:00 UTC 2026,1.09901,7099.65,null,1896.988551859099,null,2096.988551859099,null,null,8523.13,null,null,null
Sun Oct 11 01:00:00 UTC 2026,1.09901,7099.65,null,1916.9357142857136,null,2116.935714285714,null,null,8547.699999999999,null,null,null
Sun Oct 11 02:00:00 UTC 2026,1.09901,7099.65,null,1936.8828767123282,null,2136.882876712328,null,null,8572.27,null,null,null
Sun Oct 11 03:00:00 UTC 2026,1.09901,7099.65,null,1956.8300391389425,null,2156.830039138943,null,null,8596.84,null,null,null
Sun Oct 11 04:00:00 UTC 2026,1.09901,7099.65,null,1976.7772015655573,null,2176.7772015655573,null,null,8621.41,null,null,null
Sun Oct 11 05:00:00 UTC 2026,1.09901,7099.65,null,1996.7243639921717,null,2196.7243639921717,null,null,8645.98,null,null,null
Sun Oct 11 06:00:00 UTC 2026,1.09901,7099.65,null,2016.671526418786,null,2216.671526418786,null,null,8670.55,null,null,null
Sun Oct 11 07:00:00 UTC 2026,1.09901,7099.65,null,2036.6186888454006,null,2236.618688845401,null,null,8695.119999999999,null,null,null
Sun Oct 11 08:00:00 UTC 2026,1.09901,7099.65,null,2056.565851272015,null,2256.565851272015,null,null,8719.69,null,null,null
Sun Oct 11 09:00:00 UTC 2026,1.09901,7099.65,null,2076.5130136986295,null,2276.51301369863,null,null,8744.26,null,null,null
Sun Oct 11 10:00:00 UTC 2026,1.09901,7099.65,null,2096.4601761252443,null,2296.460176125244,null,null,8768.83,null,null,null
Sun Oct 11 11:00:00 UTC 2026,1.09901,7099.65,null,2116.4073385518586,null,2316.4073385518586,null,null,8793.4,null,null,null
Sun Oct 11 12:00:00 UTC 2026,1.09901,7099.65,null,2136.354500978473,null,2336.354500978473,null,null,8817.97,null,null,null
Sun Oct 11 13:00:00 UTC 2026,1.09901,7099.65,null,2156.3016634050873,null,2356.3016634050878,null,null,8842.539999999999,null,null,null
Sun Oct 11 14:00:00 UTC 2026,1.09901,7099.65,null,2176.248825831702,null,2376.2488258317017,null,null,8867.11,null,null,null
Sun Oct 11 15:00:00 UTC 2026,1.09901,7099.65,null,2196.1959882583164,null,2396.1959882583164,null,null,8891.68,null,null,null
Sun Oct 11 16:00:00 UTC 2026,1.09901,7099.65,null,2216.1431506849312,null,2416.143150684931,null,null,8916.25,null,null,null
Sun Oct 11 17:00:00 UTC 2026,1.09901,7099.65,null,2236.0903131115456,null,2436.0903131115456,null,null,8940.82,null,null,null
Sun Oct 11 18:00:00 UTC 2026,1.09901,7099.65,null,2256.03747553816,null,2456.03747553816,null,null,8965.39,null,null,null
Sun Oct 11 19:00:00 UTC 2026,1.09901,7099.65,null,2275.9846379647743,null,2475.9846379647743,null,null,8989.96,null,null,null
Sun Oct 11 20:00:00 UTC 2026,1.09901,7099.65,null,2295.931800391389,null,2495.9318003913886,null,null,9014.529999999999,null,null,null
Sun Oct 11 21:00:00 UTC 2026,1.09901,7244.65,null,2315.8789628180034,null,2515.8789628180034,null,null,9039.099999999999,null,null,null
Sun Oct 11 22:00:00 UTC 2026,1.09901,7338.65,null,2335.826125244618,null,2535.8261252446177,null,null,9063.67,null,null,null
Sun Oct 11 23:00:00 UTC 2026,1.09901,7227.65,null,2355.7732876712325,null,2555.7732876712325,null,null,9088.24,null,null,null
Mon Oct 12 00:00:00 UTC 2026,1.09901,7449.65,null,2375.720450097847,null,2575.720450097847,null,null,9112.81,null,null,null
Mon Oct 12 01:00:00 UTC 2026,1.09901,7356.65,null,2395.667612524461,null,2595.667612524461,null,null,9137.38,null,null,null
Mon Oct 12 02:00:00 UTC 2026,1.09901,7322.65,null,2415.614774951076,null,2615.6147749510756,null,null,9161.95,null,null,null
Mon Oct 12 03:00:00 UTC 2026,1.09901,7334.65,null,2435.5619373776904,null,2635.5619373776904,null,null,9186.519999999999,null,null,null
Mon Oct 12 04:00:00 UTC 2026,1.09901,7542.65,null,2455.509099804305,null,2655.5090998043047,null,null,9211.09,null,null,null
Mon Oct 12 05:00:00 UTC 2026,1.09901,7518.65,null,2475.4562622309195,null,2675.4562622309195,null,null,9235.66,null,null,null
Mon Oct 12 06:00:00 UTC 2026,1.09901,7631.65,null,2495.403424657534,null,2695.403424657534,null,null,9260.23,null,null,null
Mon Oct 12 07:00:00 UTC 2026,1.09901,7680.65,null,2515.350587084148,null,2715.350587084148,null,null,9284.8,null,null,null
Mon Oct 12 08:00:00 UTC 2026,1.09901,8481.65,null,2535.2977495107625,null,2735.2977495107625,null,null,9309.369999999999,null,null,null
Mon Oct 12 09:00:00 UTC 2026,1.09901,8406.65,null,2555.244911937377,null,2755.2449119373773,null,null,9333.94,null,null,null
Mon Oct 12 10:00:00 UTC 2026,1.09901,8549.65,null,2575.1920743639917,null,2775.1920743639917,null,null,9358.51,null,null,null
Mon Oct 12 11:00:00 UTC 2026,1.09901,8558.65,null,2595.139236790606,null,2795.1392367906064,null,null,9383.08,null,null,null
Mon Oct 12 12:00:00 UTC 2026,1.09901,8807.65,null,2615.0863992172203,null,2815.0863992172203,null,null,9407.65,9507.65,null,null
Mon Oct 12 13:00:00 UTC 2026,1.09901,8629.65,null,2635.033561643835,null,2835.033561643835,null,null,9408.528787878788,9508.528787878788,null,null
Mon Oct 12 14:00:00 UTC 2026,1.09901,8265.65,null,2654.9807240704495,null,2854.9807240704495,null,null,9409.407575757574,9509.407575757576,null,null
Mon Oct 12 15:00:00 UTC 2026,1.09901,7532.65,null,2674.927886497064,null,2874.9278864970643,null,null,9410.286363636364,9510.286363636364,null,null
Mon Oct 12 16:00:00 UTC 2026,1.09901,7732.65,null,2694.875048923678,null,2894.8750489236786,null,null,9411.165151515152,9511.165151515152,null,null
Mon Oct 12 17:00:00 UTC 2026,1.09901,7444.65,null,2714.822211350293,null,2914.822211350293,null,null,9412.04393939394,9512.043939393938,null,null
Mon Oct 12 18:00:00 UTC 2026,1.09901,7415.65,null,2734.7693737769073,null,2934.7693737769073,null,null,9412.922727272728,9512.922727272728,null,null
Mon Oct 12 19:00:00 UTC 2026,1.09901,7480.65,null,2754.716536203522,null,2954.716536203522,null,null,9413.801515151516,9513.801515151514,null,null
Mon Oct 12 20:00:00 UTC 2026,1.09901,7494.65,null,2774.6636986301364,null,2974.6636986301364,null,null,9414.680303030302,9514.680303030302,null,null
Mon Oct 12 21:00:00 UTC 2026,1.09901,7473.65,null,2794.6108610567508,null,2994.6108610567508,null,null,9415.559090909092,9515.559090909092,null,null
Mon Oct 12 22:00:00 UTC 2026,1.09901,7372.65,null,2814.558023483365,null,3014.558023483365,null,null,9416.437878787878,9516.43787878788,null,null
Mon Oct 12 23:00:00 UTC 2026,1.09901,7418.65,null,2834.50518590998,null,3034.50518590998,null,null,9417.316666666666,9517.316666666666,null,null
Tue Oct 13 00:00:00 UTC 2026,1.09901,7494.65,null,2854.4523483365942,null,3054.4523483365942,null,null,9418.195454545456,9518.195454545454,null,null
Tue Oct 13 01:00:00 UTC 2026,1.09901,7557.65,null,2874.399510763209,null,3074.399510763209,null,null,9419.074242424242,9519.074242424242,null,null
Tue Oct 13 02:00:00 UTC 2026,1.09901,7527.65,null,2894.3466731898234,null,3094.3466731898234,null,null,9419.95303030303,9519.95303030303,null,null
Tue Oct 13 03:00:00 UTC 2026,1.09901,7517.65,null,2914.2938356164377,null,3114.2938356164377,null,null,9420.831818181818,9520.831818181818,null,null
Tue Oct 13 04:00:00 UTC 2026,1.09901,7547.65,null,2934.240998043052,null,3134.240998043052,null,null,9421.710606060606,9521.710606060606,null,null
Tue Oct 13 05:00:00 UTC 2026,1.09901,7747.65,null,2954.188160469667,null,3154.188160469667,null,null,9422.589393939394,9522.589393939394,null,null
Tue Oct 13 06:00:00 UTC 2026,1.09901,7607.65,null,2974.135322896281,null,3174.135322896281,null,null,9423.46818181818,9523.468181818182,null,null
Tue Oct 13 07:00:00 UTC 2026,1.09901,7568.65,null,2994.082485322896,null,3194.082485322896,null,null,9424.34696969697,9524.346969696968,null,null
Tue Oct 13 08:00:00 UTC 2026,1.09901,7679.65,null,3014.0296477495103,null,3214.0296477495103,null,null,9425.225757575758,9525.225757575758,null,null
Tue Oct 13 09:00:00 UTC 2026,1.09901,7623.65,null,3033.9768101761247,null,3233.9768101761247,null,null,9426.104545454546,9526.104545454546,null,null
Tue Oct 13 10:00:00 UTC 2026,1.09901,7607.65,null,3053.923972602739,null,3253.923972602739,null,null,9426.983333333334,9526.983333333334,null,null
Tue Oct 13 11:00:00 UTC 2026,1.09901,7659.65,null,3073.871135029354,null,3273.871135029354,null,null,9427.862121212122,9527.862121212122,null,null
Tue Oct 13 12:00:00 UTC 2026,1.09901,7703.65,null,3093.818297455968,null,3293.818297455968,null,null,9428.740909090908,9528.74090909091,null,null
Tue Oct 13 13:00:00 UTC 2026,1.09901,7619.65,null,3113.765459882583,null,3313.765459882583,null,null,9429.619696969696,9529.619696969696,null,null
Tue Oct 13 14:00:00 UTC 2026,1.09901,7534.65,null,3133.7126223091973,null,3333.712622309197,null,null,9430.498484848484,9530.498484848484,null,null
Tue Oct 13 15:00:00 UTC 2026,1.09901,7727.65,null,3153.6597847358116,null,3353.6597847358116,null,null,9431.377272727274,9531.377272727274,null,null
Tue Oct 13 16:00:00 UTC 2026,1.09901,7695.65,null,3173.606947162426,null,3373.606947162426,null,null,9432.256060606062,9532.25606060606,null,null
Tue Oct 13 17:00:00 UTC 2026,1.09901,7676.65,null,3193.5541095890408,null,3393.5541095890408,null,null,9433.134848484848,9533.134848484848,null,null
Tue Oct 13 18:00:00 UTC 2026,1.09901,7781.65,null,3213.501272015655,null,3413.501272015655,null,null,9434.013636363636,9534.013636363636,null,null
Tue Oct 13 19:00:00 UTC 2026,1.09901,7866.65,null,3233.44843444227,null,3433.4484344422694,null,null,9434.892424242424,9534.892424242424,null,null
Tue Oct 13 20:00:00 UTC 2026,1.09901,8095.65,null,3253.3955968688842,null,3453.395596868884,null,null,9435.771212121212,9535.771212121212,null,null
Tue Oct 13 21:00:00 UTC 2026,1.09901,8001.65,null,3273.3427592954986,null,3473.3427592954986,null,null,9436.65,9536.65,null,null
Tue Oct 13 22:00:00 UTC 2026,1.09901,7997.65,null,3293.289921722113,null,3493.289921722113,null,null,9437.528787878788,9537.528787878788,null,null
Tue Oct 13 23:00:00 UTC 2026,1.09901,7941.65,null,3313.2370841487273,null,3513.2370841487273,null,null,9438.407575757576,9538.407575757576,null,null
Wed Oct 14 00:00:00 UTC 2026,1.09901,7923.65,null,3333.1842465753416,null,3533.1842465753416,null,null,9439.286363636364,9539.286363636362,null,null
Wed Oct 14 01:00:00 UTC 2026,1.09901,7901.65,null,3353.131409001956,null,3553.1314090019564,null,null,9440.165151515152,9540.165151515152,null,null
Wed Oct 14 02:00:00 UTC 2026,1.09901,7941.65,null,3373.0785714285707,null,3573.0785714285707,null,null,9441.04393939394,9541.04393939394,null,null
Wed Oct 14 03:00:00 UTC 2026,1.09901,7873.65,null,3393.025733855185,null,3593.0257338551855,null,null,9441.922727272728,9541.922727272728,null,null
Wed Oct 14 04:00:00 UTC 2026,1.09901,7918.65,null,3412.9728962818,null,3612.9728962818,null,null,9442.801515151514,9542.801515151514,null,null
Wed Oct 14 05:00:00 UTC 2026,1.09901,8061.65,null,3432.920058708414,null,3632.920058708414,null,null,9443.680303030302,9543.680303030302,null,null
Wed Oct 14 06:00:00 UTC 2026,1.09901,7844.65,null,3452.8672211350286,null,3652.867221135029,null,null,9444.55909090909,9544.55909090909,null,null
Wed Oct 14 07:00:00 UTC 2026,1.09901,7975.65,null,3472.814383561643,null,3672.8143835616434,null,null,9445.43787878788,9545.43787878788,null,null
Wed Oct 14 08:00:00 UTC 2026,1.09901,7899.65,null,3492.7615459882577,null,3692.7615459882577,null,null,9446.316666666668,9546.316666666666,null,null
Wed Oct 14 09:00:00 UTC 2026,1.09901,8211.65,null,3512.708708414872,null,3712.708708414872,null,null,9447.195454545454,9547.195454545456,null,null
Wed Oct 14 10:00:00 UTC 2026,1.09901,8191.65,null,3532.655870841487,null,3732.655870841487,null,null,9448.074242424242,9548.074242424242,null,null
Wed Oct 14 11:00:00 UTC 2026,1.09901,8043.65,null,3552.603033268101,null,3752.603033268101,null,null,9448.95303030303,9548.95303030303,null,null
Wed Oct 14 12:00:00 UTC 2026,1.09901,8032.65,null,3572.5501956947155,null,3772.5501956947155,null,null,9449.831818181818,9549.831818181818,null,null
Wed Oct 14 13:00:00 UTC 2026,1.09901,8092.65,null,3592.49735812133,null,3792.49735812133,null,null,9450.710606060606,9550.710606060606,null,null
Wed Oct 14 14:00:00 UTC 2026,1.09901,8118.65,null,3612.4445205479446,null,3812.444520547945,null,null,9451.589393939394,9551.589393939394,null,null
Wed Oct 14 15:00:00 UTC 2026,1.09901,8102.65,null,3632.391682974559,null,3832.3916829745594,null,null,9452.468181818182,9552.468181818182,null,null
Wed Oct 14 16:00:00 UTC 2026,1.09901,8096.65,null,3652.338845401174,null,3852.3388454011733,null,null,9453.34696969697,9553.34696969697,null,null
Wed Oct 14 17:00:00 UTC 2026,1.09901,8148.65,null,3672.286007827788,null,3872.2860078277877,null,null,9454.225757575758,9554.225757575758,null,null
Wed Oct 14 18:00:00 UTC 2026,1.09901,8143.65,null,3692.2331702544025,null,3892.233170254403,null,null,9455.104545454546,9555.104545454544,null,null
Wed Oct 14 19:00:00 UTC 2026,1.09901,8102.65,null,3712.180332681017,null,3912.1803326810173,null,null,9455.983333333334,9555.983333333334,null,null
Wed Oct 14 20:00:00 UTC 2026,1.09901,8223.65,null,3732.1274951076316,null,3932.1274951076316,null,null,9456.862121212122,9556.862121212122,null,null
Wed Oct 14 21:00:00 UTC 2026,1.09901,8742.65,null,3752.074657534246,null,3952.0746575342455,null,null,9457.74090909091,9557.74090909091,null,null
Wed Oct 14 22:00:00 UTC 2026,1.09901,8690.65,null,3772.0218199608607,null,3972.0218199608607,null,null,9458.619696969698,9558.619696969696,null,null
Wed Oct 14 23:00:00 UTC 2026,1.09901,8664.65,null,3791.968982387475,null,3991.968982387475,null,null,9459.498484848484,9559.498484848484,null,null
Thu Oct 15 00:00:00 UTC 2026,1.09901,8755.65,null,3811.9161448140894,null,4011.9161448140894,null,null,9460.377272727274,9560.377272727272,null,null
Thu Oct 15 01:00:00 UTC 2026,1.09901,8693.65,null,3831.8633072407038,null,4031.8633072407038,null,null,9461.25606060606,9561.256060606062,null,null
Thu Oct 15 02:00:00 UTC 2026,1.09901,8756.65,null,3851.8104696673186,null,4051.810469667319,null,null,9462.134848484848,9562.134848484848,null,null
Thu Oct 15 03:00:00 UTC 2026,1.09901,8756.65,null,3871.757632093933,null,4071.757632093933,null,null,9463.013636363636,9563.013636363636,null,null
Thu Oct 15 04:00:00 UTC 2026,1.09901,8734.65,null,3891.7047945205477,null,4091.7047945205472,null,null,9463.892424242424,9563.892424242424,null,null
Thu Oct 15 05:00:00 UTC 2026,1.09901,8734.65,null,3911.651956947162,null,4111.651956947161,null,null,9464.771212121212,9564.771212121212,null,null
Thu Oct 15 06:00:00 UTC 2026,1.09901,8803.65,null,3931.5991193737764,null,4131.599119373776,null,null,9465.65,9565.65,null,null
Thu Oct 15 07:00:00 UTC 2026,1.09901,8766.65,null,3951.5462818003907,null,4151.546281800391,null,null,9466.528787878788,9566.528787878788,null,null
Thu Oct 15 08:00:00 UTC 2026,1.09901,8770.65,null,3971.4934442270055,null,4171.493444227005,null,null,9467.407575757576,9567.407575757576,null,null
Thu Oct 15 09:00:00 UTC 2026,1.09901,8961.65,null,3991.44060665362,null,4191.440606653619,null,null,9468.286363636364,9568.286363636364,null,null
Thu Oct 15 10:00:00 UTC 2026,1.09901,8909.65,null,4011.3877690802346,null,4211.387769080235,null,null,9469.165151515152,9569.165151515152,null,null
Thu Oct 15 11:00:00 UTC 2026,1.09901,8746.65,null,4031.334931506849,null,4231.334931506849,null,null,9470.043939393938,9570.043939393938,null,null
Thu Oct 15 12:00:00 UTC 2026,1.09901,8793.65,null,4051.2820939334633,null,4251.282093933463,null,null,9470.922727272728,9570.922727272728,null,null
Thu Oct 15 13:00:00 UTC 2026,1.09901,8846.65,null,4071.2292563600777,null,4271.229256360078,null,null,9471.801515151514,9571.801515151514,null,null
Thu Oct 15 14:00:00 UTC 2026,1.09901,8746.65,null,4091.1764187866925,null,4291.176418786693,null,null,9472.680303030304,9572.680303030302,null,null
Thu Oct 15 15:00:00 UTC 2026,1.09901,8708.65,null,4111.123581213307,null,4311.123581213307,null,null,9473.55909090909,9573.55909090909,null,null
Thu Oct 15 16:00:00 UTC 2026,1.09901,8694.65,null,4131.070743639922,null,4331.070743639922,null,null,9474.437878787878,9574.437878787878,null,null
Thu Oct 15 17:00:00 UTC 2026,1.09901,8751.65,null,4151.017906066536,null,4351.017906066535,null,null,9475.316666666666,9575.316666666668,null,null
Thu Oct 15 18:00:00 UTC 2026,1.09901,8806.65,null,4170.96506849315,null,4370.96506849315,null,null,9476.195454545456,9576.195454545454,null,null
Thu Oct 15 19:00:00 UTC 2026,1.09901,8809.65,null,4190.912230919765,null,4390.912230919765,null,null,9477.074242424242,9577.074242424242,null,null
Thu Oct 15 20:00:00 UTC 2026,1.09901,8864.65,null,4210.859393346379,null,4410.85939334638,null,null,9477.95303030303,9577.95303030303,null,null
Thu Oct 15 21:00:00 UTC 2026,1.09901,8762.65,null,4230.806555772994,null,4430.806555772993,null,null,9478.831818181818,9578.831818181818,null,null
Thu Oct 15 22:00:00 UTC 2026,1.09901,8725.65,null,4250.753718199609,null,4450.753718199609,null,null,9479.710606060606,9579.710606060606,null,null
Thu Oct 15 23:00:00 UTC 2026,1.09901,8798.65,null,4270.700880626223,null,4470.700880626223,null,null,9480.589393939394,9580.589393939394,null,null
Fri Oct 16 00:00:00 UTC 2026,1.09901,8769.65,null,4290.648043052837,null,4490.648043052838,null,null,9481.468181818182,9581.468181818182,null,null
Fri Oct 16 01:00:00 UTC 2026,1.09901,8916.65,null,4310.595205479452,null,4510.595205479451,null,null,9482.34696969697,9582.34696969697,null,null
Fri Oct 16 02:00:00 UTC 2026,1.09901,8857.65,null,4330.542367906066,null,4530.542367906066,null,null,9483.225757575758,9583.225757575758,null,null
Fri Oct 16 03:00:00 UTC 2026,1.09901,8884.65,null,4350.489530332681,null,4550.48953033268,null,null,9484.104545454544,9584.104545454546,null,null
Fri Oct 16 04:00:00 UTC 2026,1.09901,8863.65,null,4370.4366927592955,null,4570.4366927592955,null,null,9484.983333333334,9584.983333333332,null,null
Fri Oct 16 05:00:00 UTC 2026,1.09901,8764.65,null,4390.38385518591,null,4590.383855185909,null,null,9485.862121212122,9585.862121212122,null,null
Fri Oct 16 06:00:00 UTC 2026,1.09901,8734.65,null,4410.331017612524,null,4610.331017612524,null,null,9486.74090909091,9586.74090909091,null,null
Fri Oct 16 07:00:00 UTC 2026,1.09901,8791.65,null,4430.2781800391385,null,4630.2781800391385,null,null,9487.619696969696,9587.619696969698,null,null
Fri Oct 16 08:00:00 UTC 2026,1.09901,8811.65,null,4450.225342465753,null,4650.225342465754,null,null,9488.498484848486,9588.498484848486,null,null
Fri Oct 16 09:00:00 UTC 2026,1.09901,8694.65,null,4470.172504892367,null,4670.172504892367,null,null,9489.377272727272,9589.377272727272,null,null
Fri Oct 16 10:00:00 UTC 2026,1.09901,8644.65,null,4490.1196673189825,null,4690.1196673189825,null,null,9490.256060606062,9590.256060606062,null,null
Fri Oct 16 11:00:00 UTC 2026,1.09901,8622.65,null,4510.066829745596,null,4710.066829745597,null,null,9491.13484848485,9591.13484848485,null,null
Fri Oct 16 12:00:00 UTC 2026,1.09901,8741.65,null,4530.013992172211,null,4730.013992172211,null,null,9492.013636363636,9592.013636363636,null,null
Fri Oct 16 13:00:00 UTC 2026,1.09901,8773.65,null,4549.961154598825,null,4749.961154598825,null,null,9492.892424242424,9592.892424242424,null,null
Fri Oct 16 14:00:00 UTC 2026,1.09901,8670.65,null,4569.90831702544,null,4769.90831702544,null,null,9493.771212121212,9593.771212121212,null,null
Fri Oct 16 15:00:00 UTC 2026,1.09901,8751.65,null,4589.855479452054,null,4789.855479452054,null,null,9494.65,9594.65,null,null
Fri Oct 16 16:00:00 UTC 2026,1.09901,8707.65,null,4609.802641878669,null,4809.802641878669,null,null,9495.528787878788,9595.528787878788,null,null
Fri Oct 16 17:00:00 UTC 2026,1.09901,8712.65,null,4629.749804305283,null,4829.749804305283,null,null,9496.407575757576,9596.407575757576,null,null
Fri Oct 16 18:00:00 UTC 2026,1.09901,8757.65,null,4649.696966731898,null,4849.696966731898,null,null,9497.286363636364,9597.286363636364,null,null
Fri Oct 16 19:00:00 UTC 2026,1.09901,8788.65,null,4669.6441291585115,null,4869.644129158512,null,null,9498.165151515152,9598.16515151515,null,null
Fri Oct 16 20:00:00 UTC 2026,1.09901,8517.65,null,4689.591291585127,null,4889.591291585128,null,null,9499.043939393938,9599.043939393938,null,null
Fri Oct 16 21:00:00 UTC 2026,1.09901,8517.65,null,4709.538454011741,null,4909.538454011741,null,null,9499.922727272726,9599.922727272726,null,null
Fri Oct 16 22:00:00 UTC 2026,1.09901,8517.65,null,4729.485616438356,null,4929.485616438356,null,null,9500.801515151516,9600.801515151516,null,null
Fri Oct 16 23:00:00 UTC 2026,1.09901,8517.65,null,4749.43277886497,null,4949.43277886497,null,null,9501.680303030302,9601.680303030302,null,null
Sat Oct 17 00:00:00 UTC 2026,1.09901,8517.65,null,4769.379941291585,null,4969.379941291585,null,null,9502.55909090909,9602.55909090909,null,null
Sat Oct 17 01:00:00 UTC 2026,1.09901,8517.65,null,4789.3271037181985,null,4989.3271037181985,null,null,9503.437878787878,9603.437878787878,null,null
Sat Oct 17 02:00:00 UTC 2026,1.09901,8517.65,null,4809.274266144814,null,5009.274266144814,null,null,9504.316666666666,9604.316666666666,null,null
Sat Oct 17 03:00:00 UTC 2026,1.09901,8517.65,null,4829.221428571428,null,5029.221428571428,null,null,9505.195454545454,9605.195454545456,null,null
Sat Oct 17 04:00:00 UTC 2026,1.09901,8517.65,null,4849.168590998043,null,5049.168590998043,null,null,9506.074242424243,9606.074242424243,null,null
Sat Oct 17 05:00:00 UTC 2026,1.09901,8517.65,null,4869.115753424657,null,5069.115753424657,null,null,9506.95303030303,9606.95303030303,null,null
Sat Oct 17 06:00:00 UTC 2026,1.09901,8517.65,null,4889.062915851272,null,5089.062915851272,null,null,9507.831818181818,9607.831818181818,null,null
Sat Oct 17 07:00:00 UTC 2026,1.09901,8517.65,null,4909.010078277885,null,5109.010078277886,null,null,9508.710606060606,9608.710606060606,null,null
Sat Oct 17 08:00:00 UTC 2026,1.09901,8517.65,null,4928.957240704501,null,5128.957240704502,null,null,9509.589393939394,9609.589393939394,null,null
Sat Oct 17 09:00:00 UTC 2026,1.09901,8517.65,null,4948.904403131115,null,5148.904403131114,null,null,9510.468181818182,9610.468181818182,null,null
Sat Oct 17 10:00:00 UTC 2026,1.09901,8517.65,null,4968.85156555773,null,5168.851565557729,null,null,9511.34696969697,9611.34696969697,null,null
Sat Oct 17 11:00:00 UTC 2026,1.09901,8517.65,null,4988.798727984344,null,5188.798727984344,null,null,9512.225757575758,9612.225757575758,null,null
Sat Oct 17 12:00:00 UTC 2026,1.09901,8517.65,null,5008.745890410959,null,5208.745890410959,null,null,9513.104545454546,9613.104545454546,null,null
Sat Oct 17 13:00:00 UTC 2026,1.09901,8517.65,null,5028.693052837572,null,5228.693052837572,null,null,9513.983333333332,9613.983333333334,null,null
Sat Oct 17 14:00:00 UTC 2026,1.09901,8517.65,null,5048.640215264188,null,5248.640215264188,null,null,9514.86212121212,9614.86212121212,null,null
Sat Oct 17 15:00:00 UTC 2026,1.09901,8517.65,null,5068.587377690802,null,5268.587377690802,null,null,9515.74090909091,9615.74090909091,null,null
Sat Oct 17 16:00:00 UTC 2026,1.09901,8517.65,null,5088.534540117417,null,5288.534540117417,null,null,9516.619696969698,9616.619696969696,null,null
Sat Oct 17 17:00:00 UTC 2026,1.09901,8517.65,null,5108.481702544031,null,5308.481702544031,null,null,9517.498484848484,9617.498484848484,null,null
Sat Oct 17 18:00:00 UTC 2026,1.09901,8517.65,null,5128.428864970646,null,5328.428864970646,null,null,9518.377272727274,9618.377272727274,null,null
Sat Oct 17 19:00:00 UTC 2026,1.09901,8517.65,null,5148.376027397259,null,5348.37602739726,null,null,9519.25606060606,9619.25606060606,null,null
Sat Oct 17 20:00:00 UTC 2026,1.09901,8517.65,null,5168.323189823875,null,5368.323189823875,null,null,9520.134848484848,9620.134848484848,null,null
Sat Oct 17 21:00:00 UTC 2026,1.09901,8517.65,null,5188.270352250489,null,5388.270352250488,null,null,9521.013636363637,9621.013636363637,null,null
Sat Oct 17 22:00:00 UTC 2026,1.09901,8517.65,null,5208.217514677104,null,5408.217514677103,null,null,9521.892424242424,9621.892424242424,null,null
Sat Oct 17 23:00:00 UTC 2026,1.09901,8517.65,null,5228.164677103718,null,5428.164677103718,null,null,9522.771212121212,9622.771212121212,null,null
Sun Oct 18 00:00:00 UTC 2026,1.09901,8517.65,null,5248.111839530333,null,5448.111839530333,null,null,9523.65,9623.65,null,null
Sun Oct 18 01:00:00 UTC 2026,1.09901,8517.65,null,5268.059001956946,null,5468.059001956946,null,null,9524.528787878788,9624.528787878786,null,null
Sun Oct 18 02:00:00 UTC 2026,1.09901,8517.65,null,5288.006164383562,null,5488.006164383562,null,null,9525.407575757576,9625.407575757576,null,null
Sun Oct 18 03:00:00 UTC 2026,1.09901,8517.65,null,5307.953326810176,null,5507.953326810176,null,null,9526.286363636364,9626.286363636364,null,null
Sun Oct 18 04:00:00 UTC 2026,1.09901,8517.65,null,5327.90048923679,null,5527.900489236791,null,null,9527.165151515152,9627.165151515152,null,null
Sun Oct 18 05:00:00 UTC 2026,1.09901,8517.65,null,5347.847651663405,null,5547.847651663404,null,null,9528.04393939394,9628.04393939394,null,null
Sun Oct 18 06:00:00 UTC 2026,1.09901,8517.65,null,5367.794814090019,null,5567.794814090019,null,null,9528.922727272726,9628.922727272726,null,null
Sun Oct 18 07:00:00 UTC 2026,1.09901,8517.65,null,5387.741976516633,null,5587.741976516633,null,null,9529.801515151514,9629.801515151514,null,null
Sun Oct 18 08:00:00 UTC 2026,1.09901,8517.65,null,5407.689138943248,null,5607.6891389432485,null,null,9530.680303030304,9630.680303030304,null,null
Sun Oct 18 09:00:00 UTC 2026,1.09901,8517.65,null,5427.636301369863,null,5627.636301369862,null,null,9531.55909090909,9631.55909090909,null,null
Sun Oct 18 10:00:00 UTC 2026,1.09901,8517.65,null,5447.583463796477,null,5647.583463796477,null,null,9532.437878787878,9632.437878787878,null,null
Sun Oct 18 11:00:00 UTC 2026,1.09901,8517.65,null,5467.5306262230915,null,5667.5306262230915,null,null,9533.316666666666,9633.316666666666,null,null
Sun Oct 18 12:00:00 UTC 2026,1.09901,8517.65,null,5487.477788649706,null,5687.477788649707,null,null,9534.195454545454,9634.195454545454,null,null
Sun Oct 18 13:00:00 UTC 2026,1.09901,8517.65,null,5507.42495107632,null,5707.42495107632,null,null,9535.074242424242,9635.074242424242,null,null
Sun Oct 18 14:00:00 UTC 2026,1.09901,8517.65,null,5527.372113502935,null,5727.3721135029355,null,null,9535.95303030303,9635.95303030303,null,null
Sun Oct 18 15:00:00 UTC 2026,1.09901,8517.65,null,5547.31927592955,null,5747.31927592955,null,null,9536.831818181818,9636.831818181818,null,null
Sun Oct 18 16:00:00 UTC 2026,1.09901,8517.65,null,5567.266438356164,null,5767.266438356164,null,null,9537.710606060606,9637.710606060606,null,null
Sun Oct 18 17:00:00 UTC 2026,1.09901,8517.65,null,5587.2136007827785,null,5787.213600782778,null,null,9538.589393939394,9638.589393939394,null,null
Sun Oct 18 18:00:00 UTC 2026,1.09901,8517.65,null,5607.160763209393,null,5807.160763209393,null,null,9539.468181818182,9639.468181818182,null,null
Sun Oct 18 19:00:00 UTC 2026,1.09901,8517.65,null,5627.107925636007,null,5827.107925636007,null,null,9540.34696969697,9640.34696969697,null,null
Sun Oct 18 20:00:00 UTC 2026,1.09901,8517.65,null,5647.0550880626215,null,5847.055088062622,null,null,9541.225757575758,9641.225757575758,null,null
Sun Oct 18 21:00:00 UTC 2026,1.09901,8771.65,null,5667.002250489237,null,5867.002250489236,null,null,9542.104545454546,9642.104545454546,null,null
Sun Oct 18 22:00:00 UTC 2026,1.09901,8771.65,null,5686.949412915851,null,5886.949412915851,null,null,9542.983333333334,9642.983333333334,null,null
Sun Oct 18 23:00:00 UTC 2026,1.09901,8780.65,null,5706.896575342465,null,5906.896575342465,null,null,9543.862121212122,9643.862121212122,null,null
Mon Oct 19 00:00:00 UTC 2026,1.09901,8760.65,null,5726.84373776908,null,5926.843737769081,null,null,9544.74090909091,9644.74090909091,null,null
Mon Oct 19 01:00:00 UTC 2026,1.09901,8813.65,null,5746.790900195694,null,5946.790900195694,null,null,9545.619696969698,9645.619696969698,null,null
Mon Oct 19 02:00:00 UTC 2026,1.09901,8735.65,null,5766.7380626223085,null,5966.738062622309,null,null,9546.498484848486,9646.498484848486,null,null
Mon Oct 19 03:00:00 UTC 2026,1.09901,8695.65,null,5786.685225048924,null,5986.685225048923,null,null,9547.377272727272,9647.377272727274,null,null
Mon Oct 19 04:00:00 UTC 2026,1.09901,8752.65,null,5806.632387475538,null,6006.632387475538,null,null,9548.256060606062,9648.25606060606,null,null
Mon Oct 19 05:00:00 UTC 2026,1.09901,8663.65,null,5826.579549902152,null,6026.5795499021515,null,null,9549.134848484848,9649.134848484848,null,null
Mon Oct 19 06:00:00 UTC 2026,1.09901,8631.65,null,5846.526712328767,null,6046.526712328767,null,null,9550.013636363636,9650.013636363636,null,null
Mon Oct 19 07:00:00 UTC 2026,1.09901,8645.65,null,5866.473874755381,null,6066.473874755381,null,null,9550.892424242425,9650.892424242425,null,null
Mon Oct 19 08:00:00 UTC 2026,1.09901,8715.65,null,5886.421037181995,null,6086.421037181996,null,null,9551.771212121213,9651.771212121212,null,null
Mon Oct 19 09:00:00 UTC 2026,1.09901,8737.65,null,5906.368199608611,null,6106.36819960861,null,null,9552.65,9652.65,null,null
Mon Oct 19 10:00:00 UTC 2026,1.09901,8793.65,null,5926.315362035225,null,6126.315362035225,null,null,9553.528787878786,9653.528787878788,null,null
Mon Oct 19 11:00:00 UTC 2026,1.09901,8608.65,null,5946.262524461839,null,6146.262524461839,null,null,9554.407575757576,9654.407575757577,null,null
Mon Oct 19 12:00:00 UTC 2026,1.09901,8593.65,null,5966.209686888454,null,6166.209686888455,null,null,9555.286363636362,9655.286363636362,null,null
Mon Oct 19 13:00:00 UTC 2026,1.09901,8581.65,null,5986.156849315068,null,6186.156849315067,null,null,9556.16515151515,9656.16515151515,null,null
Mon Oct 19 14:00:00 UTC 2026,1.09901,8472.65,null,6006.104011741682,null,6206.104011741682,null,null,9557.043939393938,9657.04393939394,null,null
Mon Oct 19 15:00:00 UTC 2026,1.09901,8464.65,null,6026.051174168297,null,6226.051174168297,null,null,9557.922727272728,9657.922727272726,null,null
Mon Oct 19 16:00:00 UTC 2026,1.09901,8526.65,null,6045.998336594912,null,6245.998336594912,null,null,9558.801515151514,9658.801515151514,null,null
Mon Oct 19 17:00:00 UTC 2026,1.09901,8500.65,null,6065.945499021525,null,6265.945499021525,null,null,9559.680303030304,9659.680303030304,null,null
Mon Oct 19 18:00:00 UTC 2026,1.09901,8483.65,null,6085.892661448141,null,6285.892661448141,null,null,9560.55909090909,9660.55909090909,null,null
Mon Oct 19 19:00:00 UTC 2026,1.09901,8513.65,null,6105.839823874754,null,6305.839823874755,null,null,9561.437878787878,9661.437878787878,null,null
Mon Oct 19 20:00:00 UTC 2026,1.09901,8513.65,null,6125.786986301369,null,6325.78698630137,null,null,9562.316666666666,9662.316666666666,null,null
Mon Oct 19 21:00:00 UTC 2026,1.09901,8508.65,null,6145.734148727984,null,6345.734148727984,null,null,9563.195454545454,9663.195454545454,null,null
Mon Oct 19 22:00:00 UTC 2026,1.09901,8492.65,null,6165.681311154599,null,6365.681311154599,null,null,9564.074242424242,9664.074242424242,null,null
Mon Oct 19 23:00:00 UTC 2026,1.09901,8519.65,null,6185.628473581212,null,6385.628473581213,null,null,9564.95303030303,9664.95303030303,null,null
Tue Oct 20 00:00:00 UTC 2026,1.09901,8477.65,null,6205.575636007828,null,6405.575636007828,null,null,9565.831818181818,9665.831818181818,null,null
Tue Oct 20 01:00:00 UTC 2026,1.09901,8506.65,null,6225.522798434441,null,6425.522798434441,null,null,9566.710606060606,9666.710606060606,null,null
Tue Oct 20 02:00:00 UTC 2026,1.09901,8529.65,null,6245.469960861056,null,6445.469960861056,null,null,9567.589393939394,9667.589393939394,null,null
Tue Oct 20 03:00:00 UTC 2026,1.09901,8471.65,null,6265.417123287671,null,6465.417123287671,null,null,9568.468181818182,9668.468181818182,null,null
Tue Oct 20 04:00:00 UTC 2026,1.09901,8485.65,null,6285.364285714286,null,6485.364285714286,null,null,9569.34696969697,9669.34696969697,null,null
Tue Oct 20 05:00:00 UTC 2026,1.09901,8416.65,null,6305.311448140899,null,6505.311448140899,null,null,9570.225757575758,9670.225757575758,null,null
Tue Oct 20 06:00:00 UTC 2026,1.09901,8439.65,null,6325.258610567515,null,6525.258610567515,null,null,9571.104545454546,9671.104545454544,null,null
Tue Oct 20 07:00:00 UTC 2026,1.09901,8463.65,null,6345.205772994128,null,6545.205772994129,null,null,9571.983333333334,9671.983333333334,null,null
Tue Oct 20 08:00:00 UTC 2026,1.09901,8450.65,null,6365.152935420743,null,6565.152935420744,null,null,9572.862121212122,9672.862121212122,null,null
Tue Oct 20 09:00:00 UTC 2026,1.09901,8455.65,null,6385.100097847358,null,6585.100097847358,null,null,9573.74090909091,9673.74090909091,null,null
Tue Oct 20 10:00:00 UTC 2026,1.09901,8476.65,null,6405.047260273973,null,6605.047260273972,null,null,9574.619696969698,9674.619696969698,null,null
Tue Oct 20 11:00:00 UTC 2026,1.09901,8502.65,null,6424.994422700586,null,6624.994422700586,null,null,9575.498484848484,9675.498484848484,null,null
Tue Oct 20 12:00:00 UTC 2026,1.09901,8484.65,null,6444.9415851272015,null,6644.9415851272015,null,null,9576.377272727272,9676.377272727272,null,null
Tue Oct 20 13:00:00 UTC 2026,1.09901,8521.65,null,6464.888747553815,null,6664.888747553815,null,null,9577.25606060606,9677.256060606062,null,null
Tue Oct 20 14:00:00 UTC 2026,1.09901,8493.65,null,6484.83590998043,null,6684.83590998043,null,null,9578.13484848485,9678.134848484848,null,null
Tue Oct 20 15:00:00 UTC 2026,1.09901,8579.65,null,6504.7830724070445,null,6704.7830724070445,null,null,9579.013636363637,9679.013636363636,null,null
Tue Oct 20 16:00:00 UTC 2026,1.09901,8591.65,null,6524.73023483366,null,6724.73023483366,null,null,9579.892424242425,9679.892424242425,null,null
Tue Oct 20 17:00:00 UTC 2026,1.09901,8610.65,null,6544.677397260273,null,6744.677397260273,null,null,9580.771212121212,9680.771212121212,null,null
Tue Oct 20 18:00:00 UTC 2026,1.09901,8624.65,null,6564.6245596868885,null,6764.6245596868885,null,null,9581.65,9681.65,null,null
Tue Oct 20 19:00:00 UTC 2026,1.09901,8631.65,null,6584.571722113502,null,6784.571722113503,null,null,9582.528787878788,9682.528787878788,null,null
Tue Oct 20 20:00:00 UTC 2026,1.09901,8637.65,null,6604.518884540117,null,6804.518884540117,null,null,9583.407575757576,9683.407575757576,null,null
Tue Oct 20 21:00:00 UTC 2026,1.09901,8679.65,null,6624.4660469667315,null,6824.466046966731,null,null,9584.286363636364,9684.286363636364,null,null
Tue Oct 20 22:00:00 UTC 2026,1.09901,8684.65,null,6644.413209393347,null,6844.413209393346,null,null,9585.16515151515,9685.16515151515,null,null
Tue Oct 20 23:00:00 UTC 2026,1.09901,8646.65,null,6664.36037181996,null,6864.36037181996,null,null,9586.04393939394,9686.043939393938,null,null
Wed Oct 21 00:00:00 UTC 2026,1.09901,8569.65,null,6684.307534246575,null,6884.307534246575,null,null,9586.922727272728,9686.922727272728,null,null
Wed Oct 21 01:00:00 UTC 2026,1.09901,8467.65,null,6704.254696673189,null,6904.254696673189,null,null,9587.801515151514,9687.801515151516,null,null
Wed Oct 21 02:00:00 UTC 2026,1.09901,8498.65,null,6724.201859099804,null,6924.201859099804,null,null,9588.680303030302,9688.680303030302,null,null
Wed Oct 21 03:00:00 UTC 2026,1.09901,8531.65,null,6744.149021526418,null,6944.149021526418,null,null,9589.55909090909,9689.559090909092,null,null
Wed Oct 21 04:00:00 UTC 2026,1.09901,8554.65,null,6764.096183953034,null,6964.096183953034,null,null,9590.437878787878,9690.437878787878,null,null
Wed Oct 21 05:00:00 UTC 2026,1.09901,8544.65,null,6784.043346379647,null,6984.043346379647,null,null,9591.316666666666,9691.316666666666,null,null
Wed Oct 21 06:00:00 UTC 2026,1.09901,8620.65,null,6803.990508806262,null,7003.990508806262,null,null,9592.195454545454,9692.195454545454,null,null
Wed Oct 21 07:00:00 UTC 2026,1.09901,8755.65,null,6823.937671232876,null,7023.937671232876,null,null,9593.074242424242,9693.074242424242,null,null
Wed Oct 21 08:00:00 UTC 2026,1.09901,8706.65,null,6843.884833659491,null,7043.884833659491,null,null,9593.953030303031,9693.95303030303,null,null
Wed Oct 21 09:00:00 UTC 2026,1.09901,8655.65,null,6863.831996086105,null,7063.8319960861045,null,null,9594.831818181818,9694.831818181818,null,null
Wed Oct 21 10:00:00 UTC 2026,1.09901,8771.65,null,6883.77915851272,null,7083.77915851272,null,null,9595.710606060606,9695.710606060606,null,null
Wed Oct 21 11:00:00 UTC 2026,1.09901,8801.65,null,6903.726320939334,null,7103.726320939334,null,null,9596.589393939394,9696.589393939394,null,null
Wed Oct 21 12:00:00 UTC 2026,1.09901,8798.65,null,6923.673483365948,null,7123.673483365949,null,null,9597.468181818182,9697.468181818182,null,null
Wed Oct 21 13:00:00 UTC 2026,1.09901,8728.65,null,6943.620645792563,null,7143.620645792563,null,null,9598.34696969697,9698.34696969697,null,null
Wed Oct 21 14:00:00 UTC 2026,1.09901,8679.65,null,6963.567808219177,null,7163.567808219178,null,null,9599.225757575758,9699.225757575758,null,null
Wed Oct 21 15:00:00 UTC 2026,1.09901,8707.65,null,6983.514970645792,null,7183.514970645792,null,null,9600.104545454546,9700.104545454546,null,null
Wed Oct 21 16:00:00 UTC 2026,1.09901,8600.65,null,7003.462133072407,null,7203.462133072408,null,null,9600.983333333334,9700.983333333334,null,null
Wed Oct 21 17:00:00 UTC 2026,1.09901,8516.65,null,7023.409295499021,null,7223.40929549902,null,null,9601.862121212122,9701.862121212122,null,null
Wed Oct 21 18:00:00 UTC 2026,1.09901,8524.65,null,7043.356457925635,null,7243.356457925635,null,null,9602.74090909091,9702.74090909091,null,null
Wed Oct 21 19:00:00 UTC 2026,1.09901,8544.65,null,7063.30362035225,null,7263.30362035225,null,null,9603.619696969696,9703.619696969698,null,null
Wed Oct 21 20:00:00 UTC 2026,1.09901,8611.65,null,7083.250782778864,null,7283.250782778865,null,null,9604.498484848486,9704.498484848486,null,null
Wed Oct 21 21:00:00 UTC 2026,1.09901,8632.65,null,7103.197945205479,null,7303.197945205478,null,null,9605.377272727272,9705.377272727272,null,null
Wed Oct 21 22:00:00 UTC 2026,1.09901,8622.65,null,7123.145107632094,null,7323.145107632094,null,null,9606.25606060606,9706.25606060606,null,null
Wed Oct 21 23:00:00 UTC 2026,1.09901,8579.65,null,7143.092270058708,null,7343.092270058708,null,null,9607.134848484848,9707.134848484848,null,null
Thu Oct 22 00:00:00 UTC 2026,1.09901,8562.65,null,7163.039432485322,null,7363.039432485323,null,null,9608.013636363637,9708.013636363637,null,null
Thu Oct 22 01:00:00 UTC 2026,1.09901,8546.65,null,7182.986594911937,null,7382.986594911937,null,null,9608.892424242424,9708.892424242424,null,null
Thu Oct 22 02:00:00 UTC 2026,1.09901,8634.65,null,7202.933757338551,null,7402.933757338552,null,null,9609.771212121212,9709.771212121212,null,null
Thu Oct 22 03:00:00 UTC 2026,1.09901,8586.65,null,7222.880919765166,null,7422.880919765166,null,null,9610.65,9710.65,null,null
Thu Oct 22 04:00:00 UTC 2026,1.09901,8673.65,null,7242.828082191781,null,7442.828082191781,null,null,9611.528787878788,9711.528787878788,null,null
Thu Oct 22 05:00:00 UTC 2026,1.09901,8673.65,null,7262.775244618395,null,7462.775244618394,null,null,9612.407575757576,9712.407575757576,null,null
Thu Oct 22 06:00:00 UTC 2026,1.09901,8710.65,null,7282.722407045009,null,7482.722407045009,null,null,9613.286363636364,9713.286363636364,null,null
Thu Oct 22 07:00:00 UTC 2026,1.09901,8686.65,null,7302.669569471624,null,7502.669569471624,null,null,9614.165151515152,9714.165151515152,null,null
Thu Oct 22 08:00:00 UTC 2026,1.09901,8719.65,null,7322.616731898238,null,7522.616731898239,null,null,9615.04393939394,9715.04393939394,null,null
Thu Oct 22 09:00:00 UTC 2026,1.09901,8790.65,null,7342.563894324853,null,7542.563894324852,null,null,9615.922727272726,9715.922727272726,null,null
Thu Oct 22 10:00:00 UTC 2026,1.09901,8795.65,null,7362.511056751468,null,7562.511056751468,null,null,9616.801515151516,9716.801515151514,null,null
Thu Oct 22 11:00:00 UTC 2026,1.09901,8823.65,null,7382.458219178082,null,7582.458219178082,null,null,9617.680303030302,9717.680303030304,null,null
Thu Oct 22 12:00:00 UTC 2026,1.09901,8808.65,null,7402.405381604696,null,7602.405381604697,null,null,9618.55909090909,9718.55909090909,null,null
Thu Oct 22 13:00:00 UTC 2026,1.09901,8789.65,null,7422.352544031311,null,7622.352544031311,null,null,9619.437878787878,9719.437878787878,null,null
Thu Oct 22 14:00:00 UTC 2026,1.09901,8770.65,null,7442.299706457925,null,7642.299706457925,null,null,9620.316666666666,9720.316666666666,null,null
Thu Oct 22 15:00:00 UTC 2026,1.09901,8820.65,null,7462.24686888454,null,7662.246868884539,null,null,9621.195454545454,9721.195454545454,null,null
Thu Oct 22 16:00:00 UTC 2026,1.09901,8856.65,null,7482.1940313111545,null,7682.1940313111545,null,null,9622.074242424242,9722.074242424242,null,null
Thu Oct 22 17:00:00 UTC 2026,1.09901,8810.65,null,7502.141193737769,null,7702.141193737768,null,null,9622.95303030303,9722.95303030303,null,null
Thu Oct 22 18:00:00 UTC 2026,1.09901,8844.65,null,7522.088356164383,null,7722.088356164383,null,null,9623.831818181818,9723.831818181818,null,null
Thu Oct 22 19:00:00 UTC 2026,1.09901,8867.65,null,7542.0355185909975,null,7742.0355185909975,null,null,9624.710606060606,9724.710606060606,null,null
Thu Oct 22 20:00:00 UTC 2026,1.09901,8931.65,null,7561.982681017612,null,7761.982681017613,null,null,9625.589393939394,9725.589393939394,null,null
Thu Oct 22 21:00:00 UTC 2026,1.09901,8917.65,null,7581.929843444226,null,7781.929843444226,null,null,9626.468181818182,9726.468181818182,null,null
Thu Oct 22 22:00:00 UTC 2026,1.09901,8941.65,null,7601.8770058708415,null,7801.8770058708415,null,null,9627.34696969697,9727.34696969697,null,null
Thu Oct 22 23:00:00 UTC 2026,1.09901,8913.65,null,7621.824168297455,null,7821.824168297456,null,null,9628.225757575758,9728.225757575758,null,null
Fri Oct 23 00:00:00 UTC 2026,1.09901,8929.65,null,7641.77133072407,null,7841.77133072407,null,null,9629.104545454546,9729.104545454546,null,null
Fri Oct 23 01:00:00 UTC 2026,1.09901,8952.65,null,7661.718493150684,null,7861.718493150684,null,null,9629.983333333334,9729.983333333334,null,null
Fri Oct 23 02:00:00 UTC 2026,1.09901,8968.65,null,7681.665655577299,null,7881.665655577299,null,null,9630.862121212122,9730.862121212122,null,null
Fri Oct 23 03:00:00 UTC 2026,1.09901,8968.65,null,7701.612818003913,null,7901.612818003913,null,null,9631.740909090908,9731.74090909091,null,null
Fri Oct 23 04:00:00 UTC 2026,1.09901,8918.65,null,7721.559980430528,null,7921.559980430528,null,null,9632.619696969698,9732.619696969696,null,null
Fri Oct 23 05:00:00 UTC 2026,1.09901,8914.65,null,7741.507142857142,null,7941.507142857142,null,null,9633.498484848486,9733.498484848486,null,null
Fri Oct 23 06:00:00 UTC 2026,1.09901,8934.65,null,7761.454305283757,null,7961.454305283757,null,null,9634.377272727274,9734.377272727274,null,null
Fri Oct 23 07:00:00 UTC 2026,1.09901,8879.65,null,7781.4014677103705,null,7981.401467710371,null,null,9635.25606060606,9735.25606060606,null,null
Fri Oct 23 08:00:00 UTC 2026,1.09901,8835.65,null,7801.348630136986,null,8001.348630136987,null,null,9636.134848484848,9736.134848484848,null,null
Fri Oct 23 09:00:00 UTC 2026,1.09901,8808.65,null,7821.2957925636,null,8021.2957925636,null,null,9637.013636363636,9737.013636363636,null,null
Fri Oct 23 10:00:00 UTC 2026,1.09901,8799.65,null,7841.242954990215,null,8041.242954990215,null,null,9637.892424242424,9737.892424242424,null,null
Fri Oct 23 11:00:00 UTC 2026,1.09901,8940.65,null,7861.190117416829,null,8061.190117416829,null,null,9638.771212121212,9738.771212121213,null,null
Fri Oct 23 12:00:00 UTC 2026,1.09901,8878.65,null,7881.137279843444,null,8081.137279843444,null,null,9639.65,9739.65,null,null
Fri Oct 23 13:00:00 UTC 2026,1.09901,8874.65,null,7901.0844422700575,null,8101.084442270058,null,null,9640.528787878788,9740.528787878788,null,null
Fri Oct 23 14:00:00 UTC 2026,1.09901,8920.65,null,7921.031604696673,null,8121.031604696673,null,null,9641.407575757576,9741.407575757576,null,null
Fri Oct 23 15:00:00 UTC 2026,1.09901,8947.65,null,7940.978767123287,null,8140.978767123287,null,null,9642.286363636364,9742.286363636364,null,null
Fri Oct 23 16:00:00 UTC 2026,1.09901,8974.65,null,7960.925929549902,null,8160.925929549901,null,null,9643.165151515152,9743.165151515152,null,null
Fri Oct 23 17:00:00 UTC 2026,1.09901,8991.65,null,7980.873091976516,null,8180.873091976516,null,null,9644.04393939394,9744.04393939394,null,null
Fri Oct 23 18:00:00 UTC 2026,1.09901,8944.65,null,8000.820254403131,null,8200.820254403132,null,null,9644.922727272728,9744.922727272728,null,null
Fri Oct 23 19:00:00 UTC 2026,1.09901,8957.65,null,8020.767416829744,null,8220.767416829744,null,null,9645.801515151514,9745.801515151514,null,null
Fri Oct 23 20:00:00 UTC 2026,1.09901,8961.65,null,8040.71457925636,null,8240.71457925636,null,null,9646.680303030302,9746.680303030302,null,null
Fri Oct 23 21:00:00 UTC 2026,1.09901,8961.65,null,8060.661741682974,null,8260.661741682974,null,null,9647.55909090909,9747.55909090909,null,null
Fri Oct 23 22:00:00 UTC 2026,1.09901,8961.65,null,8080.608904109589,null,8280.60890410959,null,null,9648.43787878788,9748.43787878788,null,null
Fri Oct 23 23:00:00 UTC 2026,1.09901,8961.65,null,8100.556066536203,null,8300.556066536203,null,null,9649.316666666666,9749.316666666666,null,null
Sat Oct 24 00:00:00 UTC 2026,1.09901,8961.65,null,8120.503228962817,null,8320.503228962818,null,null,9650.195454545454,9750.195454545454,null,null
Sat Oct 24 01:00:00 UTC 2026,1.09901,8961.65,null,8140.450391389431,null,8340.450391389431,null,null,9651.074242424242,9751.074242424242,null,null
Sat Oct 24 02:00:00 UTC 2026,1.09901,8961.65,null,8160.397553816046,null,8360.397553816047,null,null,9651.95303030303,9751.95303030303,null,null
Sat Oct 24 03:00:00 UTC 2026,1.09901,8961.65,null,8180.344716242661,null,8380.34471624266,null,null,9652.831818181818,9752.831818181818,null,null
Sat Oct 24 04:00:00 UTC 2026,1.09901,8961.65,null,8200.291878669275,null,8400.291878669275,null,null,9653.710606060607,9753.710606060606,null,null
Sat Oct 24 05:00:00 UTC 2026,1.09901,8961.65,null,8220.239041095889,null,8420.23904109589,null,null,9654.589393939394,9754.589393939394,null,null
Sat Oct 24 06:00:00 UTC 2026,1.09901,8961.65,null,8240.186203522504,null,8440.186203522504,null,null,9655.46818181818,9755.46818181818,null,null
Sat Oct 24 07:00:00 UTC 2026,1.09901,8961.65,null,8260.13336594912,null,8460.13336594912,null,null,9656.34696969697,9756.34696969697,null,null
Sat Oct 24 08:00:00 UTC 2026,1.09901,8961.65,null,8280.080528375733,null,8480.080528375733,null,null,9657.225757575758,9757.225757575758,null,null
Sat Oct 24 09:00:00 UTC 2026,1.09901,8961.65,null,8300.027690802348,null,8500.027690802348,null,null,9658.104545454546,9758.104545454544,null,null
Sat Oct 24 10:00:00 UTC 2026,1.09901,8961.65,null,8319.974853228961,null,8519.974853228963,null,null,9658.983333333332,9758.983333333334,null,null
Sat Oct 24 11:00:00 UTC 2026,1.09901,8961.65,null,8339.922015655577,null,8539.922015655577,null,null,9659.862121212122,9759.862121212122,null,null
Sat Oct 24 12:00:00 UTC 2026,1.09901,8961.65,null,8359.869178082192,null,8559.869178082192,null,null,9660.740909090908,9760.740909090908,null,null
Sat Oct 24 13:00:00 UTC 2026,1.09901,8961.65,null,8379.816340508805,null,8579.816340508805,null,null,9661.619696969698,9761.619696969696,null,null
Sat Oct 24 14:00:00 UTC 2026,1.09901,8961.65,null,8399.76350293542,null,8599.76350293542,null,null,9662.498484848486,9762.498484848486,null,null
Sat Oct 24 15:00:00 UTC 2026,1.09901,8961.65,null,8419.710665362034,null,8619.710665362034,null,null,9663.377272727272,9763.377272727272,null,null
Sat Oct 24 16:00:00 UTC 2026,1.09901,8961.65,null,8439.65782778865,null,8639.65782778865,null,null,9664.25606060606,9764.25606060606,null,null
Sat Oct 24 17:00:00 UTC 2026,1.09901,8961.65,null,8459.604990215263,null,8659.604990215263,null,null,9665.134848484848,9765.13484848485,null,null
Sat Oct 24 18:00:00 UTC 2026,1.09901,8961.65,null,8479.552152641878,null,8679.55215264188,null,null,9666.013636363636,9766.013636363636,null,null
Sat Oct 24 19:00:00 UTC 2026,1.09901,8961.65,null,8499.499315068493,null,8699.499315068491,null,null,9666.892424242424,9766.892424242424,null,null
Sat Oct 24 20:00:00 UTC 2026,1.09901,8961.65,null,8519.446477495107,null,8719.446477495108,null,null,9667.771212121213,9767.771212121212,null,null
Sat Oct 24 21:00:00 UTC 2026,1.09901,8961.65,null,8539.393639921722,null,8739.393639921722,null,null,9668.65,9768.65,null,null
Sat Oct 24 22:00:00 UTC 2026,1.09901,8961.65,null,8559.340802348335,null,8759.340802348337,null,null,9669.528787878788,9769.528787878788,null,null
Sat Oct 24 23:00:00 UTC 2026,1.09901,8961.65,null,8579.28796477495,null,8779.28796477495,null,null,9670.407575757576,9770.407575757576,null,null
Sun Oct 25 00:00:00 UTC 2026,1.09901,8961.65,null,8599.235127201566,null,8799.235127201564,null,null,9671.286363636364,9771.286363636362,null,null
Sun Oct 25 01:00:00 UTC 2026,1.09901,8961.65,null,8619.18228962818,null,8819.18228962818,null,null,9672.16515151515,9772.165151515152,null,null
Sun Oct 25 02:00:00 UTC 2026,1.09901,8961.65,null,8639.129452054794,null,8839.129452054794,null,null,9673.043939393938,9773.04393939394,null,null
Sun Oct 25 03:00:00 UTC 2026,1.09901,8961.65,null,8659.076614481408,null,8859.076614481408,null,null,9673.922727272728,9773.922727272728,null,null
Sun Oct 25 04:00:00 UTC 2026,1.09901,8961.65,null,8679.023776908023,null,8879.023776908023,null,null,9674.801515151516,9774.801515151516,null,null
Sun Oct 25 05:00:00 UTC 2026,1.09901,8961.65,null,8698.970939334637,null,8898.970939334638,null,null,9675.680303030304,9775.680303030304,null,null
Sun Oct 25 06:00:00 UTC 2026,1.09901,8961.65,null,8718.918101761252,null,8918.918101761252,null,null,9676.559090909092,9776.55909090909,null,null
Sun Oct 25 07:00:00 UTC 2026,1.09901,8961.65,null,8738.865264187867,null,8938.865264187867,null,null,9677.437878787878,9777.437878787878,null,null
Sun Oct 25 08:00:00 UTC 2026,1.09901,8961.65,null,8758.81242661448,null,8958.81242661448,null,null,9678.316666666666,9778.316666666666,null,null
Sun Oct 25 09:00:00 UTC 2026,1.09901,8961.65,null,8778.759589041096,null,8978.759589041096,null,null,9679.195454545454,9779.195454545454,null,null
Sun Oct 25 10:00:00 UTC 2026,1.09901,8961.65,null,8798.70675146771,null,8998.706751467711,null,null,9680.074242424243,9780.074242424243,null,null
Sun Oct 25 11:00:00 UTC 2026,1.09901,8961.65,null,8818.653913894324,null,9018.653913894323,null,null,9680.95303030303,9780.95303030303,null,null
Sun Oct 25 12:00:00 UTC 2026,1.09901,8961.65,null,8838.60107632094,null,9038.60107632094,null,null,9681.831818181818,9781.831818181818,null,null
Sun Oct 25 13:00:00 UTC 2026,1.09901,8961.65,null,8858.548238747553,null,9058.548238747553,null,null,9682.710606060606,9782.710606060606,null,null
Sun Oct 25 14:00:00 UTC 2026,1.09901,8961.65,null,8878.495401174168,null,9078.495401174168,null,null,9683.589393939394,9783.589393939394,null,null
Sun Oct 25 15:00:00 UTC 2026,1.09901,8961.65,null,8898.442563600782,null,9098.442563600782,null,null,9684.468181818182,9784.468181818182,null,null
Sun Oct 25 16:00:00 UTC 2026,1.09901,8961.65,null,8918.389726027397,null,9118.389726027397,null,null,9685.34696969697,9785.34696969697,null,null
Sun Oct 25 17:00:00 UTC 2026,1.09901,8961.65,null,8938.33688845401,null,9138.33688845401,null,null,9686.225757575756,9786.225757575756,null,null
Sun Oct 25 18:00:00 UTC 2026,1.09901,8961.65,null,8958.284050880626,null,9158.284050880628,null,null,9687.104545454544,9787.104545454546,null,null
Sun Oct 25 19:00:00 UTC 2026,1.09901,8961.65,null,8978.231213307241,null,9178.23121330724,null,null,9687.983333333334,9787.983333333334,null,null
Sun Oct 25 20:00:00 UTC 2026,1.09901,8961.65,null,8998.178375733854,null,9198.178375733854,null,null,9688.862121212122,9788.86212121212,null,null
Sun Oct 25 21:00:00 UTC 2026,1.09901,9022.65,null,9018.12553816047,null,9218.12553816047,null,null,9689.74090909091,9789.74090909091,null,null
Sun Oct 25 22:00:00 UTC 2026,1.09901,9031.65,null,9038.072700587083,null,9238.072700587083,null,null,9690.619696969698,9790.619696969698,null,null
Sun Oct 25 23:00:00 UTC 2026,1.09901,9026.65,null,9058.019863013698,null,9258.019863013698,null,null,9691.498484848484,9791.498484848484,null,null
Mon Oct 26 00:00:00 UTC 2026,1.09901,9024.65,null,9077.967025440314,null,9277.967025440312,null,null,9692.377272727272,9792.377272727272,null,null
Mon Oct 26 01:00:00 UTC 2026,1.09901,9062.65,null,9097.914187866927,null,9297.914187866927,null,null,9693.25606060606,9793.256060606062,null,null
Mon Oct 26 02:00:00 UTC 2026,1.09901,9038.65,null,9117.861350293542,null,9317.861350293542,null,null,9694.13484848485,9794.134848484848,null,null
Mon Oct 26 03:00:00 UTC 2026,1.09901,9050.65,null,9137.808512720156,null,9337.808512720156,null,null,9695.013636363637,9795.013636363636,null,null
Mon Oct 26 04:00:00 UTC 2026,1.09901,9046.65,null,9157.755675146771,null,9357.755675146771,null,null,9695.892424242424,9795.892424242424,null,null
Mon Oct 26 05:00:00 UTC 2026,1.09901,8942.65,null,9177.702837573384,null,9377.702837573386,null,null,9696.771212121212,9796.771212121212,null,null
Mon Oct 26 06:00:00 UTC 2026,1.09901,9097.65,null,9197.65,null,9397.65,null,null,9697.65,9797.65,null,null
Mon Oct 26 07:00:00 UTC 2026,1.09901,9071.65,null,null,null,null,null,null,null,null,null,null
Mon Oct 26 08:00:00 UTC 2026,1.09901,8969.65,null,null,null,null,null,null,null,null,null,null
Mon Oct 26 09:00:00 UTC 2026,1.09901,9045.65,null,null,null,null,null,null,null,null,null,null
Mon Oct 26 10:00:00 UTC 2026,1.09901,9037.65,null,null,null,null,null,null,null,null,null,null
Mon Oct 26 11:00:00 UTC 2026,1.09901,9022.65,null,null,null,null,null,null,null,null,null,null
Mon Oct 26 12:00:00 UTC 2026,1.09901,9025.65,null,null,null,null,null,null,null,null,null,null
Mon Oct 26 13:00:00 UTC 2026,1.09901,9003.65,null,null,null,null,null,null,null,null,null,null
Mon Oct 26 14:00:00 UTC 2026,1.09901,9021.65,null,null,null,null,null,null,null,null,null,null
Mon Oct 26 15:00:00 UTC 2026,1.09901,9024.65,null,null,null,null,null,null,null,null,null,null
Mon Oct 26 16:00:00 UTC 2026,1.09901,9000.65,null,null,null,null,null,null,null,null,null,null
Mon Oct 26 17:00:00 UTC 2026,1.09901,8963.65,null,null,null,null,null,null,null,null,null,null
Mon Oct 26 18:00:00 UTC 2026,1.09901,8969.65,null,null,null,null,null,null,null,null,null,null
Mon Oct 26 19:00:00 UTC 2026,1.09901,8989.65,null,null,null,null,null,null,null,null,null,null
Mon Oct 26 20:00:00 UTC 2026,1.09901,8946.65,null,null,null,null,null,null,null,null,null,null
Mon Oct 26 21:00:00 UTC 2026,1.09901,8906.65,null,null,null,null,null,null,null,null,null,null
Mon Oct 26 22:00:00 UTC 2026,1.09901,8892.65,null,null,null,null,null,null,null,null,null,null
Mon Oct 26 23:00:00 UTC 2026,1.09901,8868.65,null,null,null,null,null,null,null,null,null,null
Tue Oct 27 00:00:00 UTC 2026,1.09901,8909.65,null,null,null,null,null,null,null,null,null,null
Tue Oct 27 01:00:00 UTC 2026,1.09901,8823.65,null,null,null,null,null,null,null,null,null,null
Tue Oct 27 02:00:00 UTC 2026,1.09901,8815.65,null,null,null,null,null,null,null,null,null,null
Tue Oct 27 03:00:00 UTC 2026,1.09901,8854.65,null,null,null,null,null,null,null,null,null,null
Tue Oct 27 04:00:00 UTC 2026,1.09901,8805.65,null,null,null,null,null,null,null,null,null,null
Tue Oct 27 05:00:00 UTC 2026,1.09901,8794.65,null,null,null,null,null,null,null,null,null,null
Tue Oct 27 06:00:00 UTC 2026,1.09901,8789.65,null,null,null,null,null,null,null,null,null,null
Tue Oct 27 07:00:00 UTC 2026,1.09901,8801.65,null,null,null,null,null,null,null,null,null,null
Tue Oct 27 08:00:00 UTC 2026,1.09901,8416.65,null,null,null,null,null,null,null,null,null,null
Tue Oct 27 09:00:00 UTC 2026,1.09901,8352.65,null,null,null,null,null,null,null,null,null,null
Tue Oct 27 10:00:00 UTC 2026,1.09901,8351.65,null,null,null,null,null,null,null,null,null,null
Tue Oct 27 11:00:00 UTC 2026,1.09901,8352.65,null,null,null,null,null,null,null,null,null,null
Tue Oct 27 12:00:00 UTC 2026,1.09901,8348.65,null,null,null,null,null,null,null,null,null,null
Tue Oct 27 13:00:00 UTC 2026,1.09901,8350.65,null,null,null,null,null,null,null,null,null,null
Tue Oct 27 14:00:00 UTC 2026,1.09901,8344.65,null,null,null,null,null,null,null,null,null,null
Tue Oct 27 15:00:00 UTC 2026,1.09901,8342.65,null,null,null,null,null,null,null,null,null,null
Tue Oct 27 16:00:00 UTC 2026,1.09901,8349.65,null,null,null,null,null,null,null,null,null,null
Tue Oct 27 17:00:00 UTC 2026,1.09901,8342.65,null,null,null,null,null,null,null,null,null,null
Tue Oct 27 18:00:00 UTC 2026,1.09901,8342.65,null,null,null,null,null,null,null,null,null,null
Tue Oct 27 19:00:00 UTC 2026,1.09901,8346.65,null,null,null,null,null,null,null,null,null,null
Tue Oct 27 20:00:00 UTC 2026,1.09901,8325.65,null,null,null,null,null,null,null,null,null,null
Tue Oct 27 21:00:00 UTC 2026,1.09901,8314.65,null,null,null,null,null,null,null,null,null,null
Tue Oct 27 22:00:00 UTC 2026,1.09901,8318.65,null,null,null,null,null,null,null,null,null,null
Tue Oct 27 23:00:00 UTC 2026,1.09901,8327.65,null,null,null,null,null,null,null,null,null,null
Wed Oct 28 00:00:00 UTC 2026,1.09901,8334.65,null,null,null,null,null,null,null,null,null,null
Wed Oct 28 01:00:00 UTC 2026,1.09901,8339.65,null,null,null,null,null,null,null,null,null,null
Wed Oct 28 02:00:00 UTC 2026,1.09901,8352.65,null,null,null,null,null,null,null,null,null,null
Wed Oct 28 03:00:00 UTC 2026,1.09901,8361.65,null,null,null,null,null,null,null,null,null,null
Wed Oct 28 04:00:00 UTC 2026,1.09901,8356.65,null,null,null,null,null,null,null,null,null,null
Wed Oct 28 05:00:00 UTC 2026,1.09901,8352.65,null,null,null,null,null,null,null,null,null,null
Wed Oct 28 06:00:00 UTC 2026,1.09901,8362.65,null,null,null,null,null,null,null,null,null,null
Wed Oct 28 07:00:00 UTC 2026,1.09901,8373.65,null,null,null,null,null,null,null,null,null,null
Wed Oct 28 08:00:00 UTC 2026,1.09901,8370.65,null,null,null,null,null,null,null,null,null,null
Wed Oct 28 09:00:00 UTC 2026,1.09901,8385.65,null,null,null,null,null,null,null,null,null,null
Wed Oct 28 10:00:00 UTC 2026,1.09901,8410.65,null,null,null,null,null,null,null,null,null,null
Wed Oct 28 11:00:00 UTC 2026,1.09901,8417.65,null,null,null,null,null,null,null,null,null,null
Wed Oct 28 12:00:00 UTC 2026,1.09901,8467.65,null,null,null,null,null,null,null,null,null,null
Wed Oct 28 13:00:00 UTC 2026,1.09901,8455.65,null,null,null,null,null,null,null,null,null,null
Wed Oct 28 14:00:00 UTC 2026,1.09901,8436.65,null,null,null,null,null,null,null,null,null,null
Wed Oct 28 15:00:00 UTC 2026,1.09901,8449.65,null,null,null,null,null,null,null,null,null,null
Wed Oct 28 16:00:00 UTC 2026,1.09901,8434.65,null,null,null,null,null,null,null,null,null,null
Wed Oct 28 17:00:00 UTC 2026,1.09901,8457.65,null,null,null,null,null,null,null,null,null,null
Wed Oct 28 18:00:00 UTC 2026,1.09901,8463.65,null,null,null,null,null,null,null,null,null,null
Wed Oct 28 19:00:00 UTC 2026,1.09901,8472.65,null,null,null,null,null,null,null,null,null,null
Wed Oct 28 20:00:00 UTC 2026,1.09901,8445.65,null,null,null,null,null,null,null,null,null,null
Wed Oct 28 21:00:00 UTC 2026,1.09901,8449.65,null,null,null,null,null,null,null,null,null,null
Wed Oct 28 22:00:00 UTC 2026,1.09901,8421.65,null,null,null,null,null,null,null,null,null,null
Wed Oct 28 23:00:00 UTC 2026,1.09901,8426.65,null,null,null,null,null,null,null,null,null,null
Thu Oct 29 00:00:00 UTC 2026,1.09901,8421.65,null,null,null,null,null,null,null,null,null,null
Thu Oct 29 01:00:00 UTC 2026,1.09901,8435.65,null,null,null,null,null,null,null,null,null,null
Thu Oct 29 02:00:00 UTC 2026,1.09901,8451.65,null,null,null,null,null,null,null,null,null,null
Thu Oct 29 03:00:00 UTC 2026,1.09901,8450.65,null,null,null,null,null,null,null,null,null,null
Thu Oct 29 04:00:00 UTC 2026,1.09901,8452.65,null,null,null,null,null,null,null,null,null,null
Thu Oct 29 05:00:00 UTC 2026,1.09901,8449.65,null,null,null,null,null,null,null,null,null,null
Thu Oct 29 06:00:00 UTC 2026,1.09901,8469.65,null,null,null,null,null,null,null,null,null,null
Thu Oct 29 07:00:00 UTC 2026,1.09901,8395.65,null,null,null,null,null,null,null,null,null,null
Thu Oct 29 08:00:00 UTC 2026,1.09901,8427.65,null,null,null,null,null,null,null,null,null,null
Thu Oct 29 09:00:00 UTC 2026,1.09901,8488.65,null,null,null,null,null,null,null,null,null,null
Thu Oct 29 10:00:00 UTC 2026,1.09901,8486.65,null,null,null,null,null,null,null,null,null,null
Thu Oct 29 11:00:00 UTC 2026,1.09901,8449.65,null,null,null,null,null,null,null,null,null,null
Thu Oct 29 12:00:00 UTC 2026,1.09901,8445.65,null,null,null,null,null,null,null,null,null,null
Thu Oct 29 13:00:00 UTC 2026,1.09901,8432.65,null,null,null,null,null,null,null,null,null,null
Thu Oct 29 14:00:00 UTC 2026,1.09901,8461.65,null,null,null,null,null,null,null,null,null,null
Thu Oct 29 15:00:00 UTC 2026,1.09901,8374.65,null,null,null,null,null,null,null,null,null,null
Thu Oct 29 16:00:00 UTC 2026,1.09901,8377.65,null,null,null,null,null,null,null,null,null,null
Thu Oct 29 17:00:00 UTC 2026,1.09901,8404.65,null,null,null,null,null,null,null,null,null,null
Thu Oct 29 18:00:00 UTC 2026,1.09901,8372.65,null,null,null,null,null,null,null,null,null,null
Thu Oct 29 19:00:00 UTC 2026,1.09901,8355.65,null,null,null,null,null,null,null,null,null,null
Thu Oct 29 20:00:00 UTC 2026,1.09901,8382.65,null,null,null,null,null,null,null,null,null,null
Thu Oct 29 21:00:00 UTC 2026,1.09901,8370.65,null,null,null,null,null,null,null,null,null,null
Thu Oct 29 22:00:00 UTC 2026,1.09901,8364.65,null,null,null,null,null,null,null,null,null,null
Thu Oct 29 23:00:00 UTC 2026,1.09901,8361.65,null,null,null,null,null,null,null,null,null,null
Fri Oct 30 00:00:00 UTC 2026,1.09901,8373.65,null,null,null,null,null,null,null,null,null,null
Fri Oct 30 01:00:00 UTC 2026,1.09901,8377.65,null,null,null,null,null,null,null,null,null,null
Fri Oct 30 02:00:00 UTC 2026,1.09901,8379.65,null,null,null,null,null,null,null,null,null,null
Fri Oct 30 03:00:00 UTC 2026,1.09901,8383.65,null,null,null,null,null,null,null,null,null,null
Fri Oct 30 04:00:00 UTC 2026,1.09901,8376.65,null,null,null,null,null,null,null,null,null,null
Fri Oct 30 05:00:00 UTC 2026,1.09901,8377.65,null,null,null,null,null,null,null,null,null,null
Fri Oct 30 06:00:00 UTC 2026,1.09901,8369.65,null,null,null,null,null,null,null,null,null,null
Fri Oct 30 07:00:00 UTC 2026,1.09901,8369.65,null,null,null,null,null,null,null,null,null,null
Fri Oct 30 08:00:00 UTC 2026,1.09901,8383.65,null,null,null,null,null,null,null,null,null,null
Fri Oct 30 09:00:00 UTC 2026,1.09901,8403.65,null,null,null,null,null,null,null,null,null,null
Fri Oct 30 10:00:00 UTC 2026,1.09901,8458.65,null,null,null,null,null,null,null,null,null,null
Fri Oct 30 11:00:00 UTC 2026,1.09901,8467.65,null,null,null,null,null,null,null,null,null,null
Fri Oct 30 12:00:00 UTC 2026,1.09901,8415.65,null,null,null,null,null,null,null,null,null,null
Fri Oct 30 13:00:00 UTC 2026,1.09901,8424.65,null,null,null,null,null,null,null,null,null,null
Fri Oct 30 14:00:00 UTC 2026,1.09901,8445.65,null,null,null,null,null,null,null,null,null,null
Fri Oct 30 15:00:00 UTC 2026,1.09901,8460.65,null,null,null,null,null,null,null,null,null,null
Fri Oct 30 16:00:00 UTC 2026,1.09901,8415.65,null,null,null,null,null,null,null,null,null,null
Fri Oct 30 17:00:00 UTC 2026,1.09901,8412.65,null,null,null,null,null,null,null,null,null,null
Fri Oct 30 18:00:00 UTC 2026,1.09901,8468.65,null,null,null,null,null,null,null,null,null,null
Fri Oct 30 19:00:00 UTC 2026,1.09901,8427.65,null,null,null,null,null,null,null,null,null,null
Fri Oct 30 20:00:00 UTC 2026,1.09901,8427.65,null,null,null,null,null,null,null,null,null,null
Fri Oct 30 21:00:00 UTC 2026,1.09901,8427.65,null,null,null,null,null,null,null,null,null,null
Fri Oct 30 22:00:00 UTC 2026,1.09901,8427.65,null,null,null,null,null,null,null,null,null,null
Fri Oct 30 23:00:00 UTC 2026,1.09901,8427.65,null,null,null,null,null,null,null,null,null,null
Sat Oct 31 00:00:00 UTC 2026,1.09901,8427.65,null,null,null,null,null,null,null,null,null,null
Sat Oct 31 01:00:00 UTC 2026,1.09901,8427.65,null,null,null,null,null,null,null,null,null,null
Sat Oct 31 02:00:00 UTC 2026,1.09901,8427.65,null,null,null,null,null,null,null,null,null,null
Sat Oct 31 03:00:00 UTC 2026,1.09901,8427.65,null,null,null,null,null,null,null,null,null,null
Sat Oct 31 04:00:00 UTC 2026,1.09901,8427.65,null,null,null,null,null,null,null,null,null,null
Sat Oct 31 05:00:00 UTC 2026,1.09901,8427.65,null,null,null,null,null,null,null,null,null,null
Sat Oct 31 06:00:00 UTC 2026,1.09901,8427.65,null,null,null,null,null,null,null,null,null,null
Sat Oct 31 07:00:00 UTC 2026,1.09901,8427.65,null,null,null,null,null,null,null,null,null,null
Sat Oct 31 08:00:00 UTC 2026,1.09901,8427.65,null,null,null,null,null,null,null,null,null,null
Sat Oct 31 09:00:00 UTC 2026,1.09901,8427.65,null,null,null,null,null,null,null,null,null,null
Sat Oct 31 10:00:00 UTC 2026,1.09901,8427.65,null,null,null,null,null,null,null,null,null,null
Sat Oct 31 11:00:00 UTC 2026,1.09901,8427.65,null,null,null,null,null,null,null,null,null,null
Sat Oct 31 12:00:00 UTC 2026,1.09901,8427.65,null,null,null,null,null,null,null,null,null,null
Sat Oct 31 13:00:00 UTC 2026,1.09901,8427.65,null,null,null,null,null,null,null,null,null,null
Sat Oct 31 14:00:00 UTC 2026,1.09901,8427.65,null,null,null,null,null,null,null,null,null,null
Sat Oct 31 15:00:00 UTC 2026,1.09901,8427.65,null,null,null,null,null,null,null,null,null,null
Sat Oct 31 16:00:00 UTC 2026,1.09901,8427.65,null,null,null,null,null,null,null,null,null,null
Sat Oct 31 17:00:00 UTC 2026,1.09901,8427.65,null,null,null,null,null,null,null,null,null,null
Sat Oct 31 18:00:00 UTC 2026,1.09901,8427.65,null,null,null,null,null,null,null,null,null,null
Sat Oct 31 19:00:00 UTC 2026,1.09901,8427.65,null,null,null,null,null,null,null,null,null,null
Sat Oct 31 20:00:00 UTC 2026,1.09901,8427.65,null,null,null,null,null,null,null,null,null,null
Sat Oct 31 21:00:00 UTC 2026,1.09901,8427.65,null,null,null,null,null,null,null,null,null,null
Sat Oct 31 22:00:00 UTC 2026,1.09901,8427.65,null,null,null,null,null,null,null,null,null,null
Sat Oct 31 23:00:00 UTC 2026,1.09901,8427.65,null,null,null,null,null,null,null,null,null,null
Sun Nov 01 00:00:00 UTC 2026,1.09901,8427.65,null,null,null,null,null,null,null,null,null,null
Sun Nov 01 01:00:00 UTC 2026,1.09901,8427.65,null,null,null,null,null,null,null,null,null,null
Sun Nov 01 02:00:00 UTC 2026,1.09901,8427.65,null,null,null,null,null,null,null,null,null,null
Sun Nov 01 03:00:00 UTC 2026,1.09901,8427.65,null,null,null,null,null,null,null,null,null,null
Sun Nov 01 04:00:00 UTC 2026,1.09901,8427.65,null,null,null,null,null,null,null,null,null,null
Sun Nov 01 05:00:00 UTC 2026,1.09901,8427.65,null,null,null,null,null,null,null,null,null,null
Sun Nov 01 06:00:00 UTC 2026,1.09901,8427.65,null,null,null,null,null,null,null,null,null,null
Sun Nov 01 07:00:00 UTC 2026,1.09901,8427.65,null,null,null,null,null,null,null,null,null,null
Sun Nov 01 08:00:00 UTC 2026,1.09901,8427.65,null,null,null,null,null,null,null,null,null,null
Sun Nov 01 09:00:00 UTC 2026,1.09901,8427.65,null,null,null,null,null,null,null,null,null,null
Sun Nov 01 10:00:00 UTC 2026,1.09901,8427.65,null,null,null,null,null,null,null,null,null,null
Sun Nov 01 11:00:00 UTC 2026,1.09901,8427.65,null,null,null,null,null,null,null,null,null,null
Sun Nov 01 12:00:00 UTC 2026,1.09901,8427.65,null,null,null,null,null,null,null,null,null,null
Sun Nov 01 13:00:00 UTC 2026,1.09901,8427.65,null,null,null,null,null,null,null,null,null,null
Sun Nov 01 14:00:00 UTC 2026,1.09901,8427.65,null,null,null,null,null,null,null,null,null,null
Sun Nov 01 15:00:00 UTC 2026,1.09901,8427.65,null,null,null,null,null,null,null,null,null,null
Sun Nov 01 16:00:00 UTC 2026,1.09901,8427.65,null,null,null,null,null,null,null,null,null,null
Sun Nov 01 17:00:00 UTC 2026,1.09901,8427.65,null,null,null,null,null,null,null,null,null,null
Sun Nov 01 18:00:00 UTC 2026,1.09901,8427.65,null,null,null,null,null,null,null,null,null,null
Sun Nov 01 19:00:00 UTC 2026,1.09901,8427.65,null,null,null,null,null,null,null,null,null,null
Sun Nov 01 20:00:00 UTC 2026,1.09901,8427.65,null,null,null,null,null,null,null,null,null,null
Sun Nov 01 21:00:00 UTC 2026,1.09901,8418.65,null,null,null,null,null,null,null,null,null,null
Sun Nov 01 22:00:00 UTC 2026,1.09901,8415.65,null,null,null,null,null,null,null,null,null,null
Sun Nov 01 23:00:00 UTC 2026,1.09901,8426.65,null,null,null,null,null,null,null,null,null,null
Mon Nov 02 00:00:00 UTC 2026,1.09901,8440.65,null,null,null,null,null,null,null,null,null,null
Mon Nov 02 01:00:00 UTC 2026,1.09901,8429.65,null,null,null,null,null,null,null,null,null,null
Mon Nov 02 02:00:00 UTC 2026,1.09901,8418.65,null,null,null,null,null,null,null,null,null,null
Mon Nov 02 03:00:00 UTC 2026,1.09901,8415.65,null,null,null,null,null,null,null,null,null,null
Mon Nov 02 04:00:00 UTC 2026,1.09901,8417.65,null,null,null,null,null,null,null,null,null,null
Mon Nov 02 05:00:00 UTC 2026,1.09901,8420.65,null,null,null,null,null,null,null,null,null,null
Mon Nov 02 06:00:00 UTC 2026,1.09901,8414.65,null,null,null,null,null,null,null,null,null,null
Mon Nov 02 07:00:00 UTC 2026,1.09901,8413.65,null,null,null,null,null,null,null,null,null,null
Mon Nov 02 08:00:00 UTC 2026,1.09901,8409.65,null,null,null,null,null,null,null,null,null,null
Mon Nov 02 09:00:00 UTC 2026,1.09901,8423.65,null,null,null,null,null,null,null,null,null,null
Mon Nov 02 10:00:00 UTC 2026,1.09901,8423.65,null,null,null,null,null,null,null,null,null,null
Mon Nov 02 11:00:00 UTC 2026,1.09901,8414.65,null,null,null,null,null,null,null,null,null,null
Mon Nov 02 12:00:00 UTC 2026,1.09901,8457.65,null,null,null,null,null,null,null,null,null,null
Mon Nov 02 13:00:00 UTC 2026,1.09901,8466.65,null,null,null,null,null,null,null,null,null,null
Mon Nov 02 14:00:00 UTC 2026,1.09901,8449.65,null,null,null,null,null,null,null,null,null,null
Mon Nov 02 15:00:00 UTC 2026,1.09901,8434.65,null,null,null,null,null,null,null,null,null,null
Mon Nov 02 16:00:00 UTC 2026,1.09901,8445.65,null,null,null,null,null,null,null,null,null,null
Mon Nov 02 17:00:00 UTC 2026,1.09901,8434.65,null,null,null,null,null,null,null,null,null,null
Mon Nov 02 18:00:00 UTC 2026,1.09901,8449.65,null,null,null,null,null,null,null,null,null,null
Mon Nov 02 19:00:00 UTC 2026,1.09901,8430.65,null,null,null,null,null,null,null,null,null,null
Mon Nov 02 20:00:00 UTC 2026,1.09901,8454.65,null,null,null,null,null,null,null,null,null,null
Mon Nov 02 21:00:00 UTC 2026,1.09901,8467.65,null,null,null,null,null,null,null,null,null,null
Mon Nov 02 22:00:00 UTC 2026,1.09901,8439.65,null,null,null,null,null,null,null,null,null,null
Mon Nov 02 23:00:00 UTC 2026,1.09901,8447.65,null,null,null,null,null,null,null,null,null,null
Tue Nov 03 00:00:00 UTC 2026,1.09901,8447.65,null,null,null,null,null,null,null,null,null,null
Tue Nov 03 01:00:00 UTC 2026,1.09901,8446.65,null,null,null,null,null,null,null,null,null,null
Tue Nov 03 02:00:00 UTC 2026,1.09901,8451.65,null,null,null,null,null,null,null,null,null,null
Tue Nov 03 03:00:00 UTC 2026,1.09901,8445.65,null,null,null,null,null,null,null,null,null,null
Tue Nov 03 04:00:00 UTC 2026,1.09901,8445.65,null,null,null,null,null,null,null,null,null,null
Tue Nov 03 05:00:00 UTC 2026,1.09901,8447.65,null,null,null,null,null,null,null,null,null,null
Tue Nov 03 06:00:00 UTC 2026,1.09901,8454.65,null,null,null,null,null,null,null,null,null,null
Tue Nov 03 07:00:00 UTC 2026,1.09901,8417.65,null,null,null,null,null,null,null,null,null,null
Tue Nov 03 08:00:00 UTC 2026,1.09901,8708.65,null,null,null,null,null,null,null,null,null,null
Tue Nov 03 09:00:00 UTC 2026,1.09901,8708.65,null,null,null,null,null,null,null,null,null,null
Tue Nov 03 10:00:00 UTC 2026,1.09901,8705.65,null,null,null,null,null,null,null,null,null,null
Tue Nov 03 11:00:00 UTC 2026,1.09901,8701.65,null,null,null,null,null,null,null,null,null,null
Tue Nov 03 12:00:00 UTC 2026,1.09901,8699.65,null,null,null,null,null,null,null,null,null,null
Tue Nov 03 13:00:00 UTC 2026,1.09901,8699.65,null,null,null,null,null,null,null,null,null,null
Tue Nov 03 14:00:00 UTC 2026,1.09901,8699.65,null,null,null,null,null,null,null,null,null,null
Tue Nov 03 15:00:00 UTC 2026,1.09901,8700.65,null,null,null,null,null,null,null,null,null,null
Tue Nov 03 16:00:00 UTC 2026,1.09901,8700.65,null,null,null,null,null,null,null,null,null,null
Tue Nov 03 17:00:00 UTC 2026,1.09901,8700.65,null,null,null,null,null,null,null,null,null,null
Tue Nov 03 18:00:00 UTC 2026,1.09901,8702.65,null,null,null,null,null,null,null,null,null,null
Tue Nov 03 19:00:00 UTC 2026,1.09901,8702.65,null,null,null,null,null,null,null,null,null,null
Tue Nov 03 20:00:00 UTC 2026,1.09901,8702.65,null,null,null,null,null,null,null,null,null,null
Tue Nov 03 21:00:00 UTC 2026,1.09901,8708.65,null,null,null,null,null,null,null,null,null,null
Tue Nov 03 22:00:00 UTC 2026,1.09901,8708.65,null,null,null,null,null,null,null,null,null,null
Tue Nov 03 23:00:00 UTC 2026,1.09901,8706.65,null,null,null,null,null,null,null,null,null,null
Wed Nov 04 00:00:00 UTC 2026,1.09901,8696.65,null,null,null,null,null,null,null,null,null,null
Wed Nov 04 01:00:00 UTC 2026,1.09901,8698.65,null,null,null,null,null,null,null,null,null,null
Wed Nov 04 02:00:00 UTC 2026,1.09901,8696.65,null,null,null,null,null,null,null,null,null,null
Wed Nov 04 03:00:00 UTC 2026,1.09901,8697.65,null,null,null,null,null,null,null,null,null,null
Wed Nov 04 04:00:00 UTC 2026,1.09901,8699.65,null,null,null,null,null,null,null,null,null,null
Wed Nov 04 05:00:00 UTC 2026,1.09901,8699.65,null,null,null,null,null,null,null,null,null,null
Wed Nov 04 06:00:00 UTC 2026,1.09901,8696.65,null,null,null,null,null,null,null,null,null,null
Wed Nov 04 07:00:00 UTC 2026,1.09901,8696.65,null,null,null,null,null,null,null,null,null,null
Wed Nov 04 08:00:00 UTC 2026,1.09901,8698.65,null,null,null,null,null,null,null,null,null,null
Wed Nov 04 09:00:00 UTC 2026,1.09901,8694.65,null,null,null,null,null,null,null,null,null,null
Wed Nov 04 10:00:00 UTC 2026,1.09901,8695.65,null,null,null,null,null,null,null,null,null,null
Wed Nov 04 11:00:00 UTC 2026,1.09901,8699.65,null,null,null,null,null,null,null,null,null,null
Wed Nov 04 12:00:00 UTC 2026,1.09901,8705.65,null,null,null,null,null,null,null,null,null,null
Wed Nov 04 13:00:00 UTC 2026,1.09901,8705.65,null,null,null,null,null,null,null,null,null,null
Wed Nov 04 14:00:00 UTC 2026,1.09901,8705.65,null,null,null,null,null,null,null,null,null,null
Wed Nov 04 15:00:00 UTC 2026,1.09901,8706.65,null,null,null,null,null,null,null,null,null,null
Wed Nov 04 16:00:00 UTC 2026,1.09901,8717.65,null,null,null,null,null,null,null,null,null,null
Wed Nov 04 17:00:00 UTC 2026,1.09901,8717.65,null,null,null,null,null,null,null,null,null,null
Wed Nov 04 18:00:00 UTC 2026,1.09901,8721.65,null,null,null,null,null,null,null,null,null,null
Wed Nov 04 19:00:00 UTC 2026,1.09901,8722.65,null,null,null,null,null,null,null,null,null,null
Wed Nov 04 20:00:00 UTC 2026,1.09901,8729.65,null,null,null,null,null,null,null,null,null,null
Wed Nov 04 21:00:00 UTC 2026,1.09901,8732.65,null,null,null,null,null,null,null,null,null,null
Wed Nov 04 22:00:00 UTC 2026,1.09901,8731.65,null,null,null,null,null,null,null,null,null,null
Wed Nov 04 23:00:00 UTC 2026,1.09901,8729.65,null,null,null,null,null,null,null,null,null,null
Thu Nov 05 00:00:00 UTC 2026,1.09901,8731.65,null,null,null,null,null,null,null,null,null,null
Thu Nov 05 01:00:00 UTC 2026,1.09901,8732.65,null,null,null,null,null,null,null,null,null,null
Thu Nov 05 02:00:00 UTC 2026,1.09901,8732.65,null,null,null,null,null,null,null,null,null,null
Thu Nov 05 03:00:00 UTC 2026,1.09901,8732.65,null,null,null,null,null,null,null,null,null,null
Thu Nov 05 04:00:00 UTC 2026,1.09901,8731.65,null,null,null,null,null,null,null,null,null,null
Thu Nov 05 05:00:00 UTC 2026,1.09901,8731.65,null,null,null,null,null,null,null,null,null,null
Thu Nov 05 06:00:00 UTC 2026,1.09901,8731.65,null,null,null,null,null,null,null,null,null,null
Thu Nov 05 07:00:00 UTC 2026,1.09901,8735.65,null,null,null,null,null,null,null,null,null,null
Thu Nov 05 08:00:00 UTC 2026,1.09901,8734.65,null,null,null,null,null,null,null,null,null,null
Thu Nov 05 09:00:00 UTC 2026,1.09901,8734.65,null,null,null,null,null,null,null,null,null,null
Thu Nov 05 10:00:00 UTC 2026,1.09901,8730.65,null,null,null,null,null,null,null,null,null,null
Thu Nov 05 11:00:00 UTC 2026,1.09901,8728.65,null,null,null,null,null,null,null,null,null,null
Thu Nov 05 12:00:00 UTC 2026,1.09901,8730.65,null,null,null,null,null,null,null,null,null,null
Thu Nov 05 13:00:00 UTC 2026,1.09901,8728.65,null,null,null,null,null,null,null,null,null,null
Thu Nov 05 14:00:00 UTC 2026,1.09901,8720.65,null,null,null,null,null,null,null,null,null,null
Thu Nov 05 15:00:00 UTC 2026,1.09901,8719.65,null,null,null,null,null,null,null,null,null,null
Thu Nov 05 16:00:00 UTC 2026,1.09901,8727.65,null,null,null,null,null,null,null,null,null,null
Thu Nov 05 17:00:00 UTC 2026,1.09901,8730.65,null,null,null,null,null,null,null,null,null,null
Thu Nov 05 18:00:00 UTC 2026,1.09901,8731.65,null,null,null,null,null,null,null,null,null,null
Thu Nov 05 19:00:00 UTC 2026,1.09901,8726.65,null,null,null,null,null,null,null,null,null,null
Thu Nov 05 20:00:00 UTC 2026,1.09901,8730.65,null,null,null,null,null,null,null,null,null,null
Thu Nov 05 21:00:00 UTC 2026,1.09901,8732.65,null,null,null,null,null,null,null,null,null,null
Thu Nov 05 22:00:00 UTC 2026,1.09901,8730.65,null,null,null,null,null,null,null,null,null,null
Thu Nov 05 23:00:00 UTC 2026,1.09901,8736.65,null,null,null,null,null,null,null,null,null,null
Fri Nov 06 00:00:00 UTC 2026,1.09901,8733.65,null,null,null,null,null,null,null,null,null,null
Fri Nov 06 01:00:00 UTC 2026,1.09901,8735.65,null,null,null,null,null,null,null,null,null,null
Fri Nov 06 02:00:00 UTC 2026,1.09901,8733.65,null,null,null,null,null,null,null,null,null,null
Fri Nov 06 03:00:00 UTC 2026,1.09901,8733.65,null,null,null,null,null,null,null,null,null,null
Fri Nov 06 04:00:00 UTC 2026,1.09901,8736.65,null,null,null,null,null,null,null,null,null,null
Fri Nov 06 05:00:00 UTC 2026,1.09901,8728.65,null,null,null,null,null,null,null,null,null,null
Fri Nov 06 06:00:00 UTC 2026,1.09901,8722.65,null,null,null,null,null,null,null,null,null,null
Fri Nov 06 07:00:00 UTC 2026,1.09901,8723.65,null,null,null,null,null,null,null,null,null,null
Fri Nov 06 08:00:00 UTC 2026,1.09901,8725.65,null,null,null,null,null,null,null,null,null,null
Fri Nov 06 09:00:00 UTC 2026,1.09901,8718.65,null,null,null,null,null,null,null,null,null,null
Fri Nov 06 10:00:00 UTC 2026,1.09901,8712.65,null,null,null,null,null,null,null,null,null,null
Fri Nov 06 11:00:00 UTC 2026,1.09901,8715.65,null,null,null,null,null,null,null,null,null,null
Fri Nov 06 12:00:00 UTC 2026,1.09901,8712.65,null,null,null,null,null,null,null,null,null,null
Fri Nov 06 13:00:00 UTC 2026,1.09901,8719.65,null,null,null,null,null,null,null,null,null,null
Fri Nov 06 14:00:00 UTC 2026,1.09901,8718.65,null,null,null,null,null,null,null,null,null,null
Fri Nov 06 15:00:00 UTC 2026,1.09901,8717.65,null,null,null,null,null,null,null,null,null,null
Fri Nov 06 16:00:00 UTC 2026,1.09901,8716.65,null,null,null,null,null,null,null,null,null,null
Fri Nov 06 17:00:00 UTC 2026,1.09901,8721.65,null,null,null,null,null,null,null,null,null,null
Fri Nov 06 18:00:00 UTC 2026,1.09901,8721.65,null,null,null,null,null,null,null,null,null,null
Fri Nov 06 19:00:00 UTC 2026,1.09901,8721.65,null,null,null,null,null,null,null,null,null,null
Fri Nov 06 20:00:00 UTC 2026,1.09901,8720.65,null,null,null,null,null,null,null,null,null,null
Fri Nov 06 21:00:00 UTC 2026,1.09901,8720.65,null,null,null,null,null,null,null,null,null,null
Fri Nov 06 22:00:00 UTC 2026,1.09901,8720.65,null,null,null,null,null,null,null,null,null,null
Fri Nov 06 23:00:00 UTC 2026,1.09901,8720.65,null,null,null,null,null,null,null,null,null,null
Sat Nov 07 00:00:00 UTC 2026,1.09901,8720.65,null,null,null,null,null,null,null,null,null,null
Sat Nov 07 01:00:00 UTC 2026,1.09901,8720.65,null,null,null,null,null,null,null,null,null,null
Sat Nov 07 02:00:00 UTC 2026,1.09901,8720.65,null,null,null,null,null,null,null,null,null,null
Sat Nov 07 03:00:00 UTC 2026,1.09901,8720.65,null,null,null,null,null,null,null,null,null,null
Sat Nov 07 04:00:00 UTC 2026,1.09901,8720.65,null,null,null,null,null,null,null,null,null,null
Sat Nov 07 05:00:00 UTC 2026,1.09901,8720.65,null,null,null,null,null,null,null,null,null,null
