date,P_Kweek_-12_Kday_-19_ETE_54_ORD_50_EXT_55_E2Ekor_59_EXTkor_55_DIFF_23882,a,b,c,d,e,f,g,h,i,j
Sun Sep 27 17:00:00 UTC 2026,-764752.3173579583,0.7217299994081259,6019805.793652547,null,null,null,11676.643298627052,null,11876.643298626936,11976.643298626994
Sun Sep 27 18:00:00 UTC 2026,-798554.7017228127,0.7217299994081259,6061213.846211328,null,null,null,-27310.601799412165,null,-27110.601799412165,-27010.601799412165
Sun Sep 27 19:00:00 UTC 2026,-815455.89390524,0.7217299994081259,6102621.898770112,null,null,null,-66297.84689745144,null,-66097.84689745144,-65997.84689745144
Sun Sep 27 20:00:00 UTC 2026,-764752.3173579583,0.7217299994081259,6144029.951328894,null,null,null,-105285.09199549077,null,-105085.09199549077,-104985.09199549071
Sun Sep 27 21:00:00 UTC 2026,-697147.5486283432,-558623.2782700006,6185438.003887678,null,null,null,-144272.33709352987,null,-144072.33709352982,-143972.33709352987
Sun Sep 27 22:00:00 UTC 2026,435232.3275931557,1020206.7217300003,6226846.056446459,null,null,null,-183259.58219156915,null,-183059.58219156915,-182959.5821915691
Sun Sep 27 23:00:00 UTC 2026,232418.02140421653,-253086.2782700006,6268254.1090052435,null,null,null,-222246.8272896083,null,-222046.82728960837,-221946.8272896083
Mon Sep 28 00:00:00 UTC 2026,1415501.4741729968,1286426.7217300003,6309662.161564027,null,null,null,-261234.07238764752,null,-261034.07238764758,-260934.07238764752
Mon Sep 28 01:00:00 UTC 2026,12702.523032943718,518955.72173000034,6351070.21412281,null,null,null,-300221.31748568674,null,-300021.31748568674,-299921.31748568674
Mon Sep 28 02:00:00 UTC 2026,-21099.861331910593,986970.7217300003,6392478.266681591,null,null,null,-339208.56258372596,null,-339008.562583726,-338908.5625837261
Mon Sep 28 03:00:00 UTC 2026,-257716.55188561033,29880.72173000034,6433886.3192403745,null,null,null,-378195.80768176523,null,-377995.8076817653,-377895.8076817652
Mon Sep 28 04:00:00 UTC 2026,97208.48394498613,2156.721729999408,6475294.371799158,null,null,null,-417183.05277980445,null,-416983.05277980445,-416883.0527798044
Mon Sep 28 05:00:00 UTC 2026,29603.715215277276,-226999.2782700006,6516702.424357941,null,null,null,-456170.29787784367,null,-455970.2978778437,-455870.2978778437
Mon Sep 28 06:00:00 UTC 2026,-561938.0111690192,112579.72173000034,6558110.476916725,null,null,null,-495157.5429758829,null,-494957.54297588294,-494857.54297588294
Mon Sep 28 07:00:00 UTC 2026,-646443.9720810615,-166225.2782700006,6599518.529475505,null,null,null,-534144.7880739222,null,-533944.7880739222,-533844.7880739222
Mon Sep 28 08:00:00 UTC 2026,-680246.3564459159,165735.72173000034,6640926.582034289,null,null,null,-573132.0331719613,null,-572932.0331719613,-572832.0331719613
Mon Sep 28 09:00:00 UTC 2026,-612641.5877163009,-612719.2782700006,6682334.634593072,null,null,null,-612119.2782700006,null,-611919.2782700006,-611819.2782700006
Mon Sep 28 10:00:00 UTC 2026,-849258.2782700006,-167207.2782700006,6723742.687151855,null,null,null,null,null,null,-386722.59645181877
Mon Sep 28 11:00:00 UTC 2026,502837.09632277046,806792.7217300003,6765150.739710636,null,null,null,null,null,null,-161625.91463363694
Mon Sep 28 12:00:00 UTC 2026,807058.5556061794,1240528.7217300003,6806558.79226942,null,null,null,null,null,null,63470.76718454482
Mon Sep 28 13:00:00 UTC 2026,1145082.3992544427,1270610.7217300003,6847966.844828202,null,null,null,null,null,null,288567.44900272664
Mon Sep 28 14:00:00 UTC 2026,1685920.549091551,3274801.7217300003,6889374.897386986,null,null,null,null,null,null,513664.1308209084
Mon Sep 28 15:00:00 UTC 2026,2057746.7771045752,3376616.7217300003,6930782.949945767,null,null,null,null,null,null,738760.8126390902
Mon Sep 28 16:00:00 UTC 2026,2074647.9692870025,2925935.7217300003,6972191.002504551,null,null,null,null,null,null,963857.4944572721
Mon Sep 28 17:00:00 UTC 2026,1669019.3569091237,3655754.7217300003,7013599.055063334,null,null,null,null,null,null,1188954.176275454
Mon Sep 28 18:00:00 UTC 2026,1990142.0083749597,3575115.7217300003,7055007.107622118,null,null,null,null,null,null,1414050.8580936359
Mon Sep 28 19:00:00 UTC 2026,1939438.4318276779,3370807.7217300003,7096415.1601809,null,null,null,null,null,null,1639147.5399118175
Mon Sep 28 20:00:00 UTC 2026,1939438.4318276779,3199001.7217300003,7137823.212739682,null,null,null,null,null,null,1864244.2217299994
Mon Sep 28 21:00:00 UTC 2026,2159153.9301990448,2730856.7217300003,7179231.265298467,null,null,null,null,null,null,2089340.903548181
Mon Sep 28 22:00:00 UTC 2026,3088719.500231604,3332517.7217300003,7220639.31785725,null,null,null,null,null,null,2314437.585366363
Mon Sep 28 23:00:00 UTC 2026,4018285.0702641634,2617900.7217300003,7262047.370416033,null,null,null,null,null,null,2539534.267184545
Tue Sep 29 00:00:00 UTC 2026,3460545.728244628,2938272.7217300003,7303455.422974814,null,null,null,null,null,null,2764630.9490027265
Tue Sep 29 01:00:00 UTC 2026,2733794.464401007,2931662.7217300003,7344863.475533597,null,null,null,null,null,null,2989727.6308209086
Tue Sep 29 02:00:00 UTC 2026,3815470.7640752243,3468049.7217300003,7386271.528092381,null,null,null,null,null,null,3214824.31263909
Tue Sep 29 03:00:00 UTC 2026,4339407.721729999,3008107.7217300003,7427679.580651164,null,null,null,null,null,null,3439920.9944572723
Tue Sep 29 04:00:00 UTC 2026,4271802.95300029,2807149.7217300003,7469087.633209946,null,null,null,null,null,null,3665017.676275454
Tue Sep 29 05:00:00 UTC 2026,3916877.917169694,3621309.7217300003,7510495.685768729,null,null,null,null,null,null,3890114.3580936356
Tue Sep 29 06:00:00 UTC 2026,3747865.9953456093,2929466.7217300003,7551903.7383275125,null,null,null,null,null,null,4115211.0399118178
Tue Sep 29 07:00:00 UTC 2026,3595755.265703858,4339407.721729999,7593311.790886295,null,null,null,4340007.721729999,null,null,4340307.721729999
Tue Sep 29 08:00:00 UTC 2026,3545051.68915667,934411.7217300003,7634719.8434450785,null,null,null,4203463.879624736,null,null,4203763.8796247365
Tue Sep 29 09:00:00 UTC 2026,3409842.151697346,377240.72173000034,7676127.896003859,null,null,null,4066920.037519473,null,null,4067220.0375194727
Tue Sep 29 10:00:00 UTC 2026,2835201.6174954767,110318.72173000034,7717535.948562643,null,null,null,3930376.1954142097,null,null,3930676.1954142097
Tue Sep 29 11:00:00 UTC 2026,2919707.578407519,295911.72173000034,7758944.001121426,null,null,null,3793832.353308947,null,null,3794132.353308947
Tue Sep 29 12:00:00 UTC 2026,3730964.803163182,1066599.7217300003,7800352.053680209,null,null,null,3657288.511203684,null,null,3657588.511203684
Tue Sep 29 13:00:00 UTC 2026,4221099.376453103,1468215.7217300003,7841760.10623899,null,null,null,3520744.6690984205,null,null,3521044.6690984205
Tue Sep 29 14:00:00 UTC 2026,3866174.340622506,1362346.7217300003,7883168.158797774,null,null,null,3384200.8269931576,null,null,3384500.826993157
Tue Sep 29 15:00:00 UTC 2026,3274632.614238116,2013632.7217300003,7924576.211356557,null,null,null,3247656.9848878942,null,null,3247956.9848878942
Tue Sep 29 16:00:00 UTC 2026,2953509.96277228,2392070.7217300003,7965984.26391534,null,null,null,3111113.1427826313,null,null,3111413.1427826313
Tue Sep 29 17:00:00 UTC 2026,3105620.692414031,1038146.7217300003,8007392.316474121,null,null,null,2974569.3006773675,null,null,2974869.3006773675
Tue Sep 29 18:00:00 UTC 2026,2784498.0409481954,1001643.7217300003,8048800.3690329045,null,null,null,2838025.4585721046,null,null,2838325.4585721046
Tue Sep 29 19:00:00 UTC 2026,3359138.5751501583,755295.7217300003,8090208.421591688,null,null,null,2701481.616466841,null,null,2701781.6164668417
Tue Sep 29 20:00:00 UTC 2026,2801399.2331306227,1145956.7217300003,8131616.474150473,null,null,null,2564937.7743615783,null,null,2565237.7743615783
Tue Sep 29 21:00:00 UTC 2026,3325336.1907853037,842228.7217300003,8173024.526709255,null,null,null,2428393.932256315,null,null,2428693.932256315
Tue Sep 29 22:00:00 UTC 2026,3156324.268961219,1307221.7217300003,8214432.579268037,null,null,null,2291850.090151052,null,null,2292150.090151052
Tue Sep 29 23:00:00 UTC 2026,2750695.6565833404,348141.72173000034,8255840.63182682,null,null,null,2155306.248045789,null,null,2155606.248045789
Wed Sep 30 00:00:00 UTC 2026,2733794.464401007,777462.7217300003,8297248.684385603,null,null,null,2018762.4059405257,null,null,2019062.4059405262
Wed Sep 30 01:00:00 UTC 2026,1753525.317821166,1408005.7217300003,8338656.736944387,null,null,null,1882218.5638352623,null,null,1882518.5638352626
Wed Sep 30 02:00:00 UTC 2026,1516908.6272674664,1723872.7217300003,8380064.789503168,null,null,null,1745674.7217299994,null,null,1745974.7217299994
Wed Sep 30 03:00:00 UTC 2026,1567612.2038146541,1259912.7217300003,8421472.842061952,null,null,null,1609130.8796247363,null,null,1609430.879624736
Wed Sep 30 04:00:00 UTC 2026,1736624.1256387387,1109026.7217300003,8462880.894620735,null,null,null,1472587.0375194731,null,null,1472887.037519473
Wed Sep 30 05:00:00 UTC 2026,1787327.70218602,414630.72173000034,8504288.947179519,null,null,null,1336043.1954142097,null,null,1336343.19541421
Wed Sep 30 06:00:00 UTC 2026,1669019.3569091237,593299.7217300003,8545696.999738298,null,null,null,1199499.3533089468,null,null,1199799.3533089468
Wed Sep 30 07:00:00 UTC 2026,1753525.317821166,1331409.7217300003,8587105.052297082,null,null,null,1062955.5112036834,null,null,1063255.5112036834
Wed Sep 30 08:00:00 UTC 2026,2192956.314563805,1245552.7217300003,8628513.104855865,null,null,null,926411.6690984203,null,null,926711.6690984204
Wed Sep 30 09:00:00 UTC 2026,1381699.0898081423,1814727.7217300003,8669921.157414649,null,null,null,789867.8269931572,null,null,790167.8269931572
Wed Sep 30 10:00:00 UTC 2026,1888734.8552804906,2037418.7217300003,8711329.20997343,null,null,null,653323.9848878942,null,null,653623.9848878942
Wed Sep 30 11:00:00 UTC 2026,1956339.6240101052,1923898.7217300003,8752737.262532214,null,null,null,516780.14278263086,null,null,517080.142782631
Wed Sep 30 12:00:00 UTC 2026,2159153.9301990448,2363825.7217300003,8794145.315090995,null,null,null,380236.30067736784,null,null,380536.3006773677
Wed Sep 30 13:00:00 UTC 2026,1922537.2396452506,2590714.7217300003,8835553.36764978,null,null,null,243692.4585721047,null,null,243992.4585721047
Wed Sep 30 14:00:00 UTC 2026,2581683.734759256,2299402.7217300003,8876961.420208562,null,null,null,107148.61646684154,null,null,107448.61646684143
Wed Sep 30 15:00:00 UTC 2026,2209857.506746232,2941640.7217300003,8918369.472767346,null,null,null,-29395.2256384216,null,null,-29095.225638421718
Wed Sep 30 16:00:00 UTC 2026,2716893.2722185804,2105938.7217300003,8959777.525326127,null,null,null,-165939.06774368486,null,null,-165639.06774368486
Wed Sep 30 17:00:00 UTC 2026,2632387.3113065376,1105079.7217300003,9001185.57788491,null,null,null,-302482.90984894795,null,null,-302182.90984894795
Wed Sep 30 18:00:00 UTC 2026,3004213.5393195613,193278.72173000034,9042593.630443696,null,null,null,-439026.7519542111,null,null,-438726.7519542111
Wed Sep 30 19:00:00 UTC 2026,2530980.1582120685,-107821.27827000059,9084001.683002478,null,null,null,-575570.5940594742,null,null,-575270.5940594743
Wed Sep 30 20:00:00 UTC 2026,2936608.7705898522,-126073.27827000059,9125409.735561261,null,null,null,-712114.4361647374,null,null,-711814.4361647374
Wed Sep 30 21:00:00 UTC 2026,3054917.1158667495,-849258.2782700006,9166817.788120043,null,null,null,-848658.2782700006,null,null,-848358.2782700006
Wed Sep 30 22:00:00 UTC 2026,3038015.9236843223,317742.72173000034,9208225.840678826,null,null,null,null,null,null,-764851.6971889194
Wed Sep 30 23:00:00 UTC 2026,3240830.2298732614,-46147.27827000059,9249633.893237608,null,null,null,null,null,null,-681345.1161078383
Thu Oct 01 00:00:00 UTC 2026,2835201.6174954767,48885.72173000034,9291041.945796391,null,null,null,null,null,null,-597838.5350267573
Thu Oct 01 01:00:00 UTC 2026,3494348.1126094824,-120336.27827000059,9332449.998355174,null,null,null,null,null,null,-514331.9539456763
Thu Oct 01 02:00:00 UTC 2026,2395770.620752744,-293577.2782700006,9373858.050913958,null,null,null,null,null,null,-430825.37286459515
Thu Oct 01 03:00:00 UTC 2026,2108450.3536517625,372358.72173000034,9415266.103472741,null,null,null,null,null,null,-347318.7917835141
Thu Oct 01 04:00:00 UTC 2026,2192956.314563805,-350864.2782700006,9456674.156031523,null,null,null,null,null,null,-263812.210702433
Thu Oct 01 05:00:00 UTC 2026,2328165.8520231294,-399833.2782700006,9498082.208590306,null,null,null,null,null,null,-180305.62962135184
Thu Oct 01 06:00:00 UTC 2026,2260561.0832935143,169239.72173000034,9539490.26114909,null,null,null,null,null,null,-96799.04854027089
Thu Oct 01 07:00:00 UTC 2026,2463375.389482453,21769.721729999408,9580898.313707871,null,null,null,null,null,null,-13292.467459189822
Thu Oct 01 08:00:00 UTC 2026,2277462.275475941,358314.72173000034,9622306.366266653,null,null,null,null,null,null,70214.11362189136
Thu Oct 01 09:00:00 UTC 2026,2040845.5849221474,-362835.2782700006,9663714.418825436,null,null,null,null,null,null,153720.69470297243
Thu Oct 01 10:00:00 UTC 2026,2480276.581664786,282941.72173000034,9705122.47138422,null,null,null,null,null,null,237227.2757840536
Thu Oct 01 11:00:00 UTC 2026,2142252.738016617,555655.7217300003,9746530.523943003,null,null,null,null,null,null,320733.8568651347
Thu Oct 01 12:00:00 UTC 2026,1516908.6272674664,507636.72173000034,9787938.576501783,null,null,null,null,null,null,404240.43794621574
Thu Oct 01 13:00:00 UTC 2026,1483106.2429026118,153181.72173000034,9829346.629060566,null,null,null,null,null,null,487747.0190272969
Thu Oct 01 14:00:00 UTC 2026,1483106.2429026118,1477550.7217300003,9870754.68161935,null,null,null,null,null,null,571253.6001083778
Thu Oct 01 15:00:00 UTC 2026,1483106.2429026118,2138237.7217300003,9912162.734178133,null,null,null,null,null,null,654760.1811894588
Thu Oct 01 16:00:00 UTC 2026,1483106.2429026118,2242537.7217300003,9953570.786736915,null,null,null,null,null,null,738266.76227054
Thu Oct 01 17:00:00 UTC 2026,0.47025,864907.7217300003,null,9994978.8392957,null,null,null,null,null,null,null,821773.3433516211
Thu Oct 01 18:00:00 UTC 2026,0.47025,607045.7217300003,null,1.0036386891854484E7,null,null,null,null,null,null,null,905279.9244327019
Thu Oct 01 19:00:00 UTC 2026,0.47025,1469296.7217300003,null,1.0077794944413267E7,null,null,null,null,null,null,null,988786.5055137833
Thu Oct 01 20:00:00 UTC 2026,0.47025,1520181.7217300003,null,1.011920299697205E7,null,null,null,null,null,null,null,1072293.0865948643
Thu Oct 01 21:00:00 UTC 2026,0.47025,1279187.7217300003,null,1.016061104953083E7,null,null,null,null,null,null,null,1155799.6676759454
Thu Oct 01 22:00:00 UTC 2026,0.47025,2249219.7217300003,null,1.0202019102089614E7,null,null,null,null,null,null,null,1239306.2487570264
Thu Oct 01 23:00:00 UTC 2026,0.47025,1483597.7217300003,null,1.0243427154648397E7,null,null,null,null,null,null,null,1322812.8298381078
Fri Oct 02 00:00:00 UTC 2026,0.47025,1619219.7217300003,null,1.028483520720718E7,null,null,null,null,null,null,null,1406319.4109191885
Fri Oct 02 01:00:00 UTC 2026,0.47025,1919412.7217300003,null,1.0326243259765962E7,null,null,null,null,null,null,null,1489825.99200027
Fri Oct 02 02:00:00 UTC 2026,0.47025,2357882.7217300003,null,1.0367651312324746E7,null,null,null,null,null,null,null,1573332.5730813504
Fri Oct 02 03:00:00 UTC 2026,0.47025,2975131.7217300003,null,1.0409059364883529E7,null,null,null,null,null,null,null,1656839.154162432
Fri Oct 02 04:00:00 UTC 2026,0.47025,3400845.7217300003,null,1.045046741744231E7,null,null,null,null,null,null,null,1740345.7352435128
Fri Oct 02 05:00:00 UTC 2026,0.47025,4154703.7217300003,null,1.0491875470001092E7,null,null,null,null,null,null,null,1823852.3163245944
Fri Oct 02 06:00:00 UTC 2026,0.47025,4804479.721729999,null,1.0533283522559876E7,null,null,null,null,null,null,null,1907358.8974056751
Fri Oct 02 07:00:00 UTC 2026,0.47025,3914040.7217300003,null,1.0574691575118659E7,null,null,null,null,null,null,null,1990865.478486756
Fri Oct 02 08:00:00 UTC 2026,0.47025,4008396.7217300003,null,1.0616099627677443E7,null,null,null,null,null,null,null,2074372.059567837
Fri Oct 02 09:00:00 UTC 2026,0.47025,3808065.7217300003,null,1.0657507680236226E7,null,null,null,null,null,null,null,2157878.640648918
Fri Oct 02 10:00:00 UTC 2026,0.47025,3839466.7217300003,null,1.0698915732795008E7,null,null,null,null,null,null,null,2241385.2217299994
Fri Oct 02 11:00:00 UTC 2026,0.47025,4176902.7217300003,null,1.0740323785353791E7,null,null,null,null,null,null,null,2324891.8028110806
Fri Oct 02 12:00:00 UTC 2026,0.47025,4921279.721729999,null,1.0781731837912574E7,null,null,null,null,null,null,null,2408398.3838921613
Fri Oct 02 13:00:00 UTC 2026,0.47025,4875893.721729999,null,1.0823139890471358E7,null,null,null,null,null,null,null,2491904.964973243
Fri Oct 02 14:00:00 UTC 2026,0.47025,8510152.72173,null,1.0864547943030138E7,null,null,null,null,null,null,null,2575411.5460543237
Fri Oct 02 15:00:00 UTC 2026,0.47025,8838389.72173,null,1.0905955995588921E7,null,null,null,null,null,null,null,2658918.1271354044
Fri Oct 02 16:00:00 UTC 2026,0.47025,8004677.72173,null,1.0947364048147706E7,null,null,null,null,null,null,null,2742424.7082164856
Fri Oct 02 17:00:00 UTC 2026,0.47025,9251367.72173,null,1.098877210070649E7,null,null,null,null,null,null,null,2825931.289297567
Fri Oct 02 18:00:00 UTC 2026,0.47025,7507084.72173,null,1.1030180153265271E7,null,null,null,null,null,null,null,2909437.8703786484
Fri Oct 02 19:00:00 UTC 2026,0.47025,6889604.72173,null,1.1071588205824055E7,null,null,null,null,null,null,null,2992944.451459729
Fri Oct 02 20:00:00 UTC 2026,0.47025,7323568.72173,null,1.1112996258382838E7,null,null,null,null,null,null,null,3076451.03254081
Fri Oct 02 21:00:00 UTC 2026,0.47025,7323568.72173,null,1.115440431094162E7,null,null,null,null,null,null,null,3159957.6136218915
Fri Oct 02 22:00:00 UTC 2026,0.47025,7323568.72173,null,1.1195812363500403E7,null,null,null,null,null,null,null,3243464.194702972
Fri Oct 02 23:00:00 UTC 2026,0.47025,7323568.72173,null,1.1237220416059185E7,null,null,null,null,null,null,null,3326970.7757840534
Sat Oct 03 00:00:00 UTC 2026,0.47025,7323568.72173,null,1.1278628468617968E7,null,null,null,null,null,null,null,3410477.3568651346
Sat Oct 03 01:00:00 UTC 2026,0.47025,7323568.72173,null,1.1320036521176752E7,null,null,null,null,null,null,null,3493983.937946216
Sat Oct 03 02:00:00 UTC 2026,0.47025,7323568.72173,null,1.1361444573735535E7,null,null,null,null,null,null,null,3577490.5190272965
Sat Oct 03 03:00:00 UTC 2026,0.47025,7323568.72173,null,1.1402852626294315E7,null,null,null,null,null,null,null,3660997.100108377
Sat Oct 03 04:00:00 UTC 2026,0.47025,7323568.72173,null,1.1444260678853098E7,null,null,null,null,null,null,null,3744503.681189459
Sat Oct 03 05:00:00 UTC 2026,0.47025,7323568.72173,null,1.1485668731411882E7,null,null,null,null,null,null,null,3828010.2622705405
Sat Oct 03 06:00:00 UTC 2026,0.47025,7323568.72173,null,1.1527076783970665E7,null,null,null,null,null,null,null,3911516.843351621
Sat Oct 03 07:00:00 UTC 2026,0.47025,7323568.72173,null,1.1568484836529447E7,null,null,null,null,null,null,null,3995023.424432702
Sat Oct 03 08:00:00 UTC 2026,0.47025,7323568.72173,null,1.160989288908823E7,null,null,null,null,null,null,null,4078530.0055137835
Sat Oct 03 09:00:00 UTC 2026,0.47025,7323568.72173,null,1.1651300941647014E7,null,null,null,null,null,null,null,4162036.5865948647
Sat Oct 03 10:00:00 UTC 2026,0.47025,7323568.72173,null,1.1692708994205795E7,null,null,null,null,null,null,null,4245543.167675946
Sat Oct 03 11:00:00 UTC 2026,0.47025,7323568.72173,null,1.1734117046764579E7,null,null,null,null,null,null,null,4329049.748757026
Sat Oct 03 12:00:00 UTC 2026,0.47025,7323568.72173,null,1.1775525099323362E7,null,null,null,null,null,null,null,4412556.329838107
Sat Oct 03 13:00:00 UTC 2026,0.47025,7323568.72173,null,1.1816933151882144E7,null,null,null,null,null,null,null,4496062.910919189
Sat Oct 03 14:00:00 UTC 2026,0.47025,7323568.72173,null,1.1858341204440929E7,null,null,null,null,null,null,null,4579569.49200027
Sat Oct 03 15:00:00 UTC 2026,0.47025,7323568.72173,null,1.1899749256999712E7,null,null,null,null,null,null,null,4663076.073081351
Sat Oct 03 16:00:00 UTC 2026,0.47025,7323568.72173,null,1.1941157309558494E7,null,null,null,null,null,null,null,4746582.654162431
Sat Oct 03 17:00:00 UTC 2026,0.47025,7323568.72173,null,1.1982565362117277E7,null,null,null,null,null,null,null,4830089.235243512
Sat Oct 03 18:00:00 UTC 2026,0.47025,7323568.72173,null,1.202397341467606E7,null,null,null,null,null,null,null,4913595.816324594
Sat Oct 03 19:00:00 UTC 2026,0.47025,7323568.72173,null,1.2065381467234842E7,null,null,null,null,null,null,null,4997102.397405675
Sat Oct 03 20:00:00 UTC 2026,0.47025,7323568.72173,null,1.2106789519793624E7,null,null,null,null,null,null,null,5080608.978486756
Sat Oct 03 21:00:00 UTC 2026,0.47025,7323568.72173,null,1.2148197572352408E7,null,null,null,null,null,null,null,5164115.559567837
Sat Oct 03 22:00:00 UTC 2026,0.47025,7323568.72173,null,1.2189605624911191E7,null,null,null,null,null,null,null,5247622.140648919
Sat Oct 03 23:00:00 UTC 2026,0.47025,7323568.72173,null,1.2231013677469974E7,null,null,null,null,null,null,null,5331128.721729999
Sun Oct 04 00:00:00 UTC 2026,0.47025,7323568.72173,null,1.2272421730028756E7,null,null,null,null,null,null,null,5414635.302811081
Sun Oct 04 01:00:00 UTC 2026,0.47025,7323568.72173,null,1.231382978258754E7,null,null,null,null,null,null,null,5498141.883892162
Sun Oct 04 02:00:00 UTC 2026,0.47025,7323568.72173,null,1.2355237835146323E7,null,null,null,null,null,null,null,5581648.464973243
Sun Oct 04 03:00:00 UTC 2026,0.47025,7323568.72173,null,1.2396645887705104E7,null,null,null,null,null,null,null,5665155.046054323
Sun Oct 04 04:00:00 UTC 2026,0.47025,7323568.72173,null,1.2438053940263888E7,null,null,null,null,null,null,null,5748661.627135404
Sun Oct 04 05:00:00 UTC 2026,0.47025,7323568.72173,null,1.247946199282267E7,null,null,null,null,null,null,null,5832168.2082164865
Sun Oct 04 06:00:00 UTC 2026,0.47025,7323568.72173,null,1.2520870045381453E7,null,null,null,null,null,null,null,5915674.789297567
Sun Oct 04 07:00:00 UTC 2026,0.47025,7323568.72173,null,1.2562278097940236E7,null,null,null,null,null,null,null,5999181.370378648
Sun Oct 04 08:00:00 UTC 2026,0.47025,7323568.72173,null,1.260368615049902E7,null,null,null,null,null,null,null,6082687.95145973
Sun Oct 04 09:00:00 UTC 2026,0.47025,7323568.72173,null,1.2645094203057801E7,null,null,null,null,null,null,null,6166194.532540809
Sun Oct 04 10:00:00 UTC 2026,0.47025,7323568.72173,null,1.2686502255616585E7,null,null,null,null,null,null,null,6249701.1136218915
Sun Oct 04 11:00:00 UTC 2026,0.47025,7323568.72173,null,1.2727910308175366E7,null,null,null,null,null,null,null,6333207.694702972
Sun Oct 04 12:00:00 UTC 2026,0.47025,7323568.72173,null,1.276931836073415E7,null,null,null,null,null,null,null,6416714.275784053
Sun Oct 04 13:00:00 UTC 2026,0.47025,7323568.72173,null,1.2810726413292933E7,null,null,null,null,null,null,null,6500220.856865135
Sun Oct 04 14:00:00 UTC 2026,0.47025,7323568.72173,null,1.2852134465851717E7,null,null,null,null,null,null,null,6583727.437946215
Sun Oct 04 15:00:00 UTC 2026,0.47025,7323568.72173,null,1.28935425184105E7,null,null,null,null,null,null,null,6667234.019027297
Sun Oct 04 16:00:00 UTC 2026,0.47025,7323568.72173,null,1.2934950570969284E7,null,null,null,null,null,null,null,6750740.600108379
Sun Oct 04 17:00:00 UTC 2026,0.47025,7323568.72173,null,1.2976358623528067E7,null,null,null,null,null,null,null,6834247.181189459
Sun Oct 04 18:00:00 UTC 2026,0.47025,7323568.72173,null,1.3017766676086847E7,null,null,null,null,null,null,null,6917753.76227054
Sun Oct 04 19:00:00 UTC 2026,0.47025,7323568.72173,null,1.305917472864563E7,null,null,null,null,null,null,null,7001260.34335162
Sun Oct 04 20:00:00 UTC 2026,0.47025,7323568.72173,null,1.3100582781204414E7,null,null,null,null,null,null,null,7084766.924432702
Sun Oct 04 21:00:00 UTC 2026,0.47025,7015518.72173,null,1.3141990833763197E7,null,null,null,null,null,null,null,7168273.505513784
Sun Oct 04 22:00:00 UTC 2026,0.47025,7499426.72173,null,1.3183398886321979E7,null,null,null,null,null,null,null,7251780.086594864
Sun Oct 04 23:00:00 UTC 2026,0.47025,8290522.72173,null,1.3224806938880762E7,null,null,null,null,null,null,null,7335286.667675945
Mon Oct 05 00:00:00 UTC 2026,0.47025,9117492.72173,null,1.3266214991439546E7,null,null,null,null,null,null,null,7418793.248757027
Mon Oct 05 01:00:00 UTC 2026,0.47025,9634424.72173,null,1.3307623043998327E7,null,null,null,null,null,null,null,7502299.829838107
Mon Oct 05 02:00:00 UTC 2026,0.47025,9665235.72173,null,1.334903109655711E7,null,null,null,null,null,null,null,7585806.4109191885
Mon Oct 05 03:00:00 UTC 2026,0.47025,8916460.72173,null,1.3390439149115892E7,null,null,null,null,null,null,null,7669312.99200027
Mon Oct 05 04:00:00 UTC 2026,0.47025,9411067.72173,null,1.3431847201674676E7,null,null,null,null,null,null,null,7752819.573081351
Mon Oct 05 05:00:00 UTC 2026,0.47025,8920696.72173,null,1.3473255254233459E7,null,null,null,null,null,null,null,7836326.154162433
Mon Oct 05 06:00:00 UTC 2026,0.47025,8929594.72173,null,1.3514663306792242E7,null,null,null,null,null,null,null,7919832.735243512
Mon Oct 05 07:00:00 UTC 2026,0.47025,8844902.72173,null,1.3556071359351024E7,null,null,null,null,null,null,null,8003339.3163245935
Mon Oct 05 08:00:00 UTC 2026,0.47025,7906593.72173,null,1.3597479411909807E7,null,null,null,null,null,null,null,8086845.897405676
Mon Oct 05 09:00:00 UTC 2026,0.47025,8106510.72173,null,1.363888746446859E7,null,null,null,null,null,null,null,8170352.478486755
Mon Oct 05 10:00:00 UTC 2026,0.47025,8436089.72173,null,1.3680295517027372E7,null,null,null,null,null,null,null,8253859.059567838
Mon Oct 05 11:00:00 UTC 2026,0.47025,8137435.72173,null,1.3721703569586156E7,null,null,null,null,null,null,null,8337365.640648918
Mon Oct 05 12:00:00 UTC 2026,0.47025,7755895.72173,null,1.376311162214494E7,null,null,null,null,null,null,null,8420872.22173
Mon Oct 05 13:00:00 UTC 2026,0.47025,7236169.72173,null,1.3804519674703723E7,null,null,null,null,null,null,null,8504378.80281108
Mon Oct 05 14:00:00 UTC 2026,0.47025,6675613.72173,null,1.3845927727262506E7,null,null,null,null,null,null,null,8587885.383892162
Mon Oct 05 15:00:00 UTC 2026,0.47025,6689654.72173,null,1.3887335779821288E7,null,null,null,null,null,null,null,8671391.964973243
Mon Oct 05 16:00:00 UTC 2026,0.47025,7405586.72173,null,1.3928743832380071E7,null,null,null,null,null,null,null,8754898.546054324
Mon Oct 05 17:00:00 UTC 2026,0.47025,8040856.72173,null,1.3970151884938855E7,null,null,null,null,null,null,null,8838405.127135403
Mon Oct 05 18:00:00 UTC 2026,0.47025,8749068.72173,null,1.4011559937497636E7,null,null,null,null,null,null,null,8921911.708216486
Mon Oct 05 19:00:00 UTC 2026,0.47025,8014232.72173,null,1.4052967990056418E7,null,null,null,null,null,null,null,9005418.289297568
Mon Oct 05 20:00:00 UTC 2026,0.47025,8575285.72173,null,1.4094376042615201E7,null,null,null,null,null,null,null,9088924.870378647
Mon Oct 05 21:00:00 UTC 2026,0.47025,8475292.72173,null,1.4135784095173985E7,null,null,null,null,null,null,null,9172431.45145973
Mon Oct 05 22:00:00 UTC 2026,0.47025,8544767.72173,null,1.4177192147732768E7,null,null,null,null,null,null,null,9255938.03254081
Mon Oct 05 23:00:00 UTC 2026,0.47025,8307231.72173,null,1.4218600200291552E7,null,null,null,null,null,null,null,9339444.613621892
Tue Oct 06 00:00:00 UTC 2026,0.47025,8035790.72173,null,1.4260008252850333E7,null,null,null,null,null,null,null,9422951.194702972
Tue Oct 06 01:00:00 UTC 2026,0.47025,8245232.72173,null,1.4301416305409115E7,null,null,null,null,null,null,null,9506457.775784053
Tue Oct 06 02:00:00 UTC 2026,0.47025,8516833.72173,null,1.4342824357967898E7,null,null,null,null,null,null,null,9589964.356865136
Tue Oct 06 03:00:00 UTC 2026,0.47025,7961987.72173,null,1.4384232410526682E7,null,null,null,null,null,null,null,9673470.937946215
Tue Oct 06 04:00:00 UTC 2026,0.47025,7567901.72173,null,1.4425640463085463E7,null,null,null,null,null,null,null,9756977.519027296
Tue Oct 06 05:00:00 UTC 2026,0.47025,7896553.72173,null,1.4467048515644247E7,null,null,null,null,null,null,null,9840484.10010838
Tue Oct 06 06:00:00 UTC 2026,0.47025,7347075.72173,null,1.450845656820303E7,null,null,null,null,null,null,null,9923990.681189459
Tue Oct 06 07:00:00 UTC 2026,0.47025,7150772.72173,null,1.4549864620761814E7,null,null,null,null,null,null,null,1.000749726227054E7
Tue Oct 06 08:00:00 UTC 2026,0.47025,8706273.72173,null,1.4591272673320595E7,null,null,null,null,null,null,null,1.0091003843351621E7
Tue Oct 06 09:00:00 UTC 2026,0.47025,9382705.72173,null,1.4632680725879377E7,null,null,null,null,null,null,null,1.0174510424432702E7
Tue Oct 06 10:00:00 UTC 2026,0.47025,8929147.72173,null,1.4674088778438162E7,null,null,null,null,null,null,null,1.0258017005513784E7
Tue Oct 06 11:00:00 UTC 2026,0.47025,9850055.72173,null,1.4715496830996946E7,null,null,null,null,null,null,null,1.0341523586594863E7
Tue Oct 06 12:00:00 UTC 2026,0.47025,9658889.72173,null,1.4756904883555729E7,null,null,null,null,null,null,null,1.0425030167675946E7
Tue Oct 06 13:00:00 UTC 2026,0.47025,9546234.72173,null,1.479831293611451E7,null,null,null,null,null,null,null,1.0508536748757025E7
Tue Oct 06 14:00:00 UTC 2026,0.47025,9225615.72173,null,1.4839720988673294E7,null,null,null,null,null,null,null,1.0592043329838106E7
Tue Oct 06 15:00:00 UTC 2026,0.47025,9397165.72173,null,1.4881129041232077E7,null,null,null,null,null,null,null,1.067554991091919E7
Tue Oct 06 16:00:00 UTC 2026,0.47025,9985510.72173,null,1.4922537093790859E7,null,null,null,null,null,null,null,1.075905649200027E7
Tue Oct 06 17:00:00 UTC 2026,0.47025,1.008401672173E7,null,1.496394514634964E7,null,null,null,null,null,null,null,1.084256307308135E7
Tue Oct 06 18:00:00 UTC 2026,0.47025,1.030434672173E7,null,1.5005353198908424E7,null,null,null,null,null,null,null,1.0926069654162433E7
Tue Oct 06 19:00:00 UTC 2026,0.47025,1.013795172173E7,null,1.5046761251467207E7,null,null,null,null,null,null,null,1.1009576235243512E7
Tue Oct 06 20:00:00 UTC 2026,0.47025,1.029184172173E7,null,1.508816930402599E7,null,null,null,null,null,null,null,1.1093082816324593E7
Tue Oct 06 21:00:00 UTC 2026,0.47025,1.021249872173E7,null,1.5129577356584772E7,null,null,null,null,null,null,null,1.1176589397405675E7
Tue Oct 06 22:00:00 UTC 2026,0.47025,9339545.72173,null,1.5170985409143556E7,null,null,null,null,null,null,null,1.1260095978486756E7
Tue Oct 06 23:00:00 UTC 2026,0.47025,9449362.72173,null,1.521239346170234E7,null,null,null,null,null,null,null,1.1343602559567839E7
Wed Oct 07 00:00:00 UTC 2026,0.47025,1.126922372173E7,null,1.525380151426112E7,null,null,null,null,null,null,null,1.1427109140648918E7
Wed Oct 07 01:00:00 UTC 2026,0.47025,1.150971572173E7,null,1.5295209566819904E7,null,null,null,null,1.151031572173E7,null,null,1.151061572173E7
Wed Oct 07 02:00:00 UTC 2026,0.47025,1.129070472173E7,null,1.5336617619378686E7,null,null,null,null,1.1341702155063333E7,null,null,null
Wed Oct 07 03:00:00 UTC 2026,0.47025,1.104615172173E7,null,1.537802567193747E7,null,null,null,null,1.1173088588396667E7,null,null,null
Wed Oct 07 04:00:00 UTC 2026,0.47025,1.099163572173E7,null,1.5419433724496253E7,null,null,null,null,1.100447502173E7,null,null,null
Wed Oct 07 05:00:00 UTC 2026,0.47025,1.056905172173E7,null,1.5460841777055036E7,null,null,null,null,1.0835861455063334E7,null,null,null
Wed Oct 07 06:00:00 UTC 2026,0.47025,1.047415772173E7,null,1.5502249829613818E7,null,null,null,null,1.0667247888396665E7,null,null,null
Wed Oct 07 07:00:00 UTC 2026,0.47025,1.049640072173E7,null,1.5543657882172601E7,null,null,null,null,1.049863432173E7,null,null,null
Wed Oct 07 08:00:00 UTC 2026,0.47025,9353879.72173,null,1.5585065934731383E7,null,null,null,null,1.0330020755063334E7,null,null,null
Wed Oct 07 09:00:00 UTC 2026,0.47025,9719286.72173,null,1.5626473987290168E7,null,null,null,null,1.0161407188396666E7,null,null,null
Wed Oct 07 10:00:00 UTC 2026,0.47025,1.015030572173E7,null,1.566788203984895E7,null,null,null,null,9992793.62173,null,null,null
Wed Oct 07 11:00:00 UTC 2026,0.47025,1.096350772173E7,null,1.5709290092407733E7,null,null,null,null,9824180.055063333,null,null,null
Wed Oct 07 12:00:00 UTC 2026,0.47025,1.048214972173E7,null,1.5750698144966517E7,null,null,null,null,9655566.488396667,null,null,null
Wed Oct 07 13:00:00 UTC 2026,0.47025,9707880.72173,null,1.57921061975253E7,null,null,null,null,9486952.92173,null,null,null
Wed Oct 07 14:00:00 UTC 2026,0.47025,1.121529272173E7,null,1.5833514250084084E7,null,null,null,null,9318339.355063334,null,null,null
Wed Oct 07 15:00:00 UTC 2026,0.47025,8804903.72173,null,1.5874922302642865E7,null,null,null,null,9149725.788396666,null,null,null
Wed Oct 07 16:00:00 UTC 2026,0.47025,1.089553172173E7,null,1.5916330355201647E7,null,null,null,null,8981112.22173,null,null,null
Wed Oct 07 17:00:00 UTC 2026,0.47025,8586827.72173,null,1.595773840776043E7,null,null,null,null,8812498.655063333,null,null,null
Wed Oct 07 18:00:00 UTC 2026,0.47025,8688062.72173,null,1.5999146460319214E7,null,null,null,null,8643885.088396667,null,null,null
Wed Oct 07 19:00:00 UTC 2026,0.47025,7489867.72173,null,1.6040554512877995E7,null,null,null,null,8475271.52173,null,null,null
Wed Oct 07 20:00:00 UTC 2026,0.47025,7466171.72173,null,1.6081962565436779E7,null,null,null,null,8306657.955063334,null,null,null
Wed Oct 07 21:00:00 UTC 2026,0.47025,6915781.72173,null,1.6123370617995562E7,null,null,null,null,8138044.388396666,null,null,null
Wed Oct 07 22:00:00 UTC 2026,0.47025,8684026.72173,null,1.6164778670554345E7,null,null,null,null,7969430.821729999,null,null,null
Wed Oct 07 23:00:00 UTC 2026,0.47025,6742698.72173,null,1.6206186723113125E7,null,null,null,null,7800817.255063333,null,null,null
Thu Oct 08 00:00:00 UTC 2026,0.47025,6606893.72173,null,1.6247594775671909E7,null,null,null,null,7632203.688396667,null,null,null
Thu Oct 08 01:00:00 UTC 2026,0.47025,6887641.72173,null,1.6289002828230692E7,null,null,null,null,7463590.121730002,null,null,null
Thu Oct 08 02:00:00 UTC 2026,0.47025,6578443.72173,null,1.6330410880789476E7,null,null,null,null,7294976.555063333,null,null,null
Thu Oct 08 03:00:00 UTC 2026,0.47025,6940701.72173,null,1.6371818933348257E7,null,null,null,null,7126362.988396667,null,null,null
Thu Oct 08 04:00:00 UTC 2026,0.47025,6886310.72173,null,1.641322698590704E7,null,null,null,null,6957749.4217300005,null,null,null
Thu Oct 08 05:00:00 UTC 2026,0.47025,6781980.72173,null,1.6454635038465824E7,null,null,null,null,6789135.855063334,null,null,null
Thu Oct 08 06:00:00 UTC 2026,0.47025,6595330.72173,null,1.6496043091024607E7,null,null,null,null,6620522.288396668,null,null,null
Thu Oct 08 07:00:00 UTC 2026,0.47025,6451308.72173,null,1.653745114358339E7,null,null,null,null,6451908.72173,null,null,null
Thu Oct 08 08:00:00 UTC 2026,0.47025,6514801.72173,null,1.6578859196142172E7,null,null,null,null,null,null,null,null
Thu Oct 08 09:00:00 UTC 2026,0.47025,7261430.72173,null,1.6620267248700956E7,null,null,null,null,null,null,null,null
Thu Oct 08 10:00:00 UTC 2026,0.47025,7259436.72173,null,1.666167530125974E7,null,null,null,null,null,null,null,null
Thu Oct 08 11:00:00 UTC 2026,0.47025,6893288.72173,null,1.6703083353818523E7,null,null,null,null,null,null,null,null
Thu Oct 08 12:00:00 UTC 2026,0.47025,6708437.72173,null,1.6744491406377306E7,null,null,null,null,null,null,null,null
Thu Oct 08 13:00:00 UTC 2026,0.47025,6574339.72173,null,1.6785899458936088E7,null,null,null,null,null,null,null,null
Thu Oct 08 14:00:00 UTC 2026,0.47025,7305073.72173,null,1.6827307511494868E7,null,null,null,null,null,null,null,null
Thu Oct 08 15:00:00 UTC 2026,0.47025,1.5272493721730001E7,null,1.686871556405365E7,null,null,null,null,null,null,null,null
Thu Oct 08 16:00:00 UTC 2026,0.47025,1.6148015721730001E7,null,1.6910123616612434E7,null,null,null,null,null,null,null,null
Thu Oct 08 17:00:00 UTC 2026,0.47025,1.698244572173E7,null,1.6951531669171218E7,null,null,null,null,null,null,null,null
Thu Oct 08 18:00:00 UTC 2026,0.47025,1.699283972173E7,null,1.699293972173E7,null,null,null,null,1.699343972173E7,null,null,null
Thu Oct 08 19:00:00 UTC 2026,0.47025,9832206.72173,null,null,null,null,null,null,1.6954278690601595E7,null,null,null
Thu Oct 08 20:00:00 UTC 2026,0.47025,9695193.72173,null,null,null,null,null,null,1.6915117659473196E7,null,null,null
Thu Oct 08 21:00:00 UTC 2026,0.47025,9554526.72173,null,null,null,null,null,null,1.687595662834479E7,null,null,null
Thu Oct 08 22:00:00 UTC 2026,0.47025,9838191.72173,null,null,null,null,null,null,1.6836795597216383E7,null,null,null
Thu Oct 08 23:00:00 UTC 2026,0.47025,9941753.72173,null,null,null,null,null,null,1.6797634566087976E7,null,null,null
Fri Oct 09 00:00:00 UTC 2026,0.47025,1.007276772173E7,null,null,null,null,null,null,1.6758473534959573E7,null,null,null
Fri Oct 09 01:00:00 UTC 2026,0.47025,1.009906072173E7,null,null,null,null,null,null,1.6719312503831169E7,null,null,null
Fri Oct 09 02:00:00 UTC 2026,0.47025,1.003409772173E7,null,null,null,null,null,null,1.6680151472702764E7,null,null,null
Fri Oct 09 03:00:00 UTC 2026,0.47025,9798339.72173,null,null,null,null,null,null,1.664099044157436E7,null,null,null
Fri Oct 09 04:00:00 UTC 2026,0.47025,1.016413472173E7,null,null,null,null,null,null,1.6601829410445955E7,null,null,null
Fri Oct 09 05:00:00 UTC 2026,0.47025,1.029142572173E7,null,null,null,null,null,null,1.6562668379317552E7,null,null,null
Fri Oct 09 06:00:00 UTC 2026,0.47025,1.041794372173E7,null,null,null,null,null,null,1.6523507348189145E7,null,null,null
Fri Oct 09 07:00:00 UTC 2026,0.47025,1.014100972173E7,null,null,null,null,null,null,1.648434631706074E7,null,null,null
Fri Oct 09 08:00:00 UTC 2026,0.47025,1.063928972173E7,null,null,null,null,null,null,1.6445185285932334E7,null,null,null
Fri Oct 09 09:00:00 UTC 2026,0.47025,1.062281472173E7,null,null,null,null,null,null,1.6406024254803931E7,null,null,null
Fri Oct 09 10:00:00 UTC 2026,0.47025,1.064345472173E7,null,null,null,null,null,null,1.6366863223675527E7,null,null,null
Fri Oct 09 11:00:00 UTC 2026,0.47025,1.037007472173E7,null,null,null,null,null,null,1.6327702192547122E7,null,null,null
Fri Oct 09 12:00:00 UTC 2026,0.47025,1.025773572173E7,null,null,null,null,null,null,1.6288541161418717E7,null,null,null
Fri Oct 09 13:00:00 UTC 2026,0.47025,1.001461972173E7,null,null,null,null,null,null,1.6249380130290313E7,null,null,null
Fri Oct 09 14:00:00 UTC 2026,0.47025,8977954.72173,null,null,null,null,null,null,1.6210219099161908E7,null,null,null
Fri Oct 09 15:00:00 UTC 2026,0.47025,8965712.72173,null,null,null,null,null,null,1.6171058068033503E7,null,null,null
Fri Oct 09 16:00:00 UTC 2026,0.47025,8857880.72173,null,null,null,null,null,null,1.6131897036905097E7,null,null,null
Fri Oct 09 17:00:00 UTC 2026,0.47025,8966994.72173,null,null,null,null,null,null,1.6092736005776694E7,null,null,null
Fri Oct 09 18:00:00 UTC 2026,0.47025,8805238.72173,null,null,null,null,null,null,1.605357497464829E7,null,null,null
Fri Oct 09 19:00:00 UTC 2026,0.47025,8885450.72173,null,null,null,null,null,null,1.6014413943519885E7,null,null,null
Fri Oct 09 20:00:00 UTC 2026,0.47025,9224390.72173,null,null,null,null,null,null,1.597525291239148E7,null,null,null
Fri Oct 09 21:00:00 UTC 2026,0.47025,9224390.72173,null,null,null,null,null,null,1.5936091881263075E7,null,null,null
Fri Oct 09 22:00:00 UTC 2026,0.47025,9224390.72173,null,null,null,null,null,null,1.5896930850134673E7,null,null,null
Fri Oct 09 23:00:00 UTC 2026,0.47025,9224390.72173,null,null,null,null,null,null,1.5857769819006264E7,null,null,null
Sat Oct 10 00:00:00 UTC 2026,0.47025,9224390.72173,null,null,null,null,null,null,1.5818608787877861E7,null,null,null
Sat Oct 10 01:00:00 UTC 2026,0.47025,9224390.72173,null,null,null,null,null,null,1.5779447756749457E7,null,null,null
Sat Oct 10 02:00:00 UTC 2026,0.47025,9224390.72173,null,null,null,null,null,null,1.5740286725621052E7,null,null,null
Sat Oct 10 03:00:00 UTC 2026,0.47025,9224390.72173,null,null,null,null,null,null,1.5701125694492647E7,null,null,null
Sat Oct 10 04:00:00 UTC 2026,0.47025,9224390.72173,null,null,null,null,null,null,1.5661964663364243E7,null,null,null
Sat Oct 10 05:00:00 UTC 2026,0.47025,9224390.72173,null,null,null,null,null,null,1.5622803632235838E7,null,null,null
Sat Oct 10 06:00:00 UTC 2026,0.47025,9224390.72173,null,null,null,null,null,null,1.5583642601107435E7,null,null,null
Sat Oct 10 07:00:00 UTC 2026,0.47025,9224390.72173,null,null,null,null,null,null,1.5544481569979027E7,null,null,null
Sat Oct 10 08:00:00 UTC 2026,0.47025,9224390.72173,null,null,null,null,null,null,1.5505320538850624E7,null,null,null
Sat Oct 10 09:00:00 UTC 2026,0.47025,9224390.72173,null,null,null,null,null,null,1.5466159507722218E7,null,null,null
Sat Oct 10 10:00:00 UTC 2026,0.47025,9224390.72173,null,null,null,null,null,null,1.5426998476593815E7,null,null,null
Sat Oct 10 11:00:00 UTC 2026,0.47025,9224390.72173,null,null,null,null,null,null,1.538783744546541E7,null,null,null
Sat Oct 10 12:00:00 UTC 2026,0.47025,9224390.72173,null,null,null,null,null,null,1.5348676414337005E7,null,null,null
Sat Oct 10 13:00:00 UTC 2026,0.47025,9224390.72173,null,null,null,null,null,null,1.53095153832086E7,null,null,null
Sat Oct 10 14:00:00 UTC 2026,0.47025,9224390.72173,null,null,null,null,null,null,1.5270354352080196E7,null,null,null
Sat Oct 10 15:00:00 UTC 2026,0.47025,9224390.72173,null,null,null,null,null,null,1.523119332095179E7,null,null,null
Sat Oct 10 16:00:00 UTC 2026,0.47025,9224390.72173,null,null,null,null,null,null,1.5192032289823387E7,null,null,null
Sat Oct 10 17:00:00 UTC 2026,0.47025,9224390.72173,null,null,null,null,null,null,1.515287125869498E7,null,null,null
Sat Oct 10 18:00:00 UTC 2026,0.47025,9224390.72173,null,null,null,null,null,null,1.5113710227566577E7,null,null,null
Sat Oct 10 19:00:00 UTC 2026,0.47025,9224390.72173,null,null,null,null,null,null,1.5074549196438171E7,null,null,null
Sat Oct 10 20:00:00 UTC 2026,0.47025,9224390.72173,null,null,null,null,null,null,1.5035388165309768E7,null,null,null
Sat Oct 10 21:00:00 UTC 2026,0.47025,9224390.72173,null,null,null,null,null,null,1.4996227134181365E7,null,null,null
Sat Oct 10 22:00:00 UTC 2026,0.47025,9224390.72173,null,null,null,null,null,null,1.4957066103052959E7,null,null,null
Sat Oct 10 23:00:00 UTC 2026,0.47025,9224390.72173,null,null,null,null,null,null,1.4917905071924552E7,null,null,null
Sun Oct 11 00:00:00 UTC 2026,0.47025,9224390.72173,null,null,null,null,null,null,1.4878744040796148E7,null,null,null
Sun Oct 11 01:00:00 UTC 2026,0.47025,9224390.72173,null,null,null,null,null,null,1.4839583009667743E7,null,null,null
Sun Oct 11 02:00:00 UTC 2026,0.47025,9224390.72173,null,null,null,null,null,null,1.480042197853934E7,null,null,null
Sun Oct 11 03:00:00 UTC 2026,0.47025,9224390.72173,null,null,null,null,null,null,1.4761260947410936E7,null,null,null
Sun Oct 11 04:00:00 UTC 2026,0.47025,9224390.72173,null,null,null,null,null,null,1.472209991628253E7,null,null,null
Sun Oct 11 05:00:00 UTC 2026,0.47025,9224390.72173,null,null,null,null,null,null,1.4682938885154126E7,null,null,null
Sun Oct 11 06:00:00 UTC 2026,0.47025,9224390.72173,null,null,null,null,null,null,1.4643777854025722E7,null,null,null
Sun Oct 11 07:00:00 UTC 2026,0.47025,9224390.72173,null,null,null,null,null,null,1.4604616822897317E7,null,null,null
Sun Oct 11 08:00:00 UTC 2026,0.47025,9224390.72173,null,null,null,null,null,null,1.456545579176891E7,null,null,null
Sun Oct 11 09:00:00 UTC 2026,0.47025,9224390.72173,null,null,null,null,null,null,1.4526294760640508E7,null,null,null
Sun Oct 11 10:00:00 UTC 2026,0.47025,9224390.72173,null,null,null,null,null,null,1.4487133729512101E7,null,null,null
Sun Oct 11 11:00:00 UTC 2026,0.47025,9224390.72173,null,null,null,null,null,null,1.4447972698383698E7,null,null,null
Sun Oct 11 12:00:00 UTC 2026,0.47025,9224390.72173,null,null,null,null,null,null,1.4408811667255294E7,null,null,null
Sun Oct 11 13:00:00 UTC 2026,0.47025,9224390.72173,null,null,null,null,null,null,1.4369650636126889E7,null,null,null
Sun Oct 11 14:00:00 UTC 2026,0.47025,9224390.72173,null,null,null,null,null,null,1.4330489604998484E7,null,null,null
Sun Oct 11 15:00:00 UTC 2026,0.47025,9224390.72173,null,null,null,null,null,null,1.4291328573870078E7,null,null,null
Sun Oct 11 16:00:00 UTC 2026,0.47025,9224390.72173,null,null,null,null,null,null,1.4252167542741673E7,null,null,null
Sun Oct 11 17:00:00 UTC 2026,0.47025,9224390.72173,null,null,null,null,null,null,1.421300651161327E7,null,null,null
Sun Oct 11 18:00:00 UTC 2026,0.47025,9224390.72173,null,null,null,null,null,null,1.4173845480484864E7,null,null,null
Sun Oct 11 19:00:00 UTC 2026,0.47025,9224390.72173,null,null,null,null,null,null,1.4134684449356461E7,null,null,null
Sun Oct 11 20:00:00 UTC 2026,0.47025,9224390.72173,null,null,null,null,null,null,1.4095523418228054E7,null,null,null
Sun Oct 11 21:00:00 UTC 2026,0.47025,9009509.72173,null,null,null,null,null,null,1.4056362387099652E7,null,null,null
Sun Oct 11 22:00:00 UTC 2026,0.47025,9308171.72173,null,null,null,null,null,null,1.4017201355971247E7,null,null,null
Sun Oct 11 23:00:00 UTC 2026,0.47025,8585387.72173,null,null,null,null,null,null,1.397804032484284E7,null,null,null
Mon Oct 12 00:00:00 UTC 2026,0.47025,8422535.72173,null,null,null,null,null,null,1.3938879293714438E7,null,null,null
Mon Oct 12 01:00:00 UTC 2026,0.47025,8082788.72173,null,null,null,null,null,null,1.3899718262586031E7,null,null,null
Mon Oct 12 02:00:00 UTC 2026,0.47025,7984662.72173,null,null,null,null,null,null,1.3860557231457628E7,null,null,null
Mon Oct 12 03:00:00 UTC 2026,0.47025,8178459.72173,null,null,null,null,null,null,1.3821396200329224E7,null,null,null
Mon Oct 12 04:00:00 UTC 2026,0.47025,8679215.72173,null,null,null,null,null,null,1.3782235169200819E7,null,null,null
Mon Oct 12 05:00:00 UTC 2026,0.47025,9039285.72173,null,null,null,null,null,null,1.3743074138072414E7,null,null,null
Mon Oct 12 06:00:00 UTC 2026,0.47025,9085613.72173,null,null,null,null,null,null,1.370391310694401E7,null,null,null
Mon Oct 12 07:00:00 UTC 2026,0.47025,9123681.72173,null,null,null,null,null,null,1.3664752075815603E7,null,null,null
Mon Oct 12 08:00:00 UTC 2026,0.47025,9170889.72173,null,null,null,null,null,null,1.36255910446872E7,null,null,null
Mon Oct 12 09:00:00 UTC 2026,0.47025,8932793.72173,null,null,null,null,null,null,1.3586430013558794E7,null,null,null
Mon Oct 12 10:00:00 UTC 2026,0.47025,8951479.72173,null,null,null,null,null,null,1.3547268982430391E7,null,null,null
Mon Oct 12 11:00:00 UTC 2026,0.47025,8906832.72173,null,null,null,null,null,null,1.3508107951301984E7,null,null,null
Mon Oct 12 12:00:00 UTC 2026,0.47025,8953673.72173,null,null,null,null,null,null,1.3468946920173582E7,null,null,null
Mon Oct 12 13:00:00 UTC 2026,0.47025,8959249.72173,null,null,null,null,null,null,1.3429785889045177E7,null,null,null
Mon Oct 12 14:00:00 UTC 2026,0.47025,8394181.72173,null,null,null,null,null,null,1.3390624857916772E7,null,null,null
Mon Oct 12 15:00:00 UTC 2026,0.47025,8787548.72173,null,null,null,null,null,null,1.3351463826788366E7,null,null,null
Mon Oct 12 16:00:00 UTC 2026,0.47025,9239277.72173,null,null,null,null,null,null,1.3312302795659961E7,null,null,null
Mon Oct 12 17:00:00 UTC 2026,0.47025,8916701.72173,null,null,null,null,null,null,1.3273141764531557E7,null,null,null
Mon Oct 12 18:00:00 UTC 2026,0.47025,9213764.72173,null,null,null,null,null,null,1.3233980733403154E7,null,null,null
Mon Oct 12 19:00:00 UTC 2026,0.47025,8847817.72173,null,null,null,null,null,null,1.3194819702274747E7,null,null,null
Mon Oct 12 20:00:00 UTC 2026,0.47025,8166975.72173,null,null,null,null,null,null,1.3155658671146344E7,null,null,null
Mon Oct 12 21:00:00 UTC 2026,0.47025,7996980.72173,null,null,null,null,null,null,1.3116497640017938E7,null,null,null
Mon Oct 12 22:00:00 UTC 2026,0.47025,8211912.72173,null,null,null,null,null,null,1.3077336608889535E7,null,null,null
Mon Oct 12 23:00:00 UTC 2026,0.47025,8251398.72173,null,null,null,null,null,null,1.3038175577761129E7,null,null,null
Tue Oct 13 00:00:00 UTC 2026,0.47025,8153090.72173,null,null,null,null,null,null,1.2999014546632724E7,null,null,null
Tue Oct 13 01:00:00 UTC 2026,0.47025,8241042.72173,null,null,null,null,null,null,1.295985351550432E7,null,null,null
Tue Oct 13 02:00:00 UTC 2026,0.47025,8169269.72173,null,null,null,null,null,null,1.2920692484375915E7,null,null,null
Tue Oct 13 03:00:00 UTC 2026,0.47025,8052669.72173,null,null,null,null,null,null,1.288153145324751E7,null,null,null
Tue Oct 13 04:00:00 UTC 2026,0.47025,8178207.72173,null,null,null,null,null,null,1.2842370422119107E7,null,null,null
Tue Oct 13 05:00:00 UTC 2026,0.47025,8108094.72173,null,null,null,null,null,null,1.2803209390990702E7,null,null,null
Tue Oct 13 06:00:00 UTC 2026,0.47025,8224465.72173,null,null,null,null,null,null,1.2764048359862298E7,null,null,null
Tue Oct 13 07:00:00 UTC 2026,0.47025,7969847.72173,null,null,null,null,null,null,1.2724887328733891E7,null,null,null
Tue Oct 13 08:00:00 UTC 2026,0.47025,9965093.72173,null,null,null,null,null,null,1.2685726297605487E7,null,null,null
Tue Oct 13 09:00:00 UTC 2026,0.47025,1.000008572173E7,null,null,null,null,null,null,1.2646565266477084E7,null,null,null
Tue Oct 13 10:00:00 UTC 2026,0.47025,9911421.72173,null,null,null,null,null,null,1.2607404235348677E7,null,null,null
Tue Oct 13 11:00:00 UTC 2026,0.47025,9945645.72173,null,null,null,null,null,null,1.2568243204220274E7,null,null,null
Tue Oct 13 12:00:00 UTC 2026,0.47025,9927350.72173,null,null,null,null,null,null,1.2529082173091868E7,null,null,null
Tue Oct 13 13:00:00 UTC 2026,0.47025,9930378.72173,null,null,null,null,null,null,1.2489921141963465E7,null,null,null
Tue Oct 13 14:00:00 UTC 2026,0.47025,9888215.72173,null,null,null,null,null,null,1.245076011083506E7,null,null,null
Tue Oct 13 15:00:00 UTC 2026,0.47025,9754837.72173,null,null,null,null,null,null,1.2411599079706654E7,null,null,null
Tue Oct 13 16:00:00 UTC 2026,0.47025,9591146.72173,null,null,null,null,null,null,1.237243804857825E7,null,null,null
Tue Oct 13 17:00:00 UTC 2026,0.47025,9784669.72173,null,null,null,null,null,null,1.2333277017449845E7,null,null,null
Tue Oct 13 18:00:00 UTC 2026,0.47025,9854559.72173,null,null,null,null,null,null,1.229411598632144E7,null,null,null
Tue Oct 13 19:00:00 UTC 2026,0.47025,9899529.72173,null,null,null,null,null,null,1.2254954955193037E7,null,null,null
Tue Oct 13 20:00:00 UTC 2026,0.47025,9885619.72173,null,null,null,null,null,null,1.221579392406463E7,null,null,null
Tue Oct 13 21:00:00 UTC 2026,0.47025,9988624.72173,null,null,null,null,null,null,1.2176632892936228E7,null,null,null
Tue Oct 13 22:00:00 UTC 2026,0.47025,1.010201272173E7,null,null,null,null,null,null,1.2137471861807823E7,null,null,null
Tue Oct 13 23:00:00 UTC 2026,0.47025,1.033566472173E7,null,null,null,null,null,null,1.2098310830679417E7,null,null,null
Wed Oct 14 00:00:00 UTC 2026,0.47025,1.024382872173E7,null,null,null,null,null,null,1.205914979955101E7,null,null,null
Wed Oct 14 01:00:00 UTC 2026,0.47025,1.022256772173E7,null,null,null,null,null,null,1.2019988768422607E7,null,null,null
Wed Oct 14 02:00:00 UTC 2026,0.47025,1.030412372173E7,null,null,null,null,null,null,1.1980827737294205E7,null,null,null
Wed Oct 14 03:00:00 UTC 2026,0.47025,1.002246272173E7,null,null,null,null,null,null,1.1941666706165798E7,null,null,null
Wed Oct 14 04:00:00 UTC 2026,0.47025,1.003870372173E7,null,null,null,null,null,null,1.1902505675037395E7,null,null,null
Wed Oct 14 05:00:00 UTC 2026,0.47025,1.011159072173E7,null,null,null,null,null,null,1.1863344643908989E7,null,null,null
Wed Oct 14 06:00:00 UTC 2026,0.47025,9963908.72173,null,null,null,null,null,null,1.1824183612780584E7,null,null,null
Wed Oct 14 07:00:00 UTC 2026,0.47025,9998557.72173,null,null,null,null,null,null,1.178502258165218E7,null,null,null
Wed Oct 14 08:00:00 UTC 2026,0.47025,9992001.72173,null,null,null,null,null,null,1.1745861550523777E7,null,null,null
Wed Oct 14 09:00:00 UTC 2026,0.47025,1.031117372173E7,null,null,null,null,null,null,1.170670051939537E7,null,null,null
Wed Oct 14 10:00:00 UTC 2026,0.47025,1.049226772173E7,null,null,null,null,null,null,1.1667539488266965E7,null,null,null
Wed Oct 14 11:00:00 UTC 2026,0.47025,1.040946772173E7,null,null,null,null,null,null,1.162837845713856E7,null,null,null
Wed Oct 14 12:00:00 UTC 2026,0.47025,1.041619072173E7,null,null,null,null,null,null,1.1589217426010156E7,null,null,null
Wed Oct 14 13:00:00 UTC 2026,0.47025,1.052393272173E7,null,null,null,null,null,null,1.1550056394881751E7,null,null,null
Wed Oct 14 14:00:00 UTC 2026,0.47025,1.028312172173E7,null,null,null,null,null,null,1.1510895363753347E7,null,null,null
Wed Oct 14 15:00:00 UTC 2026,0.47025,1.037934572173E7,null,null,null,null,null,null,1.1471734332624942E7,null,null,null
Wed Oct 14 16:00:00 UTC 2026,0.47025,1.023405972173E7,null,null,null,null,null,null,1.143257330149654E7,null,null,null
Wed Oct 14 17:00:00 UTC 2026,0.47025,1.018501272173E7,null,null,null,null,null,null,1.1393412270368133E7,null,null,null
Wed Oct 14 18:00:00 UTC 2026,0.47025,8305800.72173,null,null,null,null,null,null,1.1354251239239728E7,null,null,null
Wed Oct 14 19:00:00 UTC 2026,0.47025,8251711.72173,null,null,null,null,null,null,1.1315090208111323E7,null,null,null
Wed Oct 14 20:00:00 UTC 2026,0.47025,8128314.72173,null,null,null,null,null,null,1.1275929176982919E7,null,null,null
Wed Oct 14 21:00:00 UTC 2026,0.47025,7960204.72173,null,null,null,null,null,null,1.1236768145854514E7,null,null,null
Wed Oct 14 22:00:00 UTC 2026,0.47025,8391295.72173,null,null,null,null,null,null,1.119760711472611E7,null,null,null
Wed Oct 14 23:00:00 UTC 2026,0.47025,8376449.72173,null,null,null,null,null,null,1.1158446083597705E7,null,null,null
Thu Oct 15 00:00:00 UTC 2026,0.47025,8331810.72173,null,null,null,null,null,null,1.1119285052469302E7,null,null,null
Thu Oct 15 01:00:00 UTC 2026,0.47025,8202384.72173,null,null,null,null,null,null,1.1080124021340895E7,null,null,null
Thu Oct 15 02:00:00 UTC 2026,0.47025,8249523.72173,null,null,null,null,null,null,1.104096299021249E7,null,null,null
Thu Oct 15 03:00:00 UTC 2026,0.47025,8456839.72173,null,null,null,null,null,null,1.1001801959084086E7,null,null,null
Thu Oct 15 04:00:00 UTC 2026,0.47025,8582043.72173,null,null,null,null,null,null,1.0962640927955683E7,null,null,null
Thu Oct 15 05:00:00 UTC 2026,0.47025,8633714.72173,null,null,null,null,null,null,1.0923479896827277E7,null,null,null
Thu Oct 15 06:00:00 UTC 2026,0.47025,8626898.72173,null,null,null,null,null,null,1.0884318865698872E7,null,null,null
Thu Oct 15 07:00:00 UTC 2026,0.47025,8635345.72173,null,null,null,null,null,null,1.0845157834570467E7,null,null,null
Thu Oct 15 08:00:00 UTC 2026,0.47025,8792526.72173,null,null,null,null,null,null,1.0805996803442063E7,null,null,null
Thu Oct 15 09:00:00 UTC 2026,0.47025,8760676.72173,null,null,null,null,null,null,1.0766835772313658E7,null,null,null
Thu Oct 15 10:00:00 UTC 2026,0.47025,8625747.72173,null,null,null,null,null,null,1.0727674741185253E7,null,null,null
Thu Oct 15 11:00:00 UTC 2026,0.47025,8749946.72173,null,null,null,null,null,null,1.0688513710056849E7,null,null,null
Thu Oct 15 12:00:00 UTC 2026,0.47025,8648331.72173,null,null,null,null,null,null,1.0649352678928444E7,null,null,null
Thu Oct 15 13:00:00 UTC 2026,0.47025,7542038.72173,null,null,null,null,null,null,1.061019164780004E7,null,null,null
Thu Oct 15 14:00:00 UTC 2026,0.47025,7592025.72173,null,null,null,null,null,null,1.0571030616671635E7,null,null,null
Thu Oct 15 15:00:00 UTC 2026,0.47025,7543608.72173,null,null,null,null,null,null,1.053186958554323E7,null,null,null
Thu Oct 15 16:00:00 UTC 2026,0.47025,7535305.72173,null,null,null,null,null,null,1.0492708554414827E7,null,null,null
Thu Oct 15 17:00:00 UTC 2026,0.47025,7552101.72173,null,null,null,null,null,null,1.045354752328642E7,null,null,null
Thu Oct 15 18:00:00 UTC 2026,0.47025,7634839.72173,null,null,null,null,null,null,1.0414386492158016E7,null,null,null
Thu Oct 15 19:00:00 UTC 2026,0.47025,7699371.72173,null,null,null,null,null,null,1.0375225461029612E7,null,null,null
Thu Oct 15 20:00:00 UTC 2026,0.47025,7415212.72173,null,null,null,null,null,null,1.0336064429901207E7,null,null,null
Thu Oct 15 21:00:00 UTC 2026,0.47025,7062457.72173,null,null,null,null,null,null,1.0296903398772802E7,null,null,null
Thu Oct 15 22:00:00 UTC 2026,0.47025,7190762.72173,null,null,null,null,null,null,1.0257742367644396E7,null,null,null
Thu Oct 15 23:00:00 UTC 2026,0.47025,7158417.72173,null,null,null,null,null,null,1.0218581336515993E7,null,null,null
Fri Oct 16 00:00:00 UTC 2026,0.47025,7248389.72173,null,null,null,null,null,null,1.017942030538759E7,null,null,null
Fri Oct 16 01:00:00 UTC 2026,0.47025,7336979.72173,null,null,null,null,null,null,1.0140259274259184E7,null,null,null
Fri Oct 16 02:00:00 UTC 2026,0.47025,7404170.72173,null,null,null,null,null,null,1.0101098243130779E7,null,null,null
Fri Oct 16 03:00:00 UTC 2026,0.47025,7420235.72173,null,null,null,null,null,null,1.0061937212002374E7,null,null,null
Fri Oct 16 04:00:00 UTC 2026,0.47025,7472473.72173,null,null,null,null,null,null,1.002277618087397E7,null,null,null
Fri Oct 16 05:00:00 UTC 2026,0.47025,7364499.72173,null,null,null,null,null,null,9983615.149745565,null,null,null
Fri Oct 16 06:00:00 UTC 2026,0.47025,7149398.72173,null,null,null,null,null,null,9944454.11861716,null,null,null
Fri Oct 16 07:00:00 UTC 2026,0.47025,7270985.72173,null,null,null,null,null,null,9905293.087488756,null,null,null
Fri Oct 16 08:00:00 UTC 2026,0.47025,7343250.72173,null,null,null,null,null,null,9866132.05636035,null,null,null
Fri Oct 16 09:00:00 UTC 2026,0.47025,7283788.72173,null,null,null,null,null,null,9826971.025231946,null,null,null
Fri Oct 16 10:00:00 UTC 2026,0.47025,7294731.72173,null,null,null,null,null,null,9787809.994103542,null,null,null
Fri Oct 16 11:00:00 UTC 2026,0.47025,7325167.72173,null,null,null,null,null,null,9748648.962975137,null,null,null
Fri Oct 16 12:00:00 UTC 2026,0.47025,7202716.72173,null,null,null,null,null,null,9709487.931846732,null,null,null
Fri Oct 16 13:00:00 UTC 2026,0.47025,7227646.72173,null,null,null,null,null,null,9670326.900718328,null,null,null
Fri Oct 16 14:00:00 UTC 2026,0.47025,7298553.72173,null,null,null,null,null,null,9631165.869589921,null,null,null
Fri Oct 16 15:00:00 UTC 2026,0.47025,7246564.72173,null,null,null,null,null,null,9592004.838461518,null,null,null
Fri Oct 16 16:00:00 UTC 2026,0.47025,7197652.72173,null,null,null,null,null,null,9552843.807333115,null,null,null
Fri Oct 16 17:00:00 UTC 2026,0.47025,7322330.72173,null,null,null,null,null,null,9513682.776204709,null,null,null
Fri Oct 16 18:00:00 UTC 2026,0.47025,7262454.72173,null,null,null,null,null,null,9474521.745076304,null,null,null
Fri Oct 16 19:00:00 UTC 2026,0.47025,7350349.72173,null,null,null,null,null,null,9435360.7139479,null,null,null
Fri Oct 16 20:00:00 UTC 2026,0.47025,7479148.72173,null,null,null,null,null,null,9396199.682819493,null,null,null
Fri Oct 16 21:00:00 UTC 2026,0.47025,7479148.72173,null,null,null,null,null,null,9357038.65169109,null,null,null
Fri Oct 16 22:00:00 UTC 2026,0.47025,7479148.72173,null,null,null,null,null,null,9317877.620562684,null,null,null
Fri Oct 16 23:00:00 UTC 2026,0.47025,7479148.72173,null,null,null,null,null,null,9278716.589434281,null,null,null
Sat Oct 17 00:00:00 UTC 2026,0.47025,7479148.72173,null,null,null,null,null,null,9239555.558305876,null,null,null
Sat Oct 17 01:00:00 UTC 2026,0.47025,7479148.72173,null,null,null,null,null,null,9200394.527177472,null,null,null
Sat Oct 17 02:00:00 UTC 2026,0.47025,7479148.72173,null,null,null,null,null,null,9161233.496049067,null,null,null
Sat Oct 17 03:00:00 UTC 2026,0.47025,7479148.72173,null,null,null,null,null,null,9122072.464920662,null,null,null
Sat Oct 17 04:00:00 UTC 2026,0.47025,7479148.72173,null,null,null,null,null,null,9082911.433792258,null,null,null
Sat Oct 17 05:00:00 UTC 2026,0.47025,7479148.72173,null,null,null,null,null,null,9043750.402663853,null,null,null
Sat Oct 17 06:00:00 UTC 2026,0.47025,7479148.72173,null,null,null,null,null,null,9004589.371535448,null,null,null
Sat Oct 17 07:00:00 UTC 2026,0.47025,7479148.72173,null,null,null,null,null,null,8965428.340407044,null,null,null
Sat Oct 17 08:00:00 UTC 2026,0.47025,7479148.72173,null,null,null,null,null,null,8926267.309278639,null,null,null
Sat Oct 17 09:00:00 UTC 2026,0.47025,7479148.72173,null,null,null,null,null,null,8887106.278150234,null,null,null
Sat Oct 17 10:00:00 UTC 2026,0.47025,7479148.72173,null,null,null,null,null,null,8847945.24702183,null,null,null
Sat Oct 17 11:00:00 UTC 2026,0.47025,7479148.72173,null,null,null,null,null,null,8808784.215893425,null,null,null
Sat Oct 17 12:00:00 UTC 2026,0.47025,7479148.72173,null,null,null,null,null,null,8769623.184765019,null,null,null
Sat Oct 17 13:00:00 UTC 2026,0.47025,7479148.72173,null,null,null,null,null,null,8730462.153636616,null,null,null
Sat Oct 17 14:00:00 UTC 2026,0.47025,7479148.72173,null,null,null,null,null,null,8691301.12250821,null,null,null
Sat Oct 17 15:00:00 UTC 2026,0.47025,7479148.72173,null,null,null,null,null,null,8652140.091379806,null,null,null
Sat Oct 17 16:00:00 UTC 2026,0.47025,7479148.72173,null,null,null,null,null,null,8612979.060251402,null,null,null
Sat Oct 17 17:00:00 UTC 2026,0.47025,7479148.72173,null,null,null,null,null,null,8573818.029122997,null,null,null
Sat Oct 17 18:00:00 UTC 2026,0.47025,7479148.72173,null,null,null,null,null,null,8534656.99799459,null,null,null
Sat Oct 17 19:00:00 UTC 2026,0.47025,7479148.72173,null,null,null,null,null,null,8495495.966866188,null,null,null
Sat Oct 17 20:00:00 UTC 2026,0.47025,7479148.72173,null,null,null,null,null,null,8456334.935737781,null,null,null
Sat Oct 17 21:00:00 UTC 2026,0.47025,7479148.72173,null,null,null,null,null,null,8417173.904609378,null,null,null
Sat Oct 17 22:00:00 UTC 2026,0.47025,7479148.72173,null,null,null,null,null,null,8378012.873480972,null,null,null
Sat Oct 17 23:00:00 UTC 2026,0.47025,7479148.72173,null,null,null,null,null,null,8338851.842352569,null,null,null
Sun Oct 18 00:00:00 UTC 2026,0.47025,7479148.72173,null,null,null,null,null,null,8299690.811224164,null,null,null
Sun Oct 18 01:00:00 UTC 2026,0.47025,7479148.72173,null,null,null,null,null,null,8260529.78009576,null,null,null
Sun Oct 18 02:00:00 UTC 2026,0.47025,7479148.72173,null,null,null,null,null,null,8221368.748967355,null,null,null
Sun Oct 18 03:00:00 UTC 2026,0.47025,7479148.72173,null,null,null,null,null,null,8182207.71783895,null,null,null
Sun Oct 18 04:00:00 UTC 2026,0.47025,7479148.72173,null,null,null,null,null,null,8143046.686710546,null,null,null
Sun Oct 18 05:00:00 UTC 2026,0.47025,7479148.72173,null,null,null,null,null,null,8103885.655582141,null,null,null
Sun Oct 18 06:00:00 UTC 2026,0.47025,7479148.72173,null,null,null,null,null,null,8064724.6244537365,null,null,null
Sun Oct 18 07:00:00 UTC 2026,0.47025,7479148.72173,null,null,null,null,null,null,8025563.593325332,null,null,null
Sun Oct 18 08:00:00 UTC 2026,0.47025,7479148.72173,null,null,null,null,null,null,7986402.562196927,null,null,null
Sun Oct 18 09:00:00 UTC 2026,0.47025,7479148.72173,null,null,null,null,null,null,7947241.531068522,null,null,null
Sun Oct 18 10:00:00 UTC 2026,0.47025,7479148.72173,null,null,null,null,null,null,7908080.499940117,null,null,null
Sun Oct 18 11:00:00 UTC 2026,0.47025,7479148.72173,null,null,null,null,null,null,7868919.468811712,null,null,null
Sun Oct 18 12:00:00 UTC 2026,0.47025,7479148.72173,null,null,null,null,null,null,7829758.437683308,null,null,null
Sun Oct 18 13:00:00 UTC 2026,0.47025,7479148.72173,null,null,null,null,null,null,7790597.406554903,null,null,null
Sun Oct 18 14:00:00 UTC 2026,0.47025,7479148.72173,null,null,null,null,null,null,7751436.375426498,null,null,null
Sun Oct 18 15:00:00 UTC 2026,0.47025,7479148.72173,null,null,null,null,null,null,7712275.3442980945,null,null,null
Sun Oct 18 16:00:00 UTC 2026,0.47025,7479148.72173,null,null,null,null,null,null,7673114.31316969,null,null,null
Sun Oct 18 17:00:00 UTC 2026,0.47025,7479148.72173,null,null,null,null,null,null,7633953.282041284,null,null,null
Sun Oct 18 18:00:00 UTC 2026,0.47025,7479148.72173,null,null,null,null,null,null,7594792.25091288,null,null,null
Sun Oct 18 19:00:00 UTC 2026,0.47025,7479148.72173,null,null,null,null,null,null,7555631.219784475,null,null,null
Sun Oct 18 20:00:00 UTC 2026,0.47025,7479148.72173,null,null,null,null,null,null,7516470.18865607,null,null,null
Sun Oct 18 21:00:00 UTC 2026,0.47025,7349293.72173,null,null,null,null,null,null,7477309.157527666,null,null,null
Sun Oct 18 22:00:00 UTC 2026,0.47025,7543974.72173,null,null,null,null,null,null,7438148.126399261,null,null,null
Sun Oct 18 23:00:00 UTC 2026,0.47025,7332526.72173,null,null,null,null,null,null,7398987.095270857,null,null,null
Mon Oct 19 00:00:00 UTC 2026,0.47025,7349750.72173,null,null,null,null,null,null,7359826.064142453,null,null,null
Mon Oct 19 01:00:00 UTC 2026,0.47025,7330025.72173,null,null,null,null,null,null,7320665.033014048,null,null,null
Mon Oct 19 02:00:00 UTC 2026,0.47025,7328406.72173,null,null,null,null,null,null,7281504.001885643,null,null,null
Mon Oct 19 03:00:00 UTC 2026,0.47025,7439387.72173,null,null,null,null,null,null,7242342.970757238,null,null,null
Mon Oct 19 04:00:00 UTC 2026,0.47025,7137267.72173,null,null,null,null,null,null,7203181.939628833,null,null,null
Mon Oct 19 05:00:00 UTC 2026,0.47025,7226253.72173,null,null,null,null,null,null,7164020.908500428,null,null,null
Mon Oct 19 06:00:00 UTC 2026,0.47025,7338945.72173,null,null,null,null,null,null,7124859.877372023,null,null,null
Mon Oct 19 07:00:00 UTC 2026,0.47025,7297499.72173,null,null,null,null,null,null,7085698.846243619,null,null,null
Mon Oct 19 08:00:00 UTC 2026,0.47025,7065686.72173,null,null,null,null,null,null,7046537.815115214,null,null,null
Mon Oct 19 09:00:00 UTC 2026,0.47025,7030304.72173,null,null,null,null,null,null,7007376.78398681,null,null,null
Mon Oct 19 10:00:00 UTC 2026,0.47025,7216645.72173,null,null,null,null,null,null,6968215.752858405,null,null,null
Mon Oct 19 11:00:00 UTC 2026,0.47025,6928454.72173,null,null,null,null,null,null,6929054.72173,null,null,null
Mon Oct 19 12:00:00 UTC 2026,0.47025,7040009.72173,null,null,null,null,null,null,null,null,null,null
Mon Oct 19 13:00:00 UTC 2026,0.47025,7019305.72173,null,null,null,null,null,null,null,null,null,null
Mon Oct 19 14:00:00 UTC 2026,0.47025,7073982.72173,null,null,null,null,null,null,null,null,null,null
Mon Oct 19 15:00:00 UTC 2026,0.47025,7189386.72173,null,null,null,null,null,null,null,null,null,null
Mon Oct 19 16:00:00 UTC 2026,0.47025,7232637.72173,null,null,null,null,null,null,null,null,null,null
Mon Oct 19 17:00:00 UTC 2026,0.47025,7429280.72173,null,null,null,null,null,null,null,null,null,null
Mon Oct 19 18:00:00 UTC 2026,0.47025,7565819.72173,null,null,null,null,null,null,null,null,null,null
Mon Oct 19 19:00:00 UTC 2026,0.47025,7472026.72173,null,null,null,null,null,null,null,null,null,null
Mon Oct 19 20:00:00 UTC 2026,0.47025,7533470.72173,null,null,null,null,null,null,null,null,null,null
Mon Oct 19 21:00:00 UTC 2026,0.47025,7738924.72173,null,null,null,null,null,null,null,null,null,null
Mon Oct 19 22:00:00 UTC 2026,0.47025,7844867.72173,null,null,null,null,null,null,null,null,null,null
Mon Oct 19 23:00:00 UTC 2026,0.47025,7850696.72173,null,null,null,null,null,null,null,null,null,null
Tue Oct 20 00:00:00 UTC 2026,0.47025,7799441.72173,null,null,null,null,null,null,null,null,null,null
Tue Oct 20 01:00:00 UTC 2026,0.47025,7667227.72173,null,null,null,null,null,null,null,null,null,null
Tue Oct 20 02:00:00 UTC 2026,0.47025,7643366.72173,null,null,null,null,null,null,null,null,null,null
Tue Oct 20 03:00:00 UTC 2026,0.47025,7732700.72173,null,null,null,null,null,null,null,null,null,null
Tue Oct 20 04:00:00 UTC 2026,0.47025,7929063.72173,null,null,null,null,null,null,null,null,null,null
Tue Oct 20 05:00:00 UTC 2026,0.47025,8140025.72173,null,null,null,null,null,null,null,null,null,null
Tue Oct 20 06:00:00 UTC 2026,0.47025,8124096.72173,null,null,null,null,null,null,null,null,null,null
Tue Oct 20 07:00:00 UTC 2026,0.47025,7958751.72173,null,null,null,null,null,null,null,null,null,null
Tue Oct 20 08:00:00 UTC 2026,0.47025,8256026.72173,null,null,null,null,null,null,null,null,null,null
Tue Oct 20 09:00:00 UTC 2026,0.47025,8221807.72173,null,null,null,null,null,null,null,null,null,null
Tue Oct 20 10:00:00 UTC 2026,0.47025,8237262.72173,null,null,null,null,null,null,null,null,null,null
Tue Oct 20 11:00:00 UTC 2026,0.47025,8190005.72173,null,null,null,null,null,null,null,null,null,null
Tue Oct 20 12:00:00 UTC 2026,0.47025,8184110.72173,null,null,null,null,null,null,null,null,null,null
Tue Oct 20 13:00:00 UTC 2026,0.47025,8253715.72173,null,null,null,null,null,null,null,null,null,null
Tue Oct 20 14:00:00 UTC 2026,0.47025,8238662.72173,null,null,null,null,null,null,null,null,null,null
Tue Oct 20 15:00:00 UTC 2026,0.47025,8247565.72173,null,null,null,null,null,null,null,null,null,null
Tue Oct 20 16:00:00 UTC 2026,0.47025,8298906.72173,null,null,null,null,null,null,null,null,null,null
Tue Oct 20 17:00:00 UTC 2026,0.47025,8273361.72173,null,null,null,null,null,null,null,null,null,null
Tue Oct 20 18:00:00 UTC 2026,0.47025,8319666.72173,null,null,null,null,null,null,null,null,null,null
Tue Oct 20 19:00:00 UTC 2026,0.47025,8299399.72173,null,null,null,null,null,null,null,null,null,null
Tue Oct 20 20:00:00 UTC 2026,0.47025,8287446.72173,null,null,null,null,null,null,null,null,null,null
Tue Oct 20 21:00:00 UTC 2026,0.47025,8239674.72173,null,null,null,null,null,null,null,null,null,null
Tue Oct 20 22:00:00 UTC 2026,0.47025,8315076.72173,null,null,null,null,null,null,null,null,null,null
Tue Oct 20 23:00:00 UTC 2026,0.47025,8327038.72173,null,null,null,null,null,null,null,null,null,null
Wed Oct 21 00:00:00 UTC 2026,0.47025,8332062.72173,null,null,null,null,null,null,null,null,null,null
Wed Oct 21 01:00:00 UTC 2026,0.47025,8326837.72173,null,null,null,null,null,null,null,null,null,null
Wed Oct 21 02:00:00 UTC 2026,0.47025,8323112.72173,null,null,null,null,null,null,null,null,null,null
Wed Oct 21 03:00:00 UTC 2026,0.47025,8334345.72173,null,null,null,null,null,null,null,null,null,null
Wed Oct 21 04:00:00 UTC 2026,0.47025,8317185.72173,null,null,null,null,null,null,null,null,null,null
Wed Oct 21 05:00:00 UTC 2026,0.47025,8298570.72173,null,null,null,null,null,null,null,null,null,null
Wed Oct 21 06:00:00 UTC 2026,0.47025,8274215.72173,null,null,null,null,null,null,null,null,null,null
Wed Oct 21 07:00:00 UTC 2026,0.47025,8230503.72173,null,null,null,null,null,null,null,null,null,null
Wed Oct 21 08:00:00 UTC 2026,0.47025,8220204.72173,null,null,null,null,null,null,null,null,null,null
Wed Oct 21 09:00:00 UTC 2026,0.47025,8245599.72173,null,null,null,null,null,null,null,null,null,null
Wed Oct 21 10:00:00 UTC 2026,0.47025,8256131.72173,null,null,null,null,null,null,null,null,null,null
Wed Oct 21 11:00:00 UTC 2026,0.47025,8274126.72173,null,null,null,null,null,null,null,null,null,null
Wed Oct 21 12:00:00 UTC 2026,0.47025,8283093.72173,null,null,null,null,null,null,null,null,null,null
Wed Oct 21 13:00:00 UTC 2026,0.47025,8332249.72173,null,null,null,null,null,null,null,null,null,null
Wed Oct 21 14:00:00 UTC 2026,0.47025,8342125.72173,null,null,null,null,null,null,null,null,null,null
Wed Oct 21 15:00:00 UTC 2026,0.47025,8341368.72173,null,null,null,null,null,null,null,null,null,null
Wed Oct 21 16:00:00 UTC 2026,0.47025,8317949.72173,null,null,null,null,null,null,null,null,null,null
Wed Oct 21 17:00:00 UTC 2026,0.47025,8329302.72173,null,null,null,null,null,null,null,null,null,null
Wed Oct 21 18:00:00 UTC 2026,0.47025,8318086.72173,null,null,null,null,null,null,null,null,null,null
Wed Oct 21 19:00:00 UTC 2026,0.47025,8330153.72173,null,null,null,null,null,null,null,null,null,null
Wed Oct 21 20:00:00 UTC 2026,0.47025,8351967.72173,null,null,null,null,null,null,null,null,null,null
Wed Oct 21 21:00:00 UTC 2026,0.47025,8323177.72173,null,null,null,null,null,null,null,null,null,null
Wed Oct 21 22:00:00 UTC 2026,0.47025,8363536.72173,null,null,null,null,null,null,null,null,null,null
Wed Oct 21 23:00:00 UTC 2026,0.47025,8384353.72173,null,null,null,null,null,null,null,null,null,null
Thu Oct 22 00:00:00 UTC 2026,0.47025,8408847.72173,null,null,null,null,null,null,null,null,null,null
Thu Oct 22 01:00:00 UTC 2026,0.47025,8372324.72173,null,null,null,null,null,null,null,null,null,null
Thu Oct 22 02:00:00 UTC 2026,0.47025,8393270.72173,null,null,null,null,null,null,null,null,null,null
Thu Oct 22 03:00:00 UTC 2026,0.47025,8387707.72173,null,null,null,null,null,null,null,null,null,null
Thu Oct 22 04:00:00 UTC 2026,0.47025,8373308.72173,null,null,null,null,null,null,null,null,null,null
Thu Oct 22 05:00:00 UTC 2026,0.47025,8380123.72173,null,null,null,null,null,null,null,null,null,null
Thu Oct 22 06:00:00 UTC 2026,0.47025,8318140.72173,null,null,null,null,null,null,null,null,null,null
Thu Oct 22 07:00:00 UTC 2026,0.47025,8364574.72173,null,null,null,null,null,null,null,null,null,null
Thu Oct 22 08:00:00 UTC 2026,0.47025,8327929.72173,null,null,null,null,null,null,null,null,null,null
Thu Oct 22 09:00:00 UTC 2026,0.47025,8313010.72173,null,null,null,null,null,null,null,null,null,null
Thu Oct 22 10:00:00 UTC 2026,0.47025,8325417.72173,null,null,null,null,null,null,null,null,null,null
Thu Oct 22 11:00:00 UTC 2026,0.47025,8315305.72173,null,null,null,null,null,null,null,null,null,null
Thu Oct 22 12:00:00 UTC 2026,0.47025,8398262.72173,null,null,null,null,null,null,null,null,null,null
Thu Oct 22 13:00:00 UTC 2026,0.47025,8381924.72173,null,null,null,null,null,null,null,null,null,null
Thu Oct 22 14:00:00 UTC 2026,0.47025,8378576.72173,null,null,null,null,null,null,null,null,null,null
Thu Oct 22 15:00:00 UTC 2026,0.47025,8344621.72173,null,null,null,null,null,null,null,null,null,null
Thu Oct 22 16:00:00 UTC 2026,0.47025,8324370.72173,null,null,null,null,null,null,null,null,null,null
Thu Oct 22 17:00:00 UTC 2026,0.47025,8328069.72173,null,null,null,null,null,null,null,null,null,null
Thu Oct 22 18:00:00 UTC 2026,0.47025,8317040.72173,null,null,null,null,null,null,null,null,null,null
Thu Oct 22 19:00:00 UTC 2026,0.47025,8318815.72173,null,null,null,null,null,null,null,null,null,null
Thu Oct 22 20:00:00 UTC 2026,0.47025,8316806.72173,null,null,null,null,null,null,null,null,null,null
Thu Oct 22 21:00:00 UTC 2026,0.47025,8295871.72173,null,null,null,null,null,null,null,null,null,null
Thu Oct 22 22:00:00 UTC 2026,0.47025,8303241.72173,null,null,null,null,null,null,null,null,null,null
Thu Oct 22 23:00:00 UTC 2026,0.47025,8291453.72173,null,null,null,null,null,null,null,null,null,null
Fri Oct 23 00:00:00 UTC 2026,0.47025,8298070.72173,null,null,null,null,null,null,null,null,null,null
Fri Oct 23 01:00:00 UTC 2026,0.47025,8281289.72173,null,null,null,null,null,null,null,null,null,null
Fri Oct 23 02:00:00 UTC 2026,0.47025,8275084.72173,null,null,null,null,null,null,null,null,null,null
Fri Oct 23 03:00:00 UTC 2026,0.47025,8262850.72173,null,null,null,null,null,null,null,null,null,null
Fri Oct 23 04:00:00 UTC 2026,0.47025,8272976.72173,null,null,null,null,null,null,null,null,null,null
Fri Oct 23 05:00:00 UTC 2026,0.47025,8252091.72173,null,null,null,null,null,null,null,null,null,null
Fri Oct 23 06:00:00 UTC 2026,0.47025,8296544.72173,null,null,null,null,null,null,null,null,null,null
Fri Oct 23 07:00:00 UTC 2026,0.47025,8295186.72173,null,null,null,null,null,null,null,null,null,null
Fri Oct 23 08:00:00 UTC 2026,0.47025,8271362.72173,null,null,null,null,null,null,null,null,null,null
Fri Oct 23 09:00:00 UTC 2026,0.47025,8266513.72173,null,null,null,null,null,null,null,null,null,null
Fri Oct 23 10:00:00 UTC 2026,0.47025,8269197.72173,null,null,null,null,null,null,null,null,null,null
Fri Oct 23 11:00:00 UTC 2026,0.47025,8244642.72173,null,null,null,null,null,null,null,null,null,null
Fri Oct 23 12:00:00 UTC 2026,0.47025,8235883.72173,null,null,null,null,null,null,null,null,null,null
Fri Oct 23 13:00:00 UTC 2026,0.47025,8274510.72173,null,null,null,null,null,null,null,null,null,null
Fri Oct 23 14:00:00 UTC 2026,0.47025,8269497.72173,null,null,null,null,null,null,null,null,null,null
Fri Oct 23 15:00:00 UTC 2026,0.47025,8221978.72173,null,null,null,null,null,null,null,null,null,null
Fri Oct 23 16:00:00 UTC 2026,0.47025,8229249.72173,null,null,null,null,null,null,null,null,null,null
Fri Oct 23 17:00:00 UTC 2026,0.47025,8238456.72173,null,null,null,null,null,null,null,null,null,null
Fri Oct 23 18:00:00 UTC 2026,0.47025,8224122.72173,null,null,null,null,null,null,null,null,null,null
Fri Oct 23 19:00:00 UTC 2026,0.47025,8214484.72173,null,null,null,null,null,null,null,null,null,null
Fri Oct 23 20:00:00 UTC 2026,0.47025,8206643.72173,null,null,null,null,null,null,null,null,null,null
Fri Oct 23 21:00:00 UTC 2026,0.47025,8206643.72173,null,null,null,null,null,null,null,null,null,null
Fri Oct 23 22:00:00 UTC 2026,0.47025,8206643.72173,null,null,null,null,null,null,null,null,null,null
Fri Oct 23 23:00:00 UTC 2026,0.47025,8206643.72173,null,null,null,null,null,null,null,null,null,null
Sat Oct 24 00:00:00 UTC 2026,0.47025,8206643.72173,null,null,null,null,null,null,null,null,null,null
Sat Oct 24 01:00:00 UTC 2026,0.47025,8206643.72173,null,null,null,null,null,null,null,null,null,null
Sat Oct 24 02:00:00 UTC 2026,0.47025,8206643.72173,null,null,null,null,null,null,null,null,null,null
Sat Oct 24 03:00:00 UTC 2026,0.47025,8206643.72173,null,null,null,null,null,null,null,null,null,null
Sat Oct 24 04:00:00 UTC 2026,0.47025,8206643.72173,null,null,null,null,null,null,null,null,null,null
Sat Oct 24 05:00:00 UTC 2026,0.47025,8206643.72173,null,null,null,null,null,null,null,null,null,null
Sat Oct 24 06:00:00 UTC 2026,0.47025,8206643.72173,null,null,null,null,null,null,null,null,null,null
Sat Oct 24 07:00:00 UTC 2026,0.47025,8206643.72173,null,null,null,null,null,null,null,null,null,null
Sat Oct 24 08:00:00 UTC 2026,0.47025,8206643.72173,null,null,null,null,null,null,null,null,null,null
Sat Oct 24 09:00:00 UTC 2026,0.47025,8206643.72173,null,null,null,null,null,null,null,null,null,null
Sat Oct 24 10:00:00 UTC 2026,0.47025,8206643.72173,null,null,null,null,null,null,null,null,null,null
Sat Oct 24 11:00:00 UTC 2026,0.47025,8206643.72173,null,null,null,null,null,null,null,null,null,null
Sat Oct 24 12:00:00 UTC 2026,0.47025,8206643.72173,null,null,null,null,null,null,null,null,null,null
Sat Oct 24 13:00:00 UTC 2026,0.47025,8206643.72173,null,null,null,null,null,null,null,null,null,null
Sat Oct 24 14:00:00 UTC 2026,0.47025,8206643.72173,null,null,null,null,null,null,null,null,null,null
Sat Oct 24 15:00:00 UTC 2026,0.47025,8206643.72173,null,null,null,null,null,null,null,null,null,null
Sat Oct 24 16:00:00 UTC 2026,0.47025,8206643.72173,null,null,null,null,null,null,null,null,null,null
Sat Oct 24 17:00:00 UTC 2026,0.47025,8206643.72173,null,null,null,null,null,null,null,null,null,null
Sat Oct 24 18:00:00 UTC 2026,0.47025,8206643.72173,null,null,null,null,null,null,null,null,null,null
Sat Oct 24 19:00:00 UTC 2026,0.47025,8206643.72173,null,null,null,null,null,null,null,null,null,null
Sat Oct 24 20:00:00 UTC 2026,0.47025,8206643.72173,null,null,null,null,null,null,null,null,null,null
Sat Oct 24 21:00:00 UTC 2026,0.47025,8206643.72173,null,null,null,null,null,null,null,null,null,null
Sat Oct 24 22:00:00 UTC 2026,0.47025,8206643.72173,null,null,null,null,null,null,null,null,null,null
Sat Oct 24 23:00:00 UTC 2026,0.47025,8206643.72173,null,null,null,null,null,null,null,null,null,null
Sun Oct 25 00:00:00 UTC 2026,0.47025,8206643.72173,null,null,null,null,null,null,null,null,null,null
Sun Oct 25 01:00:00 UTC 2026,0.47025,8206643.72173,null,null,null,null,null,null,null,null,null,null
Sun Oct 25 02:00:00 UTC 2026,0.47025,8206643.72173,null,null,null,null,null,null,null,null,null,null
Sun Oct 25 03:00:00 UTC 2026,0.47025,8206643.72173,null,null,null,null,null,null,null,null,null,null
Sun Oct 25 04:00:00 UTC 2026,0.47025,8206643.72173,null,null,null,null,null,null,null,null,null,null
Sun Oct 25 05:00:00 UTC 2026,0.47025,8206643.72173,null,null,null,null,null,null,null,null,null,null
Sun Oct 25 06:00:00 UTC 2026,0.47025,8206643.72173,null,null,null,null,null,null,null,null,null,null
Sun Oct 25 07:00:00 UTC 2026,0.47025,8206643.72173,null,null,null,null,null,null,null,null,null,null
Sun Oct 25 08:00:00 UTC 2026,0.47025,8206643.72173,null,null,null,null,null,null,null,null,null,null
Sun Oct 25 09:00:00 UTC 2026,0.47025,8206643.72173,null,null,null,null,null,null,null,null,null,null
Sun Oct 25 10:00:00 UTC 2026,0.47025,8206643.72173,null,null,null,null,null,null,null,null,null,null
Sun Oct 25 11:00:00 UTC 2026,0.47025,8206643.72173,null,null,null,null,null,null,null,null,null,null
Sun Oct 25 12:00:00 UTC 2026,0.47025,8206643.72173,null,null,null,null,null,null,null,null,null,null
Sun Oct 25 13:00:00 UTC 2026,0.47025,8206643.72173,null,null,null,null,null,null,null,null,null,null
Sun Oct 25 14:00:00 UTC 2026,0.47025,8206643.72173,null,null,null,null,null,null,null,null,null,null
Sun Oct 25 15:00:00 UTC 2026,0.47025,8206643.72173,null,null,null,null,null,null,null,null,null,null
Sun Oct 25 16:00:00 UTC 2026,0.47025,8206643.72173,null,null,null,null,null,null,null,null,null,null
Sun Oct 25 17:00:00 UTC 2026,0.47025,8206643.72173,null,null,null,null,null,null,null,null,null,null
Sun Oct 25 18:00:00 UTC 2026,0.47025,8206643.72173,null,null,null,null,null,null,null,null,null,null
Sun Oct 25 19:00:00 UTC 2026,0.47025,8206643.72173,null,null,null,null,null,null,null,null,null,null
Sun Oct 25 20:00:00 UTC 2026,0.47025,8206643.72173,null,null,null,null,null,null,null,null,null,null
Sun Oct 25 21:00:00 UTC 2026,0.47025,8189092.72173,null,null,null,null,null,null,null,null,null,null
Sun Oct 25 22:00:00 UTC 2026,0.47025,8296487.72173,null,null,null,null,null,null,null,null,null,null
Sun Oct 25 23:00:00 UTC 2026,0.47025,8255606.72173,null,null,null,null,null,null,null,null,null,null
Mon Oct 26 00:00:00 UTC 2026,0.47025,8338666.72173,null,null,null,null,null,null,null,null,null,null
Mon Oct 26 01:00:00 UTC 2026,0.47025,8314269.72173,null,null,null,null,null,null,null,null,null,null
Mon Oct 26 02:00:00 UTC 2026,0.47025,8246130.72173,null,null,null,null,null,null,null,null,null,null
Mon Oct 26 03:00:00 UTC 2026,0.47025,8279623.72173,null,null,null,null,null,null,null,null,null,null
Mon Oct 26 04:00:00 UTC 2026,0.47025,8272597.72173,null,null,null,null,null,null,null,null,null,null
Mon Oct 26 05:00:00 UTC 2026,0.47025,8287623.72173,null,null,null,null,null,null,null,null,null,null
Mon Oct 26 06:00:00 UTC 2026,0.47025,8287749.72173,null,null,null,null,null,null,null,null,null,null
Mon Oct 26 07:00:00 UTC 2026,0.47025,8290704.72173,null,null,null,null,null,null,null,null,null,null
Mon Oct 26 08:00:00 UTC 2026,0.47025,8299726.72173,null,null,null,null,null,null,null,null,null,null
Mon Oct 26 09:00:00 UTC 2026,0.47025,8318928.72173,null,null,null,null,null,null,null,null,null,null
Mon Oct 26 10:00:00 UTC 2026,0.47025,8325145.72173,null,null,null,null,null,null,null,null,null,null
Mon Oct 26 11:00:00 UTC 2026,0.47025,8335168.72173,null,null,null,null,null,null,null,null,null,null
Mon Oct 26 12:00:00 UTC 2026,0.47025,8323963.72173,null,null,null,null,null,null,null,null,null,null
Mon Oct 26 13:00:00 UTC 2026,0.47025,8348686.72173,null,null,null,null,null,null,null,null,null,null
Mon Oct 26 14:00:00 UTC 2026,0.47025,8351969.72173,null,null,null,null,null,null,null,null,null,null
Mon Oct 26 15:00:00 UTC 2026,0.47025,8446327.72173,null,null,null,null,null,null,null,null,null,null
Mon Oct 26 16:00:00 UTC 2026,0.47025,8408845.72173,null,null,null,null,null,null,null,null,null,null
Mon Oct 26 17:00:00 UTC 2026,0.47025,8374489.72173,null,null,null,null,null,null,null,null,null,null
Mon Oct 26 18:00:00 UTC 2026,0.47025,8374540.72173,null,null,null,null,null,null,null,null,null,null
Mon Oct 26 19:00:00 UTC 2026,0.47025,8348179.72173,null,null,null,null,null,null,null,null,null,null
Mon Oct 26 20:00:00 UTC 2026,0.47025,8368874.72173,null,null,null,null,null,null,null,null,null,null
Mon Oct 26 21:00:00 UTC 2026,0.47025,8396819.72173,null,null,null,null,null,null,null,null,null,null
Mon Oct 26 22:00:00 UTC 2026,0.47025,8406292.72173,null,null,null,null,null,null,null,null,null,null
Mon Oct 26 23:00:00 UTC 2026,0.47025,8439838.72173,null,null,null,null,null,null,null,null,null,null
Tue Oct 27 00:00:00 UTC 2026,0.47025,8423832.72173,null,null,null,null,null,null,null,null,null,null
Tue Oct 27 01:00:00 UTC 2026,0.47025,8428785.72173,null,null,null,null,null,null,null,null,null,null
Tue Oct 27 02:00:00 UTC 2026,0.47025,8451864.72173,null,null,null,null,null,null,null,null,null,null
Tue Oct 27 03:00:00 UTC 2026,0.47025,8488938.72173,null,null,null,null,null,null,null,null,null,null
Tue Oct 27 04:00:00 UTC 2026,0.47025,8532700.72173,null,null,null,null,null,null,null,null,null,null
Tue Oct 27 05:00:00 UTC 2026,0.47025,8573736.72173,null,null,null,null,null,null,null,null,null,null
Tue Oct 27 06:00:00 UTC 2026,0.47025,8595238.72173,null,null,null,null,null,null,null,null,null,null
Tue Oct 27 07:00:00 UTC 2026,0.47025,8558222.72173,null,null,null,null,null,null,null,null,null,null
Tue Oct 27 08:00:00 UTC 2026,0.47025,8366376.72173,null,null,null,null,null,null,null,null,null,null
Tue Oct 27 09:00:00 UTC 2026,0.47025,8370132.72173,null,null,null,null,null,null,null,null,null,null
Tue Oct 27 10:00:00 UTC 2026,0.47025,8370052.72173,null,null,null,null,null,null,null,null,null,null
Tue Oct 27 11:00:00 UTC 2026,0.47025,8367173.72173,null,null,null,null,null,null,null,null,null,null
Tue Oct 27 12:00:00 UTC 2026,0.47025,8368768.72173,null,null,null,null,null,null,null,null,null,null
Tue Oct 27 13:00:00 UTC 2026,0.47025,8373040.72173,null,null,null,null,null,null,null,null,null,null
Tue Oct 27 14:00:00 UTC 2026,0.47025,8371889.72173,null,null,null,null,null,null,null,null,null,null
Tue Oct 27 15:00:00 UTC 2026,0.47025,8371121.72173,null,null,null,null,null,null,null,null,null,null
Tue Oct 27 16:00:00 UTC 2026,0.47025,8370081.72173,null,null,null,null,null,null,null,null,null,null
Tue Oct 27 17:00:00 UTC 2026,0.47025,8370878.72173,null,null,null,null,null,null,null,null,null,null
Tue Oct 27 18:00:00 UTC 2026,0.47025,8374175.72173,null,null,null,null,null,null,null,null,null,null
Tue Oct 27 19:00:00 UTC 2026,0.47025,8370878.72173,null,null,null,null,null,null,null,null,null,null
Tue Oct 27 20:00:00 UTC 2026,0.47025,8374000.72173,null,null,null,null,null,null,null,null,null,null
Tue Oct 27 21:00:00 UTC 2026,0.47025,8376324.72173,null,null,null,null,null,null,null,null,null,null
Tue Oct 27 22:00:00 UTC 2026,0.47025,8372988.72173,null,null,null,null,null,null,null,null,null,null
Tue Oct 27 23:00:00 UTC 2026,0.47025,8373785.72173,null,null,null,null,null,null,null,null,null,null
Wed Oct 28 00:00:00 UTC 2026,0.47025,8372259.72173,null,null,null,null,null,null,null,null,null,null
Wed Oct 28 01:00:00 UTC 2026,0.47025,8373056.72173,null,null,null,null,null,null,null,null,null,null
Wed Oct 28 02:00:00 UTC 2026,0.47025,8368865.72173,null,null,null,null,null,null,null,null,null,null
Wed Oct 28 03:00:00 UTC 2026,0.47025,8368651.72173,null,null,null,null,null,null,null,null,null,null
Wed Oct 28 04:00:00 UTC 2026,0.47025,8369720.72173,null,null,null,null,null,null,null,null,null,null
Wed Oct 28 05:00:00 UTC 2026,0.47025,8369934.72173,null,null,null,null,null,null,null,null,null,null
Wed Oct 28 06:00:00 UTC 2026,0.47025,8370178.72173,null,null,null,null,null,null,null,null,null,null
Wed Oct 28 07:00:00 UTC 2026,0.47025,8367825.72173,null,null,null,null,null,null,null,null,null,null
Wed Oct 28 08:00:00 UTC 2026,0.47025,8370703.72173,null,null,null,null,null,null,null,null,null,null
Wed Oct 28 09:00:00 UTC 2026,0.47025,8368865.72173,null,null,null,null,null,null,null,null,null,null
Wed Oct 28 10:00:00 UTC 2026,0.47025,8367095.72173,null,null,null,null,null,null,null,null,null,null
Wed Oct 28 11:00:00 UTC 2026,0.47025,8366298.72173,null,null,null,null,null,null,null,null,null,null
Wed Oct 28 12:00:00 UTC 2026,0.47025,8364003.72173,null,null,null,null,null,null,null,null,null,null
Wed Oct 28 13:00:00 UTC 2026,0.47025,8365743.72173,null,null,null,null,null,null,null,null,null,null
Wed Oct 28 14:00:00 UTC 2026,0.47025,8363905.72173,null,null,null,null,null,null,null,null,null,null
Wed Oct 28 15:00:00 UTC 2026,0.47025,8364431.72173,null,null,null,null,null,null,null,null,null,null
Wed Oct 28 16:00:00 UTC 2026,0.47025,8363108.72173,null,null,null,null,null,null,null,null,null,null
Wed Oct 28 17:00:00 UTC 2026,0.47025,8366136.72173,null,null,null,null,null,null,null,null,null,null
Wed Oct 28 18:00:00 UTC 2026,0.47025,8363615.72173,null,null,null,null,null,null,null,null,null,null
Wed Oct 28 19:00:00 UTC 2026,0.47025,8363149.72173,null,null,null,null,null,null,null,null,null,null
Wed Oct 28 20:00:00 UTC 2026,0.47025,8364070.72173,null,null,null,null,null,null,null,null,null,null
Wed Oct 28 21:00:00 UTC 2026,0.47025,8363906.72173,null,null,null,null,null,null,null,null,null,null
Wed Oct 28 22:00:00 UTC 2026,0.47025,8363906.72173,null,null,null,null,null,null,null,null,null,null
Wed Oct 28 23:00:00 UTC 2026,0.47025,8362609.72173,null,null,null,null,null,null,null,null,null,null
Thu Oct 29 00:00:00 UTC 2026,0.47025,8363771.72173,null,null,null,null,null,null,null,null,null,null
Thu Oct 29 01:00:00 UTC 2026,0.47025,8363830.72173,null,null,null,null,null,null,null,null,null,null
Thu Oct 29 02:00:00 UTC 2026,0.47025,8361282.72173,null,null,null,null,null,null,null,null,null,null
Thu Oct 29 03:00:00 UTC 2026,0.47025,8361988.72173,null,null,null,null,null,null,null,null,null,null
Thu Oct 29 04:00:00 UTC 2026,0.47025,8360172.72173,null,null,null,null,null,null,null,null,null,null
Thu Oct 29 05:00:00 UTC 2026,0.47025,8362014.72173,null,null,null,null,null,null,null,null,null,null
Thu Oct 29 06:00:00 UTC 2026,0.47025,8362719.72173,null,null,null,null,null,null,null,null,null,null
Thu Oct 29 07:00:00 UTC 2026,0.47025,8362935.72173,null,null,null,null,null,null,null,null,null,null
Thu Oct 29 08:00:00 UTC 2026,0.47025,8361103.72173,null,null,null,null,null,null,null,null,null,null
Thu Oct 29 09:00:00 UTC 2026,0.47025,8362789.72173,null,null,null,null,null,null,null,null,null,null
Thu Oct 29 10:00:00 UTC 2026,0.47025,8361056.72173,null,null,null,null,null,null,null,null,null,null
Thu Oct 29 11:00:00 UTC 2026,0.47025,8361056.72173,null,null,null,null,null,null,null,null,null,null
Thu Oct 29 12:00:00 UTC 2026,0.47025,8359993.72173,null,null,null,null,null,null,null,null,null,null
Thu Oct 29 13:00:00 UTC 2026,0.47025,8359150.72173,null,null,null,null,null,null,null,null,null,null
Thu Oct 29 14:00:00 UTC 2026,0.47025,8357557.72173,null,null,null,null,null,null,null,null,null,null
Thu Oct 29 15:00:00 UTC 2026,0.47025,8358400.72173,null,null,null,null,null,null,null,null,null,null
Thu Oct 29 16:00:00 UTC 2026,0.47025,8356494.72173,null,null,null,null,null,null,null,null,null,null
