date,P_Kweek_49_Kday_-9_ETE_58_ORD_59_EXT_70_E2Ekor_71_EXTkor_61_DIFF_24,a,b,c,d,e,f,g,h,i,j
Fri Oct 02 21:00:00 UTC 2026,-400.6364369602767,0.6259700000000521,-306.5397758563537,null,-106.53977585635357,-6.539775856353572,null,null,null,null
Fri Oct 02 22:00:00 UTC 2026,-117.4085320253995,0.6259700000000521,-313.90994160221,null,-113.90994160220987,-13.90994160220987,null,null,null,null
Fri Oct 02 23:00:00 UTC 2026,-283.24809461395625,0.6259700000000521,-321.2801073480663,null,-121.28010734806628,-21.28010734806628,null,null,null,null
Sat Oct 03 00:00:00 UTC 2026,33.27971254188219,0.6259700000000521,-328.6502730939227,null,-128.65027309392258,-28.650273093922692,null,null,null,null
Sat Oct 03 01:00:00 UTC 2026,208.6060350529774,0.6259700000000521,-336.0204388397791,null,-136.0204388397791,-36.02043883977899,null,null,null,null
Sat Oct 03 02:00:00 UTC 2026,-86.06097749864375,0.6259700000000521,-343.3906045856354,null,-143.3906045856353,-43.39060458563529,null,null,null,null
Sat Oct 03 03:00:00 UTC 2026,-38.819662869714534,0.6259700000000521,-350.7607703314918,null,-150.7607703314918,-50.76077033149181,null,null,null,null
Sat Oct 03 04:00:00 UTC 2026,-105.17198661804355,0.6259700000000521,-358.1309360773481,null,-158.130936077348,-58.130936077348,null,null,null,null
Sat Oct 03 05:00:00 UTC 2026,-42.97183895175863,0.6259700000000521,-365.5011018232045,null,-165.50110182320452,-65.50110182320441,null,null,null,null
Sat Oct 03 06:00:00 UTC 2026,209.650953537222,0.6259700000000521,-372.87126756906093,null,-172.87126756906082,-72.87126756906082,null,null,null,null
Sat Oct 03 07:00:00 UTC 2026,137.33159528684928,0.6259700000000521,-380.2414333149171,null,-180.24143331491723,-80.24143331491723,null,null,null,null
Sat Oct 03 08:00:00 UTC 2026,164.03201234429548,0.6259700000000521,-387.61159906077353,null,-187.61159906077353,-87.61159906077353,null,null,null,null
Sat Oct 03 09:00:00 UTC 2026,152.70289614690046,0.6259700000000521,-394.98176480662977,null,-194.98176480662983,-94.98176480662971,null,null,null,null
Sat Oct 03 10:00:00 UTC 2026,150.99802914632755,0.6259700000000521,-402.35193055248607,null,-202.35193055248612,-102.35193055248624,null,null,null,null
Sat Oct 03 11:00:00 UTC 2026,156.36011084171764,0.6259700000000521,-409.7220962983425,null,-209.7220962983426,-109.72209629834254,null,null,null,null
Sat Oct 03 12:00:00 UTC 2026,156.14012800294176,0.6259700000000521,-417.0922620441988,null,-217.09226204419883,-117.09226204419883,null,null,null,null
Sat Oct 03 13:00:00 UTC 2026,153.637823211757,0.6259700000000521,-424.4624277900552,null,-224.4624277900553,-124.46242779005519,null,null,null,null
Sat Oct 03 14:00:00 UTC 2026,157.10255292261604,0.6259700000000521,-431.8325935359115,null,-231.83259353591154,-131.8325935359116,null,null,null,null
Sat Oct 03 15:00:00 UTC 2026,154.9027245347777,0.6259700000000521,-439.2027592817679,null,-239.202759281768,-139.20275928176795,null,null,null,null
Sat Oct 03 16:00:00 UTC 2026,240.0085852894465,0.6259700000000521,-446.5729250276243,null,-246.5729250276243,-146.5729250276243,null,null,null,null
Sat Oct 03 17:00:00 UTC 2026,154.79273311535076,0.6259700000000521,-453.9430907734806,null,-253.94309077348072,-153.9430907734806,null,null,null,null
Sat Oct 03 18:00:00 UTC 2026,153.96779746992115,0.6259700000000521,-461.313256519337,null,-261.313256519337,-161.31325651933696,null,null,null,null
Sat Oct 03 19:00:00 UTC 2026,155.205200938085,0.6259700000000521,-468.6834222651933,null,-268.68342226519337,-168.68342226519337,null,null,null,null
Sat Oct 03 20:00:00 UTC 2026,155.28769450261643,0.6259700000000521,-476.0535880110496,null,-276.0535880110496,-176.0535880110496,null,null,null,null
Sat Oct 03 21:00:00 UTC 2026,155.48017948657457,0.6259700000000521,-483.423753756906,null,-283.4237537569061,-183.42375375690614,null,null,null,null
Sat Oct 03 22:00:00 UTC 2026,152.86788327600198,0.6259700000000521,-490.7939195027623,null,-290.7939195027623,-190.79391950276238,null,null,null,null
Sat Oct 03 23:00:00 UTC 2026,148.27574151636668,0.6259700000000521,-498.16408524861873,null,-298.1640852486188,-198.16408524861873,null,null,null,null
Sun Oct 04 00:00:00 UTC 2026,150.25558706542915,0.6259700000000521,-505.53425099447503,null,-305.53425099447503,-205.53425099447503,null,null,null,null
Sun Oct 04 01:00:00 UTC 2026,150.8055441624083,0.6259700000000521,-512.9044167403315,null,-312.9044167403315,-212.9044167403315,null,null,null,null
Sun Oct 04 03:00:00 UTC 2026,159.41237272984267,0.6259700000000521,-520.2745824861879,null,-320.27458248618785,-220.2745824861879,null,null,null,null
Sun Oct 04 04:00:00 UTC 2026,152.75789185661392,0.6259700000000521,-527.6447482320441,null,-327.6447482320442,-227.64474823204415,null,null,null,null
Sun Oct 04 05:00:00 UTC 2026,151.08052271089787,0.6259700000000521,-535.0149139779005,null,-335.01491397790056,-235.0149139779005,null,null,null,null
Sun Oct 04 06:00:00 UTC 2026,152.75789185661392,0.6259700000000521,-542.3850797237569,null,-342.385079723757,-242.38507972375686,null,null,null,null
Sun Oct 04 07:00:00 UTC 2026,150.75054845269483,0.6259700000000521,-549.7552454696133,null,-349.75524546961327,-249.75524546961327,null,null,null,null
Sun Oct 04 08:00:00 UTC 2026,229.3669154632753,0.6259700000000521,-557.1254112154696,null,-357.1254112154697,-257.1254112154696,null,null,null,null
Sun Oct 04 09:00:00 UTC 2026,150.77804630755145,0.6259700000000521,-564.4955769613259,null,-364.49557696132587,-264.4955769613259,null,null,null,null
Sun Oct 04 10:00:00 UTC 2026,150.8055441624083,0.6259700000000521,-571.8657427071823,null,-371.8657427071823,-271.86574270718233,null,null,null,null
Sun Oct 04 11:00:00 UTC 2026,150.69555274302024,0.6259700000000521,-579.2359084530386,null,-379.2359084530386,-279.23590845303863,null,null,null,null
Sun Oct 04 12:00:00 UTC 2026,150.8055441624083,0.6259700000000521,-586.6060741988949,null,-386.606074198895,-286.60607419889493,null,null,null,null
Sun Oct 04 13:00:00 UTC 2026,193.17973848325164,0.6259700000000521,-593.9762399447513,null,-393.9762399447513,-293.9762399447513,null,null,null,null
Sun Oct 04 14:00:00 UTC 2026,150.77804630755145,0.6259700000000521,-601.3464056906078,null,-401.3464056906077,-301.3464056906077,null,null,null,null
Sun Oct 04 15:00:00 UTC 2026,150.8055441624083,0.6259700000000521,-608.7165714364642,null,-408.71657143646405,-308.7165714364641,null,null,null,null
Sun Oct 04 16:00:00 UTC 2026,147.06583590305945,0.6259700000000521,-616.0867371823205,null,-416.08673718232046,-316.0867371823204,null,null,null,null
Sun Oct 04 17:00:00 UTC 2026,141.75874991738283,0.6259700000000521,-623.4569029281768,null,-423.45690292817676,-323.4569029281767,null,null,null,null
Sun Oct 04 18:00:00 UTC 2026,152.4554154532675,0.6259700000000521,-630.8270686740332,null,-430.82706867403317,-330.82706867403317,null,null,null,null
Sun Oct 04 19:00:00 UTC 2026,150.77804630755145,0.6259700000000521,-638.1972344198896,null,-438.1972344198895,-338.1972344198895,null,null,null,null
Sun Oct 04 20:00:00 UTC 2026,150.8055441624083,0.6259700000000521,-645.5674001657458,null,-445.5674001657458,-345.56740016574577,null,null,null,null
Sun Oct 04 21:00:00 UTC 2026,149.34815785546834,-29.374029999999948,-652.9375659116022,null,-452.9375659116021,-352.9375659116022,null,null,null,null
Sun Oct 04 22:00:00 UTC 2026,150.8055441624083,142.62597000000005,-660.3077316574586,null,-460.30773165745853,-360.30773165745853,null,null,null,null
Sun Oct 04 23:00:00 UTC 2026,185.86530909365592,171.62597000000005,-667.6778974033149,null,-467.67789740331483,-367.67789740331483,null,null,null,null
Mon Oct 05 00:00:00 UTC 2026,176.35105131622163,337.62597000000005,-675.0480631491713,null,-475.0480631491713,-375.0480631491712,null,null,null,null
Mon Oct 05 01:00:00 UTC 2026,337.62597000000005,84.62597000000005,-682.4182288950276,null,-482.4182288950276,-382.4182288950276,null,null,null,null
Mon Oct 05 02:00:00 UTC 2026,154.1602824538793,-82.37402999999995,-689.788394640884,null,-489.788394640884,-389.78839464088395,null,null,null,null
Mon Oct 05 03:00:00 UTC 2026,228.5419798178068,-150.37402999999995,-697.1585603867403,null,-497.1585603867403,-397.1585603867403,null,null,null,null
Mon Oct 05 04:00:00 UTC 2026,150.86053987208265,-195.37402999999995,-704.5287261325967,null,-504.52872613259666,-404.5287261325966,null,null,null,null
Mon Oct 05 05:00:00 UTC 2026,149.04568145212193,-174.37402999999995,-711.8988918784531,null,-511.898891878453,-411.8988918784531,null,null,null,null
Mon Oct 05 06:00:00 UTC 2026,191.03490580508787,-354.37402999999995,-719.2690576243094,null,-519.2690576243094,-419.2690576243094,null,null,null,null
Mon Oct 05 07:00:00 UTC 2026,199.28426225950125,-292.37402999999995,-726.6392233701658,null,-526.6392233701657,-426.6392233701657,null,null,null,null
Mon Oct 05 08:00:00 UTC 2026,27.285180184981527,-230.37402999999995,-734.009389116022,null,-534.009389116022,-434.009389116022,null,null,null,null
Mon Oct 05 09:00:00 UTC 2026,259.7245472155,-379.37402999999995,-741.3795548618784,null,-541.3795548618783,-441.37955486187843,null,null,null,null
Mon Oct 05 10:00:00 UTC 2026,187.1852061263512,-373.37402999999995,-748.7497206077348,null,-548.7497206077347,-448.74972060773473,null,null,null,null
Mon Oct 05 11:00:00 UTC 2026,63.55485072957549,-470.37402999999995,-756.1198863535911,null,-556.119886353591,-456.1198863535911,null,null,null,null
Mon Oct 05 12:00:00 UTC 2026,-129.5350860134065,-491.37402999999995,-763.4900520994474,null,-563.4900520994474,-463.4900520994475,null,null,null,null
Mon Oct 05 13:00:00 UTC 2026,-614.019790581109,-639.37403,-770.8602178453037,null,-570.8602178453037,-470.86021784530385,null,null,null,null
Mon Oct 05 14:00:00 UTC 2026,-847.724058934609,-800.37403,-778.2303835911601,null,-578.2303835911603,-478.23038359116015,null,null,null,null
Mon Oct 05 15:00:00 UTC 2026,-614.5422498231922,-753.37403,-785.6005493370164,null,-585.6005493370164,-485.6005493370165,null,null,null,null
Mon Oct 05 16:00:00 UTC 2026,-580.6923905052518,-633.37403,-792.9707150828729,null,-592.970715082873,-492.97071508287297,null,null,null,null
Mon Oct 05 17:00:00 UTC 2026,-858.1182480671864,-649.37403,-800.3408808287293,null,-600.3408808287293,-500.34088082872927,null,null,null,null
Mon Oct 05 18:00:00 UTC 2026,-1040.37403,-643.37403,-807.7110465745856,null,-607.7110465745857,-507.7110465745856,null,null,null,null
Mon Oct 05 19:00:00 UTC 2026,-961.3726930215807,-695.37403,-815.0812123204419,null,-615.081212320442,-515.081212320442,null,null,null,null
Mon Oct 05 20:00:00 UTC 2026,-627.9612029890377,-606.37403,-822.4513780662982,null,-622.4513780662983,-522.4513780662983,null,null,null,null
Mon Oct 05 21:00:00 UTC 2026,-653.8641822559109,-571.37403,-829.8215438121546,null,-629.8215438121547,-529.8215438121546,null,null,null,null
Mon Oct 05 22:00:00 UTC 2026,-681.4995263781748,-572.37403,-837.191709558011,null,-637.191709558011,-537.191709558011,null,null,null,null
Mon Oct 05 23:00:00 UTC 2026,-341.0760833594212,-448.37402999999995,-844.5618753038673,null,-644.5618753038673,-544.5618753038674,null,null,null,null
Tue Oct 06 00:00:00 UTC 2026,-424.55957067808754,-421.37402999999995,-851.9320410497237,null,-651.9320410497237,-551.9320410497237,null,null,null,null
Tue Oct 06 01:00:00 UTC 2026,-606.6503654817994,-536.37403,-859.3022067955801,null,-659.30220679558,-559.3022067955801,null,null,null,null
Tue Oct 06 02:00:00 UTC 2026,-338.1613107455022,-421.37402999999995,-866.6723725414364,null,-666.6723725414364,-566.6723725414364,null,null,null,null
Tue Oct 06 03:00:00 UTC 2026,-382.295367776632,-362.37402999999995,-874.0425382872928,null,-674.0425382872927,-574.0425382872928,null,null,null,null
Tue Oct 06 04:00:00 UTC 2026,-506.39318670585556,-328.37402999999995,-881.4127040331491,null,-681.4127040331491,-581.4127040331491,null,null,null,null
Tue Oct 06 05:00:00 UTC 2026,-584.2946094903556,-430.37402999999995,-888.7828697790055,null,-688.7828697790055,-588.7828697790055,null,null,null,null
Tue Oct 06 06:00:00 UTC 2026,-469.2435848061575,-384.37402999999995,-896.1530355248618,null,-696.1530355248619,-596.1530355248618,null,null,null,null
Tue Oct 06 07:00:00 UTC 2026,-430.4166137607043,-278.37402999999995,-903.5232012707181,null,-703.5232012707182,-603.5232012707181,null,null,null,null
Tue Oct 06 08:00:00 UTC 2026,-383.80774979328555,-812.37403,-910.8933670165745,null,-710.8933670165745,-610.8933670165745,null,null,null,null
Tue Oct 06 09:00:00 UTC 2026,-167.4546278488598,-931.37403,-918.2635327624308,null,-718.2635327624309,-618.2635327624308,null,null,null,null
Tue Oct 06 10:00:00 UTC 2026,-377.26326033944486,-906.37403,-925.6336985082872,null,-725.6336985082872,-625.6336985082872,null,null,null,null
Tue Oct 06 11:00:00 UTC 2026,-411.1406175122421,-989.37403,-933.0038642541435,null,-733.0038642541437,-633.0038642541437,null,null,null,null
Tue Oct 06 12:00:00 UTC 2026,-432.53394858401157,-1040.37403,-940.37403,null,-740.37403,-640.37403,null,null,null,null
Tue Oct 06 13:00:00 UTC 2026,-320.94765361063344,-904.37403,null,null,null,null,null,null,null,null
Tue Oct 06 14:00:00 UTC 2026,-428.43676821164195,-757.37403,null,null,null,null,null,null,null,null
Tue Oct 06 15:00:00 UTC 2026,-318.6103359485504,-787.37403,null,null,null,null,null,null,null,null
Tue Oct 06 16:00:00 UTC 2026,-127.58273831920087,-701.37403,null,null,null,null,null,null,null,null
Tue Oct 06 17:00:00 UTC 2026,-252.7804714423437,-654.37403,null,null,null,null,null,null,null,null
Tue Oct 06 18:00:00 UTC 2026,-313.4132413822616,-771.37403,null,null,null,null,null,null,null,null
Tue Oct 06 19:00:00 UTC 2026,108.84381766429897,-703.37403,null,null,null,null,null,null,null,null
Tue Oct 06 20:00:00 UTC 2026,189.90749375631185,-783.37403,null,null,null,null,null,null,null,null
Tue Oct 06 21:00:00 UTC 2026,189.90749375631185,-812.37403,null,null,null,null,null,null,null,null
Tue Oct 06 22:00:00 UTC 2026,0.8864912,-822.37403,null,null,null,null,null,null,null,null,null,null
Tue Oct 06 23:00:00 UTC 2026,0.8864912,-629.37403,null,null,null,null,null,null,null,null,null,null
Wed Oct 07 00:00:00 UTC 2026,0.8864912,-715.37403,null,null,null,null,null,null,null,null,null,null
Wed Oct 07 01:00:00 UTC 2026,0.8864912,-740.37403,null,null,null,null,null,null,null,null,null,null
Wed Oct 07 02:00:00 UTC 2026,0.8864912,-725.37403,null,null,null,null,null,null,null,null,null,null
Wed Oct 07 03:00:00 UTC 2026,0.8864912,-762.37403,null,null,null,null,null,null,null,null,null,null
Wed Oct 07 04:00:00 UTC 2026,0.8864912,-802.37403,null,null,null,null,null,null,null,null,null,null
Wed Oct 07 05:00:00 UTC 2026,0.8864912,-888.37403,null,null,null,null,null,null,null,null,null,null
Wed Oct 07 06:00:00 UTC 2026,0.8864912,-969.37403,null,null,null,null,null,null,null,null,null,null
Wed Oct 07 07:00:00 UTC 2026,0.8864912,-910.37403,null,null,null,null,null,null,null,null,null,null
Wed Oct 07 08:00:00 UTC 2026,0.8864912,-876.37403,null,null,null,null,null,null,null,null,null,null
Wed Oct 07 09:00:00 UTC 2026,0.8864912,-974.37403,null,null,null,null,null,null,null,null,null,null
Wed Oct 07 10:00:00 UTC 2026,0.8864912,-977.37403,null,null,null,null,null,null,null,null,null,null
Wed Oct 07 11:00:00 UTC 2026,0.8864912,-870.37403,null,null,null,null,null,null,null,null,null,null
Wed Oct 07 12:00:00 UTC 2026,0.8864912,-715.37403,null,null,null,null,null,null,null,null,null,null
Wed Oct 07 13:00:00 UTC 2026,0.8864912,-554.37403,null,null,null,null,null,null,null,null,null,null
Wed Oct 07 14:00:00 UTC 2026,0.8864912,-591.37403,null,null,null,null,null,null,null,null,null,null
Wed Oct 07 15:00:00 UTC 2026,0.8864912,-367.37402999999995,null,null,null,null,null,null,null,null,null,null
Wed Oct 07 16:00:00 UTC 2026,0.8864912,-315.37402999999995,null,null,null,null,null,null,null,null,null,null
Wed Oct 07 17:00:00 UTC 2026,0.8864912,-125.37402999999995,null,null,null,null,null,null,null,null,null,null
Wed Oct 07 18:00:00 UTC 2026,0.8864912,-151.37402999999995,null,null,null,null,null,null,null,null,null,null
Wed Oct 07 19:00:00 UTC 2026,0.8864912,-70.37402999999995,null,null,null,null,null,null,null,null,null,null
Wed Oct 07 20:00:00 UTC 2026,0.8864912,-119.37402999999995,null,null,null,null,null,null,null,null,null,null
Wed Oct 07 21:00:00 UTC 2026,0.8864912,-98.37402999999995,null,null,null,null,null,null,null,null,null,null
Wed Oct 07 22:00:00 UTC 2026,0.8864912,-32.37402999999995,null,null,null,null,null,null,null,null,null,null
Wed Oct 07 23:00:00 UTC 2026,0.8864912,15.625970000000052,null,null,null,null,null,null,null,null,null,null
Thu Oct 08 00:00:00 UTC 2026,0.8864912,49.62597000000005,null,null,null,null,null,null,null,null,null,null
Thu Oct 08 01:00:00 UTC 2026,0.8864912,125.62597000000005,null,null,null,null,null,null,null,null,null,null
Thu Oct 08 02:00:00 UTC 2026,0.8864912,-6.374029999999948,null,null,null,null,null,null,null,null,null,null
Thu Oct 08 03:00:00 UTC 2026,0.8864912,39.62597000000005,null,null,null,null,null,null,null,null,null,null
Thu Oct 08 04:00:00 UTC 2026,0.8864912,-111.37402999999995,null,null,null,null,null,null,null,null,null,null
Thu Oct 08 05:00:00 UTC 2026,0.8864912,-231.37402999999995,null,null,null,null,null,null,null,null,null,null
Thu Oct 08 06:00:00 UTC 2026,0.8864912,-174.37402999999995,null,null,null,null,null,null,null,null,null,null
Thu Oct 08 07:00:00 UTC 2026,0.8864912,-296.37402999999995,null,null,null,null,null,null,null,null,null,null
Thu Oct 08 08:00:00 UTC 2026,0.8864912,-175.37402999999995,null,null,null,null,null,null,null,null,null,null
Thu Oct 08 09:00:00 UTC 2026,0.8864912,-231.37402999999995,null,null,null,null,null,null,null,null,null,null
Thu Oct 08 10:00:00 UTC 2026,0.8864912,-20.374029999999948,null,null,null,null,null,null,null,null,null,null
Thu Oct 08 11:00:00 UTC 2026,0.8864912,-76.37402999999995,null,null,null,null,null,null,null,null,null,null
Thu Oct 08 12:00:00 UTC 2026,0.8864912,-40.37402999999995,null,null,null,null,null,null,null,null,null,null
Thu Oct 08 13:00:00 UTC 2026,0.8864912,-83.37402999999995,null,null,null,null,null,null,null,null,null,null
Thu Oct 08 14:00:00 UTC 2026,0.8864912,28.625970000000052,null,null,null,null,null,null,null,null,null,null
Thu Oct 08 15:00:00 UTC 2026,0.8864912,79.62597000000005,null,null,null,null,null,null,null,null,null,null
Thu Oct 08 16:00:00 UTC 2026,0.8864912,30.625970000000052,null,null,null,null,null,null,null,null,null,null
Thu Oct 08 17:00:00 UTC 2026,0.8864912,146.62597000000005,null,null,null,null,null,null,null,null,null,null
Thu Oct 08 18:00:00 UTC 2026,0.8864912,43.62597000000005,null,null,null,null,null,null,null,null,null,null
Thu Oct 08 19:00:00 UTC 2026,0.8864912,44.62597000000005,null,null,null,null,null,null,null,null,null,null
Thu Oct 08 20:00:00 UTC 2026,0.8864912,71.62597000000005,null,null,null,null,null,null,null,null,null,null
Thu Oct 08 21:00:00 UTC 2026,0.8864912,-95.37402999999995,null,null,null,null,null,null,null,null,null,null
Thu Oct 08 22:00:00 UTC 2026,0.8864912,-53.37402999999995,null,null,null,null,null,null,null,null,null,null
Thu Oct 08 23:00:00 UTC 2026,0.8864912,51.62597000000005,null,null,null,null,null,null,null,null,null,null
Fri Oct 09 00:00:00 UTC 2026,0.8864912,214.62597000000005,null,null,null,null,null,null,null,null,null,null
Fri Oct 09 01:00:00 UTC 2026,0.8864912,234.62597000000005,null,null,null,null,null,null,null,null,null,null
Fri Oct 09 02:00:00 UTC 2026,0.8864912,121.62597000000005,null,null,null,null,null,null,null,null,null,null
Fri Oct 09 03:00:00 UTC 2026,0.8864912,123.62597000000005,null,null,null,null,null,null,null,null,null,null
Fri Oct 09 04:00:00 UTC 2026,0.8864912,76.62597000000005,null,null,null,null,null,null,null,null,null,null
Fri Oct 09 05:00:00 UTC 2026,0.8864912,113.62597000000005,null,null,null,null,null,null,null,null,null,null
Fri Oct 09 06:00:00 UTC 2026,0.8864912,67.62597000000005,null,null,null,null,null,null,null,null,null,null
Fri Oct 09 07:00:00 UTC 2026,0.8864912,53.62597000000005,null,null,null,null,null,null,null,null,null,null
Fri Oct 09 08:00:00 UTC 2026,0.8864912,185.62597000000005,null,null,null,null,null,null,null,null,null,null
Fri Oct 09 09:00:00 UTC 2026,0.8864912,282.62597000000005,null,null,null,null,null,null,null,null,null,null
Fri Oct 09 10:00:00 UTC 2026,0.8864912,282.62597000000005,null,null,null,null,null,null,null,null,null,null
Fri Oct 09 11:00:00 UTC 2026,0.8864912,217.62597000000005,null,null,null,null,null,null,null,null,null,null
Fri Oct 09 12:00:00 UTC 2026,0.8864912,175.62597000000005,null,null,null,null,null,null,null,null,null,null
Fri Oct 09 13:00:00 UTC 2026,0.8864912,53.62597000000005,null,null,null,null,null,null,null,null,null,null
Fri Oct 09 14:00:00 UTC 2026,0.8864912,79.62597000000005,null,null,null,null,null,null,null,null,null,null
Fri Oct 09 15:00:00 UTC 2026,0.8864912,21.625970000000052,null,null,null,null,null,null,null,null,null,null
Fri Oct 09 16:00:00 UTC 2026,0.8864912,-65.37402999999995,null,null,null,null,null,null,null,null,null,null
Fri Oct 09 17:00:00 UTC 2026,0.8864912,-63.37402999999995,null,null,null,null,null,null,null,null,null,null
Fri Oct 09 18:00:00 UTC 2026,0.8864912,-112.37402999999995,null,null,null,null,null,null,null,null,null,null
Fri Oct 09 19:00:00 UTC 2026,0.8864912,-74.37402999999995,null,null,null,null,null,null,null,null,null,null
Fri Oct 09 20:00:00 UTC 2026,0.8864912,-136.37402999999995,null,null,null,null,null,null,null,null,null,null
Fri Oct 09 21:00:00 UTC 2026,0.8864912,-136.37402999999995,null,null,null,null,null,null,null,null,null,null
Fri Oct 09 22:00:00 UTC 2026,0.8864912,-136.37402999999995,null,null,null,null,null,null,null,null,null,null
Fri Oct 09 23:00:00 UTC 2026,0.8864912,-136.37402999999995,null,null,null,null,null,null,null,null,null,null
Sat Oct 10 00:00:00 UTC 2026,0.8864912,-136.37402999999995,null,null,null,null,null,null,null,null,null,null
Sat Oct 10 01:00:00 UTC 2026,0.8864912,-136.37402999999995,null,null,null,null,null,null,null,null,null,null
Sat Oct 10 02:00:00 UTC 2026,0.8864912,-136.37402999999995,null,null,null,null,null,null,null,null,null,null
Sat Oct 10 03:00:00 UTC 2026,0.8864912,-136.37402999999995,null,null,null,null,null,null,null,null,null,null
Sat Oct 10 04:00:00 UTC 2026,0.8864912,-136.37402999999995,null,null,null,null,null,null,null,null,null,null
Sat Oct 10 05:00:00 UTC 2026,0.8864912,-136.37402999999995,null,null,null,null,null,null,null,null,null,null
Sat Oct 10 06:00:00 UTC 2026,0.8864912,-136.37402999999995,null,null,null,null,null,null,null,null,null,null
Sat Oct 10 07:00:00 UTC 2026,0.8864912,-136.37402999999995,null,null,null,null,null,null,null,null,null,null
Sat Oct 10 08:00:00 UTC 2026,0.8864912,-136.37402999999995,null,null,null,null,null,null,null,null,null,null
Sat Oct 10 09:00:00 UTC 2026,0.8864912,-136.37402999999995,null,null,null,null,null,null,null,null,null,null
Sat Oct 10 10:00:00 UTC 2026,0.8864912,-136.37402999999995,null,null,null,null,null,null,null,null,null,null
Sat Oct 10 11:00:00 UTC 2026,0.8864912,-136.37402999999995,null,null,null,null,null,null,null,null,null,null
Sat Oct 10 12:00:00 UTC 2026,0.8864912,-136.37402999999995,null,null,null,null,null,null,null,null,null,null
Sat Oct 10 13:00:00 UTC 2026,0.8864912,-136.37402999999995,null,null,null,null,null,null,null,null,null,null
Sat Oct 10 14:00:00 UTC 2026,0.8864912,-136.37402999999995,null,null,null,null,null,null,null,null,null,null
Sat Oct 10 15:00:00 UTC 2026,0.8864912,-136.37402999999995,null,null,null,null,null,null,null,null,null,null
Sat Oct 10 16:00:00 UTC 2026,0.8864912,-136.37402999999995,null,null,null,null,null,null,null,null,null,null
Sat Oct 10 17:00:00 UTC 2026,0.8864912,-136.37402999999995,null,null,null,null,null,null,null,null,null,null
Sat Oct 10 18:00:00 UTC 2026,0.8864912,-136.37402999999995,null,null,null,null,null,null,null,null,null,null
Sat Oct 10 19:00:00 UTC 2026,0.8864912,-136.37402999999995,null,null,null,null,null,null,null,null,null,null
Sat Oct 10 20:00:00 UTC 2026,0.8864912,-136.37402999999995,null,null,null,null,null,null,null,null,null,null
Sat Oct 10 21:00:00 UTC 2026,0.8864912,-136.37402999999995,null,null,null,null,null,null,null,null,null,null
Sat Oct 10 22:00:00 UTC 2026,0.8864912,-136.37402999999995,null,null,null,null,null,null,null,null,null,null
Sat Oct 10 23:00:00 UTC 2026,0.8864912,-136.37402999999995,null,null,null,null,null,null,null,null,null,null
Sun Oct 11 00:00:00 UTC 2026,0.8864912,-136.37402999999995,null,null,null,null,null,null,null,null,null,null
Sun Oct 11 01:00:00 UTC 2026,0.8864912,-136.37402999999995,null,null,null,null,null,null,null,null,null,null
Sun Oct 11 02:00:00 UTC 2026,0.8864912,-136.37402999999995,null,null,null,null,null,null,null,null,null,null
Sun Oct 11 03:00:00 UTC 2026,0.8864912,-136.37402999999995,null,null,null,null,null,null,null,null,null,null
Sun Oct 11 04:00:00 UTC 2026,0.8864912,-136.37402999999995,null,null,null,null,null,null,null,null,null,null
Sun Oct 11 05:00:00 UTC 2026,0.8864912,-136.37402999999995,null,null,null,null,null,null,null,null,null,null
Sun Oct 11 06:00:00 UTC 2026,0.8864912,-136.37402999999995,null,null,null,null,null,null,null,null,null,null
Sun Oct 11 07:00:00 UTC 2026,0.8864912,-136.37402999999995,null,null,null,null,null,null,null,null,null,null
Sun Oct 11 08:00:00 UTC 2026,0.8864912,-136.37402999999995,null,null,null,null,null,null,null,null,null,null
Sun Oct 11 09:00:00 UTC 2026,0.8864912,-136.37402999999995,null,null,null,null,null,null,null,null,null,null
Sun Oct 11 10:00:00 UTC 2026,0.8864912,-136.37402999999995,null,null,null,null,null,null,null,null,null,null
Sun Oct 11 11:00:00 UTC 2026,0.8864912,-136.37402999999995,null,null,null,null,null,null,null,null,null,null
Sun Oct 11 12:00:00 UTC 2026,0.8864912,-136.37402999999995,null,null,null,null,null,null,null,null,null,null
Sun Oct 11 13:00:00 UTC 2026,0.8864912,-136.37402999999995,null,null,null,null,null,null,null,null,null,null
Sun Oct 11 14:00:00 UTC 2026,0.8864912,-136.37402999999995,null,null,null,null,null,null,null,null,null,null
Sun Oct 11 15:00:00 UTC 2026,0.8864912,-136.37402999999995,null,null,null,null,null,null,null,null,null,null
Sun Oct 11 16:00:00 UTC 2026,0.8864912,-136.37402999999995,null,null,null,null,null,null,null,null,null,null
Sun Oct 11 17:00:00 UTC 2026,0.8864912,-136.37402999999995,null,null,null,null,null,null,null,null,null,null
Sun Oct 11 18:00:00 UTC 2026,0.8864912,-136.37402999999995,null,null,null,null,null,null,null,null,null,null
Sun Oct 11 19:00:00 UTC 2026,0.8864912,-136.37402999999995,null,null,null,null,null,null,null,null,null,null
Sun Oct 11 20:00:00 UTC 2026,0.8864912,-136.37402999999995,null,null,null,null,null,null,null,null,null,null
Sun Oct 11 21:00:00 UTC 2026,0.8864912,-39.37402999999995,null,null,null,null,null,null,null,null,null,null
Sun Oct 11 22:00:00 UTC 2026,0.8864912,70.62597000000005,null,null,null,null,null,null,null,null,null,null
Sun Oct 11 23:00:00 UTC 2026,0.8864912,198.62597000000005,null,null,null,null,null,null,null,null,null,null
Mon Oct 12 00:00:00 UTC 2026,0.8864912,192.62597000000005,null,null,null,null,null,null,null,null,null,null
Mon Oct 12 01:00:00 UTC 2026,0.8864912,198.62597000000005,null,null,null,null,null,null,null,null,null,null
Mon Oct 12 02:00:00 UTC 2026,0.8864912,241.62597000000005,null,null,null,null,null,null,null,null,null,null
Mon Oct 12 03:00:00 UTC 2026,0.8864912,279.62597000000005,null,null,null,null,null,null,null,null,null,null
Mon Oct 12 04:00:00 UTC 2026,0.8864912,265.62597000000005,null,null,null,null,null,null,null,null,null,null
Mon Oct 12 05:00:00 UTC 2026,0.8864912,228.62597000000005,null,null,null,null,null,null,null,null,null,null
Mon Oct 12 06:00:00 UTC 2026,0.8864912,318.62597000000005,null,null,null,null,null,null,null,null,null,null
Mon Oct 12 07:00:00 UTC 2026,0.8864912,386.62597000000005,null,null,null,null,null,null,null,null,null,null
Mon Oct 12 08:00:00 UTC 2026,0.8864912,548.62597,null,null,null,null,null,null,null,null,null,null
Mon Oct 12 09:00:00 UTC 2026,0.8864912,784.62597,null,null,null,null,null,null,null,null,null,null
Mon Oct 12 10:00:00 UTC 2026,0.8864912,657.62597,null,null,null,null,null,null,null,null,null,null
Mon Oct 12 11:00:00 UTC 2026,0.8864912,733.62597,null,null,null,null,null,null,null,null,null,null
Mon Oct 12 12:00:00 UTC 2026,0.8864912,592.62597,null,null,null,null,null,null,null,null,null,null
Mon Oct 12 13:00:00 UTC 2026,0.8864912,785.62597,null,null,null,null,null,null,null,null,null,null
Mon Oct 12 14:00:00 UTC 2026,0.8864912,870.62597,null,null,null,null,null,null,null,null,null,null
Mon Oct 12 15:00:00 UTC 2026,0.8864912,859.62597,null,null,null,null,null,null,null,null,null,null
Mon Oct 12 16:00:00 UTC 2026,0.8864912,894.62597,null,null,null,null,null,null,null,null,null,null
Mon Oct 12 17:00:00 UTC 2026,0.8864912,860.62597,null,null,null,null,null,null,null,null,null,null
Mon Oct 12 18:00:00 UTC 2026,0.8864912,818.62597,null,null,null,null,null,null,null,null,null,null
Mon Oct 12 19:00:00 UTC 2026,0.8864912,832.62597,null,null,null,null,null,null,null,null,null,null
Mon Oct 12 20:00:00 UTC 2026,0.8864912,814.62597,null,null,null,null,null,null,null,null,null,null
Mon Oct 12 21:00:00 UTC 2026,0.8864912,853.62597,null,null,null,null,null,null,null,null,null,null
Mon Oct 12 22:00:00 UTC 2026,0.8864912,756.62597,null,null,null,null,null,null,null,null,null,null
Mon Oct 12 23:00:00 UTC 2026,0.8864912,886.62597,null,null,null,null,null,null,null,null,null,null
Tue Oct 13 00:00:00 UTC 2026,0.8864912,913.62597,null,null,null,null,null,null,null,null,null,null
Tue Oct 13 01:00:00 UTC 2026,0.8864912,918.62597,null,null,null,null,null,null,null,null,null,null
Tue Oct 13 02:00:00 UTC 2026,0.8864912,975.62597,null,null,null,null,null,null,null,null,null,null
Tue Oct 13 03:00:00 UTC 2026,0.8864912,1072.62597,null,null,null,null,null,null,null,null,null,null
Tue Oct 13 04:00:00 UTC 2026,0.8864912,1070.62597,null,null,null,null,null,null,null,null,null,null
Tue Oct 13 05:00:00 UTC 2026,0.8864912,1043.62597,null,null,null,null,null,null,null,null,null,null
Tue Oct 13 06:00:00 UTC 2026,0.8864912,1063.62597,null,null,null,null,null,null,null,null,null,null
Tue Oct 13 07:00:00 UTC 2026,0.8864912,1045.62597,null,null,null,null,null,null,null,null,null,null
Tue Oct 13 08:00:00 UTC 2026,0.8864912,540.62597,null,null,null,null,null,null,null,null,null,null
Tue Oct 13 09:00:00 UTC 2026,0.8864912,636.62597,null,null,null,null,null,null,null,null,null,null
Tue Oct 13 10:00:00 UTC 2026,0.8864912,641.62597,null,null,null,null,null,null,null,null,null,null
Tue Oct 13 11:00:00 UTC 2026,0.8864912,593.62597,null,null,null,null,null,null,null,null,null,null
Tue Oct 13 12:00:00 UTC 2026,0.8864912,592.62597,null,null,null,null,null,null,null,null,null,null
Tue Oct 13 13:00:00 UTC 2026,0.8864912,670.62597,null,null,null,null,null,null,null,null,null,null
Tue Oct 13 14:00:00 UTC 2026,0.8864912,655.62597,null,null,null,null,null,null,null,null,null,null
Tue Oct 13 15:00:00 UTC 2026,0.8864912,642.62597,null,null,null,null,null,null,null,null,null,null
Tue Oct 13 16:00:00 UTC 2026,0.8864912,599.62597,null,null,null,null,null,null,null,null,null,null
Tue Oct 13 17:00:00 UTC 2026,0.8864912,713.62597,null,null,null,null,null,null,null,null,null,null
Tue Oct 13 18:00:00 UTC 2026,0.8864912,694.62597,null,null,null,null,null,null,null,null,null,null
Tue Oct 13 19:00:00 UTC 2026,0.8864912,716.62597,null,null,null,null,null,null,null,null,null,null
Tue Oct 13 20:00:00 UTC 2026,0.8864912,756.62597,null,null,null,null,null,null,null,null,null,null
Tue Oct 13 21:00:00 UTC 2026,0.8864912,752.62597,null,null,null,null,null,null,null,null,null,null
Tue Oct 13 22:00:00 UTC 2026,0.8864912,813.62597,null,null,null,null,null,null,null,null,null,null
Tue Oct 13 23:00:00 UTC 2026,0.8864912,906.62597,null,null,null,null,null,null,null,null,null,null
Wed Oct 14 00:00:00 UTC 2026,0.8864912,908.62597,null,null,null,null,null,null,null,null,null,null
Wed Oct 14 01:00:00 UTC 2026,0.8864912,835.62597,null,null,null,null,null,null,null,null,null,null
Wed Oct 14 02:00:00 UTC 2026,0.8864912,1034.62597,null,null,null,null,null,null,null,null,null,null
Wed Oct 14 03:00:00 UTC 2026,0.8864912,1022.62597,null,null,null,null,null,null,null,null,null,null
Wed Oct 14 04:00:00 UTC 2026,0.8864912,1043.62597,null,null,null,null,null,null,null,null,null,null
Wed Oct 14 05:00:00 UTC 2026,0.8864912,1027.62597,null,null,null,null,null,null,null,null,null,null
Wed Oct 14 06:00:00 UTC 2026,0.8864912,1043.62597,null,null,null,null,null,null,null,null,null,null
Wed Oct 14 07:00:00 UTC 2026,0.8864912,1008.62597,null,null,null,null,null,null,null,null,null,null
Wed Oct 14 08:00:00 UTC 2026,0.8864912,1035.62597,null,null,null,null,null,null,null,null,null,null
Wed Oct 14 09:00:00 UTC 2026,0.8864912,1022.62597,null,null,null,null,null,null,null,null,null,null
Wed Oct 14 10:00:00 UTC 2026,0.8864912,845.62597,null,null,null,null,null,null,null,null,null,null
Wed Oct 14 11:00:00 UTC 2026,0.8864912,866.62597,null,null,null,null,null,null,null,null,null,null
Wed Oct 14 12:00:00 UTC 2026,0.8864912,857.62597,null,null,null,null,null,null,null,null,null,null
Wed Oct 14 13:00:00 UTC 2026,0.8864912,917.62597,null,null,null,null,null,null,null,null,null,null
Wed Oct 14 14:00:00 UTC 2026,0.8864912,914.62597,null,null,null,null,null,null,null,null,null,null
Wed Oct 14 15:00:00 UTC 2026,0.8864912,870.62597,null,null,null,null,null,null,null,null,null,null
Wed Oct 14 16:00:00 UTC 2026,0.8864912,778.62597,null,null,null,null,null,null,null,null,null,null
Wed Oct 14 17:00:00 UTC 2026,0.8864912,777.62597,null,null,null,null,null,null,null,null,null,null
Wed Oct 14 18:00:00 UTC 2026,0.8864912,810.62597,null,null,null,null,null,null,null,null,null,null
Wed Oct 14 19:00:00 UTC 2026,0.8864912,821.62597,null,null,null,null,null,null,null,null,null,null
Wed Oct 14 20:00:00 UTC 2026,0.8864912,758.62597,null,null,null,null,null,null,null,null,null,null
Wed Oct 14 21:00:00 UTC 2026,0.8864912,664.62597,null,null,null,null,null,null,null,null,null,null
Wed Oct 14 22:00:00 UTC 2026,0.8864912,710.62597,null,null,null,null,null,null,null,null,null,null
Wed Oct 14 23:00:00 UTC 2026,0.8864912,763.62597,null,null,null,null,null,null,null,null,null,null
Thu Oct 15 00:00:00 UTC 2026,0.8864912,1050.62597,null,null,null,null,null,null,null,null,null,null
Thu Oct 15 01:00:00 UTC 2026,0.8864912,980.62597,null,null,null,null,null,null,null,null,null,null
Thu Oct 15 02:00:00 UTC 2026,0.8864912,983.62597,null,null,null,null,null,null,null,null,null,null
Thu Oct 15 03:00:00 UTC 2026,0.8864912,956.62597,null,null,null,null,null,null,null,null,null,null
Thu Oct 15 04:00:00 UTC 2026,0.8864912,918.62597,null,null,null,null,null,null,null,null,null,null
Thu Oct 15 05:00:00 UTC 2026,0.8864912,949.62597,null,null,null,null,null,null,null,null,null,null
Thu Oct 15 06:00:00 UTC 2026,0.8864912,790.62597,null,null,null,null,null,null,null,null,null,null
Thu Oct 15 07:00:00 UTC 2026,0.8864912,844.62597,null,null,null,null,null,null,null,null,null,null
Thu Oct 15 08:00:00 UTC 2026,0.8864912,964.62597,null,null,null,null,null,null,null,null,null,null
Thu Oct 15 09:00:00 UTC 2026,0.8864912,940.62597,null,null,null,null,null,null,null,null,null,null
Thu Oct 15 10:00:00 UTC 2026,0.8864912,954.62597,null,null,null,null,null,null,null,null,null,null
Thu Oct 15 11:00:00 UTC 2026,0.8864912,971.62597,null,null,null,null,null,null,null,null,null,null
Thu Oct 15 12:00:00 UTC 2026,0.8864912,928.62597,null,null,null,null,null,null,null,null,null,null
Thu Oct 15 13:00:00 UTC 2026,0.8864912,931.62597,null,null,null,null,null,null,null,null,null,null
Thu Oct 15 14:00:00 UTC 2026,0.8864912,973.62597,null,null,null,null,null,null,null,null,null,null
Thu Oct 15 15:00:00 UTC 2026,0.8864912,986.62597,null,null,null,null,null,null,null,null,null,null
Thu Oct 15 16:00:00 UTC 2026,0.8864912,996.62597,null,null,null,null,null,null,null,null,null,null
Thu Oct 15 17:00:00 UTC 2026,0.8864912,982.62597,null,null,null,null,null,null,null,null,null,null
Thu Oct 15 18:00:00 UTC 2026,0.8864912,1088.62597,null,null,null,null,null,null,null,null,null,null
Thu Oct 15 19:00:00 UTC 2026,0.8864912,1087.62597,null,null,null,null,null,null,null,null,null,null
Thu Oct 15 20:00:00 UTC 2026,0.8864912,1014.62597,null,null,null,null,null,null,null,null,null,null
Thu Oct 15 21:00:00 UTC 2026,0.8864912,1036.62597,null,null,null,null,null,null,null,null,null,null
Thu Oct 15 22:00:00 UTC 2026,0.8864912,1002.62597,null,null,null,null,null,null,null,null,null,null
Thu Oct 15 23:00:00 UTC 2026,0.8864912,1138.62597,null,null,null,null,null,null,1738.62597,null,null,null
Fri Oct 16 00:00:00 UTC 2026,0.8864912,1047.62597,null,null,null,null,null,null,1728.7259700000002,null,null,null
Fri Oct 16 01:00:00 UTC 2026,0.8864912,1024.62597,null,null,null,null,null,null,1718.82597,null,null,null
Fri Oct 16 02:00:00 UTC 2026,0.8864912,952.62597,null,null,null,null,null,null,1708.92597,null,null,null
Fri Oct 16 03:00:00 UTC 2026,0.8864912,990.62597,null,null,null,null,null,null,1699.02597,null,null,null
Fri Oct 16 04:00:00 UTC 2026,0.8864912,973.62597,null,null,null,null,null,null,1689.12597,null,null,null
Fri Oct 16 05:00:00 UTC 2026,0.8864912,1018.62597,null,null,null,null,null,null,1679.22597,null,null,null
Fri Oct 16 06:00:00 UTC 2026,0.8864912,1054.62597,null,null,null,null,null,null,1669.32597,null,null,null
Fri Oct 16 07:00:00 UTC 2026,0.8864912,1061.62597,null,null,null,null,null,null,1659.42597,null,null,null
Fri Oct 16 08:00:00 UTC 2026,0.8864912,993.62597,null,null,null,null,null,null,1649.52597,null,null,null
Fri Oct 16 09:00:00 UTC 2026,0.8864912,1020.62597,null,null,null,null,null,null,1639.62597,null,null,null
Fri Oct 16 10:00:00 UTC 2026,0.8864912,983.62597,null,null,null,null,null,null,1629.7259700000002,null,null,null
Fri Oct 16 11:00:00 UTC 2026,0.8864912,988.62597,null,null,null,null,null,null,1619.8259700000003,null,null,null
Fri Oct 16 12:00:00 UTC 2026,0.8864912,916.62597,null,null,null,null,null,null,1609.92597,null,null,null
Fri Oct 16 13:00:00 UTC 2026,0.8864912,706.62597,null,null,null,null,null,null,1600.0259700000001,null,null,null
Fri Oct 16 14:00:00 UTC 2026,0.8864912,927.62597,null,null,null,null,null,null,1590.12597,null,null,null
Fri Oct 16 15:00:00 UTC 2026,0.8864912,783.62597,null,null,null,null,null,null,1580.2259700000002,null,null,null
Fri Oct 16 16:00:00 UTC 2026,0.8864912,612.62597,null,null,null,null,null,null,1570.32597,null,null,null
Fri Oct 16 17:00:00 UTC 2026,0.8864912,695.62597,null,null,null,null,null,null,1560.42597,null,null,null
Fri Oct 16 18:00:00 UTC 2026,0.8864912,572.62597,null,null,null,null,null,null,1550.52597,null,null,null
Fri Oct 16 19:00:00 UTC 2026,0.8864912,601.62597,null,null,null,null,null,null,1540.62597,null,null,null
Fri Oct 16 20:00:00 UTC 2026,0.8864912,496.62597000000005,null,null,null,null,null,null,1530.72597,null,null,null
Fri Oct 16 21:00:00 UTC 2026,0.8864912,496.62597000000005,null,null,null,null,null,null,1520.8259699999999,null,null,null
Fri Oct 16 22:00:00 UTC 2026,0.8864912,496.62597000000005,null,null,null,null,null,null,1510.9259699999998,null,null,null
Fri Oct 16 23:00:00 UTC 2026,0.8864912,496.62597000000005,null,null,null,null,null,null,1501.02597,null,null,null
Sat Oct 17 00:00:00 UTC 2026,0.8864912,496.62597000000005,null,null,null,null,null,null,1491.12597,null,null,null
Sat Oct 17 01:00:00 UTC 2026,0.8864912,496.62597000000005,null,null,null,null,null,null,1481.2259700000002,null,null,null
Sat Oct 17 02:00:00 UTC 2026,0.8864912,496.62597000000005,null,null,null,null,null,null,1471.32597,null,null,null
Sat Oct 17 03:00:00 UTC 2026,0.8864912,496.62597000000005,null,null,null,null,null,null,1461.4259700000002,null,null,null
Sat Oct 17 04:00:00 UTC 2026,0.8864912,496.62597000000005,null,null,null,null,null,null,1451.5259700000001,null,null,null
Sat Oct 17 05:00:00 UTC 2026,0.8864912,496.62597000000005,null,null,null,null,null,null,1441.62597,null,null,null
Sat Oct 17 06:00:00 UTC 2026,0.8864912,496.62597000000005,null,null,null,null,null,null,1431.72597,null,null,null
Sat Oct 17 07:00:00 UTC 2026,0.8864912,496.62597000000005,null,null,null,null,null,null,1421.8259699999999,null,null,null
Sat Oct 17 08:00:00 UTC 2026,0.8864912,496.62597000000005,null,null,null,null,null,null,1411.92597,null,null,null
Sat Oct 17 09:00:00 UTC 2026,0.8864912,496.62597000000005,null,null,null,null,null,null,1402.02597,null,null,null
Sat Oct 17 10:00:00 UTC 2026,0.8864912,496.62597000000005,null,null,null,null,null,null,1392.12597,null,null,null
Sat Oct 17 11:00:00 UTC 2026,0.8864912,496.62597000000005,null,null,null,null,null,null,1382.22597,null,null,null
Sat Oct 17 12:00:00 UTC 2026,0.8864912,496.62597000000005,null,null,null,null,null,null,1372.3259699999999,null,null,null
Sat Oct 17 13:00:00 UTC 2026,0.8864912,496.62597000000005,null,null,null,null,null,null,1362.4259699999998,null,null,null
Sat Oct 17 14:00:00 UTC 2026,0.8864912,496.62597000000005,null,null,null,null,null,null,1352.5259700000001,null,null,null
Sat Oct 17 15:00:00 UTC 2026,0.8864912,496.62597000000005,null,null,null,null,null,null,1342.62597,null,null,null
Sat Oct 17 16:00:00 UTC 2026,0.8864912,496.62597000000005,null,null,null,null,null,null,1332.7259700000002,null,null,null
Sat Oct 17 17:00:00 UTC 2026,0.8864912,496.62597000000005,null,null,null,null,null,null,1322.82597,null,null,null
Sat Oct 17 18:00:00 UTC 2026,0.8864912,496.62597000000005,null,null,null,null,null,null,1312.9259700000002,null,null,null
Sat Oct 17 19:00:00 UTC 2026,0.8864912,496.62597000000005,null,null,null,null,null,null,1303.0259700000001,null,null,null
Sat Oct 17 20:00:00 UTC 2026,0.8864912,496.62597000000005,null,null,null,null,null,null,1293.12597,null,null,null
Sat Oct 17 21:00:00 UTC 2026,0.8864912,496.62597000000005,null,null,null,null,null,null,1283.22597,null,null,null
Sat Oct 17 22:00:00 UTC 2026,0.8864912,496.62597000000005,null,null,null,null,null,null,1273.3259699999999,null,null,null
Sat Oct 17 23:00:00 UTC 2026,0.8864912,496.62597000000005,null,null,null,null,null,null,1263.4259700000002,null,null,null
Sun Oct 18 00:00:00 UTC 2026,0.8864912,496.62597000000005,null,null,null,null,null,null,1253.5259700000001,null,null,null
Sun Oct 18 01:00:00 UTC 2026,0.8864912,496.62597000000005,null,null,null,null,null,null,1243.62597,null,null,null
Sun Oct 18 02:00:00 UTC 2026,0.8864912,496.62597000000005,null,null,null,null,null,null,1233.72597,null,null,null
Sun Oct 18 03:00:00 UTC 2026,0.8864912,496.62597000000005,null,null,null,null,null,null,1223.8259699999999,null,null,null
Sun Oct 18 04:00:00 UTC 2026,0.8864912,496.62597000000005,null,null,null,null,null,null,1213.92597,null,null,null
Sun Oct 18 05:00:00 UTC 2026,0.8864912,496.62597000000005,null,null,null,null,null,null,1204.0259700000001,null,null,null
Sun Oct 18 06:00:00 UTC 2026,0.8864912,496.62597000000005,null,null,null,null,null,null,1194.12597,null,null,null
Sun Oct 18 07:00:00 UTC 2026,0.8864912,496.62597000000005,null,null,null,null,null,null,1184.2259700000002,null,null,null
Sun Oct 18 08:00:00 UTC 2026,0.8864912,496.62597000000005,null,null,null,null,null,null,1174.32597,null,null,null
Sun Oct 18 09:00:00 UTC 2026,0.8864912,496.62597000000005,null,null,null,null,null,null,1164.42597,null,null,null
Sun Oct 18 10:00:00 UTC 2026,0.8864912,496.62597000000005,null,null,null,null,null,null,1154.5259700000001,null,null,null
Sun Oct 18 11:00:00 UTC 2026,0.8864912,496.62597000000005,null,null,null,null,null,null,1144.62597,null,null,null
Sun Oct 18 12:00:00 UTC 2026,0.8864912,496.62597000000005,null,null,null,null,null,null,1134.72597,null,null,null
Sun Oct 18 13:00:00 UTC 2026,0.8864912,496.62597000000005,null,null,null,null,null,null,1124.82597,null,null,null
Sun Oct 18 14:00:00 UTC 2026,0.8864912,496.62597000000005,null,null,null,null,null,null,1114.92597,null,null,null
Sun Oct 18 15:00:00 UTC 2026,0.8864912,496.62597000000005,null,null,null,null,null,null,1105.02597,null,null,null
Sun Oct 18 16:00:00 UTC 2026,0.8864912,496.62597000000005,null,null,null,null,null,null,1095.12597,null,null,null
Sun Oct 18 17:00:00 UTC 2026,0.8864912,496.62597000000005,null,null,null,null,null,null,1085.22597,null,null,null
Sun Oct 18 18:00:00 UTC 2026,0.8864912,496.62597000000005,null,null,null,null,null,null,1075.32597,null,null,null
Sun Oct 18 19:00:00 UTC 2026,0.8864912,496.62597000000005,null,null,null,null,null,null,1065.42597,null,null,null
Sun Oct 18 20:00:00 UTC 2026,0.8864912,496.62597000000005,null,null,null,null,null,null,1055.52597,null,null,null
Sun Oct 18 21:00:00 UTC 2026,0.8864912,445.62597000000005,null,null,null,null,null,null,1045.62597,null,null,null
Sun Oct 18 22:00:00 UTC 2026,0.8864912,498.62597000000005,null,null,null,null,null,null,null,null,null,null
Sun Oct 18 23:00:00 UTC 2026,0.8864912,737.62597,null,null,null,null,null,null,null,null,null,null
Mon Oct 19 00:00:00 UTC 2026,0.8864912,807.62597,null,null,null,null,null,null,null,null,null,null
Mon Oct 19 01:00:00 UTC 2026,0.8864912,762.62597,null,null,null,null,null,null,null,null,null,null
Mon Oct 19 02:00:00 UTC 2026,0.8864912,885.62597,null,null,null,null,null,null,null,null,null,null
Mon Oct 19 03:00:00 UTC 2026,0.8864912,779.62597,null,null,null,null,null,null,null,null,null,null
Mon Oct 19 04:00:00 UTC 2026,0.8864912,895.62597,null,null,null,null,null,null,null,null,null,null
Mon Oct 19 05:00:00 UTC 2026,0.8864912,712.62597,null,null,null,null,null,null,null,null,null,null
Mon Oct 19 06:00:00 UTC 2026,0.8864912,715.62597,null,null,null,null,null,null,null,null,null,null
Mon Oct 19 07:00:00 UTC 2026,0.8864912,640.62597,null,null,null,null,null,null,null,null,null,null
Mon Oct 19 08:00:00 UTC 2026,0.8864912,590.62597,null,null,null,null,null,null,null,null,null,null
Mon Oct 19 09:00:00 UTC 2026,0.8864912,828.62597,null,null,null,null,null,null,null,null,null,null
Mon Oct 19 10:00:00 UTC 2026,0.8864912,847.62597,null,null,null,null,null,null,null,null,null,null
Mon Oct 19 11:00:00 UTC 2026,0.8864912,855.62597,null,null,null,null,null,null,null,null,null,null
Mon Oct 19 12:00:00 UTC 2026,0.8864912,901.62597,null,null,null,null,null,null,null,null,null,null
Mon Oct 19 13:00:00 UTC 2026,0.8864912,991.62597,null,null,null,null,null,null,null,null,null,null
Mon Oct 19 14:00:00 UTC 2026,0.8864912,774.62597,null,null,null,null,null,null,null,null,null,null
Mon Oct 19 15:00:00 UTC 2026,0.8864912,770.62597,null,null,null,null,null,null,null,null,null,null
Mon Oct 19 16:00:00 UTC 2026,0.8864912,773.62597,null,null,null,null,null,null,null,null,null,null
Mon Oct 19 17:00:00 UTC 2026,0.8864912,853.62597,null,null,null,null,null,null,null,null,null,null
Mon Oct 19 18:00:00 UTC 2026,0.8864912,889.62597,null,null,null,null,null,null,null,null,null,null
Mon Oct 19 19:00:00 UTC 2026,0.8864912,935.62597,null,null,null,null,null,null,null,null,null,null
Mon Oct 19 20:00:00 UTC 2026,0.8864912,825.62597,null,null,null,null,null,null,null,null,null,null
Mon Oct 19 21:00:00 UTC 2026,0.8864912,805.62597,null,null,null,null,null,null,null,null,null,null
Mon Oct 19 22:00:00 UTC 2026,0.8864912,1175.62597,null,null,null,null,null,null,null,null,null,null
Mon Oct 19 23:00:00 UTC 2026,0.8864912,1382.62597,null,null,null,null,null,null,null,null,null,null
Tue Oct 20 00:00:00 UTC 2026,0.8864912,1420.62597,null,null,null,null,null,null,null,null,null,null
Tue Oct 20 01:00:00 UTC 2026,0.8864912,1300.62597,null,null,null,null,null,null,null,null,null,null
Tue Oct 20 02:00:00 UTC 2026,0.8864912,1258.62597,null,null,null,null,null,null,null,null,null,null
Tue Oct 20 03:00:00 UTC 2026,0.8864912,1263.62597,null,null,null,null,null,null,null,null,null,null
Tue Oct 20 04:00:00 UTC 2026,0.8864912,1150.62597,null,null,null,null,null,null,null,null,null,null
Tue Oct 20 05:00:00 UTC 2026,0.8864912,1093.62597,null,null,null,null,null,null,null,null,null,null
Tue Oct 20 06:00:00 UTC 2026,0.8864912,1181.62597,null,null,null,null,null,null,null,null,null,null
Tue Oct 20 07:00:00 UTC 2026,0.8864912,1061.62597,null,null,null,null,null,null,null,null,null,null
Tue Oct 20 08:00:00 UTC 2026,0.8864912,1301.62597,null,null,null,null,null,null,null,null,null,null
Tue Oct 20 09:00:00 UTC 2026,0.8864912,1326.62597,null,null,null,null,null,null,null,null,null,null
Tue Oct 20 10:00:00 UTC 2026,0.8864912,1344.62597,null,null,null,null,null,null,null,null,null,null
Tue Oct 20 11:00:00 UTC 2026,0.8864912,1402.62597,null,null,null,null,null,null,null,null,null,null
Tue Oct 20 12:00:00 UTC 2026,0.8864912,1418.62597,null,null,null,null,null,null,null,null,null,null
Tue Oct 20 13:00:00 UTC 2026,0.8864912,1421.62597,null,null,null,null,null,null,null,null,null,null
Tue Oct 20 14:00:00 UTC 2026,0.8864912,1420.62597,null,null,null,null,null,null,null,null,null,null
Tue Oct 20 15:00:00 UTC 2026,0.8864912,1449.62597,null,null,null,null,null,null,null,null,null,null
Tue Oct 20 16:00:00 UTC 2026,0.8864912,1375.62597,null,null,null,null,null,null,null,null,null,null
Tue Oct 20 17:00:00 UTC 2026,0.8864912,1345.62597,null,null,null,null,null,null,null,null,null,null
Tue Oct 20 18:00:00 UTC 2026,0.8864912,1139.62597,null,null,null,null,null,null,null,null,null,null
Tue Oct 20 19:00:00 UTC 2026,0.8864912,1349.62597,null,null,null,null,null,null,null,null,null,null
Tue Oct 20 20:00:00 UTC 2026,0.8864912,1365.62597,null,null,null,null,null,null,null,null,null,null
Tue Oct 20 21:00:00 UTC 2026,0.8864912,1252.62597,null,null,null,null,null,null,null,null,null,null
Tue Oct 20 22:00:00 UTC 2026,0.8864912,1299.62597,null,null,null,null,null,null,null,null,null,null
Tue Oct 20 23:00:00 UTC 2026,0.8864912,1376.62597,null,null,null,null,null,null,null,null,null,null
Wed Oct 21 00:00:00 UTC 2026,0.8864912,1279.62597,null,null,null,null,null,null,null,null,null,null
Wed Oct 21 01:00:00 UTC 2026,0.8864912,1201.62597,null,null,null,null,null,null,null,null,null,null
Wed Oct 21 02:00:00 UTC 2026,0.8864912,1193.62597,null,null,null,null,null,null,null,null,null,null
Wed Oct 21 03:00:00 UTC 2026,0.8864912,1186.62597,null,null,null,null,null,null,null,null,null,null
Wed Oct 21 04:00:00 UTC 2026,0.8864912,1202.62597,null,null,null,null,null,null,null,null,null,null
Wed Oct 21 05:00:00 UTC 2026,0.8864912,1263.62597,null,null,null,null,null,null,null,null,null,null
Wed Oct 21 06:00:00 UTC 2026,0.8864912,1293.62597,null,null,null,null,null,null,null,null,null,null
Wed Oct 21 07:00:00 UTC 2026,0.8864912,1269.62597,null,null,null,null,null,null,null,null,null,null
Wed Oct 21 08:00:00 UTC 2026,0.8864912,1277.62597,null,null,null,null,null,null,null,null,null,null
Wed Oct 21 09:00:00 UTC 2026,0.8864912,1338.62597,null,null,null,null,null,null,null,null,null,null
Wed Oct 21 10:00:00 UTC 2026,0.8864912,1312.62597,null,null,null,null,null,null,null,null,null,null
Wed Oct 21 11:00:00 UTC 2026,0.8864912,1310.62597,null,null,null,null,null,null,null,null,null,null
Wed Oct 21 12:00:00 UTC 2026,0.8864912,1339.62597,null,null,null,null,null,null,null,null,null,null
Wed Oct 21 13:00:00 UTC 2026,0.8864912,1309.62597,null,null,null,null,null,null,null,null,null,null
Wed Oct 21 14:00:00 UTC 2026,0.8864912,1308.62597,null,null,null,null,null,null,null,null,null,null
Wed Oct 21 15:00:00 UTC 2026,0.8864912,1357.62597,null,null,null,null,null,null,null,null,null,null
Wed Oct 21 16:00:00 UTC 2026,0.8864912,1316.62597,null,null,null,null,null,null,null,null,null,null
Wed Oct 21 17:00:00 UTC 2026,0.8864912,1315.62597,null,null,null,null,null,null,null,null,null,null
Wed Oct 21 18:00:00 UTC 2026,0.8864912,1292.62597,null,null,null,null,null,null,null,null,null,null
Wed Oct 21 19:00:00 UTC 2026,0.8864912,1324.62597,null,null,null,null,null,null,null,null,null,null
Wed Oct 21 20:00:00 UTC 2026,0.8864912,1316.62597,null,null,null,null,null,null,null,null,null,null
Wed Oct 21 21:00:00 UTC 2026,0.8864912,1299.62597,null,null,null,null,null,null,null,null,null,null
Wed Oct 21 22:00:00 UTC 2026,0.8864912,1282.62597,null,null,null,null,null,null,null,null,null,null
Wed Oct 21 23:00:00 UTC 2026,0.8864912,1361.62597,null,null,null,null,null,null,null,null,null,null
Thu Oct 22 00:00:00 UTC 2026,0.8864912,1352.62597,null,null,null,null,null,null,null,null,null,null
Thu Oct 22 01:00:00 UTC 2026,0.8864912,1386.62597,null,null,null,null,null,null,null,null,null,null
Thu Oct 22 02:00:00 UTC 2026,0.8864912,1331.62597,null,null,null,null,null,null,null,null,null,null
Thu Oct 22 03:00:00 UTC 2026,0.8864912,1301.62597,null,null,null,null,null,null,null,null,null,null
Thu Oct 22 04:00:00 UTC 2026,0.8864912,1235.62597,null,null,null,null,null,null,null,null,null,null
Thu Oct 22 05:00:00 UTC 2026,0.8864912,1193.62597,null,null,null,null,null,null,null,null,null,null
Thu Oct 22 06:00:00 UTC 2026,0.8864912,1192.62597,null,null,null,null,null,null,null,null,null,null
Thu Oct 22 07:00:00 UTC 2026,0.8864912,1190.62597,null,null,null,null,null,null,null,null,null,null
Thu Oct 22 08:00:00 UTC 2026,0.8864912,1229.62597,null,null,null,null,null,null,null,null,null,null
Thu Oct 22 09:00:00 UTC 2026,0.8864912,1240.62597,null,null,null,null,null,null,null,null,null,null
Thu Oct 22 10:00:00 UTC 2026,0.8864912,1243.62597,null,null,null,null,null,null,null,null,null,null
Thu Oct 22 11:00:00 UTC 2026,0.8864912,1186.62597,null,null,null,null,null,null,null,null,null,null
Thu Oct 22 12:00:00 UTC 2026,0.8864912,1177.62597,null,null,null,null,null,null,null,null,null,null
Thu Oct 22 13:00:00 UTC 2026,0.8864912,1152.62597,null,null,null,null,null,null,null,null,null,null
Thu Oct 22 14:00:00 UTC 2026,0.8864912,1150.62597,null,null,null,null,null,null,null,null,null,null
Thu Oct 22 15:00:00 UTC 2026,0.8864912,1208.62597,null,null,null,null,null,null,null,null,null,null
Thu Oct 22 16:00:00 UTC 2026,0.8864912,1225.62597,null,null,null,null,null,null,null,null,null,null
Thu Oct 22 17:00:00 UTC 2026,0.8864912,1280.62597,null,null,null,null,null,null,null,null,null,null
Thu Oct 22 18:00:00 UTC 2026,0.8864912,1299.62597,null,null,null,null,null,null,null,null,null,null
Thu Oct 22 19:00:00 UTC 2026,0.8864912,1306.62597,null,null,null,null,null,null,null,null,null,null
Thu Oct 22 20:00:00 UTC 2026,0.8864912,1307.62597,null,null,null,null,null,null,null,null,null,null
Thu Oct 22 21:00:00 UTC 2026,0.8864912,1257.62597,null,null,null,null,null,null,null,null,null,null
Thu Oct 22 22:00:00 UTC 2026,0.8864912,1320.62597,null,null,null,null,null,null,null,null,null,null
Thu Oct 22 23:00:00 UTC 2026,0.8864912,1336.62597,null,null,null,null,null,null,null,null,null,null
Fri Oct 23 00:00:00 UTC 2026,0.8864912,1290.62597,null,null,null,null,null,null,null,null,null,null
Fri Oct 23 01:00:00 UTC 2026,0.8864912,1268.62597,null,null,null,null,null,null,null,null,null,null
Fri Oct 23 02:00:00 UTC 2026,0.8864912,1268.62597,null,null,null,null,null,null,null,null,null,null
Fri Oct 23 03:00:00 UTC 2026,0.8864912,1278.62597,null,null,null,null,null,null,null,null,null,null
Fri Oct 23 04:00:00 UTC 2026,0.8864912,1307.62597,null,null,null,null,null,null,null,null,null,null
Fri Oct 23 05:00:00 UTC 2026,0.8864912,1299.62597,null,null,null,null,null,null,null,null,null,null
Fri Oct 23 06:00:00 UTC 2026,0.8864912,1316.62597,null,null,null,null,null,null,null,null,null,null
Fri Oct 23 07:00:00 UTC 2026,0.8864912,1334.62597,null,null,null,null,null,null,null,null,null,null
Fri Oct 23 08:00:00 UTC 2026,0.8864912,1335.62597,null,null,null,null,null,null,null,null,null,null
Fri Oct 23 09:00:00 UTC 2026,0.8864912,1284.62597,null,null,null,null,null,null,null,null,null,null
Fri Oct 23 10:00:00 UTC 2026,0.8864912,1317.62597,null,null,null,null,null,null,null,null,null,null
Fri Oct 23 11:00:00 UTC 2026,0.8864912,1270.62597,null,null,null,null,null,null,null,null,null,null
Fri Oct 23 12:00:00 UTC 2026,0.8864912,1328.62597,null,null,null,null,null,null,null,null,null,null
Fri Oct 23 13:00:00 UTC 2026,0.8864912,1306.62597,null,null,null,null,null,null,null,null,null,null
Fri Oct 23 14:00:00 UTC 2026,0.8864912,1293.62597,null,null,null,null,null,null,null,null,null,null
Fri Oct 23 15:00:00 UTC 2026,0.8864912,1285.62597,null,null,null,null,null,null,null,null,null,null
Fri Oct 23 16:00:00 UTC 2026,0.8864912,1332.62597,null,null,null,null,null,null,null,null,null,null
Fri Oct 23 17:00:00 UTC 2026,0.8864912,1309.62597,null,null,null,null,null,null,null,null,null,null
Fri Oct 23 18:00:00 UTC 2026,0.8864912,1213.62597,null,null,null,null,null,null,null,null,null,null
Fri Oct 23 19:00:00 UTC 2026,0.8864912,1224.62597,null,null,null,null,null,null,null,null,null,null
Fri Oct 23 20:00:00 UTC 2026,0.8864912,1222.62597,null,null,null,null,null,null,null,null,null,null
Fri Oct 23 21:00:00 UTC 2026,0.8864912,1222.62597,null,null,null,null,null,null,null,null,null,null
Fri Oct 23 22:00:00 UTC 2026,0.8864912,1222.62597,null,null,null,null,null,null,null,null,null,null
Fri Oct 23 23:00:00 UTC 2026,0.8864912,1222.62597,null,null,null,null,null,null,null,null,null,null
Sat Oct 24 00:00:00 UTC 2026,0.8864912,1222.62597,null,null,null,null,null,null,null,null,null,null
Sat Oct 24 01:00:00 UTC 2026,0.8864912,1222.62597,null,null,null,null,null,null,null,null,null,null
Sat Oct 24 02:00:00 UTC 2026,0.8864912,1222.62597,null,null,null,null,null,null,null,null,null,null
Sat Oct 24 03:00:00 UTC 2026,0.8864912,1222.62597,null,null,null,null,null,null,null,null,null,null
Sat Oct 24 04:00:00 UTC 2026,0.8864912,1222.62597,null,null,null,null,null,null,null,null,null,null
Sat Oct 24 05:00:00 UTC 2026,0.8864912,1222.62597,null,null,null,null,null,null,null,null,null,null
Sat Oct 24 06:00:00 UTC 2026,0.8864912,1222.62597,null,null,null,null,null,null,null,null,null,null
Sat Oct 24 07:00:00 UTC 2026,0.8864912,1222.62597,null,null,null,null,null,null,null,null,null,null
Sat Oct 24 08:00:00 UTC 2026,0.8864912,1222.62597,null,null,null,null,null,null,null,null,null,null
Sat Oct 24 09:00:00 UTC 2026,0.8864912,1222.62597,null,null,null,null,null,null,null,null,null,null
Sat Oct 24 10:00:00 UTC 2026,0.8864912,1222.62597,null,null,null,null,null,null,null,null,null,null
Sat Oct 24 11:00:00 UTC 2026,0.8864912,1222.62597,null,null,null,null,null,null,null,null,null,null
Sat Oct 24 12:00:00 UTC 2026,0.8864912,1222.62597,null,null,null,null,null,null,null,null,null,null
Sat Oct 24 13:00:00 UTC 2026,0.8864912,1222.62597,null,null,null,null,null,null,null,null,null,null
Sat Oct 24 14:00:00 UTC 2026,0.8864912,1222.62597,null,null,null,null,null,null,null,null,null,null
Sat Oct 24 15:00:00 UTC 2026,0.8864912,1222.62597,null,null,null,null,null,null,null,null,null,null
Sat Oct 24 16:00:00 UTC 2026,0.8864912,1222.62597,null,null,null,null,null,null,null,null,null,null
Sat Oct 24 17:00:00 UTC 2026,0.8864912,1222.62597,null,null,null,null,null,null,null,null,null,null
Sat Oct 24 18:00:00 UTC 2026,0.8864912,1222.62597,null,null,null,null,null,null,null,null,null,null
Sat Oct 24 19:00:00 UTC 2026,0.8864912,1222.62597,null,null,null,null,null,null,null,null,null,null
Sat Oct 24 20:00:00 UTC 2026,0.8864912,1222.62597,null,null,null,null,null,null,null,null,null,null
Sat Oct 24 21:00:00 UTC 2026,0.8864912,1222.62597,null,null,null,null,null,null,null,null,null,null
Sat Oct 24 22:00:00 UTC 2026,0.8864912,1222.62597,null,null,null,null,null,null,null,null,null,null
Sat Oct 24 23:00:00 UTC 2026,0.8864912,1222.62597,null,null,null,null,null,null,null,null,null,null
Sun Oct 25 00:00:00 UTC 2026,0.8864912,1222.62597,null,null,null,null,null,null,null,null,null,null
Sun Oct 25 01:00:00 UTC 2026,0.8864912,1222.62597,null,null,null,null,null,null,null,null,null,null
Sun Oct 25 02:00:00 UTC 2026,0.8864912,1222.62597,null,null,null,null,null,null,null,null,null,null
Sun Oct 25 03:00:00 UTC 2026,0.8864912,1222.62597,null,null,null,null,null,null,null,null,null,null
Sun Oct 25 04:00:00 UTC 2026,0.8864912,1222.62597,null,null,null,null,null,null,null,null,null,null
Sun Oct 25 05:00:00 UTC 2026,0.8864912,1222.62597,null,null,null,null,null,null,null,null,null,null
Sun Oct 25 06:00:00 UTC 2026,0.8864912,1222.62597,null,null,null,null,null,null,null,null,null,null
Sun Oct 25 07:00:00 UTC 2026,0.8864912,1222.62597,null,null,null,null,null,null,null,null,null,null
Sun Oct 25 08:00:00 UTC 2026,0.8864912,1222.62597,null,null,null,null,null,null,null,null,null,null
Sun Oct 25 09:00:00 UTC 2026,0.8864912,1222.62597,null,null,null,null,null,null,null,null,null,null
Sun Oct 25 10:00:00 UTC 2026,0.8864912,1222.62597,null,null,null,null,null,null,null,null,null,null
Sun Oct 25 11:00:00 UTC 2026,0.8864912,1222.62597,null,null,null,null,null,null,null,null,null,null
Sun Oct 25 12:00:00 UTC 2026,0.8864912,1222.62597,null,null,null,null,null,null,null,null,null,null
Sun Oct 25 13:00:00 UTC 2026,0.8864912,1222.62597,null,null,null,null,null,null,null,null,null,null
Sun Oct 25 14:00:00 UTC 2026,0.8864912,1222.62597,null,null,null,null,null,null,null,null,null,null
Sun Oct 25 15:00:00 UTC 2026,0.8864912,1222.62597,null,null,null,null,null,null,null,null,null,null
Sun Oct 25 16:00:00 UTC 2026,0.8864912,1222.62597,null,null,null,null,null,null,null,null,null,null
Sun Oct 25 17:00:00 UTC 2026,0.8864912,1222.62597,null,null,null,null,null,null,null,null,null,null
Sun Oct 25 18:00:00 UTC 2026,0.8864912,1222.62597,null,null,null,null,null,null,null,null,null,null
Sun Oct 25 19:00:00 UTC 2026,0.8864912,1222.62597,null,null,null,null,null,null,null,null,null,null
Sun Oct 25 20:00:00 UTC 2026,0.8864912,1222.62597,null,null,null,null,null,null,null,null,null,null
Sun Oct 25 21:00:00 UTC 2026,0.8864912,1156.62597,null,null,null,null,null,null,null,null,null,null
Sun Oct 25 22:00:00 UTC 2026,0.8864912,1174.62597,null,null,null,null,null,null,null,null,null,null
Sun Oct 25 23:00:00 UTC 2026,0.8864912,1269.62597,null,null,null,null,null,null,null,null,null,null
Mon Oct 26 00:00:00 UTC 2026,0.8864912,1284.62597,null,null,null,null,null,null,null,null,null,null
Mon Oct 26 01:00:00 UTC 2026,0.8864912,1237.62597,null,null,null,null,null,null,null,null,null,null
Mon Oct 26 02:00:00 UTC 2026,0.8864912,1223.62597,null,null,null,null,null,null,null,null,null,null
Mon Oct 26 03:00:00 UTC 2026,0.8864912,1210.62597,null,null,null,null,null,null,null,null,null,null
Mon Oct 26 04:00:00 UTC 2026,0.8864912,1282.62597,null,null,null,null,null,null,null,null,null,null
Mon Oct 26 05:00:00 UTC 2026,0.8864912,1287.62597,null,null,null,null,null,null,null,null,null,null
Mon Oct 26 06:00:00 UTC 2026,0.8864912,1252.62597,null,null,null,null,null,null,null,null,null,null
Mon Oct 26 07:00:00 UTC 2026,0.8864912,1284.62597,null,null,null,null,null,null,null,null,null,null
Mon Oct 26 08:00:00 UTC 2026,0.8864912,1291.62597,null,null,null,null,null,null,null,null,null,null
Mon Oct 26 09:00:00 UTC 2026,0.8864912,1286.62597,null,null,null,null,null,null,null,null,null,null
Mon Oct 26 10:00:00 UTC 2026,0.8864912,1299.62597,null,null,null,null,null,null,null,null,null,null
Mon Oct 26 11:00:00 UTC 2026,0.8864912,1301.62597,null,null,null,null,null,null,null,null,null,null
Mon Oct 26 12:00:00 UTC 2026,0.8864912,1303.62597,null,null,null,null,null,null,null,null,null,null
Mon Oct 26 13:00:00 UTC 2026,0.8864912,1305.62597,null,null,null,null,null,null,null,null,null,null
Mon Oct 26 14:00:00 UTC 2026,0.8864912,1310.62597,null,null,null,null,null,null,null,null,null,null
Mon Oct 26 15:00:00 UTC 2026,0.8864912,1352.62597,null,null,null,null,null,null,null,null,null,null
Mon Oct 26 16:00:00 UTC 2026,0.8864912,1372.62597,null,null,null,null,null,null,null,null,null,null
Mon Oct 26 17:00:00 UTC 2026,0.8864912,1430.62597,null,null,null,null,null,null,null,null,null,null
Mon Oct 26 18:00:00 UTC 2026,0.8864912,1421.62597,null,null,null,null,null,null,null,null,null,null
Mon Oct 26 19:00:00 UTC 2026,0.8864912,1398.62597,null,null,null,null,null,null,null,null,null,null
Mon Oct 26 20:00:00 UTC 2026,0.8864912,1377.62597,null,null,null,null,null,null,null,null,null,null
Mon Oct 26 21:00:00 UTC 2026,0.8864912,1391.62597,null,null,null,null,null,null,null,null,null,null
Mon Oct 26 22:00:00 UTC 2026,0.8864912,1397.62597,null,null,null,null,null,null,null,null,null,null
Mon Oct 26 23:00:00 UTC 2026,0.8864912,1435.62597,null,null,null,null,null,null,null,null,null,null
Tue Oct 27 00:00:00 UTC 2026,0.8864912,1421.62597,null,null,null,null,null,null,null,null,null,null
Tue Oct 27 01:00:00 UTC 2026,0.8864912,1447.62597,null,null,null,null,null,null,null,null,null,null
Tue Oct 27 02:00:00 UTC 2026,0.8864912,1431.62597,null,null,null,null,null,null,null,null,null,null
Tue Oct 27 03:00:00 UTC 2026,0.8864912,1412.62597,null,null,null,null,null,null,null,null,null,null
Tue Oct 27 04:00:00 UTC 2026,0.8864912,1434.62597,null,null,null,null,null,null,null,null,null,null
Tue Oct 27 05:00:00 UTC 2026,0.8864912,1388.62597,null,null,null,null,null,null,null,null,null,null
Tue Oct 27 06:00:00 UTC 2026,0.8864912,1397.62597,null,null,null,null,null,null,null,null,null,null
Tue Oct 27 07:00:00 UTC 2026,0.8864912,1363.62597,null,null,null,null,null,null,null,null,null,null
Tue Oct 27 08:00:00 UTC 2026,0.8864912,1459.62597,null,null,null,null,null,null,null,null,null,null
Tue Oct 27 09:00:00 UTC 2026,0.8864912,1453.62597,null,null,null,null,null,null,null,null,null,null
Tue Oct 27 10:00:00 UTC 2026,0.8864912,1451.62597,null,null,null,null,null,null,null,null,null,null
Tue Oct 27 11:00:00 UTC 2026,0.8864912,1460.62597,null,null,null,null,null,null,null,null,null,null
Tue Oct 27 12:00:00 UTC 2026,0.8864912,1420.62597,null,null,null,null,null,null,null,null,null,null
Tue Oct 27 13:00:00 UTC 2026,0.8864912,1412.62597,null,null,null,null,null,null,null,null,null,null
Tue Oct 27 14:00:00 UTC 2026,0.8864912,1399.62597,null,null,null,null,null,null,null,null,null,null
Tue Oct 27 15:00:00 UTC 2026,0.8864912,1395.62597,null,null,null,null,null,null,null,null,null,null
Tue Oct 27 16:00:00 UTC 2026,0.8864912,1393.62597,null,null,null,null,null,null,null,null,null,null
Tue Oct 27 17:00:00 UTC 2026,0.8864912,1396.62597,null,null,null,null,null,null,null,null,null,null
Tue Oct 27 18:00:00 UTC 2026,0.8864912,1377.62597,null,null,null,null,null,null,null,null,null,null
Tue Oct 27 19:00:00 UTC 2026,0.8864912,1373.62597,null,null,null,null,null,null,null,null,null,null
Tue Oct 27 20:00:00 UTC 2026,0.8864912,1364.62597,null,null,null,null,null,null,null,null,null,null
Tue Oct 27 21:00:00 UTC 2026,0.8864912,1353.62597,null,null,null,null,null,null,null,null,null,null
Tue Oct 27 22:00:00 UTC 2026,0.8864912,1347.62597,null,null,null,null,null,null,null,null,null,null
Tue Oct 27 23:00:00 UTC 2026,0.8864912,1364.62597,null,null,null,null,null,null,null,null,null,null
Wed Oct 28 00:00:00 UTC 2026,0.8864912,1371.62597,null,null,null,null,null,null,null,null,null,null
Wed Oct 28 01:00:00 UTC 2026,0.8864912,1380.62597,null,null,null,null,null,null,null,null,null,null
Wed Oct 28 02:00:00 UTC 2026,0.8864912,1374.62597,null,null,null,null,null,null,null,null,null,null
Wed Oct 28 03:00:00 UTC 2026,0.8864912,1382.62597,null,null,null,null,null,null,null,null,null,null
Wed Oct 28 04:00:00 UTC 2026,0.8864912,1388.62597,null,null,null,null,null,null,null,null,null,null
Wed Oct 28 05:00:00 UTC 2026,0.8864912,1380.62597,null,null,null,null,null,null,null,null,null,null
Wed Oct 28 06:00:00 UTC 2026,0.8864912,1380.62597,null,null,null,null,null,null,null,null,null,null
Wed Oct 28 07:00:00 UTC 2026,0.8864912,1377.62597,null,null,null,null,null,null,null,null,null,null
Wed Oct 28 08:00:00 UTC 2026,0.8864912,1366.62597,null,null,null,null,null,null,null,null,null,null
Wed Oct 28 09:00:00 UTC 2026,0.8864912,1368.62597,null,null,null,null,null,null,null,null,null,null
Wed Oct 28 10:00:00 UTC 2026,0.8864912,1365.62597,null,null,null,null,null,null,null,null,null,null
Wed Oct 28 11:00:00 UTC 2026,0.8864912,1360.62597,null,null,null,null,null,null,null,null,null,null
Wed Oct 28 12:00:00 UTC 2026,0.8864912,1346.62597,null,null,null,null,null,null,null,null,null,null
Wed Oct 28 13:00:00 UTC 2026,0.8864912,1384.62597,null,null,null,null,null,null,null,null,null,null
Wed Oct 28 14:00:00 UTC 2026,0.8864912,1400.62597,null,null,null,null,null,null,null,null,null,null
Wed Oct 28 15:00:00 UTC 2026,0.8864912,1394.62597,null,null,null,null,null,null,null,null,null,null
Wed Oct 28 16:00:00 UTC 2026,0.8864912,1383.62597,null,null,null,null,null,null,null,null,null,null
Wed Oct 28 17:00:00 UTC 2026,0.8864912,1386.62597,null,null,null,null,null,null,null,null,null,null
Wed Oct 28 18:00:00 UTC 2026,0.8864912,1389.62597,null,null,null,null,null,null,null,null,null,null
Wed Oct 28 19:00:00 UTC 2026,0.8864912,1365.62597,null,null,null,null,null,null,null,null,null,null
Wed Oct 28 20:00:00 UTC 2026,0.8864912,1367.62597,null,null,null,null,null,null,null,null,null,null
Wed Oct 28 21:00:00 UTC 2026,0.8864912,1354.62597,null,null,null,null,null,null,null,null,null,null
Wed Oct 28 22:00:00 UTC 2026,0.8864912,1341.62597,null,null,null,null,null,null,null,null,null,null
Wed Oct 28 23:00:00 UTC 2026,0.8864912,1336.62597,null,null,null,null,null,null,null,null,null,null
Thu Oct 29 00:00:00 UTC 2026,0.8864912,1330.62597,null,null,null,null,null,null,null,null,null,null
Thu Oct 29 01:00:00 UTC 2026,0.8864912,1353.62597,null,null,null,null,null,null,null,null,null,null
Thu Oct 29 02:00:00 UTC 2026,0.8864912,1342.62597,null,null,null,null,null,null,null,null,null,null
Thu Oct 29 03:00:00 UTC 2026,0.8864912,1346.62597,null,null,null,null,null,null,null,null,null,null
Thu Oct 29 04:00:00 UTC 2026,0.8864912,1360.62597,null,null,null,null,null,null,null,null,null,null
Thu Oct 29 05:00:00 UTC 2026,0.8864912,1354.62597,null,null,null,null,null,null,null,null,null,null
Thu Oct 29 06:00:00 UTC 2026,0.8864912,1361.62597,null,null,null,null,null,null,null,null,null,null
Thu Oct 29 07:00:00 UTC 2026,0.8864912,1366.62597,null,null,null,null,null,null,null,null,null,null
Thu Oct 29 08:00:00 UTC 2026,0.8864912,1346.62597,null,null,null,null,null,null,null,null,null,null
Thu Oct 29 09:00:00 UTC 2026,0.8864912,1351.62597,null,null,null,null,null,null,null,null,null,null
Thu Oct 29 10:00:00 UTC 2026,0.8864912,1310.62597,null,null,null,null,null,null,null,null,null,null
Thu Oct 29 11:00:00 UTC 2026,0.8864912,1312.62597,null,null,null,null,null,null,null,null,null,null
Thu Oct 29 12:00:00 UTC 2026,0.8864912,1317.62597,null,null,null,null,null,null,null,null,null,null
Thu Oct 29 13:00:00 UTC 2026,0.8864912,1308.62597,null,null,null,null,null,null,null,null,null,null
Thu Oct 29 14:00:00 UTC 2026,0.8864912,1324.62597,null,null,null,null,null,null,null,null,null,null
Thu Oct 29 15:00:00 UTC 2026,0.8864912,1323.62597,null,null,null,null,null,null,null,null,null,null
Thu Oct 29 16:00:00 UTC 2026,0.8864912,1324.62597,null,null,null,null,null,null,null,null,null,null
Thu Oct 29 17:00:00 UTC 2026,0.8864912,1300.62597,null,null,null,null,null,null,null,null,null,null
Thu Oct 29 18:00:00 UTC 2026,0.8864912,1302.62597,null,null,null,null,null,null,null,null,null,null
Thu Oct 29 19:00:00 UTC 2026,0.8864912,1301.62597,null,null,null,null,null,null,null,null,null,null
Thu Oct 29 20:00:00 UTC 2026,0.8864912,1288.62597,null,null,null,null,null,null,null,null,null,null
Thu Oct 29 21:00:00 UTC 2026,0.8864912,1282.62597,null,null,null,null,null,null,null,null,null,null
Thu Oct 29 22:00:00 UTC 2026,0.8864912,1297.62597,null,null,null,null,null,null,null,null,null,null
Thu Oct 29 23:00:00 UTC 2026,0.8864912,1300.62597,null,null,null,null,null,null,null,null,null,null
Fri Oct 30 00:00:00 UTC 2026,0.8864912,1300.62597,null,null,null,null,null,null,null,null,null,null
Fri Oct 30 01:00:00 UTC 2026,0.8864912,1276.62597,null,null,null,null,null,null,null,null,null,null
Fri Oct 30 02:00:00 UTC 2026,0.8864912,1275.62597,null,null,null,null,null,null,null,null,null,null
Fri Oct 30 03:00:00 UTC 2026,0.8864912,1257.62597,null,null,null,null,null,null,null,null,null,null
Fri Oct 30 04:00:00 UTC 2026,0.8864912,1272.62597,null,null,null,null,null,null,null,null,null,null
Fri Oct 30 05:00:00 UTC 2026,0.8864912,1280.62597,null,null,null,null,null,null,null,null,null,null
Fri Oct 30 06:00:00 UTC 2026,0.8864912,1275.62597,null,null,null,null,null,null,null,null,null,null
Fri Oct 30 07:00:00 UTC 2026,0.8864912,1293.62597,null,null,null,null,null,null,null,null,null,null
Fri Oct 30 08:00:00 UTC 2026,0.8864912,1290.62597,null,null,null,null,null,null,null,null,null,null
Fri Oct 30 09:00:00 UTC 2026,0.8864912,1317.62597,null,null,null,null,null,null,null,null,null,null
Fri Oct 30 10:00:00 UTC 2026,0.8864912,1304.62597,null,null,null,null,null,null,null,null,null,null
Fri Oct 30 11:00:00 UTC 2026,0.8864912,1349.62597,null,null,null,null,null,null,null,null,null,null
Fri Oct 30 12:00:00 UTC 2026,0.8864912,1334.62597,null,null,null,null,null,null,null,null,null,null
Fri Oct 30 13:00:00 UTC 2026,0.8864912,1351.62597,null,null,null,null,null,null,null,null,null,null
Fri Oct 30 14:00:00 UTC 2026,0.8864912,1338.62597,null,null,null,null,null,null,null,null,null,null
Fri Oct 30 15:00:00 UTC 2026,0.8864912,1324.62597,null,null,null,null,null,null,null,null,null,null
Fri Oct 30 16:00:00 UTC 2026,0.8864912,1310.62597,null,null,null,null,null,null,null,null,null,null
Fri Oct 30 17:00:00 UTC 2026,0.8864912,1335.62597,null,null,null,null,null,null,null,null,null,null
Fri Oct 30 18:00:00 UTC 2026,0.8864912,1334.62597,null,null,null,null,null,null,null,null,null,null
Fri Oct 30 19:00:00 UTC 2026,0.8864912,1364.62597,null,null,null,null,null,null,null,null,null,null
Fri Oct 30 20:00:00 UTC 2026,0.8864912,1359.62597,null,null,null,null,null,null,null,null,null,null
Fri Oct 30 21:00:00 UTC 2026,0.8864912,1359.62597,null,null,null,null,null,null,null,null,null,null
Fri Oct 30 22:00:00 UTC 2026,0.8864912,1359.62597,null,null,null,null,null,null,null,null,null,null
Fri Oct 30 23:00:00 UTC 2026,0.8864912,1359.62597,null,null,null,null,null,null,null,null,null,null
Sat Oct 31 00:00:00 UTC 2026,0.8864912,1359.62597,null,null,null,null,null,null,null,null,null,null
Sat Oct 31 01:00:00 UTC 2026,0.8864912,1359.62597,null,null,null,null,null,null,null,null,null,null
Sat Oct 31 02:00:00 UTC 2026,0.8864912,1359.62597,null,null,null,null,null,null,null,null,null,null
Sat Oct 31 03:00:00 UTC 2026,0.8864912,1359.62597,null,null,null,null,null,null,null,null,null,null
Sat Oct 31 04:00:00 UTC 2026,0.8864912,1359.62597,null,null,null,null,null,null,null,null,null,null
Sat Oct 31 05:00:00 UTC 2026,0.8864912,1359.62597,null,null,null,null,null,null,null,null,null,null
Sat Oct 31 06:00:00 UTC 2026,0.8864912,1359.62597,null,null,null,null,null,null,null,null,null,null
Sat Oct 31 07:00:00 UTC 2026,0.8864912,1359.62597,null,null,null,null,null,null,null,null,null,null
Sat Oct 31 08:00:00 UTC 2026,0.8864912,1359.62597,null,null,null,null,null,null,null,null,null,null
Sat Oct 31 09:00:00 UTC 2026,0.8864912,1359.62597,null,null,null,null,null,null,null,null,null,null
Sat Oct 31 10:00:00 UTC 2026,0.8864912,1359.62597,null,null,null,null,null,null,null,null,null,null
Sat Oct 31 11:00:00 UTC 2026,0.8864912,1359.62597,null,null,null,null,null,null,null,null,null,null
Sat Oct 31 12:00:00 UTC 2026,0.8864912,1359.62597,null,null,null,null,null,null,null,null,null,null
Sat Oct 31 13:00:00 UTC 2026,0.8864912,1359.62597,null,null,null,null,null,null,null,null,null,null
Sat Oct 31 14:00:00 UTC 2026,0.8864912,1359.62597,null,null,null,null,null,null,null,null,null,null
Sat Oct 31 15:00:00 UTC 2026,0.8864912,1359.62597,null,null,null,null,null,null,null,null,null,null
Sat Oct 31 16:00:00 UTC 2026,0.8864912,1359.62597,null,null,null,null,null,null,null,null,null,null
Sat Oct 31 17:00:00 UTC 2026,0.8864912,1359.62597,null,null,null,null,null,null,null,null,null,null
Sat Oct 31 18:00:00 UTC 2026,0.8864912,1359.62597,null,null,null,null,null,null,null,null,null,null
Sat Oct 31 19:00:00 UTC 2026,0.8864912,1359.62597,null,null,null,null,null,null,null,null,null,null
Sat Oct 31 20:00:00 UTC 2026,0.8864912,1359.62597,null,null,null,null,null,null,null,null,null,null
Sat Oct 31 21:00:00 UTC 2026,0.8864912,1359.62597,null,null,null,null,null,null,null,null,null,null
Sat Oct 31 22:00:00 UTC 2026,0.8864912,1359.62597,null,null,null,null,null,null,null,null,null,null
Sat Oct 31 23:00:00 UTC 2026,0.8864912,1359.62597,null,null,null,null,null,null,null,null,null,null
Sun Nov 01 00:00:00 UTC 2026,0.8864912,1359.62597,null,null,null,null,null,null,null,null,null,null
Sun Nov 01 01:00:00 UTC 2026,0.8864912,1359.62597,null,null,null,null,null,null,null,null,null,null
Sun Nov 01 02:00:00 UTC 2026,0.8864912,1359.62597,null,null,null,null,null,null,null,null,null,null
Sun Nov 01 03:00:00 UTC 2026,0.8864912,1359.62597,null,null,null,null,null,null,null,null,null,null
Sun Nov 01 04:00:00 UTC 2026,0.8864912,1359.62597,null,null,null,null,null,null,null,null,null,null
Sun Nov 01 05:00:00 UTC 2026,0.8864912,1359.62597,null,null,null,null,null,null,null,null,null,null
Sun Nov 01 06:00:00 UTC 2026,0.8864912,1359.62597,null,null,null,null,null,null,null,null,null,null
Sun Nov 01 07:00:00 UTC 2026,0.8864912,1359.62597,null,null,null,null,null,null,null,null,null,null
Sun Nov 01 08:00:00 UTC 2026,0.8864912,1359.62597,null,null,null,null,null,null,null,null,null,null
Sun Nov 01 09:00:00 UTC 2026,0.8864912,1359.62597,null,null,null,null,null,null,null,null,null,null
Sun Nov 01 10:00:00 UTC 2026,0.8864912,1359.62597,null,null,null,null,null,null,null,null,null,null
Sun Nov 01 11:00:00 UTC 2026,0.8864912,1359.62597,null,null,null,null,null,null,null,null,null,null
Sun Nov 01 12:00:00 UTC 2026,0.8864912,1359.62597,null,null,null,null,null,null,null,null,null,null
Sun Nov 01 13:00:00 UTC 2026,0.8864912,1359.62597,null,null,null,null,null,null,null,null,null,null
Sun Nov 01 14:00:00 UTC 2026,0.8864912,1359.62597,null,null,null,null,null,null,null,null,null,null
Sun Nov 01 15:00:00 UTC 2026,0.8864912,1359.62597,null,null,null,null,null,null,null,null,null,null
Sun Nov 01 16:00:00 UTC 2026,0.8864912,1359.62597,null,null,null,null,null,null,null,null,null,null
Sun Nov 01 17:00:00 UTC 2026,0.8864912,1359.62597,null,null,null,null,null,null,null,null,null,null
Sun Nov 01 18:00:00 UTC 2026,0.8864912,1359.62597,null,null,null,null,null,null,null,null,null,null
Sun Nov 01 19:00:00 UTC 2026,0.8864912,1359.62597,null,null,null,null,null,null,null,null,null,null
Sun Nov 01 20:00:00 UTC 2026,0.8864912,1359.62597,null,null,null,null,null,null,null,null,null,null
Sun Nov 01 21:00:00 UTC 2026,0.8864912,1341.62597,null,null,null,null,null,null,null,null,null,null
Sun Nov 01 22:00:00 UTC 2026,0.8864912,1331.62597,null,null,null,null,null,null,null,null,null,null
Sun Nov 01 23:00:00 UTC 2026,0.8864912,1393.62597,null,null,null,null,null,null,null,null,null,null
Mon Nov 02 00:00:00 UTC 2026,0.8864912,1397.62597,null,null,null,null,null,null,null,null,null,null
Mon Nov 02 01:00:00 UTC 2026,0.8864912,1414.62597,null,null,null,null,null,null,null,null,null,null
Mon Nov 02 02:00:00 UTC 2026,0.8864912,1388.62597,null,null,null,null,null,null,null,null,null,null
Mon Nov 02 03:00:00 UTC 2026,0.8864912,1378.62597,null,null,null,null,null,null,null,null,null,null
Mon Nov 02 04:00:00 UTC 2026,0.8864912,1380.62597,null,null,null,null,null,null,null,null,null,null
Mon Nov 02 05:00:00 UTC 2026,0.8864912,1381.62597,null,null,null,null,null,null,null,null,null,null
Mon Nov 02 06:00:00 UTC 2026,0.8864912,1380.62597,null,null,null,null,null,null,null,null,null,null
Mon Nov 02 07:00:00 UTC 2026,0.8864912,1377.62597,null,null,null,null,null,null,null,null,null,null
Mon Nov 02 08:00:00 UTC 2026,0.8864912,1374.62597,null,null,null,null,null,null,null,null,null,null
Mon Nov 02 09:00:00 UTC 2026,0.8864912,1366.62597,null,null,null,null,null,null,null,null,null,null
Mon Nov 02 10:00:00 UTC 2026,0.8864912,1386.62597,null,null,null,null,null,null,null,null,null,null
Mon Nov 02 11:00:00 UTC 2026,0.8864912,1391.62597,null,null,null,null,null,null,null,null,null,null
Mon Nov 02 12:00:00 UTC 2026,0.8864912,1380.62597,null,null,null,null,null,null,null,null,null,null
Mon Nov 02 13:00:00 UTC 2026,0.8864912,1367.62597,null,null,null,null,null,null,null,null,null,null
Mon Nov 02 14:00:00 UTC 2026,0.8864912,1370.62597,null,null,null,null,null,null,null,null,null,null
Mon Nov 02 15:00:00 UTC 2026,0.8864912,1363.62597,null,null,null,null,null,null,null,null,null,null
Mon Nov 02 16:00:00 UTC 2026,0.8864912,1347.62597,null,null,null,null,null,null,null,null,null,null
Mon Nov 02 17:00:00 UTC 2026,0.8864912,1339.62597,null,null,null,null,null,null,null,null,null,null
Mon Nov 02 18:00:00 UTC 2026,0.8864912,1343.62597,null,null,null,null,null,null,null,null,null,null
Mon Nov 02 19:00:00 UTC 2026,0.8864912,1341.62597,null,null,null,null,null,null,null,null,null,null
Mon Nov 02 20:00:00 UTC 2026,0.8864912,1334.62597,null,null,null,null,null,null,null,null,null,null
Mon Nov 02 21:00:00 UTC 2026,0.8864912,1322.62597,null,null,null,null,null,null,null,null,null,null
Mon Nov 02 22:00:00 UTC 2026,0.8864912,1331.62597,null,null,null,null,null,null,null,null,null,null
Mon Nov 02 23:00:00 UTC 2026,0.8864912,1347.62597,null,null,null,null,null,null,null,null,null,null
Tue Nov 03 00:00:00 UTC 2026,0.8864912,1339.62597,null,null,null,null,null,null,null,null,null,null
Tue Nov 03 01:00:00 UTC 2026,0.8864912,1333.62597,null,null,null,null,null,null,null,null,null,null
Tue Nov 03 02:00:00 UTC 2026,0.8864912,1342.62597,null,null,null,null,null,null,null,null,null,null
Tue Nov 03 03:00:00 UTC 2026,0.8864912,1343.62597,null,null,null,null,null,null,null,null,null,null
Tue Nov 03 04:00:00 UTC 2026,0.8864912,1338.62597,null,null,null,null,null,null,null,null,null,null
Tue Nov 03 05:00:00 UTC 2026,0.8864912,1334.62597,null,null,null,null,null,null,null,null,null,null
Tue Nov 03 06:00:00 UTC 2026,0.8864912,1331.62597,null,null,null,null,null,null,null,null,null,null
Tue Nov 03 07:00:00 UTC 2026,0.8864912,1337.62597,null,null,null,null,null,null,null,null,null,null
Tue Nov 03 08:00:00 UTC 2026,0.8864912,1500.62597,null,null,null,null,null,null,null,null,null,null
Tue Nov 03 09:00:00 UTC 2026,0.8864912,1501.62597,null,null,null,null,null,null,null,null,null,null
Tue Nov 03 10:00:00 UTC 2026,0.8864912,1500.62597,null,null,null,null,null,null,null,null,null,null
Tue Nov 03 11:00:00 UTC 2026,0.8864912,1500.62597,null,null,null,null,null,null,null,null,null,null
Tue Nov 03 12:00:00 UTC 2026,0.8864912,1500.62597,null,null,null,null,null,null,null,null,null,null
Tue Nov 03 13:00:00 UTC 2026,0.8864912,1501.62597,null,null,null,null,null,null,null,null,null,null
Tue Nov 03 14:00:00 UTC 2026,0.8864912,1502.62597,null,null,null,null,null,null,null,null,null,null
Tue Nov 03 15:00:00 UTC 2026,0.8864912,1503.62597,null,null,null,null,null,null,null,null,null,null
Tue Nov 03 16:00:00 UTC 2026,0.8864912,1504.62597,null,null,null,null,null,null,null,null,null,null
Tue Nov 03 17:00:00 UTC 2026,0.8864912,1505.62597,null,null,null,null,null,null,null,null,null,null
Tue Nov 03 18:00:00 UTC 2026,0.8864912,1506.62597,null,null,null,null,null,null,null,null,null,null
Tue Nov 03 19:00:00 UTC 2026,0.8864912,1506.62597,null,null,null,null,null,null,null,null,null,null
Tue Nov 03 20:00:00 UTC 2026,0.8864912,1506.62597,null,null,null,null,null,null,null,null,null,null
Tue Nov 03 21:00:00 UTC 2026,0.8864912,1505.62597,null,null,null,null,null,null,null,null,null,null
