date,P_Kweek_-9_Kday_49_ETE_58_ORD_56_EXT_66_E2Ekor_71_EXTkor_60_DIFF_22,a,b,c,d,e,f,g,h,i,j
Mon Oct 05 01:00:00 UTC 2026,735.0026429781965,0.7193499999998494,null,null,null,null,null,null,null,null
Mon Oct 05 02:00:00 UTC 2026,582.5813354721586,238.71935000000008,null,null,null,null,null,null,null,null
Mon Oct 05 03:00:00 UTC 2026,582.5813354721586,206.71934999999985,null,null,null,null,null,null,null,null
Mon Oct 05 04:00:00 UTC 2026,582.5813354721586,215.71934999999985,null,null,null,null,null,null,null,null
Mon Oct 05 05:00:00 UTC 2026,582.5813354721586,250.71935000000008,null,null,null,null,null,null,null,null
Mon Oct 05 06:00:00 UTC 2026,661.8404153753524,197.71934999999985,null,null,null,null,null,null,null,null
Mon Oct 05 07:00:00 UTC 2026,735.0026429781965,243.71935000000008,null,null,null,null,null,null,null,null
Mon Oct 05 08:00:00 UTC 2026,643.549858474574,50.71934999999985,null,null,null,null,null,null,null,null
Mon Oct 05 09:00:00 UTC 2026,735.0026429781965,-47.28065000000015,null,null,null,null,null,null,null,null
Mon Oct 05 10:00:00 UTC 2026,844.7459843825977,159.71934999999985,null,null,null,null,null,null,null,null
Mon Oct 05 11:00:00 UTC 2026,698.4215291767744,51.71934999999985,null,null,null,null,null,null,null,null
Mon Oct 05 12:00:00 UTC 2026,448.45058486683206,73.71934999999985,null,null,null,null,null,null,null,null
Mon Oct 05 13:00:00 UTC 2026,70.4457422518451,40.71934999999985,null,null,null,null,null,null,null,null
Mon Oct 05 14:00:00 UTC 2026,-1094.053047094459,888.7193500000001,null,null,null,null,null,null,null,null
Mon Oct 05 15:00:00 UTC 2026,-1002.6002625907687,1019.7193500000001,null,null,null,null,null,null,null,null
Mon Oct 05 16:00:00 UTC 2026,-972.1160010895612,1283.7193499999998,1383.7193499999998,null,1583.7193499999998,null,1883.7193499999998,null,2083.71935,null
Mon Oct 05 17:00:00 UTC 2026,-795.3072843825304,1090.71935,1363.2137320224717,null,1563.2137320224717,null,1854.7193499999998,null,2054.71935,null
Mon Oct 05 18:00:00 UTC 2026,-691.6607952784111,1044.71935,1342.7081140449436,null,1542.7081140449436,null,1825.7193499999998,null,2025.7193499999998,null
Mon Oct 05 19:00:00 UTC 2026,-551.43319237287,882.7193500000001,1322.2024960674155,null,1522.2024960674155,null,1796.7193499999998,null,1996.7193499999998,null
Mon Oct 05 20:00:00 UTC 2026,-502.6583739709515,940.7193500000001,1301.6968780898876,null,1501.6968780898874,null,1767.7193499999998,null,1967.7193499999998,null
Mon Oct 05 21:00:00 UTC 2026,-703.8544998789077,911.7193500000001,1281.1912601123595,null,1481.1912601123595,null,1738.7193499999998,null,1938.7193499999998,null
Mon Oct 05 22:00:00 UTC 2026,-685.5639429781967,877.7193500000001,1260.6856421348314,null,1460.6856421348314,null,1709.7193499999998,null,1909.7193499999998,null
Mon Oct 05 23:00:00 UTC 2026,-935.5348872881392,685.7193500000001,1240.1800241573033,null,1440.1800241573033,null,1680.71935,null,1880.71935,null
Tue Oct 06 00:00:00 UTC 2026,-1057.4719332929694,757.7193500000001,1219.6744061797751,null,1419.6744061797751,null,1651.7193499999998,null,1851.7193499999998,null
Tue Oct 06 01:00:00 UTC 2026,-1142.8278654963776,859.7193500000001,1199.168788202247,null,1399.168788202247,null,1622.7193499999998,null,1822.7193499999998,null
Tue Oct 06 02:00:00 UTC 2026,-417.3024417675433,723.7193500000001,1178.6631702247191,null,1378.663170224719,null,1593.7193499999998,null,1793.7193499999998,null
Tue Oct 06 03:00:00 UTC 2026,-453.88355556896533,746.7193500000001,1158.157552247191,null,1358.157552247191,null,1564.7193499999998,null,1764.7193499999998,null
Tue Oct 06 04:00:00 UTC 2026,-807.5009889830269,664.7193500000001,1137.651934269663,null,1337.6519342696627,null,1535.7193499999998,null,1735.7193499999998,null
Tue Oct 06 05:00:00 UTC 2026,-923.3411826876427,487.7193500000001,1117.1463162921348,null,1317.146316292135,null,1506.7193499999998,null,1706.7193499999998,null
Tue Oct 06 06:00:00 UTC 2026,-600.2080107747886,517.7193500000001,1096.6406983146067,null,1296.6406983146067,null,1477.7193499999998,null,1677.7193499999998,null
Tue Oct 06 07:00:00 UTC 2026,-472.17411246974405,552.7193500000001,1076.1350803370785,null,1276.1350803370785,null,1448.7193499999998,null,1648.7193499999998,null
Tue Oct 06 08:00:00 UTC 2026,-313.65595266342416,321.7193500000001,1055.6294623595504,null,1255.6294623595504,null,1419.7193499999998,null,1619.7193499999998,null
Tue Oct 06 09:00:00 UTC 2026,-2.7164853510666944,205.71934999999985,1035.1238443820225,null,1235.1238443820223,null,1390.7193499999998,null,1590.7193499999998,null
Tue Oct 06 10:00:00 UTC 2026,-258.7842819612234,186.71934999999985,1014.6182264044943,null,1214.6182264044944,null,1361.7193499999998,null,1561.7193499999998,null
Tue Oct 06 11:00:00 UTC 2026,-441.68985096853646,47.71934999999985,994.1126084269663,null,1194.112608426966,null,1332.71935,null,1532.71935,null
Tue Oct 06 12:00:00 UTC 2026,-301.46224806292764,11.71934999999985,973.606990449438,null,1173.6069904494382,null,1303.71935,null,1503.71935,null
Tue Oct 06 13:00:00 UTC 2026,-155.1377928571044,213.71934999999985,953.10137247191,null,1153.10137247191,null,1274.71935,null,1474.71935,null
Tue Oct 06 14:00:00 UTC 2026,-545.3363400726556,235.71935000000008,932.5957544943819,null,1132.595754494382,null,1245.71935,null,1445.71935,null
Tue Oct 06 15:00:00 UTC 2026,-331.9465095641351,173.71934999999985,912.0901365168538,null,1112.0901365168538,null,1216.71935,null,1416.71935,null
Tue Oct 06 16:00:00 UTC 2026,-429.49614636803983,262.7193500000001,891.5845185393258,null,1091.5845185393257,null,1187.71935,null,1387.71935,null
Tue Oct 06 17:00:00 UTC 2026,-484.36781707024056,236.71935000000008,871.0789005617977,null,1071.0789005617976,null,1158.7193499999998,null,1358.7193499999998,null
Tue Oct 06 18:00:00 UTC 2026,-728.2419090799008,174.71934999999985,850.5732825842697,null,1050.5732825842695,null,1129.7193499999998,null,1329.7193499999996,null
Tue Oct 06 19:00:00 UTC 2026,-45.39445145277068,10.71934999999985,830.0676646067413,null,1030.0676646067413,null,1100.7193499999996,null,1300.7193499999996,null
Tue Oct 06 20:00:00 UTC 2026,-100.26612215497153,18.71934999999985,809.5620466292132,null,1009.5620466292132,null,1071.7193499999996,null,1271.7193499999996,null
Tue Oct 06 21:00:00 UTC 2026,-69.78186065376372,-149.28065000000015,789.0564286516853,null,989.0564286516853,null,1042.7193499999996,null,1242.7193499999996,null
Tue Oct 06 22:00:00 UTC 2026,-57.58815605326731,-168.28065000000015,768.5508106741573,null,968.5508106741572,null,1013.7193499999996,null,1213.7193499999996,null
Tue Oct 06 23:00:00 UTC 2026,735.0026429781965,-144.28065000000015,748.0451926966292,null,948.0451926966291,null,984.7193499999996,null,1184.7193499999996,null
Wed Oct 07 00:00:00 UTC 2026,795.9711659806792,-219.28065000000015,727.5395747191012,null,927.5395747191012,null,955.7193499999998,null,1155.7193499999998,null
Wed Oct 07 01:00:00 UTC 2026,667.937267675567,-159.28065000000015,707.0339567415731,null,907.0339567415729,null,926.7193499999998,null,1126.7193499999998,null
Wed Oct 07 02:00:00 UTC 2026,960.5861780872137,-260.28065000000015,686.5283387640447,null,886.5283387640449,null,897.7193499999998,null,1097.7193499999998,null
Wed Oct 07 03:00:00 UTC 2026,1204.4602700968735,-425.28065000000015,666.0227207865166,null,866.0227207865169,null,868.7193499999998,null,1068.7193499999998,null
Wed Oct 07 04:00:00 UTC 2026,972.7798826876424,-479.28065000000015,645.5171028089885,null,845.5171028089886,null,839.7193499999998,null,1039.7193499999998,null
Wed Oct 07 05:00:00 UTC 2026,1283.7193499999998,-417.28065000000015,625.0114848314606,null,825.0114848314608,null,810.7193499999998,null,1010.7193499999998,null
Wed Oct 07 06:00:00 UTC 2026,1234.944531598081,-460.28065000000015,604.5058668539326,null,804.5058668539325,null,781.7193499999998,null,981.7193499999998,null
Wed Oct 07 07:00:00 UTC 2026,1173.9760085956664,-353.28065000000015,584.0002488764045,null,784.0002488764045,null,752.7193499999997,null,952.7193499999997,null
Wed Oct 07 08:00:00 UTC 2026,1125.2011901937476,-339.28065000000015,563.4946308988765,null,763.4946308988763,null,723.7193499999997,null,923.7193499999997,null
Wed Oct 07 09:00:00 UTC 2026,1125.2011901937476,-173.28065000000015,542.9890129213481,null,742.9890129213483,null,694.7193499999998,null,894.7193499999998,null
Wed Oct 07 10:00:00 UTC 2026,1161.7823039951695,-160.28065000000015,522.48339494382,null,722.4833949438203,null,665.7193499999997,null,865.7193499999997,null
Wed Oct 07 11:00:00 UTC 2026,1094.71692869254,-365.28065000000015,501.9777769662919,null,701.9777769662919,null,636.7193499999997,null,836.7193499999997,null
Wed Oct 07 12:00:00 UTC 2026,759.3900521791895,-481.28065000000015,481.4721589887639,null,681.472158988764,null,607.7193499999998,null,807.7193499999998,null
Wed Oct 07 13:00:00 UTC 2026,570.3876308716622,-406.28065000000015,460.966541011236,null,660.9665410112359,null,578.7193499999998,null,778.7193499999998,null
Wed Oct 07 14:00:00 UTC 2026,241.15760665859352,-351.28065000000015,440.4609230337079,null,640.4609230337079,null,549.7193499999998,null,749.7193499999998,null
Wed Oct 07 15:00:00 UTC 2026,265.545015859587,-242.28065000000015,419.9553050561798,null,619.9553050561798,null,520.7193499999998,null,720.7193499999998,null
Wed Oct 07 16:00:00 UTC 2026,46.05833305085207,-297.28065000000015,399.44968707865166,null,599.4496870786517,null,491.7193499999999,null,691.7193499999998,null
Wed Oct 07 17:00:00 UTC 2026,-14.910189951563325,-363.28065000000015,378.94406910112355,null,578.9440691011237,null,462.71934999999985,null,662.7193499999998,null
Wed Oct 07 18:00:00 UTC 2026,314.3198342615051,-730.2806500000002,358.4384511235954,null,558.4384511235953,null,433.71934999999985,null,633.7193499999998,null
Wed Oct 07 19:00:00 UTC 2026,76.54259455205943,-748.2806500000002,337.9328331460673,null,537.9328331460674,null,404.71934999999985,null,604.7193499999998,null
Wed Oct 07 20:00:00 UTC 2026,186.28593595646066,-818.2806500000002,317.4272151685392,null,517.4272151685392,null,375.71934999999985,null,575.7193499999998,null
Wed Oct 07 21:00:00 UTC 2026,9.477219249429936,-738.2806500000002,296.9215971910112,null,496.9215971910113,null,346.71934999999974,null,546.7193499999998,null
Wed Oct 07 22:00:00 UTC 2026,-252.6874296610091,-690.2806500000002,276.41597921348307,null,476.41597921348307,null,317.71934999999985,null,517.7193499999998,null
Wed Oct 07 23:00:00 UTC 2026,-600.2080107747886,-767.2806500000002,255.91036123595518,null,455.91036123595507,null,288.71934999999985,null,488.71934999999985,null
Thu Oct 08 00:00:00 UTC 2026,-990.4065579903398,-699.2806500000002,235.40474325842706,null,435.40474325842706,null,259.71934999999985,null,459.71934999999985,null
Thu Oct 08 01:00:00 UTC 2026,-770.919875181605,-864.2806500000002,214.89912528089894,null,414.89912528089883,null,230.71934999999996,null,430.7193499999999,null
Thu Oct 08 02:00:00 UTC 2026,-502.6583739709515,-758.2806500000002,194.3935073033707,null,394.3935073033707,null,201.71934999999985,null,401.7193499999999,null
Thu Oct 08 03:00:00 UTC 2026,-496.5615216706693,-700.2806500000002,173.8878893258427,null,373.8878893258428,null,172.71934999999985,null,372.71934999999985,null
Thu Oct 08 04:00:00 UTC 2026,-533.142635472159,-639.2806500000002,153.3822713483146,null,353.3822713483145,null,143.71934999999996,null,343.71934999999996,null
Thu Oct 08 05:00:00 UTC 2026,-283.1716911622166,-633.2806500000002,132.87665337078658,null,332.8766533707867,null,114.71934999999996,null,314.71934999999996,null
Thu Oct 08 06:00:00 UTC 2026,-106.36297445518585,-646.2806500000002,112.37103539325847,null,312.37103539325847,null,85.71934999999996,null,285.7193499999999,null
Thu Oct 08 07:00:00 UTC 2026,-325.8496572639208,-696.2806500000002,91.86541741573046,null,291.86541741573046,null,56.719349999999736,null,256.71934999999974,null
Thu Oct 08 08:00:00 UTC 2026,-405.1087371670468,-695.2806500000002,71.35979943820234,null,271.35979943820234,null,27.719349999999736,null,227.71934999999974,null
Thu Oct 08 09:00:00 UTC 2026,-240.4937250605126,-595.2806500000002,50.85418146067411,null,250.8541814606741,null,-1.2806500000002643,null,198.71934999999974,null
Thu Oct 08 10:00:00 UTC 2026,-338.0433618644173,-827.2806500000002,30.348563483145995,null,230.348563483146,null,-30.28065000000015,null,169.71934999999985,null
Thu Oct 08 11:00:00 UTC 2026,-307.5591003632097,-780.2806500000002,9.84294550561799,null,209.842945505618,null,-59.28065000000015,null,140.71934999999985,null
Thu Oct 08 12:00:00 UTC 2026,-417.3024417675433,-833.2806500000002,-10.662672471910128,null,189.33732752808987,null,-88.28065000000026,null,111.71934999999974,null
Thu Oct 08 13:00:00 UTC 2026,125.31741295397796,-836.2806500000002,-31.168290449438132,null,168.83170955056187,null,-117.28065000000015,null,82.71934999999985,null
Thu Oct 08 14:00:00 UTC 2026,-136.8472359563932,-945.2806500000002,-51.67390842696625,null,148.32609157303375,null,-146.28065000000015,null,53.71934999999985,null
Thu Oct 08 15:00:00 UTC 2026,-94.16926985468922,-959.2806500000002,-72.17952640449425,null,127.82047359550575,null,-175.28065000000015,null,24.71934999999985,null
Thu Oct 08 16:00:00 UTC 2026,-69.78186065376372,-1133.2806500000002,-92.68514438202237,null,107.31485561797763,null,-204.28065000000004,null,-4.280650000000037,null
Thu Oct 08 17:00:00 UTC 2026,-606.3048630750707,-986.2806500000002,-113.1907623595506,null,86.8092376404494,null,-233.28065000000015,null,-33.28065000000015,null
Thu Oct 08 18:00:00 UTC 2026,-642.8859768764926,-1093.2806500000002,-133.69638033707872,null,66.30361966292139,null,-262.28065000000015,null,-62.28065000000015,null
Thu Oct 08 19:00:00 UTC 2026,-679.4670906779824,-918.2806500000002,-154.20199831460673,null,45.79800168539339,null,-291.28065000000015,null,-91.28065000000015,null
Thu Oct 08 20:00:00 UTC 2026,-758.7261705811084,-1020.2806500000002,-174.70761629213484,null,25.292383707865156,null,-320.28065000000015,null,-120.28065000000015,null
Thu Oct 08 21:00:00 UTC 2026,-947.7285918886357,-1151.2806500000002,-195.21323426966285,null,4.786765730337265,null,-349.2806500000001,null,-149.2806500000001,null
Thu Oct 08 22:00:00 UTC 2026,-1039.1813763922582,-1234.2806500000002,-215.71885224719097,null,-15.718852247190966,null,-378.2806500000002,null,-178.2806500000002,null
Thu Oct 08 23:00:00 UTC 2026,-1234.2806500000002,-1192.2806500000002,-236.22447022471886,null,-36.22447022471897,null,-407.2806500000002,null,-207.2806500000002,null
Fri Oct 09 00:00:00 UTC 2026,-1234.2806500000002,-1079.2806500000002,-256.7300882022471,null,-56.73008820224709,null,-436.28065000000015,null,-236.28065000000015,null
Fri Oct 09 01:00:00 UTC 2026,0.5585,-946.2806500000002,null,-277.2357061797752,null,-77.2357061797752,null,null,-465.28065000000015,null,-265.28065000000015,null
Fri Oct 09 02:00:00 UTC 2026,0.5585,-928.2806500000002,null,-297.7413241573033,null,-97.74132415730332,null,null,-494.2806500000001,null,-294.2806500000001,null
Fri Oct 09 03:00:00 UTC 2026,0.5585,-1132.2806500000002,null,-318.24694213483144,null,-118.24694213483144,null,null,-523.2806500000002,null,-323.28065000000015,null
Fri Oct 09 04:00:00 UTC 2026,0.5585,-985.2806500000002,null,-338.75256011235956,null,-138.75256011235956,null,null,-552.2806500000002,null,-352.28065000000015,null
Fri Oct 09 05:00:00 UTC 2026,0.5585,-1065.2806500000002,null,-359.25817808988756,null,-159.25817808988745,null,null,-581.2806500000002,null,-381.28065000000015,null
Fri Oct 09 06:00:00 UTC 2026,0.5585,-1129.2806500000002,null,-379.7637960674157,null,-179.76379606741568,null,null,-610.2806500000002,null,-410.2806500000001,null
Fri Oct 09 07:00:00 UTC 2026,0.5585,-1109.2806500000002,null,-400.2694140449437,null,-200.26941404494357,null,null,-639.2806500000002,null,-439.2806500000001,null
Fri Oct 09 08:00:00 UTC 2026,0.5585,-1106.2806500000002,null,-420.7750320224718,null,-220.7750320224718,null,null,-668.2806500000002,null,-468.2806500000002,null
Fri Oct 09 09:00:00 UTC 2026,0.5585,-1256.2806500000002,null,-441.2806499999999,null,-241.28064999999992,null,null,-697.2806500000002,null,-497.28065000000015,null
Fri Oct 09 10:00:00 UTC 2026,0.5585,-1227.2806500000002,null,-461.78626797752804,null,-261.78626797752815,null,null,-726.2806500000002,null,-526.2806500000002,null
Fri Oct 09 11:00:00 UTC 2026,0.5585,-1210.2806500000002,null,-482.29188595505616,null,-282.29188595505616,null,null,-755.2806500000002,null,-555.2806500000002,null
Fri Oct 09 12:00:00 UTC 2026,0.5585,-1174.2806500000002,null,-502.7975039325843,null,-302.7975039325843,null,null,-784.2806500000002,null,-584.2806500000002,null
Fri Oct 09 13:00:00 UTC 2026,0.5585,-1154.2806500000002,null,-523.3031219101124,null,-323.3031219101124,null,null,-813.2806500000003,null,-613.2806500000003,null
Fri Oct 09 14:00:00 UTC 2026,0.5585,-1091.2806500000002,null,-543.8087398876403,null,-343.8087398876402,null,null,-842.2806500000002,null,-642.2806500000002,null
Fri Oct 09 15:00:00 UTC 2026,0.5585,-967.2806500000002,null,-564.3143578651684,null,-364.3143578651684,null,null,-871.2806500000002,null,-671.2806500000002,null
Fri Oct 09 16:00:00 UTC 2026,0.5585,-1177.2806500000002,null,-584.8199758426965,null,-384.8199758426965,null,null,-900.2806500000002,null,-700.2806500000002,null
Fri Oct 09 17:00:00 UTC 2026,0.5585,-1325.2806500000002,null,-605.3255938202246,null,-405.32559382022475,null,null,-929.28065,null,-729.28065,null
Fri Oct 09 18:00:00 UTC 2026,0.5585,-1463.2806500000002,null,-625.8312117977528,null,-425.83121179775264,null,null,-958.2806500000002,null,-758.2806500000002,null
Fri Oct 09 19:00:00 UTC 2026,0.5585,-1533.2806500000002,null,-646.336829775281,null,-446.3368297752809,null,null,-987.2806500000002,null,-787.2806500000002,null
Fri Oct 09 20:00:00 UTC 2026,0.5585,-1616.2806500000002,null,-666.842447752809,null,-466.842447752809,null,null,-1016.2806500000002,null,-816.2806500000002,null
Fri Oct 09 21:00:00 UTC 2026,0.5585,-1600.2806500000002,null,-687.3480657303371,null,-487.348065730337,null,null,null,null,null,null
Fri Oct 09 22:00:00 UTC 2026,0.5585,-1600.2806500000002,null,-707.853683707865,null,-507.853683707865,null,null,null,null,null,null
Fri Oct 09 23:00:00 UTC 2026,0.5585,-1600.2806500000002,null,-728.3593016853932,null,-528.3593016853932,null,null,null,null,null,null
Sat Oct 10 00:00:00 UTC 2026,0.5585,-1600.2806500000002,null,-748.8649196629212,null,-548.8649196629211,null,null,null,null,null,null
Sat Oct 10 01:00:00 UTC 2026,0.5585,-1600.2806500000002,null,-769.3705376404494,null,-569.3705376404492,null,null,null,null,null,null
Sat Oct 10 02:00:00 UTC 2026,0.5585,-1600.2806500000002,null,-789.8761556179776,null,-589.8761556179775,null,null,null,null,null,null
Sat Oct 10 03:00:00 UTC 2026,0.5585,-1600.2806500000002,null,-810.3817735955057,null,-610.3817735955057,null,null,null,null,null,null
Sat Oct 10 04:00:00 UTC 2026,0.5585,-1600.2806500000002,null,-830.8873915730337,null,-630.8873915730336,null,null,null,null,null,null
Sat Oct 10 05:00:00 UTC 2026,0.5585,-1600.2806500000002,null,-851.3930095505618,null,-651.3930095505618,null,null,null,null,null,null
Sat Oct 10 06:00:00 UTC 2026,0.5585,-1600.2806500000002,null,-871.8986275280896,null,-671.8986275280897,null,null,null,null,null,null
Sat Oct 10 07:00:00 UTC 2026,0.5585,-1600.2806500000002,null,-892.4042455056177,null,-692.4042455056177,null,null,null,null,null,null
Sat Oct 10 08:00:00 UTC 2026,0.5585,-1600.2806500000002,null,-912.9098634831457,null,-712.9098634831458,null,null,null,null,null,null
Sat Oct 10 09:00:00 UTC 2026,0.5585,-1600.2806500000002,null,-933.4154814606738,null,-733.4154814606741,null,null,null,null,null,null
Sat Oct 10 10:00:00 UTC 2026,0.5585,-1600.2806500000002,null,-953.921099438202,null,-753.9210994382021,null,null,null,null,null,null
Sat Oct 10 11:00:00 UTC 2026,0.5585,-1600.2806500000002,null,-974.4267174157302,null,-774.4267174157303,null,null,null,null,null,null
Sat Oct 10 12:00:00 UTC 2026,0.5585,-1600.2806500000002,null,-994.9323353932582,null,-794.9323353932584,null,null,null,null,null,null
Sat Oct 10 13:00:00 UTC 2026,0.5585,-1600.2806500000002,null,-1015.4379533707863,null,-815.4379533707865,null,null,null,null,null,null
Sat Oct 10 14:00:00 UTC 2026,0.5585,-1600.2806500000002,null,-1035.9435713483144,null,-835.9435713483143,null,null,null,null,null,null
Sat Oct 10 15:00:00 UTC 2026,0.5585,-1600.2806500000002,null,-1056.4491893258423,null,-856.4491893258426,null,null,null,null,null,null
Sat Oct 10 16:00:00 UTC 2026,0.5585,-1600.2806500000002,null,-1076.9548073033704,null,-876.9548073033707,null,null,null,null,null,null
Sat Oct 10 17:00:00 UTC 2026,0.5585,-1600.2806500000002,null,-1097.4604252808986,null,-897.4604252808986,null,null,null,null,null,null
Sat Oct 10 18:00:00 UTC 2026,0.5585,-1600.2806500000002,null,-1117.966043258427,null,-917.9660432584269,null,null,null,null,null,null
Sat Oct 10 19:00:00 UTC 2026,0.5585,-1600.2806500000002,null,-1138.4716612359548,null,-938.471661235955,null,null,null,null,null,null
Sat Oct 10 20:00:00 UTC 2026,0.5585,-1600.2806500000002,null,-1158.977279213483,null,-958.9772792134829,null,null,null,null,null,null
Sat Oct 10 21:00:00 UTC 2026,0.5585,-1600.2806500000002,null,-1179.482897191011,null,-979.4828971910111,null,null,null,null,null,null
Sat Oct 10 22:00:00 UTC 2026,0.5585,-1600.2806500000002,null,-1199.988515168539,null,-999.9885151685392,null,null,null,null,null,null
Sat Oct 10 23:00:00 UTC 2026,0.5585,-1600.2806500000002,null,-1220.4941331460673,null,-1020.494133146067,null,null,null,null,null,null
Sun Oct 11 00:00:00 UTC 2026,0.5585,-1600.2806500000002,null,-1240.9997511235952,null,-1040.9997511235952,null,null,null,null,null,null
Sun Oct 11 01:00:00 UTC 2026,0.5585,-1600.2806500000002,null,-1261.5053691011235,null,-1061.5053691011235,null,null,null,null,null,null
Sun Oct 11 02:00:00 UTC 2026,0.5585,-1600.2806500000002,null,-1282.0109870786514,null,-1082.0109870786516,null,null,null,null,null,null
Sun Oct 11 03:00:00 UTC 2026,0.5585,-1600.2806500000002,null,-1302.5166050561797,null,-1102.5166050561797,null,null,null,null,null,null
Sun Oct 11 04:00:00 UTC 2026,0.5585,-1600.2806500000002,null,-1323.0222230337076,null,-1123.0222230337076,null,null,null,null,null,null
Sun Oct 11 05:00:00 UTC 2026,0.5585,-1600.2806500000002,null,-1343.527841011236,null,-1143.527841011236,null,null,null,null,null,null
Sun Oct 11 06:00:00 UTC 2026,0.5585,-1600.2806500000002,null,-1364.0334589887639,null,-1164.0334589887636,null,null,null,null,null,null
Sun Oct 11 07:00:00 UTC 2026,0.5585,-1600.2806500000002,null,-1384.5390769662918,null,-1184.5390769662918,null,null,null,null,null,null
Sun Oct 11 08:00:00 UTC 2026,0.5585,-1600.2806500000002,null,-1405.04469494382,null,-1205.04469494382,null,null,null,null,null,null
Sun Oct 11 09:00:00 UTC 2026,0.5585,-1600.2806500000002,null,-1425.550312921348,null,-1225.550312921348,null,null,null,null,null,null
Sun Oct 11 10:00:00 UTC 2026,0.5585,-1600.2806500000002,null,-1446.0559308988763,null,-1246.055930898876,null,null,null,null,null,null
Sun Oct 11 11:00:00 UTC 2026,0.5585,-1600.2806500000002,null,-1466.5615488764042,null,-1266.5615488764042,null,null,null,null,null,null
Sun Oct 11 12:00:00 UTC 2026,0.5585,-1600.2806500000002,null,-1487.0671668539326,null,-1287.0671668539326,null,null,null,null,null,null
Sun Oct 11 13:00:00 UTC 2026,0.5585,-1600.2806500000002,null,-1507.5727848314605,null,-1307.5727848314605,null,null,null,null,null,null
Sun Oct 11 14:00:00 UTC 2026,0.5585,-1600.2806500000002,null,-1528.0784028089886,null,-1328.0784028089884,null,null,null,null,null,null
Sun Oct 11 15:00:00 UTC 2026,0.5585,-1600.2806500000002,null,-1548.5840207865167,null,-1348.5840207865167,null,null,null,null,null,null
Sun Oct 11 16:00:00 UTC 2026,0.5585,-1600.2806500000002,null,-1569.0896387640448,null,-1369.0896387640446,null,null,null,null,null,null
Sun Oct 11 17:00:00 UTC 2026,0.5585,-1600.2806500000002,null,-1589.595256741573,null,-1389.5952567415727,null,null,null,null,null,null
Sun Oct 11 18:00:00 UTC 2026,0.5585,-1600.2806500000002,null,-1610.100874719101,null,-1410.100874719101,null,null,null,null,null,null
Sun Oct 11 19:00:00 UTC 2026,0.5585,-1600.2806500000002,null,-1630.6064926966292,null,-1430.606492696629,null,null,null,null,null,null
Sun Oct 11 20:00:00 UTC 2026,0.5585,-1600.2806500000002,null,-1651.1121106741573,null,-1451.112110674157,null,null,null,null,null,null
Sun Oct 11 21:00:00 UTC 2026,0.5585,-1401.2806500000002,null,-1671.6177286516854,null,-1471.6177286516854,null,null,null,null,null,null
Sun Oct 11 22:00:00 UTC 2026,0.5585,-1346.2806500000002,null,-1692.1233466292133,null,-1492.123346629213,null,null,null,null,null,null
Sun Oct 11 23:00:00 UTC 2026,0.5585,-1335.2806500000002,null,-1712.6289646067414,null,-1512.6289646067412,null,null,null,null,null,null
Mon Oct 12 00:00:00 UTC 2026,0.5585,-1398.2806500000002,null,-1733.1345825842695,null,-1533.1345825842693,null,null,null,null,null,null
Mon Oct 12 01:00:00 UTC 2026,0.5585,-1251.2806500000002,null,-1753.6402005617977,null,-1553.6402005617977,null,null,null,null,null,null
Mon Oct 12 02:00:00 UTC 2026,0.5585,-1167.2806500000002,null,-1774.1458185393258,null,-1574.1458185393255,null,null,null,null,null,null
Mon Oct 12 03:00:00 UTC 2026,0.5585,-971.2806500000002,null,-1794.651436516854,null,-1594.6514365168537,null,null,null,null,null,null
Mon Oct 12 04:00:00 UTC 2026,0.5585,-1114.2806500000002,null,-1815.157054494382,null,-1615.157054494382,null,null,null,null,null,null
Mon Oct 12 05:00:00 UTC 2026,0.5585,-1002.2806500000002,null,-1835.6626724719101,null,-1635.66267247191,null,null,null,null,null,null
Mon Oct 12 06:00:00 UTC 2026,0.5585,-1015.2806500000002,null,-1856.1682904494378,null,-1656.1682904494378,null,null,null,null,null,null
Mon Oct 12 07:00:00 UTC 2026,0.5585,-1221.2806500000002,null,-1876.673908426966,null,-1676.6739084269661,null,null,null,null,null,null
Mon Oct 12 08:00:00 UTC 2026,0.5585,-1314.2806500000002,null,-1897.179526404494,null,-1697.179526404494,null,null,null,null,null,null
Mon Oct 12 09:00:00 UTC 2026,0.5585,-1383.2806500000002,null,-1917.6851443820224,null,-1717.6851443820221,null,null,null,null,null,null
Mon Oct 12 10:00:00 UTC 2026,0.5585,-1265.2806500000002,null,-1938.1907623595503,null,-1738.1907623595503,null,null,null,null,null,null
Mon Oct 12 11:00:00 UTC 2026,0.5585,-1202.2806500000002,null,-1958.6963803370786,null,-1758.6963803370786,null,null,null,null,null,null
Mon Oct 12 12:00:00 UTC 2026,0.5585,-1343.2806500000002,null,-1979.2019983146065,null,-1779.2019983146065,null,null,null,null,null,null
Mon Oct 12 13:00:00 UTC 2026,0.5585,-1421.2806500000002,null,-1999.7076162921348,null,-1799.7076162921346,null,null,null,null,null,null
Mon Oct 12 14:00:00 UTC 2026,0.5585,-1335.2806500000002,null,-2020.2132342696627,null,-1820.2132342696627,null,null,null,null,null,null
Mon Oct 12 15:00:00 UTC 2026,0.5585,-1365.2806500000002,null,-2040.7188522471906,null,-1840.7188522471906,null,null,null,null,null,null
Mon Oct 12 16:00:00 UTC 2026,0.5585,-1346.2806500000002,null,-2061.224470224719,null,-1861.2244702247187,null,null,null,null,null,null
Mon Oct 12 17:00:00 UTC 2026,0.5585,-1500.2806500000002,null,-2081.730088202247,null,-1881.7300882022469,null,null,null,null,null,null
Mon Oct 12 18:00:00 UTC 2026,0.5585,-1710.2806500000002,null,-2102.235706179775,null,-1902.235706179775,null,null,null,null,null,null
Mon Oct 12 19:00:00 UTC 2026,0.5585,-1678.2806500000002,null,-2122.741324157303,null,-1922.741324157303,null,null,null,null,null,null
Mon Oct 12 20:00:00 UTC 2026,0.5585,-1853.2806499999997,null,-2143.2469421348314,null,-1943.2469421348312,null,null,null,null,null,null
Mon Oct 12 21:00:00 UTC 2026,0.5585,-1931.2806499999997,null,-2163.7525601123593,null,-1963.7525601123596,null,null,null,null,null,null
Mon Oct 12 22:00:00 UTC 2026,0.5585,-1964.2806499999997,null,-2184.258178089887,null,-1984.2581780898872,null,null,null,null,null,null
Mon Oct 12 23:00:00 UTC 2026,0.5585,-1915.2806499999997,null,-2204.7637960674156,null,-2004.7637960674153,null,null,null,null,null,null
Tue Oct 13 00:00:00 UTC 2026,0.5585,-1968.2806499999997,null,-2225.2694140449435,null,-2025.2694140449435,null,null,null,null,null,null
Tue Oct 13 01:00:00 UTC 2026,0.5585,-2305.2806499999997,null,-2245.775032022472,null,-2045.7750320224716,null,null,null,null,null,null
Tue Oct 13 02:00:00 UTC 2026,0.5585,-2366.2806499999997,null,-2266.2806499999997,null,-2066.2806499999997,null,null,null,null,null,null
Tue Oct 13 03:00:00 UTC 2026,0.5585,-2092.2806499999997,null,null,null,null,null,null,null,null,null,null
Tue Oct 13 04:00:00 UTC 2026,0.5585,-2095.2806499999997,null,null,null,null,null,null,null,null,null,null
Tue Oct 13 05:00:00 UTC 2026,0.5585,-2306.2806499999997,null,null,null,null,null,null,null,null,null,null
Tue Oct 13 06:00:00 UTC 2026,0.5585,-2182.2806499999997,null,null,null,null,null,null,null,null,null,null
Tue Oct 13 07:00:00 UTC 2026,0.5585,-2181.2806499999997,null,null,null,null,null,null,null,null,null,null
Tue Oct 13 08:00:00 UTC 2026,0.5585,-483.28065000000015,null,null,null,null,null,null,null,null,null,null
Tue Oct 13 09:00:00 UTC 2026,0.5585,-497.28065000000015,null,null,null,null,null,null,null,null,null,null
Tue Oct 13 10:00:00 UTC 2026,0.5585,-549.2806500000002,null,null,null,null,null,null,null,null,null,null
Tue Oct 13 11:00:00 UTC 2026,0.5585,-511.28065000000015,null,null,null,null,null,null,null,null,null,null
Tue Oct 13 12:00:00 UTC 2026,0.5585,-569.2806500000002,null,null,null,null,null,null,null,null,null,null
Tue Oct 13 13:00:00 UTC 2026,0.5585,-623.2806500000002,null,null,null,null,null,null,null,null,null,null
Tue Oct 13 14:00:00 UTC 2026,0.5585,-616.2806500000002,null,null,null,null,null,null,null,null,null,null
Tue Oct 13 15:00:00 UTC 2026,0.5585,-574.2806500000002,null,null,null,null,null,null,null,null,null,null
Tue Oct 13 16:00:00 UTC 2026,0.5585,-701.2806500000002,null,null,null,null,null,null,null,null,null,null
Tue Oct 13 17:00:00 UTC 2026,0.5585,-644.2806500000002,null,null,null,null,null,null,null,null,null,null
Tue Oct 13 18:00:00 UTC 2026,0.5585,-542.2806500000002,null,null,null,null,null,null,null,null,null,null
Tue Oct 13 19:00:00 UTC 2026,0.5585,-557.2806500000002,null,null,null,null,null,null,null,null,null,null
Tue Oct 13 20:00:00 UTC 2026,0.5585,-535.2806500000002,null,null,null,null,null,null,null,null,null,null
Tue Oct 13 21:00:00 UTC 2026,0.5585,-628.2806500000002,null,null,null,null,null,null,null,null,null,null
Tue Oct 13 22:00:00 UTC 2026,0.5585,-611.2806500000002,null,null,null,null,null,null,null,null,null,null
Tue Oct 13 23:00:00 UTC 2026,0.5585,-555.2806500000002,null,null,null,null,null,null,null,null,null,null
Wed Oct 14 00:00:00 UTC 2026,0.5585,-451.28065000000015,null,null,null,null,null,null,null,null,null,null
Wed Oct 14 01:00:00 UTC 2026,0.5585,-386.28065000000015,null,null,null,null,null,null,null,null,null,null
Wed Oct 14 02:00:00 UTC 2026,0.5585,-390.28065000000015,null,null,null,null,null,null,null,null,null,null
Wed Oct 14 03:00:00 UTC 2026,0.5585,-462.28065000000015,null,null,null,null,null,null,null,null,null,null
Wed Oct 14 04:00:00 UTC 2026,0.5585,-424.28065000000015,null,null,null,null,null,null,null,null,null,null
Wed Oct 14 05:00:00 UTC 2026,0.5585,-461.28065000000015,null,null,null,null,null,null,null,null,null,null
Wed Oct 14 06:00:00 UTC 2026,0.5585,-488.28065000000015,null,null,null,null,null,null,null,null,null,null
Wed Oct 14 07:00:00 UTC 2026,0.5585,-490.28065000000015,null,null,null,null,null,null,null,null,null,null
Wed Oct 14 08:00:00 UTC 2026,0.5585,-482.28065000000015,null,null,null,null,null,null,null,null,null,null
Wed Oct 14 09:00:00 UTC 2026,0.5585,-612.2806500000002,null,null,null,null,null,null,null,null,null,null
Wed Oct 14 10:00:00 UTC 2026,0.5585,-567.2806500000002,null,null,null,null,null,null,null,null,null,null
Wed Oct 14 11:00:00 UTC 2026,0.5585,-706.2806500000002,null,null,null,null,null,null,null,null,null,null
Wed Oct 14 12:00:00 UTC 2026,0.5585,-661.2806500000002,null,null,null,null,null,null,null,null,null,null
Wed Oct 14 13:00:00 UTC 2026,0.5585,-711.2806500000002,null,null,null,null,null,null,null,null,null,null
Wed Oct 14 14:00:00 UTC 2026,0.5585,-596.2806500000002,null,null,null,null,null,null,null,null,null,null
Wed Oct 14 15:00:00 UTC 2026,0.5585,-656.2806500000002,null,null,null,null,null,null,null,null,null,null
Wed Oct 14 16:00:00 UTC 2026,0.5585,-688.2806500000002,null,null,null,null,null,null,null,null,null,null
Wed Oct 14 17:00:00 UTC 2026,0.5585,-616.2806500000002,null,null,null,null,null,null,null,null,null,null
Wed Oct 14 18:00:00 UTC 2026,0.5585,-480.28065000000015,null,null,null,null,null,null,null,null,null,null
Wed Oct 14 19:00:00 UTC 2026,0.5585,-549.2806500000002,null,null,null,null,null,null,null,null,null,null
Wed Oct 14 20:00:00 UTC 2026,0.5585,-547.2806500000002,null,null,null,null,null,null,null,null,null,null
Wed Oct 14 21:00:00 UTC 2026,0.5585,-515.2806500000002,null,null,null,null,null,null,null,null,null,null
Wed Oct 14 22:00:00 UTC 2026,0.5585,-640.2806500000002,null,null,null,null,null,null,null,null,null,null
Wed Oct 14 23:00:00 UTC 2026,0.5585,-428.28065000000015,null,null,null,null,null,null,null,null,null,null
Thu Oct 15 00:00:00 UTC 2026,0.5585,-567.2806500000002,null,null,null,null,null,null,null,null,null,null
Thu Oct 15 01:00:00 UTC 2026,0.5585,-551.2806500000002,null,null,null,null,null,null,null,null,null,null
Thu Oct 15 02:00:00 UTC 2026,0.5585,-531.2806500000002,null,null,null,null,null,null,null,null,null,null
Thu Oct 15 03:00:00 UTC 2026,0.5585,-561.2806500000002,null,null,null,null,null,null,null,null,null,null
Thu Oct 15 04:00:00 UTC 2026,0.5585,-604.2806500000002,null,null,null,null,null,null,null,null,null,null
Thu Oct 15 05:00:00 UTC 2026,0.5585,-539.2806500000002,null,null,null,null,null,null,null,null,null,null
Thu Oct 15 06:00:00 UTC 2026,0.5585,-568.2806500000002,null,null,null,null,null,null,null,null,null,null
Thu Oct 15 07:00:00 UTC 2026,0.5585,-569.2806500000002,null,null,null,null,null,null,null,null,null,null
Thu Oct 15 08:00:00 UTC 2026,0.5585,-641.2806500000002,null,null,null,null,null,null,null,null,null,null
Thu Oct 15 09:00:00 UTC 2026,0.5585,-604.2806500000002,null,null,null,null,null,null,null,null,null,null
Thu Oct 15 10:00:00 UTC 2026,0.5585,-491.28065000000015,null,null,null,null,null,null,null,null,null,null
Thu Oct 15 11:00:00 UTC 2026,0.5585,-602.2806500000002,null,null,null,null,null,null,null,null,null,null
Thu Oct 15 12:00:00 UTC 2026,0.5585,-653.2806500000002,null,null,null,null,null,null,null,null,null,null
Thu Oct 15 13:00:00 UTC 2026,0.5585,-733.2806500000002,null,null,null,null,null,null,null,null,null,null
Thu Oct 15 14:00:00 UTC 2026,0.5585,-764.2806500000002,null,null,null,null,null,null,null,null,null,null
Thu Oct 15 15:00:00 UTC 2026,0.5585,-798.2806500000002,null,null,null,null,null,null,null,null,null,null
Thu Oct 15 16:00:00 UTC 2026,0.5585,-717.2806500000002,null,null,null,null,null,null,null,null,null,null
Thu Oct 15 17:00:00 UTC 2026,0.5585,-749.2806500000002,null,null,null,null,null,null,null,null,null,null
Thu Oct 15 18:00:00 UTC 2026,0.5585,-746.2806500000002,null,null,null,null,null,null,null,null,null,null
Thu Oct 15 19:00:00 UTC 2026,0.5585,-763.2806500000002,null,null,null,null,null,null,null,null,null,null
Thu Oct 15 20:00:00 UTC 2026,0.5585,-674.2806500000002,null,null,null,null,null,null,null,null,null,null
Thu Oct 15 21:00:00 UTC 2026,0.5585,-657.2806500000002,null,null,null,null,null,null,null,null,null,null
Thu Oct 15 22:00:00 UTC 2026,0.5585,-605.2806500000002,null,null,null,null,null,null,null,null,null,null
Thu Oct 15 23:00:00 UTC 2026,0.5585,-616.2806500000002,null,null,null,null,null,null,null,null,null,null
Fri Oct 16 00:00:00 UTC 2026,0.5585,-467.28065000000015,null,null,null,null,null,null,null,null,null,null
Fri Oct 16 01:00:00 UTC 2026,0.5585,-492.28065000000015,null,null,null,null,null,null,null,null,null,null
Fri Oct 16 02:00:00 UTC 2026,0.5585,-527.2806500000002,null,null,null,null,null,null,null,null,null,null
Fri Oct 16 03:00:00 UTC 2026,0.5585,-550.2806500000002,null,null,null,null,null,null,null,null,null,null
Fri Oct 16 04:00:00 UTC 2026,0.5585,-591.2806500000002,null,null,null,null,null,null,null,null,null,null
Fri Oct 16 05:00:00 UTC 2026,0.5585,-531.2806500000002,null,null,null,null,null,null,null,null,null,null
Fri Oct 16 06:00:00 UTC 2026,0.5585,-545.2806500000002,null,null,null,null,null,null,null,null,null,null
Fri Oct 16 07:00:00 UTC 2026,0.5585,-567.2806500000002,null,null,null,null,null,null,null,null,null,null
Fri Oct 16 08:00:00 UTC 2026,0.5585,-545.2806500000002,null,null,null,null,null,null,null,null,null,null
Fri Oct 16 09:00:00 UTC 2026,0.5585,-581.2806500000002,null,null,null,null,null,null,null,null,null,null
Fri Oct 16 10:00:00 UTC 2026,0.5585,-613.2806500000002,null,null,null,null,null,null,null,null,null,null
Fri Oct 16 11:00:00 UTC 2026,0.5585,-591.2806500000002,null,null,null,null,null,null,null,null,null,null
Fri Oct 16 12:00:00 UTC 2026,0.5585,-485.28065000000015,null,null,null,null,null,null,null,null,null,null
Fri Oct 16 13:00:00 UTC 2026,0.5585,-307.28065000000015,null,null,null,null,null,null,null,null,null,null
Fri Oct 16 14:00:00 UTC 2026,0.5585,-252.28065000000015,null,null,null,null,null,null,null,null,null,null
Fri Oct 16 15:00:00 UTC 2026,0.5585,-339.28065000000015,null,null,null,null,null,null,null,null,null,null
Fri Oct 16 16:00:00 UTC 2026,0.5585,-254.28065000000015,null,null,null,null,null,null,null,null,null,null
Fri Oct 16 17:00:00 UTC 2026,0.5585,-304.28065000000015,null,null,null,null,null,null,null,null,null,null
Fri Oct 16 18:00:00 UTC 2026,0.5585,-343.28065000000015,null,null,null,null,null,null,null,null,null,null
Fri Oct 16 19:00:00 UTC 2026,0.5585,-235.28065000000015,null,null,null,null,null,null,null,null,null,null
Fri Oct 16 20:00:00 UTC 2026,0.5585,-280.28065000000015,null,null,null,null,null,null,null,null,null,null
Fri Oct 16 21:00:00 UTC 2026,0.5585,-280.28065000000015,null,null,null,null,null,null,null,null,null,null
Fri Oct 16 22:00:00 UTC 2026,0.5585,-280.28065000000015,null,null,null,null,null,null,null,null,null,null
Fri Oct 16 23:00:00 UTC 2026,0.5585,-280.28065000000015,null,null,null,null,null,null,null,null,null,null
Sat Oct 17 00:00:00 UTC 2026,0.5585,-280.28065000000015,null,null,null,null,null,null,null,null,null,null
Sat Oct 17 01:00:00 UTC 2026,0.5585,-280.28065000000015,null,null,null,null,null,null,null,null,null,null
Sat Oct 17 02:00:00 UTC 2026,0.5585,-280.28065000000015,null,null,null,null,null,null,null,null,null,null
Sat Oct 17 03:00:00 UTC 2026,0.5585,-280.28065000000015,null,null,null,null,null,null,null,null,null,null
Sat Oct 17 04:00:00 UTC 2026,0.5585,-280.28065000000015,null,null,null,null,null,null,null,null,null,null
Sat Oct 17 05:00:00 UTC 2026,0.5585,-280.28065000000015,null,null,null,null,null,null,null,null,null,null
Sat Oct 17 06:00:00 UTC 2026,0.5585,-280.28065000000015,null,null,null,null,null,null,null,null,null,null
Sat Oct 17 07:00:00 UTC 2026,0.5585,-280.28065000000015,null,null,null,null,null,null,null,null,null,null
Sat Oct 17 08:00:00 UTC 2026,0.5585,-280.28065000000015,null,null,null,null,null,null,null,null,null,null
Sat Oct 17 09:00:00 UTC 2026,0.5585,-280.28065000000015,null,null,null,null,null,null,null,null,null,null
Sat Oct 17 10:00:00 UTC 2026,0.5585,-280.28065000000015,null,null,null,null,null,null,null,null,null,null
Sat Oct 17 11:00:00 UTC 2026,0.5585,-280.28065000000015,null,null,null,null,null,null,null,null,null,null
Sat Oct 17 12:00:00 UTC 2026,0.5585,-280.28065000000015,null,null,null,null,null,null,null,null,null,null
Sat Oct 17 13:00:00 UTC 2026,0.5585,-280.28065000000015,null,null,null,null,null,null,null,null,null,null
Sat Oct 17 14:00:00 UTC 2026,0.5585,-280.28065000000015,null,null,null,null,null,null,null,null,null,null
Sat Oct 17 15:00:00 UTC 2026,0.5585,-280.28065000000015,null,null,null,null,null,null,null,null,null,null
Sat Oct 17 16:00:00 UTC 2026,0.5585,-280.28065000000015,null,null,null,null,null,null,null,null,null,null
Sat Oct 17 17:00:00 UTC 2026,0.5585,-280.28065000000015,null,null,null,null,null,null,null,null,null,null
Sat Oct 17 18:00:00 UTC 2026,0.5585,-280.28065000000015,null,null,null,null,null,null,null,null,null,null
Sat Oct 17 19:00:00 UTC 2026,0.5585,-280.28065000000015,null,null,null,null,null,null,null,null,null,null
Sat Oct 17 20:00:00 UTC 2026,0.5585,-280.28065000000015,null,null,null,null,null,null,null,null,null,null
Sat Oct 17 21:00:00 UTC 2026,0.5585,-280.28065000000015,null,null,null,null,null,null,null,null,null,null
Sat Oct 17 22:00:00 UTC 2026,0.5585,-280.28065000000015,null,null,null,null,null,null,null,null,null,null
Sat Oct 17 23:00:00 UTC 2026,0.5585,-280.28065000000015,null,null,null,null,null,null,null,null,null,null
Sun Oct 18 00:00:00 UTC 2026,0.5585,-280.28065000000015,null,null,null,null,null,null,null,null,null,null
Sun Oct 18 01:00:00 UTC 2026,0.5585,-280.28065000000015,null,null,null,null,null,null,null,null,null,null
Sun Oct 18 02:00:00 UTC 2026,0.5585,-280.28065000000015,null,null,null,null,null,null,null,null,null,null
Sun Oct 18 03:00:00 UTC 2026,0.5585,-280.28065000000015,null,null,null,null,null,null,null,null,null,null
Sun Oct 18 04:00:00 UTC 2026,0.5585,-280.28065000000015,null,null,null,null,null,null,null,null,null,null
Sun Oct 18 05:00:00 UTC 2026,0.5585,-280.28065000000015,null,null,null,null,null,null,null,null,null,null
Sun Oct 18 06:00:00 UTC 2026,0.5585,-280.28065000000015,null,null,null,null,null,null,null,null,null,null
Sun Oct 18 07:00:00 UTC 2026,0.5585,-280.28065000000015,null,null,null,null,null,null,null,null,null,null
Sun Oct 18 08:00:00 UTC 2026,0.5585,-280.28065000000015,null,null,null,null,null,null,null,null,null,null
Sun Oct 18 09:00:00 UTC 2026,0.5585,-280.28065000000015,null,null,null,null,null,null,null,null,null,null
Sun Oct 18 10:00:00 UTC 2026,0.5585,-280.28065000000015,null,null,null,null,null,null,null,null,null,null
Sun Oct 18 11:00:00 UTC 2026,0.5585,-280.28065000000015,null,null,null,null,null,null,null,null,null,null
Sun Oct 18 12:00:00 UTC 2026,0.5585,-280.28065000000015,null,null,null,null,null,null,null,null,null,null
Sun Oct 18 13:00:00 UTC 2026,0.5585,-280.28065000000015,null,null,null,null,null,null,null,null,null,null
Sun Oct 18 14:00:00 UTC 2026,0.5585,-280.28065000000015,null,null,null,null,null,null,null,null,null,null
Sun Oct 18 15:00:00 UTC 2026,0.5585,-280.28065000000015,null,null,null,null,null,null,null,null,null,null
Sun Oct 18 16:00:00 UTC 2026,0.5585,-280.28065000000015,null,null,null,null,null,null,null,null,null,null
Sun Oct 18 17:00:00 UTC 2026,0.5585,-280.28065000000015,null,null,null,null,null,null,null,null,null,null
Sun Oct 18 18:00:00 UTC 2026,0.5585,-280.28065000000015,null,null,null,null,null,null,null,null,null,null
Sun Oct 18 19:00:00 UTC 2026,0.5585,-280.28065000000015,null,null,null,null,null,null,null,null,null,null
Sun Oct 18 20:00:00 UTC 2026,0.5585,-280.28065000000015,null,null,null,null,null,null,null,null,null,null
Sun Oct 18 21:00:00 UTC 2026,0.5585,-3.2806500000001506,null,null,null,null,null,null,null,null,null,null
Sun Oct 18 22:00:00 UTC 2026,0.5585,-65.28065000000015,null,null,null,null,null,null,null,null,null,null
Sun Oct 18 23:00:00 UTC 2026,0.5585,-214.28065000000015,null,null,null,null,null,null,null,null,null,null
Mon Oct 19 00:00:00 UTC 2026,0.5585,-92.28065000000015,null,null,null,null,null,null,null,null,null,null
Mon Oct 19 01:00:00 UTC 2026,0.5585,-121.28065000000015,null,null,null,null,null,null,null,null,null,null
Mon Oct 19 02:00:00 UTC 2026,0.5585,-122.28065000000015,null,null,null,null,null,null,null,null,null,null
Mon Oct 19 03:00:00 UTC 2026,0.5585,38.71934999999985,null,null,null,null,null,null,null,null,null,null
Mon Oct 19 04:00:00 UTC 2026,0.5585,55.71934999999985,null,null,null,null,null,null,null,null,null,null
Mon Oct 19 05:00:00 UTC 2026,0.5585,66.71934999999985,null,null,null,null,null,null,null,null,null,null
Mon Oct 19 06:00:00 UTC 2026,0.5585,-17.28065000000015,null,null,null,null,null,null,null,null,null,null
Mon Oct 19 07:00:00 UTC 2026,0.5585,-5.280650000000151,null,null,null,null,null,null,null,null,null,null
Mon Oct 19 08:00:00 UTC 2026,0.5585,-9.28065000000015,null,null,null,null,null,null,null,null,null,null
Mon Oct 19 09:00:00 UTC 2026,0.5585,17.71934999999985,null,null,null,null,null,null,null,null,null,null
Mon Oct 19 10:00:00 UTC 2026,0.5585,-100.28065000000015,null,null,null,null,null,null,null,null,null,null
Mon Oct 19 11:00:00 UTC 2026,0.5585,-175.28065000000015,null,null,null,null,null,null,null,null,null,null
Mon Oct 19 12:00:00 UTC 2026,0.5585,-141.28065000000015,null,null,null,null,null,null,null,null,null,null
Mon Oct 19 13:00:00 UTC 2026,0.5585,-189.28065000000015,null,null,null,null,null,null,null,null,null,null
Mon Oct 19 14:00:00 UTC 2026,0.5585,-205.28065000000015,null,null,null,null,null,null,null,null,null,null
Mon Oct 19 15:00:00 UTC 2026,0.5585,-337.28065000000015,null,null,null,null,null,null,null,null,null,null
Mon Oct 19 16:00:00 UTC 2026,0.5585,-263.28065000000015,null,null,null,null,null,null,null,null,null,null
Mon Oct 19 17:00:00 UTC 2026,0.5585,-239.28065000000015,null,null,null,null,null,null,null,null,null,null
Mon Oct 19 18:00:00 UTC 2026,0.5585,-275.28065000000015,null,null,null,null,null,null,null,null,null,null
Mon Oct 19 19:00:00 UTC 2026,0.5585,-340.28065000000015,null,null,null,null,null,null,null,null,null,null
Mon Oct 19 20:00:00 UTC 2026,0.5585,-259.28065000000015,null,null,null,null,null,null,null,null,null,null
Mon Oct 19 21:00:00 UTC 2026,0.5585,-232.28065000000015,null,null,null,null,null,null,null,null,null,null
Mon Oct 19 22:00:00 UTC 2026,0.5585,-267.28065000000015,null,null,null,null,null,null,null,null,null,null
Mon Oct 19 23:00:00 UTC 2026,0.5585,-290.28065000000015,null,null,null,null,null,null,null,null,null,null
Tue Oct 20 00:00:00 UTC 2026,0.5585,-333.28065000000015,null,null,null,null,null,null,null,null,null,null
Tue Oct 20 01:00:00 UTC 2026,0.5585,-302.28065000000015,null,null,null,null,null,null,null,null,null,null
Tue Oct 20 02:00:00 UTC 2026,0.5585,-334.28065000000015,null,null,null,null,null,null,null,null,null,null
Tue Oct 20 03:00:00 UTC 2026,0.5585,-330.28065000000015,null,null,null,null,null,null,null,null,null,null
Tue Oct 20 04:00:00 UTC 2026,0.5585,-442.28065000000015,null,null,null,null,null,null,null,null,null,null
Tue Oct 20 05:00:00 UTC 2026,0.5585,-459.28065000000015,null,null,null,null,null,null,null,null,null,null
Tue Oct 20 06:00:00 UTC 2026,0.5585,-437.28065000000015,null,null,null,null,null,null,null,null,null,null
Tue Oct 20 07:00:00 UTC 2026,0.5585,-488.28065000000015,null,null,null,null,null,null,null,null,null,null
Tue Oct 20 08:00:00 UTC 2026,0.5585,877.7193500000001,null,null,null,null,null,null,null,null,null,null
Tue Oct 20 09:00:00 UTC 2026,0.5585,863.7193500000001,null,null,null,null,null,null,null,null,null,null
Tue Oct 20 10:00:00 UTC 2026,0.5585,827.7193500000001,null,null,null,null,null,null,null,null,null,null
Tue Oct 20 11:00:00 UTC 2026,0.5585,861.7193500000001,null,null,null,null,null,null,null,null,null,null
Tue Oct 20 12:00:00 UTC 2026,0.5585,813.7193500000001,null,null,null,null,null,null,null,null,null,null
Tue Oct 20 13:00:00 UTC 2026,0.5585,820.7193500000001,null,null,null,null,null,null,null,null,null,null
Tue Oct 20 14:00:00 UTC 2026,0.5585,827.7193500000001,null,null,null,null,null,null,null,null,null,null
Tue Oct 20 15:00:00 UTC 2026,0.5585,921.7193500000001,null,null,null,null,null,null,null,null,null,null
Tue Oct 20 16:00:00 UTC 2026,0.5585,998.7193500000001,null,null,null,null,null,null,null,null,null,null
Tue Oct 20 17:00:00 UTC 2026,0.5585,1026.71935,null,null,null,null,null,null,null,null,null,null
Tue Oct 20 18:00:00 UTC 2026,0.5585,1018.7193500000001,null,null,null,null,null,null,null,null,null,null
Tue Oct 20 19:00:00 UTC 2026,0.5585,1036.71935,null,null,null,null,null,null,null,null,null,null
Tue Oct 20 20:00:00 UTC 2026,0.5585,1076.71935,null,null,null,null,null,null,null,null,null,null
Tue Oct 20 21:00:00 UTC 2026,0.5585,1017.7193500000001,null,null,null,null,null,null,null,null,null,null
Tue Oct 20 22:00:00 UTC 2026,0.5585,1040.71935,null,null,null,null,null,null,null,null,null,null
Tue Oct 20 23:00:00 UTC 2026,0.5585,1092.71935,null,null,null,null,null,null,null,null,null,null
Wed Oct 21 00:00:00 UTC 2026,0.5585,1044.71935,null,null,null,null,null,null,null,null,null,null
Wed Oct 21 01:00:00 UTC 2026,0.5585,1035.71935,null,null,null,null,null,null,null,null,null,null
Wed Oct 21 02:00:00 UTC 2026,0.5585,989.7193500000001,null,null,null,null,null,null,null,null,null,null
Wed Oct 21 03:00:00 UTC 2026,0.5585,1018.7193500000001,null,null,null,null,null,null,null,null,null,null
Wed Oct 21 04:00:00 UTC 2026,0.5585,962.7193500000001,null,null,null,null,null,null,null,null,null,null
Wed Oct 21 05:00:00 UTC 2026,0.5585,1029.71935,null,null,null,null,null,null,null,null,null,null
Wed Oct 21 06:00:00 UTC 2026,0.5585,1063.71935,null,null,null,null,null,null,null,null,null,null
Wed Oct 21 07:00:00 UTC 2026,0.5585,1042.71935,null,null,null,null,null,null,null,null,null,null
Wed Oct 21 08:00:00 UTC 2026,0.5585,1042.71935,null,null,null,null,null,null,null,null,null,null
Wed Oct 21 09:00:00 UTC 2026,0.5585,1079.71935,null,null,null,null,null,null,null,null,null,null
Wed Oct 21 10:00:00 UTC 2026,0.5585,1174.71935,null,null,null,null,null,null,null,null,null,null
Wed Oct 21 11:00:00 UTC 2026,0.5585,1198.71935,null,null,null,null,null,null,null,null,null,null
Wed Oct 21 12:00:00 UTC 2026,0.5585,1152.71935,null,null,null,null,null,null,null,null,null,null
Wed Oct 21 13:00:00 UTC 2026,0.5585,1170.71935,null,null,null,null,null,null,null,null,null,null
Wed Oct 21 14:00:00 UTC 2026,0.5585,1146.71935,null,null,null,null,null,null,null,null,null,null
Wed Oct 21 15:00:00 UTC 2026,0.5585,1099.71935,null,null,null,null,null,null,null,null,null,null
Wed Oct 21 16:00:00 UTC 2026,0.5585,1081.71935,null,null,null,null,null,null,null,null,null,null
Wed Oct 21 17:00:00 UTC 2026,0.5585,1071.71935,null,null,null,null,null,null,null,null,null,null
Wed Oct 21 18:00:00 UTC 2026,0.5585,1070.71935,null,null,null,null,null,null,null,null,null,null
Wed Oct 21 19:00:00 UTC 2026,0.5585,1058.71935,null,null,null,null,null,null,null,null,null,null
Wed Oct 21 20:00:00 UTC 2026,0.5585,1044.71935,null,null,null,null,null,null,null,null,null,null
Wed Oct 21 21:00:00 UTC 2026,0.5585,1071.71935,null,null,null,null,null,null,null,null,null,null
Wed Oct 21 22:00:00 UTC 2026,0.5585,1107.71935,null,null,null,null,null,null,null,null,null,null
Wed Oct 21 23:00:00 UTC 2026,0.5585,1112.71935,null,null,null,null,null,null,null,null,null,null
Thu Oct 22 00:00:00 UTC 2026,0.5585,1100.71935,null,null,null,null,null,null,null,null,null,null
Thu Oct 22 01:00:00 UTC 2026,0.5585,1067.71935,null,null,null,null,null,null,null,null,null,null
Thu Oct 22 02:00:00 UTC 2026,0.5585,1062.71935,null,null,null,null,null,null,null,null,null,null
Thu Oct 22 03:00:00 UTC 2026,0.5585,1093.71935,null,null,null,null,null,null,null,null,null,null
Thu Oct 22 04:00:00 UTC 2026,0.5585,1096.71935,null,null,null,null,null,null,null,null,null,null
Thu Oct 22 05:00:00 UTC 2026,0.5585,1143.71935,null,null,null,null,null,null,null,null,null,null
Thu Oct 22 06:00:00 UTC 2026,0.5585,1166.71935,null,null,null,null,null,null,null,null,null,null
Thu Oct 22 07:00:00 UTC 2026,0.5585,1233.71935,null,null,null,null,null,null,null,null,null,null
Thu Oct 22 08:00:00 UTC 2026,0.5585,1249.7193499999998,null,null,null,null,null,null,null,null,null,null
Thu Oct 22 09:00:00 UTC 2026,0.5585,1179.71935,null,null,null,null,null,null,null,null,null,null
Thu Oct 22 10:00:00 UTC 2026,0.5585,1223.71935,null,null,null,null,null,null,null,null,null,null
Thu Oct 22 11:00:00 UTC 2026,0.5585,1263.7193499999998,null,null,null,null,null,null,null,null,null,null
Thu Oct 22 12:00:00 UTC 2026,0.5585,1183.71935,null,null,null,null,null,null,null,null,null,null
Thu Oct 22 13:00:00 UTC 2026,0.5585,1281.7193499999998,null,null,null,null,null,null,null,null,null,null
Thu Oct 22 14:00:00 UTC 2026,0.5585,1183.71935,null,null,null,null,null,null,null,null,null,null
Thu Oct 22 15:00:00 UTC 2026,0.5585,1225.71935,null,null,null,null,null,null,null,null,null,null
Thu Oct 22 16:00:00 UTC 2026,0.5585,1194.71935,null,null,null,null,null,null,null,null,null,null
Thu Oct 22 17:00:00 UTC 2026,0.5585,1260.7193499999998,null,null,null,null,null,null,null,null,null,null
Thu Oct 22 18:00:00 UTC 2026,0.5585,1277.7193499999998,null,null,null,null,null,null,null,null,null,null
Thu Oct 22 19:00:00 UTC 2026,0.5585,1234.71935,null,null,null,null,null,null,null,null,null,null
Thu Oct 22 20:00:00 UTC 2026,0.5585,1253.7193499999998,null,null,null,null,null,null,null,null,null,null
Thu Oct 22 21:00:00 UTC 2026,0.5585,1253.7193499999998,null,null,null,null,null,null,null,null,null,null
Thu Oct 22 22:00:00 UTC 2026,0.5585,1323.7193499999998,null,null,null,null,null,null,null,null,null,null
Thu Oct 22 23:00:00 UTC 2026,0.5585,1366.7193499999998,null,null,null,null,null,null,null,null,null,null
Fri Oct 23 00:00:00 UTC 2026,0.5585,1422.7193499999998,null,null,null,null,null,null,null,null,null,null
Fri Oct 23 01:00:00 UTC 2026,0.5585,1368.7193499999998,null,null,null,null,null,null,null,null,null,null
Fri Oct 23 02:00:00 UTC 2026,0.5585,1426.7193499999998,null,null,null,null,null,null,null,null,null,null
Fri Oct 23 03:00:00 UTC 2026,0.5585,1435.7193499999998,null,null,null,null,null,null,null,null,null,null
Fri Oct 23 04:00:00 UTC 2026,0.5585,1491.7193499999998,null,null,null,null,null,null,null,null,null,null
Fri Oct 23 05:00:00 UTC 2026,0.5585,1471.7193499999998,null,null,null,null,null,null,null,null,null,null
Fri Oct 23 06:00:00 UTC 2026,0.5585,1445.7193499999998,null,null,null,null,null,null,null,null,null,null
Fri Oct 23 07:00:00 UTC 2026,0.5585,1432.7193499999998,null,null,null,null,null,null,null,null,null,null
Fri Oct 23 08:00:00 UTC 2026,0.5585,1388.7193499999998,null,null,null,null,null,null,null,null,null,null
Fri Oct 23 09:00:00 UTC 2026,0.5585,1357.7193499999998,null,null,null,null,null,null,null,null,null,null
Fri Oct 23 10:00:00 UTC 2026,0.5585,1383.7193499999998,null,null,null,null,null,null,null,null,null,null
Fri Oct 23 11:00:00 UTC 2026,0.5585,1403.7193499999998,null,null,null,null,null,null,null,null,null,null
Fri Oct 23 12:00:00 UTC 2026,0.5585,1409.7193499999998,null,null,null,null,null,null,null,null,null,null
Fri Oct 23 13:00:00 UTC 2026,0.5585,1411.7193499999998,null,null,null,null,null,null,null,null,null,null
Fri Oct 23 14:00:00 UTC 2026,0.5585,1470.7193499999998,null,null,null,null,null,null,null,null,null,null
Fri Oct 23 15:00:00 UTC 2026,0.5585,1418.7193499999998,null,null,null,null,null,null,null,null,null,null
Fri Oct 23 16:00:00 UTC 2026,0.5585,1472.7193499999998,null,null,null,null,null,null,null,null,null,null
Fri Oct 23 17:00:00 UTC 2026,0.5585,1559.7193499999998,null,null,null,null,null,null,null,null,null,null
Fri Oct 23 18:00:00 UTC 2026,0.5585,1462.7193499999998,null,null,null,null,null,null,null,null,null,null
Fri Oct 23 19:00:00 UTC 2026,0.5585,1490.7193499999998,null,null,null,null,null,null,null,null,null,null
Fri Oct 23 20:00:00 UTC 2026,0.5585,1511.7193499999998,null,null,null,null,null,null,null,null,null,null
Fri Oct 23 21:00:00 UTC 2026,0.5585,1511.7193499999998,null,null,null,null,null,null,null,null,null,null
Fri Oct 23 22:00:00 UTC 2026,0.5585,1511.7193499999998,null,null,null,null,null,null,null,null,null,null
Fri Oct 23 23:00:00 UTC 2026,0.5585,1511.7193499999998,null,null,null,null,null,null,null,null,null,null
Sat Oct 24 00:00:00 UTC 2026,0.5585,1511.7193499999998,null,null,null,null,null,null,null,null,null,null
Sat Oct 24 01:00:00 UTC 2026,0.5585,1511.7193499999998,null,null,null,null,null,null,null,null,null,null
Sat Oct 24 02:00:00 UTC 2026,0.5585,1511.7193499999998,null,null,null,null,null,null,null,null,null,null
Sat Oct 24 03:00:00 UTC 2026,0.5585,1511.7193499999998,null,null,null,null,null,null,null,null,null,null
Sat Oct 24 04:00:00 UTC 2026,0.5585,1511.7193499999998,null,null,null,null,null,null,null,null,null,null
Sat Oct 24 05:00:00 UTC 2026,0.5585,1511.7193499999998,null,null,null,null,null,null,null,null,null,null
Sat Oct 24 06:00:00 UTC 2026,0.5585,1511.7193499999998,null,null,null,null,null,null,null,null,null,null
Sat Oct 24 07:00:00 UTC 2026,0.5585,1511.7193499999998,null,null,null,null,null,null,null,null,null,null
Sat Oct 24 08:00:00 UTC 2026,0.5585,1511.7193499999998,null,null,null,null,null,null,null,null,null,null
Sat Oct 24 09:00:00 UTC 2026,0.5585,1511.7193499999998,null,null,null,null,null,null,null,null,null,null
Sat Oct 24 10:00:00 UTC 2026,0.5585,1511.7193499999998,null,null,null,null,null,null,null,null,null,null
Sat Oct 24 11:00:00 UTC 2026,0.5585,1511.7193499999998,null,null,null,null,null,null,null,null,null,null
Sat Oct 24 12:00:00 UTC 2026,0.5585,1511.7193499999998,null,null,null,null,null,null,null,null,null,null
Sat Oct 24 13:00:00 UTC 2026,0.5585,1511.7193499999998,null,null,null,null,null,null,null,null,null,null
Sat Oct 24 14:00:00 UTC 2026,0.5585,1511.7193499999998,null,null,null,null,null,null,null,null,null,null
Sat Oct 24 15:00:00 UTC 2026,0.5585,1511.7193499999998,null,null,null,null,null,null,null,null,null,null
Sat Oct 24 16:00:00 UTC 2026,0.5585,1511.7193499999998,null,null,null,null,null,null,null,null,null,null
Sat Oct 24 17:00:00 UTC 2026,0.5585,1511.7193499999998,null,null,null,null,null,null,null,null,null,null
Sat Oct 24 18:00:00 UTC 2026,0.5585,1511.7193499999998,null,null,null,null,null,null,null,null,null,null
Sat Oct 24 19:00:00 UTC 2026,0.5585,1511.7193499999998,null,null,null,null,null,null,null,null,null,null
Sat Oct 24 20:00:00 UTC 2026,0.5585,1511.7193499999998,null,null,null,null,null,null,null,null,null,null
Sat Oct 24 21:00:00 UTC 2026,0.5585,1511.7193499999998,null,null,null,null,null,null,null,null,null,null
Sat Oct 24 22:00:00 UTC 2026,0.5585,1511.7193499999998,null,null,null,null,null,null,null,null,null,null
Sat Oct 24 23:00:00 UTC 2026,0.5585,1511.7193499999998,null,null,null,null,null,null,null,null,null,null
Sun Oct 25 00:00:00 UTC 2026,0.5585,1511.7193499999998,null,null,null,null,null,null,null,null,null,null
Sun Oct 25 01:00:00 UTC 2026,0.5585,1511.7193499999998,null,null,null,null,null,null,null,null,null,null
Sun Oct 25 02:00:00 UTC 2026,0.5585,1511.7193499999998,null,null,null,null,null,null,null,null,null,null
Sun Oct 25 03:00:00 UTC 2026,0.5585,1511.7193499999998,null,null,null,null,null,null,null,null,null,null
Sun Oct 25 04:00:00 UTC 2026,0.5585,1511.7193499999998,null,null,null,null,null,null,null,null,null,null
Sun Oct 25 05:00:00 UTC 2026,0.5585,1511.7193499999998,null,null,null,null,null,null,null,null,null,null
Sun Oct 25 06:00:00 UTC 2026,0.5585,1511.7193499999998,null,null,null,null,null,null,null,null,null,null
Sun Oct 25 07:00:00 UTC 2026,0.5585,1511.7193499999998,null,null,null,null,null,null,null,null,null,null
Sun Oct 25 08:00:00 UTC 2026,0.5585,1511.7193499999998,null,null,null,null,null,null,null,null,null,null
Sun Oct 25 09:00:00 UTC 2026,0.5585,1511.7193499999998,null,null,null,null,null,null,null,null,null,null
Sun Oct 25 10:00:00 UTC 2026,0.5585,1511.7193499999998,null,null,null,null,null,null,null,null,null,null
Sun Oct 25 11:00:00 UTC 2026,0.5585,1511.7193499999998,null,null,null,null,null,null,null,null,null,null
Sun Oct 25 12:00:00 UTC 2026,0.5585,1511.7193499999998,null,null,null,null,null,null,null,null,null,null
Sun Oct 25 13:00:00 UTC 2026,0.5585,1511.7193499999998,null,null,null,null,null,null,null,null,null,null
Sun Oct 25 14:00:00 UTC 2026,0.5585,1511.7193499999998,null,null,null,null,null,null,null,null,null,null
Sun Oct 25 15:00:00 UTC 2026,0.5585,1511.7193499999998,null,null,null,null,null,null,null,null,null,null
Sun Oct 25 16:00:00 UTC 2026,0.5585,1511.7193499999998,null,null,null,null,null,null,null,null,null,null
Sun Oct 25 17:00:00 UTC 2026,0.5585,1511.7193499999998,null,null,null,null,null,null,null,null,null,null
Sun Oct 25 18:00:00 UTC 2026,0.5585,1511.7193499999998,null,null,null,null,null,null,null,null,null,null
Sun Oct 25 19:00:00 UTC 2026,0.5585,1511.7193499999998,null,null,null,null,null,null,null,null,null,null
Sun Oct 25 20:00:00 UTC 2026,0.5585,1511.7193499999998,null,null,null,null,null,null,null,null,null,null
Sun Oct 25 21:00:00 UTC 2026,0.5585,1509.7193499999998,null,null,null,null,null,null,null,null,null,null
Sun Oct 25 22:00:00 UTC 2026,0.5585,1517.7193499999998,null,null,null,null,null,null,null,null,null,null
Sun Oct 25 23:00:00 UTC 2026,0.5585,1528.7193499999998,null,null,null,null,null,null,null,null,null,null
Mon Oct 26 00:00:00 UTC 2026,0.5585,1526.7193499999998,null,null,null,null,null,null,null,null,null,null
Mon Oct 26 01:00:00 UTC 2026,0.5585,1530.7193499999998,null,null,null,null,null,null,null,null,null,null
Mon Oct 26 02:00:00 UTC 2026,0.5585,1542.7193499999998,null,null,null,null,null,null,null,null,null,null
Mon Oct 26 03:00:00 UTC 2026,0.5585,1527.7193499999998,null,null,null,null,null,null,null,null,null,null
Mon Oct 26 04:00:00 UTC 2026,0.5585,1505.7193499999998,null,null,null,null,null,null,null,null,null,null
Mon Oct 26 05:00:00 UTC 2026,0.5585,1479.7193499999998,null,null,null,null,null,null,null,null,null,null
Mon Oct 26 06:00:00 UTC 2026,0.5585,1427.7193499999998,null,null,null,null,null,null,null,null,null,null
Mon Oct 26 07:00:00 UTC 2026,0.5585,1384.7193499999998,null,null,null,null,null,null,null,null,null,null
Mon Oct 26 08:00:00 UTC 2026,0.5585,1404.7193499999998,null,null,null,null,null,null,null,null,null,null
Mon Oct 26 09:00:00 UTC 2026,0.5585,1434.7193499999998,null,null,null,null,null,null,null,null,null,null
Mon Oct 26 10:00:00 UTC 2026,0.5585,1411.7193499999998,null,null,null,null,null,null,null,null,null,null
Mon Oct 26 11:00:00 UTC 2026,0.5585,1440.7193499999998,null,null,null,null,null,null,null,null,null,null
Mon Oct 26 12:00:00 UTC 2026,0.5585,1419.7193499999998,null,null,null,null,null,null,null,null,null,null
Mon Oct 26 13:00:00 UTC 2026,0.5585,1375.7193499999998,null,null,null,null,null,null,null,null,null,null
Mon Oct 26 14:00:00 UTC 2026,0.5585,1383.7193499999998,null,null,null,null,null,null,null,null,null,null
Mon Oct 26 15:00:00 UTC 2026,0.5585,1442.7193499999998,null,null,null,null,null,null,null,null,null,null
Mon Oct 26 16:00:00 UTC 2026,0.5585,1426.7193499999998,null,null,null,null,null,null,null,null,null,null
Mon Oct 26 17:00:00 UTC 2026,0.5585,1411.7193499999998,null,null,null,null,null,null,null,null,null,null
Mon Oct 26 18:00:00 UTC 2026,0.5585,1465.7193499999998,null,null,null,null,null,null,null,null,null,null
Mon Oct 26 19:00:00 UTC 2026,0.5585,1406.7193499999998,null,null,null,null,null,null,null,null,null,null
Mon Oct 26 20:00:00 UTC 2026,0.5585,1340.7193499999998,null,null,null,null,null,null,null,null,null,null
Mon Oct 26 21:00:00 UTC 2026,0.5585,1371.7193499999998,null,null,null,null,null,null,null,null,null,null
Mon Oct 26 22:00:00 UTC 2026,0.5585,1360.7193499999998,null,null,null,null,null,null,null,null,null,null
Mon Oct 26 23:00:00 UTC 2026,0.5585,1339.7193499999998,null,null,null,null,null,null,null,null,null,null
Tue Oct 27 00:00:00 UTC 2026,0.5585,1352.7193499999998,null,null,null,null,null,null,null,null,null,null
Tue Oct 27 01:00:00 UTC 2026,0.5585,1343.7193499999998,null,null,null,null,null,null,null,null,null,null
Tue Oct 27 02:00:00 UTC 2026,0.5585,1385.7193499999998,null,null,null,null,null,null,null,null,null,null
Tue Oct 27 03:00:00 UTC 2026,0.5585,1333.7193499999998,null,null,null,null,null,null,null,null,null,null
Tue Oct 27 04:00:00 UTC 2026,0.5585,1302.7193499999998,null,null,null,null,null,null,null,null,null,null
Tue Oct 27 05:00:00 UTC 2026,0.5585,1273.7193499999998,null,null,null,null,null,null,null,null,null,null
Tue Oct 27 06:00:00 UTC 2026,0.5585,1326.7193499999998,null,null,null,null,null,null,null,null,null,null
Tue Oct 27 07:00:00 UTC 2026,0.5585,1306.7193499999998,null,null,null,null,null,null,null,null,null,null
Tue Oct 27 08:00:00 UTC 2026,0.5585,1992.71935,null,null,null,null,null,null,null,null,null,null
Tue Oct 27 09:00:00 UTC 2026,0.5585,1984.71935,null,null,null,null,null,null,null,null,null,null
Tue Oct 27 10:00:00 UTC 2026,0.5585,2002.71935,null,null,null,null,null,null,null,null,null,null
Tue Oct 27 11:00:00 UTC 2026,0.5585,2001.71935,null,null,null,null,null,null,null,null,null,null
Tue Oct 27 12:00:00 UTC 2026,0.5585,1989.71935,null,null,null,null,null,null,null,null,null,null
Tue Oct 27 13:00:00 UTC 2026,0.5585,1969.71935,null,null,null,null,null,null,null,null,null,null
Tue Oct 27 14:00:00 UTC 2026,0.5585,1979.71935,null,null,null,null,null,null,null,null,null,null
Tue Oct 27 15:00:00 UTC 2026,0.5585,2002.71935,null,null,null,null,null,null,null,null,null,null
Tue Oct 27 16:00:00 UTC 2026,0.5585,1992.71935,null,null,null,null,null,null,null,null,null,null
Tue Oct 27 17:00:00 UTC 2026,0.5585,1991.71935,null,null,null,null,null,null,null,null,null,null
Tue Oct 27 18:00:00 UTC 2026,0.5585,1972.71935,null,null,null,null,null,null,null,null,null,null
Tue Oct 27 19:00:00 UTC 2026,0.5585,1979.71935,null,null,null,null,null,null,null,null,null,null
Tue Oct 27 20:00:00 UTC 2026,0.5585,2004.71935,null,null,null,null,null,null,null,null,null,null
Tue Oct 27 21:00:00 UTC 2026,0.5585,1995.71935,null,null,null,null,null,null,null,null,null,null
Tue Oct 27 22:00:00 UTC 2026,0.5585,2003.71935,null,null,null,null,null,null,null,null,null,null
Tue Oct 27 23:00:00 UTC 2026,0.5585,1993.71935,null,null,null,null,null,null,null,null,null,null
Wed Oct 28 00:00:00 UTC 2026,0.5585,2007.71935,null,null,null,null,null,null,null,null,null,null
Wed Oct 28 01:00:00 UTC 2026,0.5585,2022.71935,null,null,null,null,null,null,null,null,null,null
Wed Oct 28 02:00:00 UTC 2026,0.5585,2015.71935,null,null,null,null,null,null,null,null,null,null
Wed Oct 28 03:00:00 UTC 2026,0.5585,2007.71935,null,null,null,null,null,null,null,null,null,null
Wed Oct 28 04:00:00 UTC 2026,0.5585,1995.71935,null,null,null,null,null,null,null,null,null,null
Wed Oct 28 05:00:00 UTC 2026,0.5585,2003.71935,null,null,null,null,null,null,null,null,null,null
Wed Oct 28 06:00:00 UTC 2026,0.5585,1979.71935,null,null,null,null,null,null,null,null,null,null
Wed Oct 28 07:00:00 UTC 2026,0.5585,2001.71935,null,null,null,null,null,null,null,null,null,null
Wed Oct 28 08:00:00 UTC 2026,0.5585,1979.71935,null,null,null,null,null,null,null,null,null,null
Wed Oct 28 09:00:00 UTC 2026,0.5585,1978.71935,null,null,null,null,null,null,null,null,null,null
Wed Oct 28 10:00:00 UTC 2026,0.5585,1987.71935,null,null,null,null,null,null,null,null,null,null
Wed Oct 28 11:00:00 UTC 2026,0.5585,1973.71935,null,null,null,null,null,null,null,null,null,null
Wed Oct 28 12:00:00 UTC 2026,0.5585,1993.71935,null,null,null,null,null,null,null,null,null,null
Wed Oct 28 13:00:00 UTC 2026,0.5585,2016.71935,null,null,null,null,null,null,null,null,null,null
Wed Oct 28 14:00:00 UTC 2026,0.5585,2009.71935,null,null,null,null,null,null,null,null,null,null
Wed Oct 28 15:00:00 UTC 2026,0.5585,2017.71935,null,null,null,null,null,null,null,null,null,null
Wed Oct 28 16:00:00 UTC 2026,0.5585,2015.71935,null,null,null,null,null,null,null,null,null,null
Wed Oct 28 17:00:00 UTC 2026,0.5585,2015.71935,null,null,null,null,null,null,null,null,null,null
Wed Oct 28 18:00:00 UTC 2026,0.5585,2007.71935,null,null,null,null,null,null,null,null,null,null
Wed Oct 28 19:00:00 UTC 2026,0.5585,2013.71935,null,null,null,null,null,null,null,null,null,null
Wed Oct 28 20:00:00 UTC 2026,0.5585,2027.71935,null,null,null,null,null,null,null,null,null,null
Wed Oct 28 21:00:00 UTC 2026,0.5585,2021.71935,null,null,null,null,null,null,null,null,null,null
Wed Oct 28 22:00:00 UTC 2026,0.5585,2017.71935,null,null,null,null,null,null,null,null,null,null
Wed Oct 28 23:00:00 UTC 2026,0.5585,2008.71935,null,null,null,null,null,null,null,null,null,null
Thu Oct 29 00:00:00 UTC 2026,0.5585,2015.71935,null,null,null,null,null,null,null,null,null,null
Thu Oct 29 01:00:00 UTC 2026,0.5585,2037.71935,null,null,null,null,null,null,null,null,null,null
Thu Oct 29 02:00:00 UTC 2026,0.5585,2020.71935,null,null,null,null,null,null,null,null,null,null
Thu Oct 29 03:00:00 UTC 2026,0.5585,2011.71935,null,null,null,null,null,null,null,null,null,null
Thu Oct 29 04:00:00 UTC 2026,0.5585,2011.71935,null,null,null,null,null,null,null,null,null,null
Thu Oct 29 05:00:00 UTC 2026,0.5585,2015.71935,null,null,null,null,null,null,null,null,null,null
Thu Oct 29 06:00:00 UTC 2026,0.5585,1987.71935,null,null,null,null,null,null,null,null,null,null
Thu Oct 29 07:00:00 UTC 2026,0.5585,1995.71935,null,null,null,null,null,null,null,null,null,null
Thu Oct 29 08:00:00 UTC 2026,0.5585,1987.71935,null,null,null,null,null,null,null,null,null,null
Thu Oct 29 09:00:00 UTC 2026,0.5585,1984.71935,null,null,null,null,null,null,null,null,null,null
Thu Oct 29 10:00:00 UTC 2026,0.5585,1976.71935,null,null,null,null,null,null,null,null,null,null
Thu Oct 29 11:00:00 UTC 2026,0.5585,1967.71935,null,null,null,null,null,null,null,null,null,null
Thu Oct 29 12:00:00 UTC 2026,0.5585,1974.71935,null,null,null,null,null,null,null,null,null,null
Thu Oct 29 13:00:00 UTC 2026,0.5585,1975.71935,null,null,null,null,null,null,null,null,null,null
Thu Oct 29 14:00:00 UTC 2026,0.5585,2003.71935,null,null,null,null,null,null,null,null,null,null
Thu Oct 29 15:00:00 UTC 2026,0.5585,2018.71935,null,null,null,null,null,null,null,null,null,null
Thu Oct 29 16:00:00 UTC 2026,0.5585,2140.71935,null,null,null,null,null,null,null,null,null,null
Thu Oct 29 17:00:00 UTC 2026,0.5585,2110.71935,null,null,null,null,null,null,null,null,null,null
Thu Oct 29 18:00:00 UTC 2026,0.5585,2107.71935,null,null,null,null,null,null,null,null,null,null
Thu Oct 29 19:00:00 UTC 2026,0.5585,2091.71935,null,null,null,null,null,null,null,null,null,null
Thu Oct 29 20:00:00 UTC 2026,0.5585,2095.71935,null,null,null,null,null,null,null,null,null,null
Thu Oct 29 21:00:00 UTC 2026,0.5585,2090.71935,null,null,null,null,null,null,null,null,null,null
Thu Oct 29 22:00:00 UTC 2026,0.5585,2080.71935,null,null,null,null,null,null,null,null,null,null
Thu Oct 29 23:00:00 UTC 2026,0.5585,2075.71935,null,null,null,null,null,null,null,null,null,null
Fri Oct 30 00:00:00 UTC 2026,0.5585,2104.71935,null,null,null,null,null,null,null,null,null,null
Fri Oct 30 01:00:00 UTC 2026,0.5585,2078.71935,null,null,null,null,null,null,null,null,null,null
Fri Oct 30 02:00:00 UTC 2026,0.5585,2084.71935,null,null,null,null,null,null,null,null,null,null
Fri Oct 30 03:00:00 UTC 2026,0.5585,2093.71935,null,null,null,null,null,null,null,null,null,null
Fri Oct 30 04:00:00 UTC 2026,0.5585,2092.71935,null,null,null,null,null,null,null,null,null,null
Fri Oct 30 05:00:00 UTC 2026,0.5585,2086.71935,null,null,null,null,null,null,null,null,null,null
Fri Oct 30 06:00:00 UTC 2026,0.5585,2067.71935,null,null,null,null,null,null,null,null,null,null
Fri Oct 30 07:00:00 UTC 2026,0.5585,2092.71935,null,null,null,null,null,null,null,null,null,null
Fri Oct 30 08:00:00 UTC 2026,0.5585,2087.71935,null,null,null,null,null,null,null,null,null,null
Fri Oct 30 09:00:00 UTC 2026,0.5585,2082.71935,null,null,null,null,null,null,null,null,null,null
Fri Oct 30 10:00:00 UTC 2026,0.5585,2092.71935,null,null,null,null,null,null,null,null,null,null
Fri Oct 30 11:00:00 UTC 2026,0.5585,2105.71935,null,null,null,null,null,null,null,null,null,null
Fri Oct 30 12:00:00 UTC 2026,0.5585,2096.71935,null,null,null,null,null,null,null,null,null,null
Fri Oct 30 13:00:00 UTC 2026,0.5585,2073.71935,null,null,null,null,null,null,null,null,null,null
Fri Oct 30 14:00:00 UTC 2026,0.5585,2073.71935,null,null,null,null,null,null,null,null,null,null
Fri Oct 30 15:00:00 UTC 2026,0.5585,2068.71935,null,null,null,null,null,null,null,null,null,null
Fri Oct 30 16:00:00 UTC 2026,0.5585,2064.71935,null,null,null,null,null,null,null,null,null,null
Fri Oct 30 17:00:00 UTC 2026,0.5585,2047.71935,null,null,null,null,null,null,null,null,null,null
Fri Oct 30 18:00:00 UTC 2026,0.5585,2066.71935,null,null,null,null,null,null,null,null,null,null
Fri Oct 30 19:00:00 UTC 2026,0.5585,2070.71935,null,null,null,null,null,null,null,null,null,null
Fri Oct 30 20:00:00 UTC 2026,0.5585,2081.71935,null,null,null,null,null,null,null,null,null,null
Fri Oct 30 21:00:00 UTC 2026,0.5585,2081.71935,null,null,null,null,null,null,null,null,null,null
Fri Oct 30 22:00:00 UTC 2026,0.5585,2081.71935,null,null,null,null,null,null,null,null,null,null
Fri Oct 30 23:00:00 UTC 2026,0.5585,2081.71935,null,null,null,null,null,null,null,null,null,null
Sat Oct 31 00:00:00 UTC 2026,0.5585,2081.71935,null,null,null,null,null,null,null,null,null,null
Sat Oct 31 01:00:00 UTC 2026,0.5585,2081.71935,null,null,null,null,null,null,null,null,null,null
Sat Oct 31 02:00:00 UTC 2026,0.5585,2081.71935,null,null,null,null,null,null,null,null,null,null
Sat Oct 31 03:00:00 UTC 2026,0.5585,2081.71935,null,null,null,null,null,null,null,null,null,null
Sat Oct 31 04:00:00 UTC 2026,0.5585,2081.71935,null,null,null,null,null,null,null,null,null,null
Sat Oct 31 05:00:00 UTC 2026,0.5585,2081.71935,null,null,null,null,null,null,null,null,null,null
Sat Oct 31 06:00:00 UTC 2026,0.5585,2081.71935,null,null,null,null,null,null,null,null,null,null
Sat Oct 31 07:00:00 UTC 2026,0.5585,2081.71935,null,null,null,null,null,null,null,null,null,null
Sat Oct 31 08:00:00 UTC 2026,0.5585,2081.71935,null,null,null,null,null,null,null,null,null,null
Sat Oct 31 09:00:00 UTC 2026,0.5585,2081.71935,null,null,null,null,null,null,null,null,null,null
Sat Oct 31 10:00:00 UTC 2026,0.5585,2081.71935,null,null,null,null,null,null,null,null,null,null
Sat Oct 31 11:00:00 UTC 2026,0.5585,2081.71935,null,null,null,null,null,null,null,null,null,null
Sat Oct 31 12:00:00 UTC 2026,0.5585,2081.71935,null,null,null,null,null,null,null,null,null,null
Sat Oct 31 13:00:00 UTC 2026,0.5585,2081.71935,null,null,null,null,null,null,null,null,null,null
Sat Oct 31 14:00:00 UTC 2026,0.5585,2081.71935,null,null,null,null,null,null,null,null,null,null
Sat Oct 31 15:00:00 UTC 2026,0.5585,2081.71935,null,null,null,null,null,null,null,null,null,null
Sat Oct 31 16:00:00 UTC 2026,0.5585,2081.71935,null,null,null,null,null,null,null,null,null,null
Sat Oct 31 17:00:00 UTC 2026,0.5585,2081.71935,null,null,null,null,null,null,null,null,null,null
Sat Oct 31 18:00:00 UTC 2026,0.5585,2081.71935,null,null,null,null,null,null,null,null,null,null
Sat Oct 31 19:00:00 UTC 2026,0.5585,2081.71935,null,null,null,null,null,null,null,null,null,null
Sat Oct 31 20:00:00 UTC 2026,0.5585,2081.71935,null,null,null,null,null,null,null,null,null,null
Sat Oct 31 21:00:00 UTC 2026,0.5585,2081.71935,null,null,null,null,null,null,null,null,null,null
Sat Oct 31 22:00:00 UTC 2026,0.5585,2081.71935,null,null,null,null,null,null,null,null,null,null
Sat Oct 31 23:00:00 UTC 2026,0.5585,2081.71935,null,null,null,null,null,null,null,null,null,null
Sun Nov 01 00:00:00 UTC 2026,0.5585,2081.71935,null,null,null,null,null,null,null,null,null,null
Sun Nov 01 01:00:00 UTC 2026,0.5585,2081.71935,null,null,null,null,null,null,null,null,null,null
Sun Nov 01 02:00:00 UTC 2026,0.5585,2081.71935,null,null,null,null,null,null,null,null,null,null
Sun Nov 01 03:00:00 UTC 2026,0.5585,2081.71935,null,null,null,null,null,null,null,null,null,null
Sun Nov 01 04:00:00 UTC 2026,0.5585,2081.71935,null,null,null,null,null,null,null,null,null,null
Sun Nov 01 05:00:00 UTC 2026,0.5585,2081.71935,null,null,null,null,null,null,null,null,null,null
Sun Nov 01 06:00:00 UTC 2026,0.5585,2081.71935,null,null,null,null,null,null,null,null,null,null
Sun Nov 01 07:00:00 UTC 2026,0.5585,2081.71935,null,null,null,null,null,null,null,null,null,null
Sun Nov 01 08:00:00 UTC 2026,0.5585,2081.71935,null,null,null,null,null,null,null,null,null,null
Sun Nov 01 09:00:00 UTC 2026,0.5585,2081.71935,null,null,null,null,null,null,null,null,null,null
Sun Nov 01 10:00:00 UTC 2026,0.5585,2081.71935,null,null,null,null,null,null,null,null,null,null
Sun Nov 01 11:00:00 UTC 2026,0.5585,2081.71935,null,null,null,null,null,null,null,null,null,null
Sun Nov 01 12:00:00 UTC 2026,0.5585,2081.71935,null,null,null,null,null,null,null,null,null,null
Sun Nov 01 13:00:00 UTC 2026,0.5585,2081.71935,null,null,null,null,null,null,null,null,null,null
Sun Nov 01 14:00:00 UTC 2026,0.5585,2081.71935,null,null,null,null,null,null,null,null,null,null
Sun Nov 01 15:00:00 UTC 2026,0.5585,2081.71935,null,null,null,null,null,null,null,null,null,null
Sun Nov 01 16:00:00 UTC 2026,0.5585,2081.71935,null,null,null,null,null,null,null,null,null,null
Sun Nov 01 17:00:00 UTC 2026,0.5585,2081.71935,null,null,null,null,null,null,null,null,null,null
Sun Nov 01 18:00:00 UTC 2026,0.5585,2081.71935,null,null,null,null,null,null,null,null,null,null
Sun Nov 01 19:00:00 UTC 2026,0.5585,2081.71935,null,null,null,null,null,null,null,null,null,null
Sun Nov 01 20:00:00 UTC 2026,0.5585,2081.71935,null,null,null,null,null,null,null,null,null,null
Sun Nov 01 21:00:00 UTC 2026,0.5585,2067.71935,null,null,null,null,null,null,null,null,null,null
Sun Nov 01 22:00:00 UTC 2026,0.5585,2040.71935,null,null,null,null,null,null,null,null,null,null
Sun Nov 01 23:00:00 UTC 2026,0.5585,2049.71935,null,null,null,null,null,null,null,null,null,null
Mon Nov 02 00:00:00 UTC 2026,0.5585,2048.71935,null,null,null,null,null,null,null,null,null,null
Mon Nov 02 01:00:00 UTC 2026,0.5585,2058.71935,null,null,null,null,null,null,null,null,null,null
Mon Nov 02 02:00:00 UTC 2026,0.5585,2096.71935,null,null,null,null,null,null,null,null,null,null
Mon Nov 02 03:00:00 UTC 2026,0.5585,2126.71935,null,null,null,null,null,null,null,null,null,null
Mon Nov 02 04:00:00 UTC 2026,0.5585,2116.71935,null,null,null,null,null,null,null,null,null,null
Mon Nov 02 05:00:00 UTC 2026,0.5585,2122.71935,null,null,null,null,null,null,null,null,null,null
Mon Nov 02 06:00:00 UTC 2026,0.5585,2111.71935,null,null,null,null,null,null,null,null,null,null
Mon Nov 02 07:00:00 UTC 2026,0.5585,2116.71935,null,null,null,null,null,null,null,null,null,null
Mon Nov 02 08:00:00 UTC 2026,0.5585,2131.71935,null,null,null,null,null,null,null,null,null,null
Mon Nov 02 09:00:00 UTC 2026,0.5585,2127.71935,null,null,null,null,null,null,null,null,null,null
Mon Nov 02 10:00:00 UTC 2026,0.5585,2150.71935,null,null,null,null,null,null,null,null,null,null
Mon Nov 02 11:00:00 UTC 2026,0.5585,2136.71935,null,null,null,null,null,null,null,null,null,null
Mon Nov 02 12:00:00 UTC 2026,0.5585,2148.71935,null,null,null,null,null,null,null,null,null,null
Mon Nov 02 13:00:00 UTC 2026,0.5585,2144.71935,null,null,null,null,null,null,null,null,null,null
Mon Nov 02 14:00:00 UTC 2026,0.5585,2155.71935,null,null,null,null,null,null,null,null,null,null
Mon Nov 02 15:00:00 UTC 2026,0.5585,2174.71935,null,null,null,null,null,null,null,null,null,null
Mon Nov 02 16:00:00 UTC 2026,0.5585,2191.71935,null,null,null,null,null,null,null,null,null,null
Mon Nov 02 17:00:00 UTC 2026,0.5585,2174.71935,null,null,null,null,null,null,null,null,null,null
Mon Nov 02 18:00:00 UTC 2026,0.5585,2186.71935,null,null,null,null,null,null,null,null,null,null
Mon Nov 02 19:00:00 UTC 2026,0.5585,2182.71935,null,null,null,null,null,null,null,null,null,null
Mon Nov 02 20:00:00 UTC 2026,0.5585,2234.71935,null,null,null,null,null,null,null,null,null,null
Mon Nov 02 21:00:00 UTC 2026,0.5585,2225.71935,null,null,null,null,null,null,null,null,null,null
Mon Nov 02 22:00:00 UTC 2026,0.5585,2208.71935,null,null,null,null,null,null,null,null,null,null
Mon Nov 02 23:00:00 UTC 2026,0.5585,2216.71935,null,null,null,null,null,null,null,null,null,null
Tue Nov 03 00:00:00 UTC 2026,0.5585,2222.71935,null,null,null,null,null,null,null,null,null,null
Tue Nov 03 01:00:00 UTC 2026,0.5585,2250.71935,null,null,null,null,null,null,null,null,null,null
Tue Nov 03 02:00:00 UTC 2026,0.5585,2243.71935,null,null,null,null,null,null,null,null,null,null
Tue Nov 03 03:00:00 UTC 2026,0.5585,2256.71935,null,null,null,null,null,null,null,null,null,null
Tue Nov 03 04:00:00 UTC 2026,0.5585,2266.71935,null,null,null,null,null,null,null,null,null,null
Tue Nov 03 05:00:00 UTC 2026,0.5585,2266.71935,null,null,null,null,null,null,null,null,null,null
Tue Nov 03 06:00:00 UTC 2026,0.5585,2277.71935,null,null,null,null,null,null,null,null,null,null
Tue Nov 03 07:00:00 UTC 2026,0.5585,2276.71935,null,null,null,null,null,null,null,null,null,null
Tue Nov 03 08:00:00 UTC 2026,0.5585,2266.71935,null,null,null,null,null,null,null,null,null,null
Tue Nov 03 09:00:00 UTC 2026,0.5585,2266.71935,null,null,null,null,null,null,null,null,null,null
Tue Nov 03 10:00:00 UTC 2026,0.5585,2266.71935,null,null,null,null,null,null,null,null,null,null
Tue Nov 03 11:00:00 UTC 2026,0.5585,2266.71935,null,null,null,null,null,null,null,null,null,null
Tue Nov 03 12:00:00 UTC 2026,0.5585,2266.71935,null,null,null,null,null,null,null,null,null,null
Tue Nov 03 13:00:00 UTC 2026,0.5585,2266.71935,null,null,null,null,null,null,null,null,null,null
Tue Nov 03 14:00:00 UTC 2026,0.5585,2266.71935,null,null,null,null,null,null,null,null,null,null
Tue Nov 03 15:00:00 UTC 2026,0.5585,2266.71935,null,null,null,null,null,null,null,null,null,null
Tue Nov 03 16:00:00 UTC 2026,0.5585,2266.71935,null,null,null,null,null,null,null,null,null,null
Tue Nov 03 17:00:00 UTC 2026,0.5585,2266.71935,null,null,null,null,null,null,null,null,null,null
Tue Nov 03 18:00:00 UTC 2026,0.5585,2266.71935,null,null,null,null,null,null,null,null,null,null
Tue Nov 03 19:00:00 UTC 2026,0.5585,2266.71935,null,null,null,null,null,null,null,null,null,null
Tue Nov 03 20:00:00 UTC 2026,0.5585,2266.71935,null,null,null,null,null,null,null,null,null,null
Tue Nov 03 21:00:00 UTC 2026,0.5585,2266.71935,null,null,null,null,null,null,null,null,null,null
Tue Nov 03 22:00:00 UTC 2026,0.5585,2264.71935,null,null,null,null,null,null,null,null,null,null
Tue Nov 03 23:00:00 UTC 2026,0.5585,2264.71935,null,null,null,null,null,null,null,null,null,null
Wed Nov 04 00:00:00 UTC 2026,0.5585,2264.71935,null,null,null,null,null,null,null,null,null,null
Wed Nov 04 01:00:00 UTC 2026,0.5585,2266.71935,null,null,null,null,null,null,null,null,null,null
Wed Nov 04 02:00:00 UTC 2026,0.5585,2266.71935,null,null,null,null,null,null,null,null,null,null
Wed Nov 04 03:00:00 UTC 2026,0.5585,2266.71935,null,null,null,null,null,null,null,null,null,null
Wed Nov 04 04:00:00 UTC 2026,0.5585,2266.71935,null,null,null,null,null,null,null,null,null,null
Wed Nov 04 05:00:00 UTC 2026,0.5585,2264.71935,null,null,null,null,null,null,null,null,null,null
Wed Nov 04 06:00:00 UTC 2026,0.5585,2264.71935,null,null,null,null,null,null,null,null,null,null
Wed Nov 04 07:00:00 UTC 2026,0.5585,2264.71935,null,null,null,null,null,null,null,null,null,null
Wed Nov 04 08:00:00 UTC 2026,0.5585,2264.71935,null,null,null,null,null,null,null,null,null,null
Wed Nov 04 09:00:00 UTC 2026,0.5585,2264.71935,null,null,null,null,null,null,null,null,null,null
Wed Nov 04 10:00:00 UTC 2026,0.5585,2264.71935,null,null,null,null,null,null,null,null,null,null
Wed Nov 04 11:00:00 UTC 2026,0.5585,2264.71935,null,null,null,null,null,null,null,null,null,null
Wed Nov 04 12:00:00 UTC 2026,0.5585,2264.71935,null,null,null,null,null,null,null,null,null,null
Wed Nov 04 13:00:00 UTC 2026,0.5585,2264.71935,null,null,null,null,null,null,null,null,null,null
Wed Nov 04 14:00:00 UTC 2026,0.5585,2264.71935,null,null,null,null,null,null,null,null,null,null
Wed Nov 04 15:00:00 UTC 2026,0.5585,2264.71935,null,null,null,null,null,null,null,null,null,null
Wed Nov 04 16:00:00 UTC 2026,0.5585,2264.71935,null,null,null,null,null,null,null,null,null,null
Wed Nov 04 17:00:00 UTC 2026,0.5585,2264.71935,null,null,null,null,null,null,null,null,null,null
Wed Nov 04 18:00:00 UTC 2026,0.5585,2264.71935,null,null,null,null,null,null,null,null,null,null
Wed Nov 04 19:00:00 UTC 2026,0.5585,2264.71935,null,null,null,null,null,null,null,null,null,null
Wed Nov 04 20:00:00 UTC 2026,0.5585,2264.71935,null,null,null,null,null,null,null,null,null,null
Wed Nov 04 21:00:00 UTC 2026,0.5585,2264.71935,null,null,null,null,null,null,null,null,null,null
Wed Nov 04 22:00:00 UTC 2026,0.5585,2264.71935,null,null,null,null,null,null,null,null,null,null
Wed Nov 04 23:00:00 UTC 2026,0.5585,2264.71935,null,null,null,null,null,null,null,null,null,null
Thu Nov 05 00:00:00 UTC 2026,0.5585,2264.71935,null,null,null,null,null,null,null,null,null,null
Thu Nov 05 01:00:00 UTC 2026,0.5585,2264.71935,null,null,null,null,null,null,null,null,null,null
Thu Nov 05 02:00:00 UTC 2026,0.5585,2264.71935,null,null,null,null,null,null,null,null,null,null
Thu Nov 05 03:00:00 UTC 2026,0.5585,2266.71935,null,null,null,null,null,null,null,null,null,null
Thu Nov 05 04:00:00 UTC 2026,0.5585,2266.71935,null,null,null,null,null,null,null,null,null,null
Thu Nov 05 05:00:00 UTC 2026,0.5585,2266.71935,null,null,null,null,null,null,null,null,null,null
Thu Nov 05 06:00:00 UTC 2026,0.5585,2266.71935,null,null,null,null,null,null,null,null,null,null
Thu Nov 05 07:00:00 UTC 2026,0.5585,2266.71935,null,null,null,null,null,null,null,null,null,null
Thu Nov 05 08:00:00 UTC 2026,0.5585,2266.71935,null,null,null,null,null,null,null,null,null,null
Thu Nov 05 09:00:00 UTC 2026,0.5585,2266.71935,null,null,null,null,null,null,null,null,null,null
Thu Nov 05 10:00:00 UTC 2026,0.5585,2266.71935,null,null,null,null,null,null,null,null,null,null
Thu Nov 05 11:00:00 UTC 2026,0.5585,2266.71935,null,null,null,null,null,null,null,null,null,null
Thu Nov 05 12:00:00 UTC 2026,0.5585,2266.71935,null,null,null,null,null,null,null,null,null,null
Thu Nov 05 13:00:00 UTC 2026,0.5585,2266.71935,null,null,null,null,null,null,null,null,null,null
Thu Nov 05 14:00:00 UTC 2026,0.5585,2266.71935,null,null,null,null,null,null,null,null,null,null
Thu Nov 05 15:00:00 UTC 2026,0.5585,2266.71935,null,null,null,null,null,null,null,null,null,null
Thu Nov 05 16:00:00 UTC 2026,0.5585,2266.71935,null,null,null,null,null,null,null,null,null,null
Thu Nov 05 17:00:00 UTC 2026,0.5585,2266.71935,null,null,null,null,null,null,null,null,null,null
Thu Nov 05 18:00:00 UTC 2026,0.5585,2266.71935,null,null,null,null,null,null,null,null,null,null
Thu Nov 05 19:00:00 UTC 2026,0.5585,2266.71935,null,null,null,null,null,null,null,null,null,null
Thu Nov 05 20:00:00 UTC 2026,0.5585,2266.71935,null,null,null,null,null,null,null,null,null,null
Thu Nov 05 21:00:00 UTC 2026,0.5585,2266.71935,null,null,null,null,null,null,null,null,null,null
Thu Nov 05 22:00:00 UTC 2026,0.5585,2266.71935,null,null,null,null,null,null,null,null,null,null
Thu Nov 05 23:00:00 UTC 2026,0.5585,2266.71935,null,null,null,null,null,null,null,null,null,null
Fri Nov 06 00:00:00 UTC 2026,0.5585,2266.71935,null,null,null,null,null,null,null,null,null,null
