date,P_Kweek_-47_Kday_57_ETE_59_ORD_58_EXT_65_E2Ekor_69_EXTkor_58_DIFF_25,a,b,c,d,e,f,g,h,i,j
Sun Sep 13 03:00:00 UTC 2026,1537.5139862261867,0.7566799999999887,null,null,null,null,null,null,null,null
Sun Sep 13 04:00:00 UTC 2026,1594.9701488691223,0.7566799999999887,null,null,null,null,null,null,null,null
Sun Sep 13 05:00:00 UTC 2026,1579.9815847014097,0.7566799999999887,null,null,null,null,null,null,null,null
Sun Sep 13 06:00:00 UTC 2026,1574.9853966454962,0.7566799999999887,null,null,null,null,null,null,null,null
Sun Sep 13 07:00:00 UTC 2026,1572.4873026175255,0.7566799999999887,null,null,null,null,null,null,null,null
Sun Sep 13 08:00:00 UTC 2026,1574.9853966454962,0.7566799999999887,null,null,null,null,null,null,null,null
Sun Sep 13 09:00:00 UTC 2026,1552.5025503938994,0.7566799999999887,null,null,null,null,null,null,null,null
Sun Sep 13 10:00:00 UTC 2026,1530.0197041423025,0.7566799999999887,null,null,null,null,null,null,null,null
Sun Sep 13 11:00:00 UTC 2026,1579.9815847014097,0.7566799999999887,null,null,null,null,null,null,null,null
Sun Sep 13 12:00:00 UTC 2026,1564.993020533669,0.7566799999999887,null,null,null,null,null,null,null,null
Sun Sep 13 13:00:00 UTC 2026,1572.4873026175255,0.7566799999999887,null,null,null,null,null,null,null,null
Sun Sep 13 14:00:00 UTC 2026,1572.4873026175255,0.7566799999999887,null,null,null,null,null,null,null,null
Sun Sep 13 15:00:00 UTC 2026,1552.5025503938994,0.7566799999999887,null,null,null,null,null,null,null,null
Sun Sep 13 16:00:00 UTC 2026,1559.9968324777556,0.7566799999999887,null,null,null,null,null,null,null,null
Sun Sep 13 17:00:00 UTC 2026,1545.008268310043,0.7566799999999887,null,null,null,null,null,null,null,null
Sun Sep 13 18:00:00 UTC 2026,1542.5101742821,0.7566799999999887,null,null,null,null,null,null,null,null
Sun Sep 13 19:00:00 UTC 2026,1545.008268310043,0.7566799999999887,null,null,null,null,null,null,null,null
Sun Sep 13 20:00:00 UTC 2026,1537.5139862261867,0.7566799999999887,null,null,null,null,null,null,null,null
Sun Sep 13 21:00:00 UTC 2026,1555.0006444218698,6.756679999999989,null,null,null,null,null,null,null,null
Sun Sep 13 22:00:00 UTC 2026,1564.993020533669,7.756679999999989,null,null,null,null,null,null,null,null
Sun Sep 13 23:00:00 UTC 2026,1240.2407968996256,50.75668,null,null,null,null,null,null,null,null
Mon Sep 14 00:00:00 UTC 2026,1537.5139862261867,24.75667999999999,null,null,null,null,null,null,null,null
Mon Sep 14 01:00:00 UTC 2026,1512.5330459466468,26.75667999999999,null,null,null,null,null,null,null,null
Mon Sep 14 02:00:00 UTC 2026,1467.5673534434534,16.75667999999999,null,null,null,null,null,null,null,null
Mon Sep 14 03:00:00 UTC 2026,1545.008268310043,-16.24332000000001,null,null,null,null,null,null,null,null
Mon Sep 14 04:00:00 UTC 2026,1512.5330459466468,40.75667999999999,null,null,null,null,null,null,null,null
Mon Sep 14 05:00:00 UTC 2026,1594.9701488691223,31.75667999999999,null,null,null,null,null,null,null,null
Mon Sep 14 06:00:00 UTC 2026,1607.460619008892,33.75667999999999,null,null,null,null,null,null,null,null
Mon Sep 14 07:00:00 UTC 2026,1874.75668,27.75667999999999,null,null,null,null,null,null,null,null
Mon Sep 14 08:00:00 UTC 2026,1357.6512162134677,-7.243320000000011,null,null,null,null,null,null,null,null
Mon Sep 14 09:00:00 UTC 2026,1520.0273280305032,25.75667999999999,null,null,null,null,null,null,null,null
Mon Sep 14 10:00:00 UTC 2026,1467.5673534434534,10.756679999999989,null,null,null,null,null,null,null,null
Mon Sep 14 11:00:00 UTC 2026,1097.849437306244,-8.243320000000011,null,null,null,null,null,null,null,null
Mon Sep 14 12:00:00 UTC 2026,982.9371120203446,-14.243320000000011,null,null,null,null,null,null,null,null
Mon Sep 14 13:00:00 UTC 2026,743.1200853367195,-37.24332000000001,null,null,null,null,null,null,null,null
Mon Sep 14 14:00:00 UTC 2026,553.2649392122014,-23.24332000000001,null,null,null,null,null,null,null,null
Mon Sep 14 15:00:00 UTC 2026,640.698230190618,-42.24332000000001,null,null,null,null,null,null,null,null
Mon Sep 14 16:00:00 UTC 2026,738.1238972808337,-39.24332000000001,null,null,null,null,null,null,null,null
Mon Sep 14 17:00:00 UTC 2026,598.230631715395,-60.24332000000001,null,null,null,null,null,null,null,null
Mon Sep 14 18:00:00 UTC 2026,483.31830642949575,-69.24332000000001,null,null,null,null,null,null,null,null
Mon Sep 14 19:00:00 UTC 2026,465.8316482338125,-63.24332000000001,null,null,null,null,null,null,null,null
Mon Sep 14 20:00:00 UTC 2026,478.3221183735823,-82.24332000000001,null,null,null,null,null,null,null,null
Mon Sep 14 21:00:00 UTC 2026,570.7515974078847,-87.24331999999998,null,null,null,null,null,null,null,null
Mon Sep 14 22:00:00 UTC 2026,438.3526139263021,-91.24331999999998,null,null,null,null,null,null,null,null
Mon Sep 14 23:00:00 UTC 2026,393.3869214231363,-38.24332000000001,null,null,null,null,null,null,null,null
Tue Sep 15 00:00:00 UTC 2026,538.2763750444885,-79.24332000000001,null,null,null,null,null,null,null,null
Tue Sep 15 01:00:00 UTC 2026,575.7477854637982,-90.24331999999998,null,null,null,null,null,null,null,null
Tue Sep 15 02:00:00 UTC 2026,997.9256761880574,-57.24332000000001,null,null,null,null,null,null,null,null
Tue Sep 15 03:00:00 UTC 2026,1160.3017880050932,-33.24332000000001,null,null,null,null,null,null,null,null
Tue Sep 15 04:00:00 UTC 2026,1037.8951806353375,-44.24332000000001,null,null,null,null,null,null,null,null
Tue Sep 15 05:00:00 UTC 2026,1075.3665910546472,-57.24332000000001,null,null,null,null,null,null,null,null
Tue Sep 15 06:00:00 UTC 2026,813.0667181194528,-53.24332000000001,null,null,null,null,null,null,null,null
Tue Sep 15 07:00:00 UTC 2026,820.5610002033093,-32.24332000000001,null,null,null,null,null,null,null,null
Tue Sep 15 08:00:00 UTC 2026,858.0324106226187,1295.75668,null,null,null,null,null,null,null,null
Tue Sep 15 09:00:00 UTC 2026,848.0400345108194,1293.75668,null,null,null,null,null,null,null,null
Tue Sep 15 10:00:00 UTC 2026,780.591495756029,1362.75668,null,null,null,null,null,null,null,null
Tue Sep 15 11:00:00 UTC 2026,773.0972136721728,1359.75668,null,null,null,null,null,null,null,null
Tue Sep 15 12:00:00 UTC 2026,415.86976767473317,1115.75668,null,null,null,null,null,null,null,null
Tue Sep 15 13:00:00 UTC 2026,295.9612543329205,1052.75668,null,null,null,null,null,null,null,null
Tue Sep 15 14:00:00 UTC 2026,153.56989473953877,1027.75668,null,null,null,null,null,null,null,null
Tue Sep 15 15:00:00 UTC 2026,226.01462155018714,1119.75668,null,null,null,null,null,null,null,null
Tue Sep 15 16:00:00 UTC 2026,368.40598114359665,1263.75668,null,null,null,null,null,null,null,null
Tue Sep 15 17:00:00 UTC 2026,121.09467237611503,1383.75668,null,null,null,null,null,null,null,null
Tue Sep 15 18:00:00 UTC 2026,288.46697224906416,1282.75668,null,null,null,null,null,null,null,null
Tue Sep 15 19:00:00 UTC 2026,498.3068705972085,1421.75668,null,null,null,null,null,null,null,null
Tue Sep 15 20:00:00 UTC 2026,513.295434764949,1475.75668,null,null,null,null,null,null,null,null
Tue Sep 15 21:00:00 UTC 2026,488.3144944854093,1175.75668,null,null,null,null,null,null,null,null
Tue Sep 15 22:00:00 UTC 2026,550.7668451842585,1209.75668,null,null,null,null,null,null,null,null
Tue Sep 15 23:00:00 UTC 2026,510.79734073697836,1393.75668,null,null,null,null,null,null,null,null
Wed Sep 16 00:00:00 UTC 2026,418.367861702676,1411.75668,null,null,null,null,null,null,null,null
Wed Sep 16 01:00:00 UTC 2026,370.9040751715395,1453.75668,null,null,null,null,null,null,null,null
Wed Sep 16 02:00:00 UTC 2026,313.4479125286038,1480.75668,null,null,null,null,null,null,null,null
Wed Sep 16 03:00:00 UTC 2026,380.8964512833665,1297.75668,null,null,null,null,null,null,null,null
Wed Sep 16 04:00:00 UTC 2026,241.00318571792764,1179.75668,null,null,null,null,null,null,null,null
Wed Sep 16 05:00:00 UTC 2026,330.9345707242871,1104.75668,null,null,null,null,null,null,null,null
Wed Sep 16 06:00:00 UTC 2026,350.9193229479133,1129.75668,null,null,null,null,null,null,null,null
Wed Sep 16 07:00:00 UTC 2026,420.86595573061885,1111.75668,null,null,null,null,null,null,null,null
Wed Sep 16 08:00:00 UTC 2026,363.40979308768317,1167.75668,null,null,null,null,null,null,null,null
Wed Sep 16 09:00:00 UTC 2026,385.89263933928,1171.75668,null,null,null,null,null,null,null,null
Wed Sep 16 10:00:00 UTC 2026,188.5432111308777,1282.75668,null,null,null,null,null,null,null,null
Wed Sep 16 11:00:00 UTC 2026,-76.25475583225953,1293.75668,null,null,null,null,null,null,null,null
Wed Sep 16 12:00:00 UTC 2026,-73.75666180431666,1255.75668,null,null,null,null,null,null,null,null
Wed Sep 16 13:00:00 UTC 2026,201.0336812706475,1288.75668,null,null,null,null,null,null,null,null
Wed Sep 16 14:00:00 UTC 2026,-91.24331999999998,1148.75668,null,null,null,null,null,null,null,null
Wed Sep 16 15:00:00 UTC 2026,13.676629174099943,1072.75668,null,null,null,null,null,null,null,null
Wed Sep 16 16:00:00 UTC 2026,258.48984391361097,1372.75668,null,null,null,null,null,null,null,null
Wed Sep 16 17:00:00 UTC 2026,505.80115268106493,1317.75668,null,null,null,null,null,null,null,null
Wed Sep 16 18:00:00 UTC 2026,443.34880198221566,1311.75668,null,null,null,null,null,null,null,null
Wed Sep 16 19:00:00 UTC 2026,433.35642587041644,1281.75668,null,null,null,null,null,null,null,null
Wed Sep 16 20:00:00 UTC 2026,500.80496462517914,1369.75668,null,null,null,null,null,null,null,null
Wed Sep 16 21:00:00 UTC 2026,540.7744690724314,1258.75668,null,null,null,null,null,null,null,null
Wed Sep 16 22:00:00 UTC 2026,795.5800599237693,1416.75668,null,null,null,null,null,null,null,null
Wed Sep 16 23:00:00 UTC 2026,615.7172899110506,1436.75668,null,null,null,null,null,null,null,null
Thu Sep 17 00:00:00 UTC 2026,613.2191958831077,1791.75668,null,null,null,null,null,null,null,null
Thu Sep 17 01:00:00 UTC 2026,613.2191958831077,1874.75668,null,null,null,null,null,null,null,null
Thu Sep 17 02:00:00 UTC 2026,613.2191958831077,1833.75668,null,null,null,null,null,null,null,null
Thu Sep 17 03:00:00 UTC 2026,0.80245,1883.75668,null,null,null,null,null,null,null,null,null,null
Thu Sep 17 04:00:00 UTC 2026,0.80245,1909.75668,null,null,null,null,null,null,null,null,null,null
Thu Sep 17 05:00:00 UTC 2026,0.80245,1724.75668,null,null,null,null,null,null,null,null,null,null
Thu Sep 17 06:00:00 UTC 2026,0.80245,1856.75668,null,null,null,null,null,null,null,null,null,null
Thu Sep 17 07:00:00 UTC 2026,0.80245,1832.75668,null,null,null,null,null,null,null,null,null,null
Thu Sep 17 08:00:00 UTC 2026,0.80245,1828.75668,null,null,null,null,null,null,null,null,null,null
Thu Sep 17 09:00:00 UTC 2026,0.80245,1802.75668,null,null,null,null,null,null,null,null,null,null
Thu Sep 17 10:00:00 UTC 2026,0.80245,1980.75668,null,null,null,null,null,null,null,null,null,null
Thu Sep 17 11:00:00 UTC 2026,0.80245,1954.75668,null,null,null,null,null,null,null,null,null,null
Thu Sep 17 12:00:00 UTC 2026,0.80245,1941.75668,null,null,null,null,null,null,null,null,null,null
Thu Sep 17 13:00:00 UTC 2026,0.80245,1811.75668,null,null,null,null,null,null,null,null,null,null
Thu Sep 17 14:00:00 UTC 2026,0.80245,1919.75668,null,null,null,null,null,null,null,null,null,null
Thu Sep 17 15:00:00 UTC 2026,0.80245,1933.75668,null,null,null,null,null,null,null,null,null,null
Thu Sep 17 16:00:00 UTC 2026,0.80245,1915.75668,null,null,null,null,null,null,null,null,null,null
Thu Sep 17 17:00:00 UTC 2026,0.80245,1975.75668,null,null,null,null,null,null,null,null,null,null
Thu Sep 17 18:00:00 UTC 2026,0.80245,1775.75668,null,null,null,null,null,null,null,null,null,null
Thu Sep 17 19:00:00 UTC 2026,0.80245,1794.75668,null,null,null,null,null,null,null,null,null,null
Thu Sep 17 20:00:00 UTC 2026,0.80245,1827.75668,null,null,null,null,null,null,null,null,null,null
Thu Sep 17 21:00:00 UTC 2026,0.80245,1843.75668,null,null,null,null,null,null,null,null,null,null
Thu Sep 17 22:00:00 UTC 2026,0.80245,1736.75668,null,null,null,null,null,null,null,null,null,null
Thu Sep 17 23:00:00 UTC 2026,0.80245,1674.75668,null,null,null,null,null,null,null,null,null,null
Fri Sep 18 00:00:00 UTC 2026,0.80245,1690.75668,null,null,null,null,null,null,null,null,null,null
Fri Sep 18 01:00:00 UTC 2026,0.80245,1625.75668,null,null,null,null,null,null,null,null,null,null
Fri Sep 18 02:00:00 UTC 2026,0.80245,1759.75668,null,null,null,null,null,null,null,null,null,null
Fri Sep 18 03:00:00 UTC 2026,0.80245,1668.75668,null,null,null,null,null,null,null,null,null,null
Fri Sep 18 04:00:00 UTC 2026,0.80245,1680.75668,null,null,null,null,null,null,null,null,null,null
Fri Sep 18 05:00:00 UTC 2026,0.80245,1964.75668,null,null,null,null,null,null,null,null,null,null
Fri Sep 18 06:00:00 UTC 2026,0.80245,2107.75668,null,null,null,null,null,null,null,null,null,null
Fri Sep 18 07:00:00 UTC 2026,0.80245,2174.75668,null,null,null,null,null,null,null,null,null,null
Fri Sep 18 08:00:00 UTC 2026,0.80245,2078.75668,null,null,null,null,null,null,null,null,null,null
Fri Sep 18 09:00:00 UTC 2026,0.80245,1999.75668,null,null,null,null,null,null,null,null,null,null
Fri Sep 18 10:00:00 UTC 2026,0.80245,2085.75668,null,null,null,null,null,null,null,null,null,null
Fri Sep 18 11:00:00 UTC 2026,0.80245,2043.75668,null,null,null,null,null,null,null,null,null,null
Fri Sep 18 12:00:00 UTC 2026,0.80245,1987.75668,null,null,null,null,null,null,null,null,null,null
Fri Sep 18 13:00:00 UTC 2026,0.80245,2023.75668,null,null,null,null,null,null,null,null,null,null
Fri Sep 18 14:00:00 UTC 2026,0.80245,2035.75668,null,null,null,null,null,null,null,null,null,null
Fri Sep 18 15:00:00 UTC 2026,0.80245,2087.75668,null,null,null,null,null,null,null,null,null,null
Fri Sep 18 16:00:00 UTC 2026,0.80245,2145.75668,null,null,null,null,null,null,null,null,null,null
Fri Sep 18 17:00:00 UTC 2026,0.80245,2070.75668,null,null,null,null,null,null,null,null,null,null
Fri Sep 18 18:00:00 UTC 2026,0.80245,1974.75668,null,null,null,null,null,null,null,null,null,null
Fri Sep 18 19:00:00 UTC 2026,0.80245,2107.75668,null,null,null,null,null,null,null,null,null,null
Fri Sep 18 20:00:00 UTC 2026,0.80245,1976.75668,null,null,null,null,null,null,null,null,null,null
Fri Sep 18 21:00:00 UTC 2026,0.80245,1939.75668,null,null,null,null,null,null,null,null,null,null
Fri Sep 18 22:00:00 UTC 2026,0.80245,1939.75668,null,null,null,null,null,null,null,null,null,null
Fri Sep 18 23:00:00 UTC 2026,0.80245,1939.75668,null,null,null,null,null,null,null,null,null,null
Sat Sep 19 00:00:00 UTC 2026,0.80245,1939.75668,null,null,null,null,null,null,null,null,null,null
Sat Sep 19 01:00:00 UTC 2026,0.80245,1939.75668,null,null,null,null,null,null,null,null,null,null
Sat Sep 19 02:00:00 UTC 2026,0.80245,1939.75668,null,null,null,null,null,null,null,null,null,null
Sat Sep 19 03:00:00 UTC 2026,0.80245,1938.75668,null,null,null,null,null,null,null,null,null,null
Sat Sep 19 04:00:00 UTC 2026,0.80245,1938.75668,null,null,null,null,null,null,null,null,null,null
Sat Sep 19 05:00:00 UTC 2026,0.80245,1938.75668,null,null,null,null,null,null,null,null,null,null
Sat Sep 19 06:00:00 UTC 2026,0.80245,1938.75668,null,null,null,null,null,null,null,null,null,null
Sat Sep 19 07:00:00 UTC 2026,0.80245,1938.75668,null,null,null,null,null,null,null,null,null,null
Sat Sep 19 08:00:00 UTC 2026,0.80245,1938.75668,null,null,null,null,null,null,null,null,null,null
Sat Sep 19 09:00:00 UTC 2026,0.80245,1938.75668,null,null,null,null,null,null,null,null,null,null
Sat Sep 19 10:00:00 UTC 2026,0.80245,1938.75668,null,null,null,null,null,null,null,null,null,null
Sat Sep 19 11:00:00 UTC 2026,0.80245,1938.75668,null,null,null,null,null,null,null,null,null,null
Sat Sep 19 12:00:00 UTC 2026,0.80245,1938.75668,null,null,null,null,null,null,null,null,null,null
Sat Sep 19 13:00:00 UTC 2026,0.80245,1938.75668,null,null,null,null,null,null,null,null,null,null
Sat Sep 19 14:00:00 UTC 2026,0.80245,1938.75668,null,null,null,null,null,null,null,null,null,null
Sat Sep 19 15:00:00 UTC 2026,0.80245,1938.75668,null,null,null,null,null,null,null,null,null,null
Sat Sep 19 16:00:00 UTC 2026,0.80245,1938.75668,null,null,null,null,null,null,null,null,null,null
Sat Sep 19 17:00:00 UTC 2026,0.80245,1938.75668,null,null,null,null,null,null,null,null,null,null
Sat Sep 19 18:00:00 UTC 2026,0.80245,1938.75668,null,null,null,null,null,null,null,null,null,null
Sat Sep 19 19:00:00 UTC 2026,0.80245,1938.75668,null,null,null,null,null,null,null,null,null,null
Sat Sep 19 20:00:00 UTC 2026,0.80245,1938.75668,null,null,null,null,null,null,null,null,null,null
Sat Sep 19 21:00:00 UTC 2026,0.80245,1938.75668,null,null,null,null,null,null,null,null,null,null
Sat Sep 19 22:00:00 UTC 2026,0.80245,1938.75668,null,null,null,null,null,null,null,null,null,null
Sat Sep 19 23:00:00 UTC 2026,0.80245,1938.75668,null,null,null,null,null,null,null,null,null,null
Sun Sep 20 00:00:00 UTC 2026,0.80245,1938.75668,null,null,null,null,null,null,null,null,null,null
Sun Sep 20 01:00:00 UTC 2026,0.80245,1938.75668,null,null,null,null,null,null,null,null,null,null
Sun Sep 20 02:00:00 UTC 2026,0.80245,1938.75668,null,null,null,null,null,null,null,null,null,null
Sun Sep 20 03:00:00 UTC 2026,0.80245,1938.75668,null,null,null,null,null,null,null,null,null,null
Sun Sep 20 04:00:00 UTC 2026,0.80245,1938.75668,null,null,null,null,null,null,null,null,null,null
Sun Sep 20 05:00:00 UTC 2026,0.80245,1938.75668,null,null,null,null,null,null,null,null,null,null
Sun Sep 20 06:00:00 UTC 2026,0.80245,1938.75668,null,null,null,null,null,null,null,null,null,null
Sun Sep 20 07:00:00 UTC 2026,0.80245,1938.75668,null,null,null,null,null,null,null,null,null,null
Sun Sep 20 08:00:00 UTC 2026,0.80245,1938.75668,null,null,null,null,null,null,null,null,null,null
Sun Sep 20 09:00:00 UTC 2026,0.80245,1938.75668,null,null,null,null,null,null,null,null,null,null
Sun Sep 20 10:00:00 UTC 2026,0.80245,1938.75668,null,null,null,null,null,null,null,null,null,null
Sun Sep 20 11:00:00 UTC 2026,0.80245,1938.75668,null,null,null,null,null,null,null,null,null,null
Sun Sep 20 12:00:00 UTC 2026,0.80245,1938.75668,null,null,null,null,null,null,null,null,null,null
Sun Sep 20 13:00:00 UTC 2026,0.80245,1938.75668,null,null,null,null,null,null,null,null,null,null
Sun Sep 20 14:00:00 UTC 2026,0.80245,1938.75668,null,null,null,null,null,null,null,null,null,null
Sun Sep 20 15:00:00 UTC 2026,0.80245,1938.75668,null,null,null,null,null,null,null,null,null,null
Sun Sep 20 16:00:00 UTC 2026,0.80245,1938.75668,null,null,null,null,null,null,null,null,null,null
Sun Sep 20 17:00:00 UTC 2026,0.80245,1938.75668,null,null,null,null,null,null,null,null,null,null
Sun Sep 20 18:00:00 UTC 2026,0.80245,1938.75668,null,null,null,null,null,null,null,null,null,null
Sun Sep 20 19:00:00 UTC 2026,0.80245,1938.75668,null,null,null,null,null,null,null,null,null,null
Sun Sep 20 20:00:00 UTC 2026,0.80245,1938.75668,null,null,null,null,null,null,null,null,null,null
Sun Sep 20 21:00:00 UTC 2026,0.80245,1981.75668,null,null,null,null,null,null,null,null,null,null
Sun Sep 20 22:00:00 UTC 2026,0.80245,1922.75668,null,null,null,null,null,null,null,null,null,null
Sun Sep 20 23:00:00 UTC 2026,0.80245,1919.75668,null,null,null,null,null,null,null,null,null,null
Mon Sep 21 00:00:00 UTC 2026,0.80245,1881.75668,null,null,null,null,null,null,null,null,null,null
Mon Sep 21 01:00:00 UTC 2026,0.80245,1943.75668,null,null,null,null,null,null,null,null,null,null
Mon Sep 21 02:00:00 UTC 2026,0.80245,1907.75668,null,null,null,null,null,null,null,null,null,null
Mon Sep 21 03:00:00 UTC 2026,0.80245,1946.75668,null,null,null,null,null,null,null,null,null,null
Mon Sep 21 04:00:00 UTC 2026,0.80245,1810.75668,null,null,null,null,null,null,null,null,null,null
Mon Sep 21 05:00:00 UTC 2026,0.80245,1846.75668,null,null,null,null,null,null,null,null,null,null
Mon Sep 21 06:00:00 UTC 2026,0.80245,1764.75668,null,null,null,null,null,null,null,null,null,null
Mon Sep 21 07:00:00 UTC 2026,0.80245,1738.75668,null,null,null,null,null,null,null,null,null,null
Mon Sep 21 08:00:00 UTC 2026,0.80245,1950.75668,null,null,null,null,null,null,null,null,null,null
Mon Sep 21 09:00:00 UTC 2026,0.80245,1827.75668,null,null,null,null,null,null,null,null,null,null
Mon Sep 21 10:00:00 UTC 2026,0.80245,1704.75668,null,null,null,null,null,null,null,null,null,null
Mon Sep 21 11:00:00 UTC 2026,0.80245,1787.75668,null,null,null,null,null,null,null,null,null,null
Mon Sep 21 12:00:00 UTC 2026,0.80245,1573.75668,null,null,null,null,null,null,null,null,null,null
Mon Sep 21 13:00:00 UTC 2026,0.80245,1706.75668,null,null,null,null,null,null,null,null,null,null
Mon Sep 21 14:00:00 UTC 2026,0.80245,1508.75668,null,null,null,null,null,null,null,null,null,null
Mon Sep 21 15:00:00 UTC 2026,0.80245,1330.75668,null,null,null,null,null,null,null,null,null,null
Mon Sep 21 16:00:00 UTC 2026,0.80245,1300.75668,null,null,null,null,null,null,null,null,null,null
Mon Sep 21 17:00:00 UTC 2026,0.80245,1339.75668,null,null,null,null,null,null,null,null,null,null
Mon Sep 21 18:00:00 UTC 2026,0.80245,1434.75668,null,null,null,null,null,null,null,null,null,null
Mon Sep 21 19:00:00 UTC 2026,0.80245,1598.75668,null,null,null,null,null,null,null,null,null,null
Mon Sep 21 20:00:00 UTC 2026,0.80245,1693.75668,null,null,null,null,null,null,null,null,null,null
Mon Sep 21 21:00:00 UTC 2026,0.80245,1806.75668,null,null,null,null,null,null,null,null,null,null
Mon Sep 21 22:00:00 UTC 2026,0.80245,1617.75668,null,null,null,null,null,null,null,null,null,null
Mon Sep 21 23:00:00 UTC 2026,0.80245,1766.75668,null,null,null,null,null,null,null,null,null,null
Tue Sep 22 00:00:00 UTC 2026,0.80245,1518.75668,null,null,null,null,null,null,null,null,null,null
Tue Sep 22 01:00:00 UTC 2026,0.80245,1453.75668,null,null,null,null,null,null,null,null,null,null
Tue Sep 22 02:00:00 UTC 2026,0.80245,1560.75668,null,null,null,null,null,null,null,null,null,null
Tue Sep 22 03:00:00 UTC 2026,0.80245,1567.75668,null,null,null,null,null,null,null,null,null,null
Tue Sep 22 04:00:00 UTC 2026,0.80245,1523.75668,null,null,null,null,null,null,null,null,null,null
Tue Sep 22 05:00:00 UTC 2026,0.80245,1602.75668,null,null,null,null,null,null,null,null,null,null
Tue Sep 22 06:00:00 UTC 2026,0.80245,1519.75668,null,null,null,null,null,null,null,null,null,null
Tue Sep 22 07:00:00 UTC 2026,0.80245,1387.75668,null,null,null,null,null,null,null,null,null,null
Tue Sep 22 08:00:00 UTC 2026,0.80245,5588.75668,null,null,null,null,null,null,null,null,null,null
Tue Sep 22 09:00:00 UTC 2026,0.80245,5492.75668,null,null,null,null,null,null,null,null,null,null
Tue Sep 22 10:00:00 UTC 2026,0.80245,5669.75668,null,null,null,null,null,null,null,null,null,null
Tue Sep 22 11:00:00 UTC 2026,0.80245,5680.75668,null,null,null,null,null,null,null,null,null,null
Tue Sep 22 12:00:00 UTC 2026,0.80245,5415.75668,null,null,null,null,null,null,null,null,null,null
Tue Sep 22 13:00:00 UTC 2026,0.80245,4801.75668,null,null,null,null,null,null,null,null,null,null
Tue Sep 22 14:00:00 UTC 2026,0.80245,5031.75668,null,null,null,null,null,null,null,null,null,null
Tue Sep 22 15:00:00 UTC 2026,0.80245,5111.75668,null,null,null,null,null,null,null,null,null,null
Tue Sep 22 16:00:00 UTC 2026,0.80245,5172.75668,null,null,null,null,null,null,null,null,null,null
Tue Sep 22 17:00:00 UTC 2026,0.80245,5084.75668,null,null,null,null,null,null,null,null,null,null
Tue Sep 22 18:00:00 UTC 2026,0.80245,4813.75668,null,null,null,null,null,null,null,null,null,null
Tue Sep 22 19:00:00 UTC 2026,0.80245,4942.75668,null,null,null,null,null,null,null,null,null,null
Tue Sep 22 20:00:00 UTC 2026,0.80245,4548.75668,null,null,null,null,null,null,null,null,null,null
Tue Sep 22 21:00:00 UTC 2026,0.80245,4549.75668,null,null,null,null,null,null,null,null,null,null
Tue Sep 22 22:00:00 UTC 2026,0.80245,4807.75668,null,null,null,null,null,null,null,null,null,null
Tue Sep 22 23:00:00 UTC 2026,0.80245,4704.75668,null,null,null,null,null,null,null,null,null,null
Wed Sep 23 00:00:00 UTC 2026,0.80245,5937.75668,null,null,null,null,null,null,null,null,null,null
Wed Sep 23 01:00:00 UTC 2026,0.80245,6137.75668,null,null,null,null,null,null,null,null,null,null
Wed Sep 23 02:00:00 UTC 2026,0.80245,6190.75668,null,null,null,null,null,null,null,null,null,null
Wed Sep 23 03:00:00 UTC 2026,0.80245,6151.75668,null,null,null,null,null,null,null,null,null,null
Wed Sep 23 04:00:00 UTC 2026,0.80245,5774.75668,null,null,null,null,null,null,null,null,null,null
Wed Sep 23 05:00:00 UTC 2026,0.80245,5866.75668,null,null,null,null,null,null,null,null,null,null
Wed Sep 23 06:00:00 UTC 2026,0.80245,6084.75668,null,null,null,null,null,null,null,null,null,null
Wed Sep 23 07:00:00 UTC 2026,0.80245,6549.75668,null,null,null,null,null,null,null,null,null,null
Wed Sep 23 08:00:00 UTC 2026,0.80245,5674.75668,null,null,null,null,null,null,null,null,null,null
Wed Sep 23 09:00:00 UTC 2026,0.80245,5862.75668,null,null,null,null,null,null,null,null,null,null
Wed Sep 23 10:00:00 UTC 2026,0.80245,6531.75668,null,null,null,null,null,null,null,null,null,null
Wed Sep 23 11:00:00 UTC 2026,0.80245,6811.75668,null,null,null,null,null,null,null,null,null,null
Wed Sep 23 12:00:00 UTC 2026,0.80245,6421.75668,null,null,null,null,null,null,null,null,null,null
Wed Sep 23 13:00:00 UTC 2026,0.80245,6368.75668,null,null,null,null,null,null,null,null,null,null
Wed Sep 23 14:00:00 UTC 2026,0.80245,6528.75668,null,null,null,null,null,null,null,null,null,null
Wed Sep 23 15:00:00 UTC 2026,0.80245,6745.75668,null,null,null,null,null,null,null,null,null,null
Wed Sep 23 16:00:00 UTC 2026,0.80245,6293.75668,null,null,null,null,null,null,null,null,null,null
Wed Sep 23 17:00:00 UTC 2026,0.80245,6734.75668,null,null,null,null,null,null,null,null,null,null
Wed Sep 23 18:00:00 UTC 2026,0.80245,6217.75668,null,null,null,null,null,null,null,null,null,null
Wed Sep 23 19:00:00 UTC 2026,0.80245,6138.75668,null,null,null,null,null,null,null,null,null,null
Wed Sep 23 20:00:00 UTC 2026,0.80245,6158.75668,null,null,null,null,null,null,null,null,null,null
Wed Sep 23 21:00:00 UTC 2026,0.80245,6106.75668,null,null,null,null,null,null,null,null,null,null
Wed Sep 23 22:00:00 UTC 2026,0.80245,6467.75668,null,null,null,null,null,null,null,null,null,null
Wed Sep 23 23:00:00 UTC 2026,0.80245,7780.75668,null,null,null,null,null,null,null,null,null,null
Thu Sep 24 00:00:00 UTC 2026,0.80245,6982.75668,null,null,null,null,null,null,null,null,null,null
Thu Sep 24 01:00:00 UTC 2026,0.80245,6855.75668,null,null,null,null,null,null,null,null,null,null
Thu Sep 24 02:00:00 UTC 2026,0.80245,6526.75668,null,null,null,null,null,null,null,null,null,null
Thu Sep 24 03:00:00 UTC 2026,0.80245,6390.75668,null,null,null,null,null,null,null,null,null,null
Thu Sep 24 04:00:00 UTC 2026,0.80245,6447.75668,null,null,null,null,null,null,null,null,null,null
Thu Sep 24 05:00:00 UTC 2026,0.80245,6945.75668,null,null,null,null,null,null,null,null,null,null
Thu Sep 24 06:00:00 UTC 2026,0.80245,6712.75668,null,null,null,null,null,null,null,null,null,null
Thu Sep 24 07:00:00 UTC 2026,0.80245,6784.75668,null,null,null,null,null,null,null,null,null,null
Thu Sep 24 08:00:00 UTC 2026,0.80245,7250.75668,null,null,null,null,null,null,null,null,null,null
Thu Sep 24 09:00:00 UTC 2026,0.80245,7505.75668,null,null,null,null,null,null,null,null,null,null
Thu Sep 24 10:00:00 UTC 2026,0.80245,7516.75668,null,null,null,null,null,null,null,null,null,null
Thu Sep 24 11:00:00 UTC 2026,0.80245,7964.75668,null,null,null,null,null,null,null,null,null,null
Thu Sep 24 12:00:00 UTC 2026,0.80245,8076.75668,null,null,null,null,null,null,null,null,null,null
Thu Sep 24 13:00:00 UTC 2026,0.80245,9153.75668,null,null,null,null,null,null,null,null,null,null
Thu Sep 24 14:00:00 UTC 2026,0.80245,9091.75668,null,null,null,null,null,null,null,null,null,null
Thu Sep 24 15:00:00 UTC 2026,0.80245,9577.75668,null,9677.75668,null,null,null,null,10177.75668,null,null,null
Thu Sep 24 16:00:00 UTC 2026,0.80245,7826.75668,null,9663.415216585367,null,null,null,null,8958.75668,null,null,null
Thu Sep 24 17:00:00 UTC 2026,0.80245,7139.75668,null,9649.073753170731,null,null,null,null,7739.75668,null,null,null
Thu Sep 24 18:00:00 UTC 2026,0.80245,7846.75668,null,9634.732289756097,null,null,null,null,null,null,null,null
Thu Sep 24 19:00:00 UTC 2026,0.80245,8406.75668,null,9620.390826341463,null,null,null,null,null,null,null,null
Thu Sep 24 20:00:00 UTC 2026,0.80245,8133.75668,null,9606.04936292683,null,null,null,null,null,null,null,null
Thu Sep 24 21:00:00 UTC 2026,0.80245,8010.75668,null,9591.707899512196,null,null,null,null,null,null,null,null
Thu Sep 24 22:00:00 UTC 2026,0.80245,8287.75668,null,9577.366436097562,null,null,null,null,null,null,null,null
Thu Sep 24 23:00:00 UTC 2026,0.80245,8068.75668,null,9563.024972682926,null,null,null,null,null,null,null,null
Fri Sep 25 00:00:00 UTC 2026,0.80245,8696.75668,null,9548.683509268292,null,null,null,null,null,null,null,null
Fri Sep 25 01:00:00 UTC 2026,0.80245,8439.75668,null,9534.342045853658,null,null,null,null,null,null,null,null
Fri Sep 25 02:00:00 UTC 2026,0.80245,7897.75668,null,9520.000582439025,null,null,null,null,null,null,null,null
Fri Sep 25 03:00:00 UTC 2026,0.80245,7206.75668,null,9505.65911902439,null,null,null,null,null,null,null,null
Fri Sep 25 04:00:00 UTC 2026,0.80245,7383.75668,null,9491.317655609757,null,null,null,null,null,null,null,null
Fri Sep 25 05:00:00 UTC 2026,0.80245,6903.75668,null,9476.976192195123,null,null,null,null,null,null,null,null
Fri Sep 25 06:00:00 UTC 2026,0.80245,7401.75668,null,9462.634728780487,null,null,null,null,null,null,null,null
Fri Sep 25 07:00:00 UTC 2026,0.80245,7536.75668,null,9448.293265365854,null,null,null,null,null,null,null,null
Fri Sep 25 08:00:00 UTC 2026,0.80245,7569.75668,null,9433.95180195122,null,null,null,null,null,null,null,null
Fri Sep 25 09:00:00 UTC 2026,0.80245,7780.75668,null,9419.610338536586,null,null,null,null,null,null,null,null
Fri Sep 25 10:00:00 UTC 2026,0.80245,7585.75668,null,9405.268875121952,null,null,null,null,null,null,null,null
Fri Sep 25 11:00:00 UTC 2026,0.80245,7248.75668,null,9390.927411707318,null,null,null,null,null,null,null,null
Fri Sep 25 12:00:00 UTC 2026,0.80245,6982.75668,null,9376.585948292683,null,null,null,null,null,null,null,null
Fri Sep 25 13:00:00 UTC 2026,0.80245,6644.75668,null,9362.244484878049,null,null,null,null,null,null,null,null
Fri Sep 25 14:00:00 UTC 2026,0.80245,6191.75668,null,9347.903021463415,null,null,null,null,null,null,null,null
Fri Sep 25 15:00:00 UTC 2026,0.80245,7129.75668,null,9333.56155804878,null,null,null,null,null,null,null,null
Fri Sep 25 16:00:00 UTC 2026,0.80245,6506.75668,null,9319.220094634145,null,null,null,null,null,null,null,null
Fri Sep 25 17:00:00 UTC 2026,0.80245,6728.75668,null,9304.878631219512,null,null,null,null,null,null,null,null
Fri Sep 25 18:00:00 UTC 2026,0.80245,5887.75668,null,9290.537167804878,null,null,null,null,null,null,null,null
Fri Sep 25 19:00:00 UTC 2026,0.80245,5568.75668,null,9276.195704390244,null,null,null,null,null,null,null,null
Fri Sep 25 20:00:00 UTC 2026,0.80245,5818.75668,null,9261.85424097561,null,null,null,null,null,null,null,null
Fri Sep 25 21:00:00 UTC 2026,0.80245,5865.75668,null,9247.512777560974,null,null,null,null,null,null,null,null
Fri Sep 25 22:00:00 UTC 2026,0.80245,5865.75668,null,9233.17131414634,null,null,null,null,null,null,null,null
Fri Sep 25 23:00:00 UTC 2026,0.80245,5865.75668,null,9218.829850731707,null,null,null,null,null,null,null,null
Sat Sep 26 00:00:00 UTC 2026,0.80245,5865.75668,null,9204.488387317073,null,null,null,null,null,null,null,null
Sat Sep 26 01:00:00 UTC 2026,0.80245,5865.75668,null,9190.146923902439,null,null,null,null,null,null,null,null
Sat Sep 26 02:00:00 UTC 2026,0.80245,5865.75668,null,9175.805460487805,null,null,null,null,null,null,null,null
Sat Sep 26 03:00:00 UTC 2026,0.80245,5865.75668,null,9161.463997073171,null,null,null,null,null,null,null,null
Sat Sep 26 04:00:00 UTC 2026,0.80245,5865.75668,null,9147.122533658538,null,null,null,null,null,null,null,null
Sat Sep 26 05:00:00 UTC 2026,0.80245,5865.75668,null,9132.781070243904,null,null,null,null,null,null,null,null
Sat Sep 26 06:00:00 UTC 2026,0.80245,5865.75668,null,9118.43960682927,null,null,null,null,null,null,null,null
Sat Sep 26 07:00:00 UTC 2026,0.80245,5865.75668,null,9104.098143414634,null,null,null,null,null,null,null,null
Sat Sep 26 08:00:00 UTC 2026,0.80245,5865.75668,null,9089.75668,null,null,null,null,null,null,null,null
Sat Sep 26 09:00:00 UTC 2026,0.80245,5865.75668,null,9075.415216585367,null,null,null,null,null,null,null,null
Sat Sep 26 10:00:00 UTC 2026,0.80245,5865.75668,null,9061.073753170733,null,null,null,null,null,null,null,null
Sat Sep 26 11:00:00 UTC 2026,0.80245,5865.75668,null,9046.732289756099,null,null,null,null,null,null,null,null
Sat Sep 26 12:00:00 UTC 2026,0.80245,5865.75668,null,9032.390826341465,null,null,null,null,null,null,null,null
Sat Sep 26 13:00:00 UTC 2026,0.80245,5865.75668,null,9018.04936292683,null,null,null,null,null,null,null,null
Sat Sep 26 14:00:00 UTC 2026,0.80245,5865.75668,null,9003.707899512196,null,null,null,null,null,null,null,null
Sat Sep 26 15:00:00 UTC 2026,0.80245,5865.75668,null,8989.366436097562,null,null,null,null,null,null,null,null
Sat Sep 26 16:00:00 UTC 2026,0.80245,5865.75668,null,8975.024972682928,null,null,null,null,null,null,null,null
Sat Sep 26 17:00:00 UTC 2026,0.80245,5865.75668,null,8960.683509268294,null,null,null,null,null,null,null,null
Sat Sep 26 18:00:00 UTC 2026,0.80245,5865.75668,null,8946.34204585366,null,null,null,null,null,null,null,null
Sat Sep 26 19:00:00 UTC 2026,0.80245,5865.75668,null,8932.000582439025,null,null,null,null,null,null,null,null
Sat Sep 26 20:00:00 UTC 2026,0.80245,5865.75668,null,8917.65911902439,null,null,null,null,null,null,null,null
Sat Sep 26 21:00:00 UTC 2026,0.80245,5865.75668,null,8903.317655609757,null,null,null,null,null,null,null,null
Sat Sep 26 22:00:00 UTC 2026,0.80245,5865.75668,null,8888.976192195123,null,null,null,null,null,null,null,null
Sat Sep 26 23:00:00 UTC 2026,0.80245,5865.75668,null,8874.63472878049,null,null,null,null,null,null,null,null
Sun Sep 27 00:00:00 UTC 2026,0.80245,5865.75668,null,8860.293265365855,null,null,null,null,null,null,null,null
Sun Sep 27 01:00:00 UTC 2026,0.80245,5865.75668,null,8845.95180195122,null,null,null,null,null,null,null,null
Sun Sep 27 02:00:00 UTC 2026,0.80245,5865.75668,null,8831.610338536586,null,null,null,null,null,null,null,null
Sun Sep 27 03:00:00 UTC 2026,0.80245,5865.75668,null,8817.268875121952,null,null,null,null,null,null,null,null
Sun Sep 27 04:00:00 UTC 2026,0.80245,5865.75668,null,8802.927411707316,null,null,null,null,null,null,null,null
Sun Sep 27 05:00:00 UTC 2026,0.80245,5865.75668,null,8788.585948292683,null,null,null,null,null,null,null,null
Sun Sep 27 06:00:00 UTC 2026,0.80245,5865.75668,null,8774.244484878049,null,null,null,null,null,null,null,null
Sun Sep 27 07:00:00 UTC 2026,0.80245,5865.75668,null,8759.903021463415,null,null,null,null,null,null,null,null
Sun Sep 27 08:00:00 UTC 2026,0.80245,5865.75668,null,8745.561558048781,null,null,null,null,null,null,null,null
Sun Sep 27 09:00:00 UTC 2026,0.80245,5865.75668,null,8731.220094634147,null,null,null,null,null,null,null,null
Sun Sep 27 10:00:00 UTC 2026,0.80245,5865.75668,null,8716.878631219513,null,null,null,null,null,null,null,null
Sun Sep 27 11:00:00 UTC 2026,0.80245,5865.75668,null,8702.537167804878,null,null,null,null,null,null,null,null
Sun Sep 27 12:00:00 UTC 2026,0.80245,5865.75668,null,8688.195704390244,null,null,null,null,null,null,null,null
Sun Sep 27 13:00:00 UTC 2026,0.80245,5865.75668,null,8673.85424097561,null,null,null,null,null,null,null,null
Sun Sep 27 14:00:00 UTC 2026,0.80245,5865.75668,null,8659.512777560976,null,null,null,null,null,null,null,null
Sun Sep 27 15:00:00 UTC 2026,0.80245,5865.75668,null,8645.171314146342,null,null,null,null,null,null,null,null
Sun Sep 27 16:00:00 UTC 2026,0.80245,5865.75668,null,8630.829850731709,null,null,null,null,null,null,null,null
Sun Sep 27 17:00:00 UTC 2026,0.80245,5865.75668,null,8616.488387317073,null,null,null,null,null,null,null,null
Sun Sep 27 18:00:00 UTC 2026,0.80245,5865.75668,null,8602.146923902439,null,null,null,null,null,null,null,null
Sun Sep 27 19:00:00 UTC 2026,0.80245,5865.75668,null,8587.805460487805,null,null,null,null,null,null,null,null
Sun Sep 27 20:00:00 UTC 2026,0.80245,5865.75668,null,8573.463997073171,null,null,null,null,null,null,null,null
Sun Sep 27 21:00:00 UTC 2026,0.80245,5587.75668,null,8559.122533658538,null,null,null,null,null,null,null,null
Sun Sep 27 22:00:00 UTC 2026,0.80245,5816.75668,null,8544.781070243904,null,null,null,null,null,null,null,null
Sun Sep 27 23:00:00 UTC 2026,0.80245,6700.75668,null,8530.439606829268,null,null,null,null,null,null,null,null
Mon Sep 28 00:00:00 UTC 2026,0.80245,6333.75668,null,8516.098143414634,null,null,null,null,null,null,null,null
Mon Sep 28 01:00:00 UTC 2026,0.80245,5779.75668,null,8501.75668,null,null,null,null,null,null,null,null
Mon Sep 28 02:00:00 UTC 2026,0.80245,6424.75668,null,8487.415216585365,null,null,null,null,null,null,null,null
Mon Sep 28 03:00:00 UTC 2026,0.80245,5909.75668,null,8473.073753170731,null,null,null,null,null,null,null,null
Mon Sep 28 04:00:00 UTC 2026,0.80245,6311.75668,null,8458.732289756097,null,null,null,null,null,null,null,null
Mon Sep 28 05:00:00 UTC 2026,0.80245,6566.75668,null,8444.390826341463,null,null,null,null,null,null,null,null
Mon Sep 28 06:00:00 UTC 2026,0.80245,5662.75668,null,8430.04936292683,null,null,null,null,null,null,null,null
Mon Sep 28 07:00:00 UTC 2026,0.80245,6181.75668,null,8415.707899512196,null,null,null,null,null,null,null,null
Mon Sep 28 08:00:00 UTC 2026,0.80245,5583.75668,null,8401.36643609756,null,null,null,null,null,null,null,null
Mon Sep 28 09:00:00 UTC 2026,0.80245,6327.75668,null,8387.024972682926,null,null,null,null,null,null,null,null
Mon Sep 28 10:00:00 UTC 2026,0.80245,6399.75668,null,8372.683509268292,null,null,null,null,null,null,null,null
Mon Sep 28 11:00:00 UTC 2026,0.80245,6238.75668,null,8358.342045853658,null,null,null,null,null,null,null,null
Mon Sep 28 12:00:00 UTC 2026,0.80245,6528.75668,null,8344.000582439025,null,null,null,null,null,null,null,null
Mon Sep 28 13:00:00 UTC 2026,0.80245,6321.75668,null,8329.65911902439,null,null,null,null,null,null,null,null
Mon Sep 28 14:00:00 UTC 2026,0.80245,6439.75668,null,8315.317655609757,null,null,null,null,null,null,null,null
Mon Sep 28 15:00:00 UTC 2026,0.80245,6428.75668,null,8300.976192195121,null,null,null,null,null,null,null,null
Mon Sep 28 16:00:00 UTC 2026,0.80245,6004.75668,null,8286.634728780487,null,null,null,null,null,null,null,null
Mon Sep 28 17:00:00 UTC 2026,0.80245,6282.75668,null,8272.293265365854,null,null,null,null,null,null,null,null
Mon Sep 28 18:00:00 UTC 2026,0.80245,6396.75668,null,8257.95180195122,null,null,null,null,null,null,null,null
Mon Sep 28 19:00:00 UTC 2026,0.80245,6226.75668,null,8243.610338536586,null,null,null,null,null,null,null,null
Mon Sep 28 20:00:00 UTC 2026,0.80245,6389.75668,null,8229.268875121952,null,null,null,null,null,null,null,null
Mon Sep 28 21:00:00 UTC 2026,0.80245,6691.75668,null,8214.927411707316,null,null,null,null,null,null,null,null
Mon Sep 28 22:00:00 UTC 2026,0.80245,6674.75668,null,8200.585948292683,null,null,null,null,null,null,null,null
Mon Sep 28 23:00:00 UTC 2026,0.80245,6340.75668,null,8186.24448487805,null,null,null,null,null,null,null,null
Tue Sep 29 00:00:00 UTC 2026,0.80245,6284.75668,null,8171.903021463415,null,null,null,null,null,null,null,null
Tue Sep 29 01:00:00 UTC 2026,0.80245,6119.75668,null,8157.561558048781,null,null,null,null,null,null,null,null
Tue Sep 29 02:00:00 UTC 2026,0.80245,6415.75668,null,8143.220094634147,null,null,null,null,null,null,null,null
Tue Sep 29 03:00:00 UTC 2026,0.80245,6089.75668,null,8128.878631219512,null,null,null,null,null,null,null,null
Tue Sep 29 04:00:00 UTC 2026,0.80245,6113.75668,null,8114.537167804878,null,null,null,null,null,null,null,null
Tue Sep 29 05:00:00 UTC 2026,0.80245,6287.75668,null,8100.195704390244,null,null,null,null,null,null,null,null
Tue Sep 29 06:00:00 UTC 2026,0.80245,5693.75668,null,8085.854240975609,null,null,null,null,null,null,null,null
Tue Sep 29 07:00:00 UTC 2026,0.80245,5341.75668,null,8071.512777560975,null,null,null,null,null,null,null,null
Tue Sep 29 08:00:00 UTC 2026,0.80245,6833.75668,null,8057.1713141463415,null,null,null,null,null,null,null,null
Tue Sep 29 09:00:00 UTC 2026,0.80245,6866.75668,null,8042.829850731707,null,null,null,null,null,null,null,null
Tue Sep 29 10:00:00 UTC 2026,0.80245,6330.75668,null,8028.488387317073,null,null,null,null,null,null,null,null
Tue Sep 29 11:00:00 UTC 2026,0.80245,6133.75668,null,8014.146923902439,null,null,null,null,null,null,null,null
Tue Sep 29 12:00:00 UTC 2026,0.80245,6049.75668,null,7999.805460487805,null,null,null,null,null,null,null,null
Tue Sep 29 13:00:00 UTC 2026,0.80245,5906.75668,null,7985.4639970731705,null,null,null,null,null,null,null,null
Tue Sep 29 14:00:00 UTC 2026,0.80245,5606.75668,null,7971.122533658537,null,null,null,null,null,null,null,null
Tue Sep 29 15:00:00 UTC 2026,0.80245,5512.75668,null,7956.781070243903,null,null,null,null,null,null,null,null
Tue Sep 29 16:00:00 UTC 2026,0.80245,5712.75668,null,7942.439606829268,null,null,null,null,null,null,null,null
Tue Sep 29 17:00:00 UTC 2026,0.80245,5940.75668,null,7928.098143414634,null,null,null,null,null,null,null,null
Tue Sep 29 18:00:00 UTC 2026,0.80245,6159.75668,null,7913.75668,null,null,null,null,null,null,null,null
Tue Sep 29 19:00:00 UTC 2026,0.80245,6401.75668,null,7899.415216585367,null,null,null,null,null,null,null,null
Tue Sep 29 20:00:00 UTC 2026,0.80245,5644.75668,null,7885.073753170733,null,null,null,null,null,null,null,null
Tue Sep 29 21:00:00 UTC 2026,0.80245,5731.75668,null,7870.732289756099,null,null,null,null,null,null,null,null
Tue Sep 29 22:00:00 UTC 2026,0.80245,6035.75668,null,7856.390826341464,null,null,null,null,null,null,null,null
Tue Sep 29 23:00:00 UTC 2026,0.80245,6513.75668,null,7842.04936292683,null,null,null,null,null,null,null,null
Wed Sep 30 00:00:00 UTC 2026,0.80245,6470.75668,null,7827.7078995121965,null,null,null,null,null,null,null,null
Wed Sep 30 01:00:00 UTC 2026,0.80245,7080.75668,null,7813.366436097561,null,null,null,null,null,null,null,null
Wed Sep 30 02:00:00 UTC 2026,0.80245,6948.75668,null,7799.024972682927,null,null,null,null,null,null,null,null
Wed Sep 30 03:00:00 UTC 2026,0.80245,7275.75668,null,7784.683509268293,null,null,null,null,null,null,null,null
Wed Sep 30 04:00:00 UTC 2026,0.80245,6963.75668,null,7770.342045853658,null,null,null,null,null,null,null,null
Wed Sep 30 05:00:00 UTC 2026,0.80245,6661.75668,null,7756.000582439025,null,null,null,null,null,null,null,null
Wed Sep 30 06:00:00 UTC 2026,0.80245,6511.75668,null,7741.659119024391,null,null,null,null,null,null,null,null
Wed Sep 30 07:00:00 UTC 2026,0.80245,6873.75668,null,7727.317655609756,null,null,null,null,null,null,null,null
Wed Sep 30 08:00:00 UTC 2026,0.80245,6885.75668,null,7712.976192195122,null,null,null,null,null,null,null,null
Wed Sep 30 09:00:00 UTC 2026,0.80245,6784.75668,null,7698.634728780488,null,null,null,null,null,null,null,null
Wed Sep 30 10:00:00 UTC 2026,0.80245,6353.75668,null,7684.293265365854,null,null,null,null,null,null,null,null
Wed Sep 30 11:00:00 UTC 2026,0.80245,6900.75668,null,7669.95180195122,null,null,null,null,null,null,null,null
Wed Sep 30 12:00:00 UTC 2026,0.80245,7766.75668,null,7655.610338536586,null,null,null,null,8366.75668,null,null,null
Wed Sep 30 13:00:00 UTC 2026,0.80245,7121.75668,null,7641.268875121952,null,null,null,null,8297.513436756757,null,null,null
Wed Sep 30 14:00:00 UTC 2026,0.80245,7215.75668,null,7626.927411707317,null,null,null,null,8228.270193513514,null,null,null
Wed Sep 30 15:00:00 UTC 2026,0.80245,7024.75668,null,7612.5859482926835,null,null,null,null,8159.02695027027,null,null,null
Wed Sep 30 16:00:00 UTC 2026,0.80245,7096.75668,null,7598.24448487805,null,null,null,null,8089.783707027027,null,null,null
Wed Sep 30 17:00:00 UTC 2026,0.80245,7381.75668,null,7583.903021463415,null,null,null,null,8020.540463783785,null,null,null
Wed Sep 30 18:00:00 UTC 2026,0.80245,5943.75668,null,7569.561558048781,null,null,null,null,7951.297220540541,null,null,null
Wed Sep 30 19:00:00 UTC 2026,0.80245,7195.75668,null,7555.220094634147,null,null,null,null,7882.053977297299,null,null,null
Wed Sep 30 20:00:00 UTC 2026,0.80245,7082.75668,null,7540.878631219512,null,null,null,null,7812.810734054054,null,null,null
Wed Sep 30 21:00:00 UTC 2026,0.80245,6555.75668,null,7526.537167804878,null,null,null,null,7743.567490810811,null,null,null
Wed Sep 30 22:00:00 UTC 2026,0.80245,5929.75668,null,7512.195704390244,null,null,null,null,7674.324247567568,null,null,null
Wed Sep 30 23:00:00 UTC 2026,0.80245,5516.75668,null,7497.854240975609,null,null,null,null,7605.0810043243255,null,null,null
Thu Oct 01 00:00:00 UTC 2026,0.80245,5558.75668,null,7483.512777560975,null,null,null,null,7535.837761081082,null,null,null
Thu Oct 01 01:00:00 UTC 2026,0.80245,6182.75668,null,7469.1713141463415,null,null,null,null,7466.594517837839,null,null,null
Thu Oct 01 02:00:00 UTC 2026,0.80245,6781.75668,null,7454.829850731707,null,null,null,null,7397.3512745945945,null,null,null
Thu Oct 01 03:00:00 UTC 2026,0.80245,6705.75668,null,7440.488387317073,null,null,null,null,7328.108031351352,null,null,null
Thu Oct 01 04:00:00 UTC 2026,0.80245,6521.75668,null,7426.146923902439,null,null,null,null,7258.864788108109,null,null,null
Thu Oct 01 05:00:00 UTC 2026,0.80245,6397.75668,null,7411.805460487804,null,null,null,null,7189.621544864865,null,null,null
Thu Oct 01 06:00:00 UTC 2026,0.80245,5585.75668,null,7397.463997073171,null,null,null,null,7120.378301621622,null,null,null
Thu Oct 01 07:00:00 UTC 2026,0.80245,5817.75668,null,7383.122533658538,null,null,null,null,7051.135058378379,null,null,null
Thu Oct 01 08:00:00 UTC 2026,0.80245,5680.75668,null,7368.781070243903,null,null,null,null,6981.891815135135,null,null,null
Thu Oct 01 09:00:00 UTC 2026,0.80245,5704.75668,null,7354.439606829269,null,null,null,null,6912.648571891892,null,null,null
Thu Oct 01 10:00:00 UTC 2026,0.80245,5864.75668,null,7340.098143414635,null,null,null,null,6843.40532864865,null,null,null
Thu Oct 01 11:00:00 UTC 2026,0.80245,5901.75668,null,7325.75668,null,null,null,null,6774.162085405405,null,null,null
Thu Oct 01 12:00:00 UTC 2026,0.80245,5953.75668,null,7311.415216585367,null,null,null,null,6704.918842162163,null,null,null
Thu Oct 01 13:00:00 UTC 2026,0.80245,5773.75668,null,7297.073753170733,null,null,null,null,6635.67559891892,null,null,null
Thu Oct 01 14:00:00 UTC 2026,0.80245,5636.75668,null,7282.732289756099,null,null,null,null,6566.432355675676,null,null,null
Thu Oct 01 15:00:00 UTC 2026,0.80245,6208.75668,null,7268.390826341463,null,null,null,null,6497.189112432433,null,null,null
Thu Oct 01 16:00:00 UTC 2026,0.80245,6078.75668,null,7254.04936292683,null,null,null,null,6427.94586918919,null,null,null
Thu Oct 01 17:00:00 UTC 2026,0.80245,5825.75668,null,7239.7078995121965,null,null,null,null,6358.702625945947,null,null,null
Thu Oct 01 18:00:00 UTC 2026,0.80245,6038.75668,null,7225.366436097561,null,null,null,null,6289.459382702704,null,null,null
Thu Oct 01 19:00:00 UTC 2026,0.80245,5948.75668,null,7211.024972682927,null,null,null,null,6220.21613945946,null,null,null
Thu Oct 01 20:00:00 UTC 2026,0.80245,5738.75668,null,7196.683509268293,null,null,null,null,6150.972896216217,null,null,null
Thu Oct 01 21:00:00 UTC 2026,0.80245,5436.75668,null,7182.342045853658,null,null,null,null,6081.729652972974,null,null,null
Thu Oct 01 22:00:00 UTC 2026,0.80245,6339.75668,null,7168.000582439025,null,null,null,null,6012.48640972973,null,null,null
Thu Oct 01 23:00:00 UTC 2026,0.80245,5441.75668,null,7153.659119024391,null,null,null,null,5943.243166486486,null,null,null
Fri Oct 02 00:00:00 UTC 2026,0.80245,5477.75668,null,7139.317655609756,null,null,null,null,5873.999923243245,null,null,null
Fri Oct 02 01:00:00 UTC 2026,0.80245,5204.75668,null,7124.976192195122,null,null,null,null,5804.75668,null,null,null
Fri Oct 02 02:00:00 UTC 2026,0.80245,5316.75668,null,7110.634728780488,null,null,null,null,null,null,null,null
Fri Oct 02 03:00:00 UTC 2026,0.80245,5678.75668,null,7096.293265365854,null,null,null,null,null,null,null,null
Fri Oct 02 04:00:00 UTC 2026,0.80245,6422.75668,null,7081.95180195122,null,null,null,null,null,null,null,null
Fri Oct 02 05:00:00 UTC 2026,0.80245,6269.75668,null,7067.610338536586,null,null,null,null,null,null,null,null
Fri Oct 02 06:00:00 UTC 2026,0.80245,5545.75668,null,7053.268875121951,null,null,null,null,null,null,null,null
Fri Oct 02 07:00:00 UTC 2026,0.80245,6429.75668,null,7038.927411707317,null,null,null,null,null,null,null,null
Fri Oct 02 08:00:00 UTC 2026,0.80245,5746.75668,null,7024.5859482926835,null,null,null,null,null,null,null,null
Fri Oct 02 09:00:00 UTC 2026,0.80245,5220.75668,null,7010.244484878049,null,null,null,null,null,null,null,null
Fri Oct 02 10:00:00 UTC 2026,0.80245,5705.75668,null,6995.903021463415,null,null,null,null,null,null,null,null
Fri Oct 02 11:00:00 UTC 2026,0.80245,6577.75668,null,6981.561558048781,null,null,null,null,null,null,null,null
Fri Oct 02 12:00:00 UTC 2026,0.80245,6698.75668,null,6967.220094634145,null,null,null,null,null,null,null,null
Fri Oct 02 13:00:00 UTC 2026,0.80245,5871.75668,null,6952.878631219512,null,null,null,null,null,null,null,null
Fri Oct 02 14:00:00 UTC 2026,0.80245,5527.75668,null,6938.537167804878,null,null,null,null,null,null,null,null
Fri Oct 02 15:00:00 UTC 2026,0.80245,6234.75668,null,6924.195704390243,null,null,null,null,null,null,null,null
Fri Oct 02 16:00:00 UTC 2026,0.80245,5146.75668,null,6909.85424097561,null,null,null,null,null,null,null,null
Fri Oct 02 17:00:00 UTC 2026,0.80245,4689.75668,null,6895.512777560976,null,null,null,null,null,null,null,null
Fri Oct 02 18:00:00 UTC 2026,0.80245,4637.75668,null,6881.171314146342,null,null,null,null,null,null,null,null
Fri Oct 02 19:00:00 UTC 2026,0.80245,4703.75668,null,6866.829850731708,null,null,null,null,null,null,null,null
Fri Oct 02 20:00:00 UTC 2026,0.80245,4898.75668,null,6852.488387317074,null,null,null,null,null,null,null,null
Fri Oct 02 21:00:00 UTC 2026,0.80245,4899.75668,null,6838.14692390244,null,null,null,null,null,null,null,null
Fri Oct 02 22:00:00 UTC 2026,0.80245,4899.75668,null,6823.805460487805,null,null,null,null,null,null,null,null
Fri Oct 02 23:00:00 UTC 2026,0.80245,4899.75668,null,6809.463997073171,null,null,null,null,null,null,null,null
Sat Oct 03 00:00:00 UTC 2026,0.80245,4899.75668,null,6795.122533658538,null,null,null,null,null,null,null,null
Sat Oct 03 01:00:00 UTC 2026,0.80245,4899.75668,null,6780.781070243903,null,null,null,null,null,null,null,null
Sat Oct 03 02:00:00 UTC 2026,0.80245,4899.75668,null,6766.439606829269,null,null,null,null,null,null,null,null
Sat Oct 03 03:00:00 UTC 2026,0.80245,4899.75668,null,6752.098143414635,null,null,null,null,null,null,null,null
Sat Oct 03 04:00:00 UTC 2026,0.80245,4899.75668,null,6737.75668,null,null,null,null,null,null,null,null
Sat Oct 03 05:00:00 UTC 2026,0.80245,4899.75668,null,6723.415216585367,null,null,null,null,null,null,null,null
Sat Oct 03 06:00:00 UTC 2026,0.80245,4899.75668,null,6709.073753170733,null,null,null,null,null,null,null,null
Sat Oct 03 07:00:00 UTC 2026,0.80245,4899.75668,null,6694.732289756097,null,null,null,null,null,null,null,null
Sat Oct 03 08:00:00 UTC 2026,0.80245,4899.75668,null,6680.390826341463,null,null,null,null,null,null,null,null
Sat Oct 03 09:00:00 UTC 2026,0.80245,4899.75668,null,6666.049362926829,null,null,null,null,null,null,null,null
Sat Oct 03 10:00:00 UTC 2026,0.80245,4899.75668,null,6651.707899512195,null,null,null,null,null,null,null,null
Sat Oct 03 11:00:00 UTC 2026,0.80245,4899.75668,null,6637.366436097561,null,null,null,null,null,null,null,null
Sat Oct 03 12:00:00 UTC 2026,0.80245,4899.75668,null,6623.024972682927,null,null,null,null,null,null,null,null
Sat Oct 03 13:00:00 UTC 2026,0.80245,4899.75668,null,6608.683509268292,null,null,null,null,null,null,null,null
Sat Oct 03 14:00:00 UTC 2026,0.80245,4899.75668,null,6594.342045853658,null,null,null,null,null,null,null,null
Sat Oct 03 15:00:00 UTC 2026,0.80245,4899.75668,null,6580.000582439025,null,null,null,null,null,null,null,null
Sat Oct 03 16:00:00 UTC 2026,0.80245,4899.75668,null,6565.65911902439,null,null,null,null,null,null,null,null
Sat Oct 03 17:00:00 UTC 2026,0.80245,4899.75668,null,6551.317655609756,null,null,null,null,null,null,null,null
Sat Oct 03 18:00:00 UTC 2026,0.80245,4899.75668,null,6536.976192195122,null,null,null,null,null,null,null,null
Sat Oct 03 19:00:00 UTC 2026,0.80245,4899.75668,null,6522.634728780488,null,null,null,null,null,null,null,null
Sat Oct 03 20:00:00 UTC 2026,0.80245,4899.75668,null,6508.293265365854,null,null,null,null,null,null,null,null
Sat Oct 03 21:00:00 UTC 2026,0.80245,4899.75668,null,6493.95180195122,null,null,null,null,null,null,null,null
Sat Oct 03 22:00:00 UTC 2026,0.80245,4899.75668,null,6479.610338536586,null,null,null,null,null,null,null,null
Sat Oct 03 23:00:00 UTC 2026,0.80245,4899.75668,null,6465.268875121951,null,null,null,null,null,null,null,null
Sun Oct 04 00:00:00 UTC 2026,0.80245,4899.75668,null,6450.927411707317,null,null,null,null,null,null,null,null
Sun Oct 04 01:00:00 UTC 2026,0.80245,4899.75668,null,6436.5859482926835,null,null,null,null,null,null,null,null
Sun Oct 04 02:00:00 UTC 2026,0.80245,4899.75668,null,6422.244484878049,null,null,null,null,null,null,null,null
Sun Oct 04 03:00:00 UTC 2026,0.80245,4899.75668,null,6407.903021463415,null,null,null,null,null,null,null,null
Sun Oct 04 04:00:00 UTC 2026,0.80245,4899.75668,null,6393.561558048782,null,null,null,null,null,null,null,null
Sun Oct 04 05:00:00 UTC 2026,0.80245,4899.75668,null,6379.220094634145,null,null,null,null,null,null,null,null
Sun Oct 04 06:00:00 UTC 2026,0.80245,4899.75668,null,6364.8786312195125,null,null,null,null,null,null,null,null
Sun Oct 04 07:00:00 UTC 2026,0.80245,4899.75668,null,6350.537167804879,null,null,null,null,null,null,null,null
Sun Oct 04 08:00:00 UTC 2026,0.80245,4899.75668,null,6336.195704390244,null,null,null,null,null,null,null,null
Sun Oct 04 09:00:00 UTC 2026,0.80245,4899.75668,null,6321.85424097561,null,null,null,null,null,null,null,null
Sun Oct 04 10:00:00 UTC 2026,0.80245,4899.75668,null,6307.512777560976,null,null,null,null,null,null,null,null
Sun Oct 04 11:00:00 UTC 2026,0.80245,4899.75668,null,6293.1713141463415,null,null,null,null,null,null,null,null
Sun Oct 04 12:00:00 UTC 2026,0.80245,4899.75668,null,6278.829850731708,null,null,null,null,null,null,null,null
Sun Oct 04 13:00:00 UTC 2026,0.80245,4899.75668,null,6264.488387317074,null,null,null,null,null,null,null,null
Sun Oct 04 14:00:00 UTC 2026,0.80245,4899.75668,null,6250.146923902439,null,null,null,null,null,null,null,null
Sun Oct 04 15:00:00 UTC 2026,0.80245,4899.75668,null,6235.805460487805,null,null,null,null,null,null,null,null
Sun Oct 04 16:00:00 UTC 2026,0.80245,4899.75668,null,6221.463997073171,null,null,null,null,null,null,null,null
Sun Oct 04 17:00:00 UTC 2026,0.80245,4899.75668,null,6207.122533658537,null,null,null,null,null,null,null,null
Sun Oct 04 18:00:00 UTC 2026,0.80245,4899.75668,null,6192.781070243903,null,null,null,null,null,null,null,null
Sun Oct 04 19:00:00 UTC 2026,0.80245,4899.75668,null,6178.439606829269,null,null,null,null,null,null,null,null
Sun Oct 04 20:00:00 UTC 2026,0.80245,4899.75668,null,6164.098143414635,null,null,null,null,null,null,null,null
Sun Oct 04 21:00:00 UTC 2026,0.80245,4963.75668,null,6149.75668,null,null,null,null,null,null,null,null
Sun Oct 04 22:00:00 UTC 2026,0.80245,5093.75668,null,6135.415216585367,null,null,null,null,null,null,null,null
Sun Oct 04 23:00:00 UTC 2026,0.80245,4795.75668,null,6121.073753170733,null,null,null,null,null,null,null,null
Mon Oct 05 00:00:00 UTC 2026,0.80245,4657.75668,null,6106.732289756097,null,null,null,null,null,null,null,null
Mon Oct 05 01:00:00 UTC 2026,0.80245,4844.75668,null,6092.390826341463,null,null,null,null,null,null,null,null
Mon Oct 05 02:00:00 UTC 2026,0.80245,5156.75668,null,6078.049362926829,null,null,null,null,null,null,null,null
Mon Oct 05 03:00:00 UTC 2026,0.80245,5159.75668,null,6063.707899512195,null,null,null,null,null,null,null,null
Mon Oct 05 04:00:00 UTC 2026,0.80245,5310.75668,null,6049.366436097561,null,null,null,null,null,null,null,null
Mon Oct 05 05:00:00 UTC 2026,0.80245,5511.75668,null,6035.024972682927,null,null,null,null,null,null,null,null
Mon Oct 05 06:00:00 UTC 2026,0.80245,5400.75668,null,6020.683509268292,null,null,null,null,null,null,null,null
Mon Oct 05 07:00:00 UTC 2026,0.80245,5377.75668,null,6006.342045853658,null,null,null,null,null,null,null,null
Mon Oct 05 08:00:00 UTC 2026,0.80245,4934.75668,null,5992.000582439025,null,null,null,null,null,null,null,null
Mon Oct 05 09:00:00 UTC 2026,0.80245,4958.75668,null,5977.65911902439,null,null,null,null,null,null,null,null
Mon Oct 05 10:00:00 UTC 2026,0.80245,5139.75668,null,5963.317655609756,null,null,null,null,null,null,null,null
Mon Oct 05 11:00:00 UTC 2026,0.80245,5206.75668,null,5948.976192195122,null,null,null,null,null,null,null,null
Mon Oct 05 12:00:00 UTC 2026,0.80245,5195.75668,null,5934.634728780487,null,null,null,null,null,null,null,null
Mon Oct 05 13:00:00 UTC 2026,0.80245,5186.75668,null,5920.293265365854,null,null,null,null,null,null,null,null
Mon Oct 05 14:00:00 UTC 2026,0.80245,5126.75668,null,5905.95180195122,null,null,null,null,null,null,null,null
Mon Oct 05 15:00:00 UTC 2026,0.80245,5027.75668,null,5891.610338536586,null,null,null,null,null,null,null,null
Mon Oct 05 16:00:00 UTC 2026,0.80245,5168.75668,null,5877.268875121952,null,null,null,null,null,null,null,null
Mon Oct 05 17:00:00 UTC 2026,0.80245,5118.75668,null,5862.927411707318,null,null,null,null,null,null,null,null
Mon Oct 05 18:00:00 UTC 2026,0.80245,4931.75668,null,5848.585948292683,null,null,null,null,null,null,null,null
Mon Oct 05 19:00:00 UTC 2026,0.80245,4888.75668,null,5834.244484878049,null,null,null,null,null,null,null,null
Mon Oct 05 20:00:00 UTC 2026,0.80245,4705.75668,null,5819.903021463415,null,null,null,null,null,null,null,null
Mon Oct 05 21:00:00 UTC 2026,0.80245,4845.75668,null,5805.561558048781,null,null,null,null,null,null,null,null
Mon Oct 05 22:00:00 UTC 2026,0.80245,5121.75668,null,5791.220094634146,null,null,null,null,null,null,null,null
Mon Oct 05 23:00:00 UTC 2026,0.80245,5040.75668,null,5776.8786312195125,null,null,null,null,null,null,null,null
Tue Oct 06 00:00:00 UTC 2026,0.80245,4978.75668,null,5762.537167804879,null,null,null,null,null,null,null,null
Tue Oct 06 01:00:00 UTC 2026,0.80245,5023.75668,null,5748.195704390244,null,null,null,null,null,null,null,null
Tue Oct 06 02:00:00 UTC 2026,0.80245,4834.75668,null,5733.85424097561,null,null,null,null,null,null,null,null
Tue Oct 06 03:00:00 UTC 2026,0.80245,5166.75668,null,5719.512777560976,null,null,null,null,null,null,null,null
Tue Oct 06 04:00:00 UTC 2026,0.80245,5169.75668,null,5705.1713141463415,null,null,null,null,null,null,null,null
Tue Oct 06 05:00:00 UTC 2026,0.80245,5289.75668,null,5690.829850731708,null,null,null,null,null,null,null,null
Tue Oct 06 06:00:00 UTC 2026,0.80245,5081.75668,null,5676.488387317074,null,null,null,null,null,null,null,null
Tue Oct 06 07:00:00 UTC 2026,0.80245,5080.75668,null,5662.146923902439,null,null,null,null,null,null,null,null
Tue Oct 06 08:00:00 UTC 2026,0.80245,5543.75668,null,5647.805460487805,null,null,null,null,null,null,null,null
Tue Oct 06 09:00:00 UTC 2026,0.80245,6695.75668,null,5633.463997073171,null,null,null,null,null,null,null,null
Tue Oct 06 10:00:00 UTC 2026,0.80245,5585.75668,null,5619.122533658537,null,null,null,null,null,null,null,null
Tue Oct 06 11:00:00 UTC 2026,0.80245,5478.75668,null,5604.781070243903,null,null,null,null,null,null,null,null
Tue Oct 06 12:00:00 UTC 2026,0.80245,5481.75668,null,5590.439606829269,null,null,null,null,null,null,null,null
Tue Oct 06 13:00:00 UTC 2026,0.80245,5500.75668,null,5576.098143414634,null,null,null,null,null,null,null,null
Tue Oct 06 14:00:00 UTC 2026,0.80245,5476.75668,null,5561.75668,null,null,null,null,null,null,null,null
Tue Oct 06 15:00:00 UTC 2026,0.80245,5373.75668,null,5547.415216585367,null,null,null,null,null,null,null,null
Tue Oct 06 16:00:00 UTC 2026,0.80245,5279.75668,null,5533.073753170731,null,null,null,null,null,null,null,null
Tue Oct 06 17:00:00 UTC 2026,0.80245,4974.75668,null,5518.732289756097,null,null,null,null,null,null,null,null
Tue Oct 06 18:00:00 UTC 2026,0.80245,4843.75668,null,5504.390826341463,null,null,null,null,null,null,null,null
Tue Oct 06 19:00:00 UTC 2026,0.80245,4635.75668,null,5490.0493629268285,null,null,null,null,null,null,null,null
Tue Oct 06 20:00:00 UTC 2026,0.80245,4476.75668,null,5475.707899512195,null,null,null,null,null,null,null,null
Tue Oct 06 21:00:00 UTC 2026,0.80245,4247.75668,null,5461.366436097561,null,null,null,null,null,null,null,null
Tue Oct 06 22:00:00 UTC 2026,0.80245,4405.75668,null,5447.024972682927,null,null,null,null,null,null,null,null
Tue Oct 06 23:00:00 UTC 2026,0.80245,4387.75668,null,5432.683509268292,null,null,null,null,null,null,null,null
Wed Oct 07 00:00:00 UTC 2026,0.80245,4470.75668,null,5418.342045853658,null,null,null,null,null,null,null,null
Wed Oct 07 01:00:00 UTC 2026,0.80245,4497.75668,null,5404.000582439025,null,null,null,null,null,null,null,null
Wed Oct 07 02:00:00 UTC 2026,0.80245,4469.75668,null,5389.659119024391,null,null,null,null,null,null,null,null
Wed Oct 07 03:00:00 UTC 2026,0.80245,4429.75668,null,5375.317655609757,null,null,null,null,null,null,null,null
Wed Oct 07 04:00:00 UTC 2026,0.80245,4298.75668,null,5360.976192195123,null,null,null,null,null,null,null,null
Wed Oct 07 05:00:00 UTC 2026,0.80245,4361.75668,null,5346.634728780488,null,null,null,null,null,null,null,null
Wed Oct 07 06:00:00 UTC 2026,0.80245,4373.75668,null,5332.2932653658545,null,null,null,null,null,null,null,null
Wed Oct 07 07:00:00 UTC 2026,0.80245,4395.75668,null,5317.951801951221,null,null,null,null,null,null,null,null
Wed Oct 07 08:00:00 UTC 2026,0.80245,4635.75668,null,5303.610338536586,null,null,null,null,null,null,null,null
Wed Oct 07 09:00:00 UTC 2026,0.80245,4613.75668,null,5289.268875121952,null,null,null,null,null,null,null,null
Wed Oct 07 10:00:00 UTC 2026,0.80245,4554.75668,null,5274.927411707318,null,null,null,null,null,null,null,null
Wed Oct 07 11:00:00 UTC 2026,0.80245,6486.75668,null,5260.5859482926835,null,null,null,null,null,null,null,null
Wed Oct 07 12:00:00 UTC 2026,0.80245,6598.75668,null,5246.244484878049,null,null,null,null,null,null,null,null
Wed Oct 07 13:00:00 UTC 2026,0.80245,6314.75668,null,5231.903021463415,null,null,null,null,null,null,null,null
Wed Oct 07 14:00:00 UTC 2026,0.80245,6086.75668,null,5217.561558048781,null,null,null,null,null,null,null,null
Wed Oct 07 15:00:00 UTC 2026,0.80245,5982.75668,null,5203.220094634146,null,null,null,null,null,null,null,null
Wed Oct 07 16:00:00 UTC 2026,0.80245,6325.75668,null,5188.8786312195125,null,null,null,null,null,null,null,null
Wed Oct 07 17:00:00 UTC 2026,0.80245,6194.75668,null,5174.537167804879,null,null,null,null,null,null,null,null
Wed Oct 07 18:00:00 UTC 2026,0.80245,6225.75668,null,5160.195704390244,null,null,null,null,null,null,null,null
Wed Oct 07 19:00:00 UTC 2026,0.80245,6776.75668,null,5145.85424097561,null,null,null,null,null,null,null,null
Wed Oct 07 20:00:00 UTC 2026,0.80245,6393.75668,null,5131.512777560976,null,null,null,null,null,null,null,null
Wed Oct 07 21:00:00 UTC 2026,0.80245,5804.75668,null,5117.1713141463415,null,null,null,null,null,null,null,null
Wed Oct 07 22:00:00 UTC 2026,0.80245,5682.75668,null,5102.829850731708,null,null,null,null,null,null,null,null
Wed Oct 07 23:00:00 UTC 2026,0.80245,5924.75668,null,5088.488387317073,null,null,null,null,null,null,null,null
Thu Oct 08 00:00:00 UTC 2026,0.80245,5885.75668,null,5074.146923902439,null,null,null,null,null,null,null,null
Thu Oct 08 01:00:00 UTC 2026,0.80245,5955.75668,null,5059.805460487805,null,null,null,null,null,null,null,null
Thu Oct 08 02:00:00 UTC 2026,0.80245,5900.75668,null,5045.4639970731705,null,null,null,null,null,null,null,null
Thu Oct 08 03:00:00 UTC 2026,0.80245,6122.75668,null,5031.122533658537,null,null,null,null,null,null,null,null
Thu Oct 08 04:00:00 UTC 2026,0.80245,6237.75668,null,5016.781070243903,null,null,null,null,null,null,null,null
Thu Oct 08 05:00:00 UTC 2026,0.80245,6335.75668,null,5002.439606829268,null,null,null,null,null,null,null,null
Thu Oct 08 06:00:00 UTC 2026,0.80245,6478.75668,null,4988.098143414634,null,null,null,null,null,null,null,null
Thu Oct 08 07:00:00 UTC 2026,0.80245,6631.75668,null,4973.7566799999995,null,null,null,null,null,null,null,null
Thu Oct 08 08:00:00 UTC 2026,0.80245,6749.75668,null,4959.415216585366,null,null,null,null,null,null,null,null
Thu Oct 08 09:00:00 UTC 2026,0.80245,6604.75668,null,4945.073753170732,null,null,null,null,null,null,null,null
Thu Oct 08 10:00:00 UTC 2026,0.80245,6603.75668,null,4930.732289756097,null,null,null,null,null,null,null,null
Thu Oct 08 11:00:00 UTC 2026,0.80245,6515.75668,null,4916.390826341463,null,null,null,null,null,null,null,null
Thu Oct 08 12:00:00 UTC 2026,0.80245,6432.75668,null,4902.049362926829,null,null,null,null,null,null,null,null
Thu Oct 08 13:00:00 UTC 2026,0.80245,6109.75668,null,4887.707899512196,null,null,null,null,null,null,null,null
Thu Oct 08 14:00:00 UTC 2026,0.80245,6330.75668,null,4873.366436097562,null,null,null,null,null,null,null,null
Thu Oct 08 15:00:00 UTC 2026,0.80245,6243.75668,null,4859.024972682928,null,null,null,null,null,null,null,null
Thu Oct 08 16:00:00 UTC 2026,0.80245,5998.75668,null,4844.683509268293,null,null,null,null,null,null,null,null
Thu Oct 08 17:00:00 UTC 2026,0.80245,6913.75668,null,4830.342045853658,null,null,null,null,null,null,null,null
Thu Oct 08 18:00:00 UTC 2026,0.80245,7019.75668,null,4816.000582439025,null,null,null,null,null,null,null,null
Thu Oct 08 19:00:00 UTC 2026,0.80245,7172.75668,null,4801.659119024391,null,null,null,null,7772.75668,null,null,null
Thu Oct 08 20:00:00 UTC 2026,0.80245,6633.75668,null,4787.317655609757,null,null,null,null,7749.429407272728,null,null,null
Thu Oct 08 21:00:00 UTC 2026,0.80245,6233.75668,null,4772.976192195122,null,null,null,null,7726.102134545455,null,null,null
Thu Oct 08 22:00:00 UTC 2026,0.80245,6353.75668,null,4758.634728780488,null,null,null,null,7702.774861818182,null,null,null
Thu Oct 08 23:00:00 UTC 2026,0.80245,6753.75668,null,4744.2932653658545,null,null,null,null,7679.44758909091,null,null,null
Fri Oct 09 00:00:00 UTC 2026,0.80245,6759.75668,null,4729.95180195122,null,null,null,null,7656.120316363636,null,null,null
Fri Oct 09 01:00:00 UTC 2026,0.80245,6658.75668,null,4715.610338536586,null,null,null,null,7632.793043636364,null,null,null
Fri Oct 09 02:00:00 UTC 2026,0.80245,6702.75668,null,4701.268875121952,null,null,null,null,7609.465770909091,null,null,null
Fri Oct 09 03:00:00 UTC 2026,0.80245,6823.75668,null,4686.927411707317,null,null,null,null,7586.138498181818,null,null,null
Fri Oct 09 04:00:00 UTC 2026,0.80245,7105.75668,null,4672.585948292683,null,null,null,null,7562.811225454546,null,null,null
Fri Oct 09 05:00:00 UTC 2026,0.80245,7170.75668,null,4658.244484878049,null,null,null,null,7539.483952727273,null,null,null
Fri Oct 09 06:00:00 UTC 2026,0.80245,6830.75668,null,4643.903021463415,null,null,null,null,7516.15668,null,null,null
Fri Oct 09 07:00:00 UTC 2026,0.80245,6926.75668,null,4629.56155804878,null,null,null,null,7492.829407272728,null,null,null
Fri Oct 09 08:00:00 UTC 2026,0.80245,6916.75668,null,4615.220094634146,null,null,null,null,7469.502134545455,null,null,null
Fri Oct 09 09:00:00 UTC 2026,0.80245,6716.75668,null,4600.8786312195125,null,null,null,null,7446.174861818183,null,null,null
Fri Oct 09 10:00:00 UTC 2026,0.80245,6690.75668,null,4586.537167804879,null,null,null,null,7422.847589090909,null,null,null
Fri Oct 09 11:00:00 UTC 2026,0.80245,6645.75668,null,4572.195704390244,null,null,null,null,7399.520316363636,null,null,null
Fri Oct 09 12:00:00 UTC 2026,0.80245,5986.75668,null,4557.85424097561,null,null,null,null,7376.193043636365,null,null,null
Fri Oct 09 13:00:00 UTC 2026,0.80245,5701.75668,null,4543.512777560976,null,null,null,null,7352.865770909091,null,null,null
Fri Oct 09 14:00:00 UTC 2026,0.80245,6132.75668,null,4529.1713141463415,null,null,null,null,7329.538498181819,null,null,null
Fri Oct 09 15:00:00 UTC 2026,0.80245,5800.75668,null,4514.829850731708,null,null,null,null,7306.211225454546,null,null,null
Fri Oct 09 16:00:00 UTC 2026,0.80245,5907.75668,null,4500.488387317074,null,null,null,null,7282.883952727272,null,null,null
Fri Oct 09 17:00:00 UTC 2026,0.80245,5694.75668,null,4486.146923902439,null,null,null,null,7259.556680000001,null,null,null
Fri Oct 09 18:00:00 UTC 2026,0.80245,5714.75668,null,4471.805460487804,null,null,null,null,7236.229407272728,null,null,null
Fri Oct 09 19:00:00 UTC 2026,0.80245,5586.75668,null,4457.4639970731705,null,null,null,null,7212.902134545455,null,null,null
Fri Oct 09 20:00:00 UTC 2026,0.80245,5627.75668,null,4443.122533658537,null,null,null,null,7189.5748618181815,null,null,null
Fri Oct 09 21:00:00 UTC 2026,0.80245,5627.75668,null,4428.781070243903,null,null,null,null,7166.247589090909,null,null,null
Fri Oct 09 22:00:00 UTC 2026,0.80245,5627.75668,null,4414.439606829268,null,null,null,null,7142.920316363637,null,null,null
Fri Oct 09 23:00:00 UTC 2026,0.80245,5627.75668,null,4400.098143414634,null,null,null,null,7119.593043636364,null,null,null
Sat Oct 10 00:00:00 UTC 2026,0.80245,5627.75668,null,4385.75668,null,null,null,null,7096.265770909092,null,null,null
Sat Oct 10 01:00:00 UTC 2026,0.80245,5627.75668,null,4371.415216585367,null,null,null,null,7072.9384981818175,null,null,null
Sat Oct 10 02:00:00 UTC 2026,0.80245,5627.75668,null,4357.073753170732,null,null,null,null,7049.611225454546,null,null,null
Sat Oct 10 03:00:00 UTC 2026,0.80245,5627.75668,null,4342.732289756098,null,null,null,null,7026.283952727274,null,null,null
Sat Oct 10 04:00:00 UTC 2026,0.80245,5627.75668,null,4328.390826341463,null,null,null,null,7002.956680000001,null,null,null
Sat Oct 10 05:00:00 UTC 2026,0.80245,5627.75668,null,4314.049362926829,null,null,null,null,6979.629407272727,null,null,null
Sat Oct 10 06:00:00 UTC 2026,0.80245,5627.75668,null,4299.707899512196,null,null,null,null,6956.3021345454545,null,null,null
Sat Oct 10 07:00:00 UTC 2026,0.80245,5627.75668,null,4285.366436097561,null,null,null,null,6932.974861818183,null,null,null
Sat Oct 10 08:00:00 UTC 2026,0.80245,5627.75668,null,4271.024972682927,null,null,null,null,6909.64758909091,null,null,null
Sat Oct 10 09:00:00 UTC 2026,0.80245,5627.75668,null,4256.683509268293,null,null,null,null,6886.320316363637,null,null,null
Sat Oct 10 10:00:00 UTC 2026,0.80245,5627.75668,null,4242.342045853658,null,null,null,null,6862.993043636364,null,null,null
Sat Oct 10 11:00:00 UTC 2026,0.80245,5627.75668,null,4228.000582439025,null,null,null,null,6839.6657709090905,null,null,null
Sat Oct 10 12:00:00 UTC 2026,0.80245,5627.75668,null,4213.659119024391,null,null,null,null,6816.338498181819,null,null,null
Sat Oct 10 13:00:00 UTC 2026,0.80245,5627.75668,null,4199.317655609756,null,null,null,null,6793.011225454547,null,null,null
Sat Oct 10 14:00:00 UTC 2026,0.80245,5627.75668,null,4184.976192195122,null,null,null,null,6769.683952727272,null,null,null
Sat Oct 10 15:00:00 UTC 2026,0.80245,5627.75668,null,4170.634728780487,null,null,null,null,6746.35668,null,null,null
Sat Oct 10 16:00:00 UTC 2026,0.80245,5627.75668,null,4156.293265365854,null,null,null,null,6723.029407272727,null,null,null
Sat Oct 10 17:00:00 UTC 2026,0.80245,5627.75668,null,4141.95180195122,null,null,null,null,6699.702134545455,null,null,null
Sat Oct 10 18:00:00 UTC 2026,0.80245,5627.75668,null,4127.610338536586,null,null,null,null,6676.374861818183,null,null,null
Sat Oct 10 19:00:00 UTC 2026,0.80245,5627.75668,null,4113.268875121951,null,null,null,null,6653.047589090909,null,null,null
Sat Oct 10 20:00:00 UTC 2026,0.80245,5627.75668,null,4098.927411707317,null,null,null,null,6629.720316363636,null,null,null
Sat Oct 10 21:00:00 UTC 2026,0.80245,5627.75668,null,4084.585948292683,null,null,null,null,6606.393043636364,null,null,null
Sat Oct 10 22:00:00 UTC 2026,0.80245,5627.75668,null,4070.244484878049,null,null,null,null,6583.065770909092,null,null,null
Sat Oct 10 23:00:00 UTC 2026,0.80245,5627.75668,null,4055.903021463415,null,null,null,null,6559.738498181818,null,null,null
Sun Oct 11 00:00:00 UTC 2026,0.80245,5627.75668,null,4041.56155804878,null,null,null,null,6536.411225454545,null,null,null
Sun Oct 11 01:00:00 UTC 2026,0.80245,5627.75668,null,4027.2200946341463,null,null,null,null,6513.083952727273,null,null,null
Sun Oct 11 02:00:00 UTC 2026,0.80245,5627.75668,null,4012.8786312195125,null,null,null,null,6489.75668,null,null,null
Sun Oct 11 03:00:00 UTC 2026,0.80245,5627.75668,null,3998.5371678048778,null,null,null,null,6466.429407272728,null,null,null
Sun Oct 11 04:00:00 UTC 2026,0.80245,5627.75668,null,3984.195704390244,null,null,null,null,6443.102134545455,null,null,null
Sun Oct 11 05:00:00 UTC 2026,0.80245,5627.75668,null,3969.85424097561,null,null,null,null,6419.774861818182,null,null,null
Sun Oct 11 06:00:00 UTC 2026,0.80245,5627.75668,null,3955.512777560976,null,null,null,null,6396.447589090909,null,null,null
Sun Oct 11 07:00:00 UTC 2026,0.80245,5627.75668,null,3941.171314146342,null,null,null,null,6373.120316363637,null,null,null
Sun Oct 11 08:00:00 UTC 2026,0.80245,5627.75668,null,3926.8298507317077,null,null,null,null,6349.793043636364,null,null,null
Sun Oct 11 09:00:00 UTC 2026,0.80245,5627.75668,null,3912.488387317073,null,null,null,null,6326.465770909091,null,null,null
Sun Oct 11 10:00:00 UTC 2026,0.80245,5627.75668,null,3898.146923902439,null,null,null,null,6303.138498181818,null,null,null
Sun Oct 11 11:00:00 UTC 2026,0.80245,5627.75668,null,3883.805460487805,null,null,null,null,6279.811225454546,null,null,null
Sun Oct 11 12:00:00 UTC 2026,0.80245,5627.75668,null,3869.463997073171,null,null,null,null,6256.483952727273,null,null,null
Sun Oct 11 13:00:00 UTC 2026,0.80245,5627.75668,null,3855.1225336585367,null,null,null,null,6233.15668,null,null,null
Sun Oct 11 14:00:00 UTC 2026,0.80245,5627.75668,null,3840.7810702439024,null,null,null,null,6209.829407272728,null,null,null
Sun Oct 11 15:00:00 UTC 2026,0.80245,5627.75668,null,3826.4396068292685,null,null,null,null,6186.502134545454,null,null,null
Sun Oct 11 16:00:00 UTC 2026,0.80245,5627.75668,null,3812.0981434146343,null,null,null,null,6163.174861818183,null,null,null
Sun Oct 11 17:00:00 UTC 2026,0.80245,5627.75668,null,3797.75668,null,null,null,null,6139.847589090909,null,null,null
Sun Oct 11 18:00:00 UTC 2026,0.80245,5627.75668,null,3783.4152165853666,null,null,null,null,6116.520316363636,null,null,null
Sun Oct 11 19:00:00 UTC 2026,0.80245,5627.75668,null,3769.073753170732,null,null,null,null,6093.193043636364,null,null,null
Sun Oct 11 20:00:00 UTC 2026,0.80245,5627.75668,null,3754.732289756097,null,null,null,null,6069.865770909091,null,null,null
Sun Oct 11 21:00:00 UTC 2026,0.80245,5415.75668,null,3740.3908263414637,null,null,null,null,6046.538498181819,null,null,null
Sun Oct 11 22:00:00 UTC 2026,0.80245,5359.75668,null,3726.0493629268294,null,null,null,null,6023.2112254545455,null,null,null
Sun Oct 11 23:00:00 UTC 2026,0.80245,5754.75668,null,3711.7078995121947,null,null,null,null,5999.883952727273,null,null,null
Mon Oct 12 00:00:00 UTC 2026,0.80245,5583.75668,null,3697.3664360975613,null,null,null,null,5976.556680000001,null,null,null
Mon Oct 12 01:00:00 UTC 2026,0.80245,5201.75668,null,3683.024972682927,null,null,null,null,5953.229407272727,null,null,null
Mon Oct 12 02:00:00 UTC 2026,0.80245,4755.75668,null,3668.683509268293,null,null,null,null,5929.902134545455,null,null,null
Mon Oct 12 03:00:00 UTC 2026,0.80245,4719.75668,null,3654.342045853659,null,null,null,null,5906.574861818182,null,null,null
Mon Oct 12 04:00:00 UTC 2026,0.80245,5143.75668,null,3640.0005824390246,null,null,null,null,5883.247589090909,null,null,null
Mon Oct 12 05:00:00 UTC 2026,0.80245,5151.75668,null,3625.6591190243907,null,null,null,null,5859.920316363637,null,null,null
Mon Oct 12 06:00:00 UTC 2026,0.80245,5052.75668,null,3611.317655609756,null,null,null,null,5836.593043636365,null,null,null
Mon Oct 12 07:00:00 UTC 2026,0.80245,4873.75668,null,3596.9761921951217,null,null,null,null,5813.265770909091,null,null,null
Mon Oct 12 08:00:00 UTC 2026,0.80245,4813.75668,null,3582.634728780488,null,null,null,null,5789.938498181818,null,null,null
Mon Oct 12 09:00:00 UTC 2026,0.80245,4802.75668,null,3568.2932653658536,null,null,null,null,5766.611225454546,null,null,null
Mon Oct 12 10:00:00 UTC 2026,0.80245,4604.75668,null,3553.9518019512193,null,null,null,null,5743.283952727273,null,null,null
Mon Oct 12 11:00:00 UTC 2026,0.80245,4852.75668,null,3539.6103385365855,null,null,null,null,5719.95668,null,null,null
Mon Oct 12 12:00:00 UTC 2026,0.80245,4551.75668,null,3525.268875121951,null,null,null,null,5696.629407272728,null,null,null
Mon Oct 12 13:00:00 UTC 2026,0.80245,4581.75668,null,3510.9274117073173,null,null,null,null,5673.3021345454545,null,null,null
Mon Oct 12 14:00:00 UTC 2026,0.80245,4653.75668,null,3496.5859482926835,null,null,null,null,5649.974861818182,null,null,null
Mon Oct 12 15:00:00 UTC 2026,0.80245,4596.75668,null,3482.2444848780488,null,null,null,null,5626.64758909091,null,null,null
Mon Oct 12 16:00:00 UTC 2026,0.80245,4271.75668,null,3467.903021463415,null,null,null,null,5603.320316363636,null,null,null
Mon Oct 12 17:00:00 UTC 2026,0.80245,3147.75668,null,3453.5615580487806,null,null,null,null,5579.993043636364,null,null,null
Mon Oct 12 18:00:00 UTC 2026,0.80245,2985.75668,null,3439.2200946341463,null,null,null,null,5556.665770909091,null,null,null
Mon Oct 12 19:00:00 UTC 2026,0.80245,2996.75668,null,3424.8786312195125,null,null,null,null,5533.338498181818,null,null,null
Mon Oct 12 20:00:00 UTC 2026,0.80245,2994.75668,null,3410.537167804878,null,null,null,null,5510.011225454546,null,null,null
Mon Oct 12 21:00:00 UTC 2026,0.80245,3317.75668,null,3396.195704390244,null,null,null,null,5486.683952727273,null,null,null
Mon Oct 12 22:00:00 UTC 2026,0.80245,3289.75668,null,3381.85424097561,null,null,null,null,5463.356680000001,null,null,null
Mon Oct 12 23:00:00 UTC 2026,0.80245,3327.75668,null,3367.512777560976,null,null,null,null,5440.029407272727,null,null,null
Tue Oct 13 00:00:00 UTC 2026,0.80245,3454.75668,null,3353.171314146341,null,null,null,null,5416.702134545455,null,null,null
Tue Oct 13 01:00:00 UTC 2026,0.80245,3686.75668,null,3338.829850731707,null,null,null,null,5393.374861818183,null,null,null
Tue Oct 13 02:00:00 UTC 2026,0.80245,3553.75668,null,3324.488387317073,null,null,null,null,5370.047589090909,null,null,null
Tue Oct 13 03:00:00 UTC 2026,0.80245,3600.75668,null,3310.146923902439,null,null,null,null,5346.720316363637,null,null,null
Tue Oct 13 04:00:00 UTC 2026,0.80245,3544.75668,null,3295.8054604878052,null,null,null,null,5323.393043636364,null,null,null
Tue Oct 13 05:00:00 UTC 2026,0.80245,3469.75668,null,3281.4639970731705,null,null,null,null,5300.065770909091,null,null,null
Tue Oct 13 06:00:00 UTC 2026,0.80245,3546.75668,null,3267.1225336585367,null,null,null,null,5276.738498181819,null,null,null
Tue Oct 13 07:00:00 UTC 2026,0.80245,3581.75668,null,3252.781070243903,null,null,null,null,5253.411225454546,null,null,null
Tue Oct 13 08:00:00 UTC 2026,0.80245,1249.75668,null,3238.439606829268,null,null,null,null,5230.083952727273,null,null,null
Tue Oct 13 09:00:00 UTC 2026,0.80245,1074.75668,null,3224.0981434146343,null,null,null,null,5206.75668,null,null,null
Tue Oct 13 10:00:00 UTC 2026,0.80245,1158.75668,null,3209.7566800000004,null,null,null,null,5183.429407272727,null,null,null
Tue Oct 13 11:00:00 UTC 2026,0.80245,1100.75668,null,3195.4152165853657,null,null,null,null,5160.102134545455,null,null,null
Tue Oct 13 12:00:00 UTC 2026,0.80245,1188.75668,null,3181.073753170732,null,null,null,null,5136.774861818182,null,null,null
Tue Oct 13 13:00:00 UTC 2026,0.80245,1262.75668,null,3166.7322897560975,null,null,null,null,5113.44758909091,null,null,null
Tue Oct 13 14:00:00 UTC 2026,0.80245,1167.75668,null,3152.3908263414637,null,null,null,null,5090.120316363636,null,null,null
Tue Oct 13 15:00:00 UTC 2026,0.80245,1363.75668,null,3138.0493629268294,null,null,null,null,5066.793043636363,null,null,null
Tue Oct 13 16:00:00 UTC 2026,0.80245,1390.75668,null,3123.707899512195,null,null,null,null,5043.465770909092,null,null,null
Tue Oct 13 17:00:00 UTC 2026,0.80245,1517.75668,null,3109.3664360975613,null,null,null,null,5020.138498181818,null,null,null
Tue Oct 13 18:00:00 UTC 2026,0.80245,1929.75668,null,3095.024972682927,null,null,null,null,4996.811225454546,null,null,null
Tue Oct 13 19:00:00 UTC 2026,0.80245,1912.75668,null,3080.6835092682927,null,null,null,null,4973.4839527272725,null,null,null
Tue Oct 13 20:00:00 UTC 2026,0.80245,1891.75668,null,3066.342045853659,null,null,null,null,4950.15668,null,null,null
Tue Oct 13 21:00:00 UTC 2026,0.80245,1803.75668,null,3052.000582439024,null,null,null,null,4926.829407272728,null,null,null
Tue Oct 13 22:00:00 UTC 2026,0.80245,1853.75668,null,3037.6591190243903,null,null,null,null,4903.502134545455,null,null,null
Tue Oct 13 23:00:00 UTC 2026,0.80245,1840.75668,null,3023.317655609756,null,null,null,null,4880.174861818183,null,null,null
Wed Oct 14 00:00:00 UTC 2026,0.80245,1812.75668,null,3008.976192195122,null,null,null,null,4856.8475890909085,null,null,null
Wed Oct 14 01:00:00 UTC 2026,0.80245,1840.75668,null,2994.6347287804883,null,null,null,null,4833.520316363637,null,null,null
Wed Oct 14 02:00:00 UTC 2026,0.80245,1732.75668,null,2980.293265365854,null,null,null,null,4810.193043636364,null,null,null
Wed Oct 14 03:00:00 UTC 2026,0.80245,1720.75668,null,2965.9518019512197,null,null,null,null,4786.865770909091,null,null,null
Wed Oct 14 04:00:00 UTC 2026,0.80245,1686.75668,null,2951.6103385365855,null,null,null,null,4763.538498181818,null,null,null
Wed Oct 14 05:00:00 UTC 2026,0.80245,1692.75668,null,2937.2688751219516,null,null,null,null,4740.2112254545455,null,null,null
Wed Oct 14 06:00:00 UTC 2026,0.80245,1801.75668,null,2922.9274117073173,null,null,null,null,4716.883952727273,null,null,null
Wed Oct 14 07:00:00 UTC 2026,0.80245,1786.75668,null,2908.585948292683,null,null,null,null,4693.55668,null,null,null
Wed Oct 14 08:00:00 UTC 2026,0.80245,1821.75668,null,2894.2444848780488,null,null,null,null,4670.229407272727,null,null,null
Wed Oct 14 09:00:00 UTC 2026,0.80245,1807.75668,null,2879.903021463415,null,null,null,null,4646.902134545455,null,null,null
Wed Oct 14 10:00:00 UTC 2026,0.80245,1634.75668,null,2865.5615580487806,null,null,null,null,4623.5748618181815,null,null,null
Wed Oct 14 11:00:00 UTC 2026,0.80245,1780.75668,null,2851.2200946341463,null,null,null,null,4600.24758909091,null,null,null
Wed Oct 14 12:00:00 UTC 2026,0.80245,1860.75668,null,2836.878631219512,null,null,null,null,4576.920316363637,null,null,null
Wed Oct 14 13:00:00 UTC 2026,0.80245,1775.75668,null,2822.537167804878,null,null,null,null,4553.593043636364,null,null,null
Wed Oct 14 14:00:00 UTC 2026,0.80245,1747.75668,null,2808.195704390244,null,null,null,null,4530.265770909091,null,null,null
Wed Oct 14 15:00:00 UTC 2026,0.80245,1854.75668,null,2793.8542409756096,null,null,null,null,4506.938498181818,null,null,null
Wed Oct 14 16:00:00 UTC 2026,0.80245,1787.75668,null,2779.512777560976,null,null,null,null,4483.611225454545,null,null,null
Wed Oct 14 17:00:00 UTC 2026,0.80245,1731.75668,null,2765.171314146341,null,null,null,null,4460.283952727273,null,null,null
Wed Oct 14 18:00:00 UTC 2026,0.80245,1723.75668,null,2750.8298507317077,null,null,null,null,4436.95668,null,null,null
Wed Oct 14 19:00:00 UTC 2026,0.80245,1810.75668,null,2736.488387317073,null,null,null,null,4413.629407272728,null,null,null
Wed Oct 14 20:00:00 UTC 2026,0.80245,1775.75668,null,2722.146923902439,null,null,null,null,4390.3021345454545,null,null,null
Wed Oct 14 21:00:00 UTC 2026,0.80245,1981.75668,null,2707.805460487805,null,null,null,null,4366.974861818182,null,null,null
Wed Oct 14 22:00:00 UTC 2026,0.80245,1913.75668,null,2693.463997073171,null,null,null,null,4343.64758909091,null,null,null
Wed Oct 14 23:00:00 UTC 2026,0.80245,1955.75668,null,2679.1225336585367,null,null,null,null,4320.320316363636,null,null,null
Thu Oct 15 00:00:00 UTC 2026,0.80245,2054.75668,null,2664.7810702439024,null,null,null,null,4296.993043636364,null,null,null
Thu Oct 15 01:00:00 UTC 2026,0.80245,2051.75668,null,2650.439606829268,null,null,null,null,4273.6657709090905,null,null,null
Thu Oct 15 02:00:00 UTC 2026,0.80245,2003.75668,null,2636.0981434146343,null,null,null,null,4250.338498181818,null,null,null
