date,P_Kweek_0_Kday_0_ETE_0_ORD_0_EXT_0_E2Ekor_0_EXTkor_0_DIFF_0,a,b,c,d,e,f,g,h,i,j
Mon Oct 05 16:00:00 UTC 2026,1.2332878,0.62897,null,200.62897,null,null,null,700.6289700000001,null,null
Mon Oct 05 17:00:00 UTC 2026,1.231616,0.62897,null,200.62897,null,null,null,700.6289700000001,null,null
Mon Oct 05 18:00:00 UTC 2026,1.2307222,0.62897,null,200.62896999999998,null,null,null,700.62897,null,null
Mon Oct 05 19:00:00 UTC 2026,1.2315217,0.62897,null,200.62897,null,null,null,700.6289699999999,null,null
Mon Oct 05 20:00:00 UTC 2026,1.2331395,0.62897,null,200.62897,null,null,null,700.6289699999999,null,null
Mon Oct 05 21:00:00 UTC 2026,1.2336826,0.62897,null,200.62897,null,null,null,700.62897,null,null
Mon Oct 05 22:00:00 UTC 2026,1.2334312,0.62897,null,200.62897,null,null,null,700.62897,null,null
Mon Oct 05 23:00:00 UTC 2026,1.2358239,0.62897,null,200.62897,null,null,null,700.62897,null,null
Tue Oct 06 00:00:00 UTC 2026,1.2360274,0.62897,null,200.62897,null,null,null,700.62897,null,null
Tue Oct 06 01:00:00 UTC 2026,1.2349812,0.62897,null,200.62896999999998,null,null,null,700.62897,null,null
Tue Oct 06 02:00:00 UTC 2026,1.234683,0.62897,null,200.62896999999998,null,null,null,700.62897,null,null
Tue Oct 06 03:00:00 UTC 2026,1.2345497,0.62897,null,200.62896999999998,null,null,null,700.62897,null,null
Tue Oct 06 04:00:00 UTC 2026,1.2349896,0.62897,null,200.62897,null,null,null,700.62897,null,null
Tue Oct 06 05:00:00 UTC 2026,1.2350346,0.62897,null,200.62897,null,null,null,700.62897,null,null
Tue Oct 06 06:00:00 UTC 2026,1.234824,0.62897,null,200.62897000000004,null,null,null,700.62897,null,null
Tue Oct 06 07:00:00 UTC 2026,1.2346564,0.62897,null,200.62896999999998,null,null,null,700.62897,null,null
Tue Oct 06 08:00:00 UTC 2026,1.2343955,0.62897,null,200.62896999999998,null,null,null,700.62897,null,null
Tue Oct 06 09:00:00 UTC 2026,1.2345462999999999,0.62897,null,200.62897,null,null,null,700.62897,null,null
Tue Oct 06 10:00:00 UTC 2026,1.2341966,0.62897,null,200.62897,null,null,null,700.62897,null,null
Tue Oct 06 11:00:00 UTC 2026,1.2344638,0.62897,null,200.62897,null,null,null,700.62897,null,null
Tue Oct 06 12:00:00 UTC 2026,1.2340818,0.62897,null,200.62897000000004,null,null,null,700.62897,null,null
Tue Oct 06 13:00:00 UTC 2026,1.2341312,0.62897,null,200.62897000000004,null,null,null,700.6289700000001,null,null
Tue Oct 06 14:00:00 UTC 2026,1.2347136,0.62897,null,200.62897,null,null,null,700.62897,null,null
Tue Oct 06 15:00:00 UTC 2026,1.2348308000000001,0.62897,null,200.62897,null,null,null,700.62897,null,null
Tue Oct 06 16:00:00 UTC 2026,1.2359721000000001,0.62897,null,200.62897,null,null,null,700.62897,null,null
Tue Oct 06 17:00:00 UTC 2026,1.2356535,0.62897,null,200.62897,null,null,null,700.62897,null,null
Tue Oct 06 18:00:00 UTC 2026,1.2359228,0.62897,null,200.62897,null,null,null,700.62897,null,null
Tue Oct 06 19:00:00 UTC 2026,1.2366926,0.62897,null,200.62897,null,null,null,700.62897,null,null
Tue Oct 06 20:00:00 UTC 2026,1.2374030999999999,0.62897,null,200.62897000000004,null,null,null,700.62897,null,null
Tue Oct 06 21:00:00 UTC 2026,1.2375956,0.62897,null,200.62897,null,null,null,700.6289699999999,null,null
Tue Oct 06 22:00:00 UTC 2026,1.2374394,0.62897,null,200.62897,null,null,null,700.62897,null,null
Tue Oct 06 23:00:00 UTC 2026,1.2371999,0.62897,null,200.62897,null,null,null,700.62897,null,null
Wed Oct 07 00:00:00 UTC 2026,1.2376137,0.62897,null,200.62897,null,null,null,700.62897,null,null
Wed Oct 07 01:00:00 UTC 2026,1.2371029,0.62897,null,200.62897,null,null,null,700.62897,null,null
Wed Oct 07 02:00:00 UTC 2026,1.2372771,0.62897,null,200.62897,null,null,null,700.62897,null,null
Wed Oct 07 03:00:00 UTC 2026,1.2379557,0.62897,null,200.62897,null,null,null,700.62897,null,null
Wed Oct 07 04:00:00 UTC 2026,1.2379521,0.62897,null,200.62897,null,null,null,700.62897,null,null
Wed Oct 07 05:00:00 UTC 2026,1.2376645000000002,0.62897,null,200.62897,null,null,null,700.62897,null,null
Wed Oct 07 06:00:00 UTC 2026,1.2378937,0.62897,null,200.62897,null,null,null,700.62897,null,null
Wed Oct 07 07:00:00 UTC 2026,1.2381136,0.62897,null,200.62897,null,null,null,700.62897,null,null
Wed Oct 07 08:00:00 UTC 2026,1.2379244,0.62897,null,200.62897,null,null,null,700.62897,null,null
Wed Oct 07 09:00:00 UTC 2026,1.2377001,0.62897,null,200.62897,null,null,null,700.6289700000001,null,null
Wed Oct 07 10:00:00 UTC 2026,1.2380652,0.62897,null,200.62896999999998,null,null,null,700.62897,null,null
Wed Oct 07 11:00:00 UTC 2026,1.2388624000000001,0.62897,null,200.62897,null,null,null,700.62897,null,null
Wed Oct 07 12:00:00 UTC 2026,1.2395546,0.62897,null,200.62897,null,null,null,700.62897,null,null
Wed Oct 07 13:00:00 UTC 2026,1.2388462,0.62897,null,200.62897,null,null,null,700.62897,null,null
Wed Oct 07 14:00:00 UTC 2026,1.2388793,0.62897,null,200.62897,null,null,null,700.62897,null,null
Wed Oct 07 15:00:00 UTC 2026,1.2387387,0.62897,null,200.62897,null,null,null,700.62897,null,null
Wed Oct 07 16:00:00 UTC 2026,1.2385744,0.62897,null,200.62897,null,null,null,700.62897,null,null
Wed Oct 07 17:00:00 UTC 2026,1.2380823,0.62897,null,200.62896999999998,null,null,null,700.6289699999999,null,null
Wed Oct 07 18:00:00 UTC 2026,1.2375984,0.62897,null,200.62896999999998,null,null,null,700.62897,null,null
Wed Oct 07 19:00:00 UTC 2026,1.235441,0.62897,null,200.62897,null,null,null,700.62897,null,null
Wed Oct 07 20:00:00 UTC 2026,1.2363633,0.62897,null,200.62897,null,null,null,700.62897,null,null
Wed Oct 07 21:00:00 UTC 2026,1.2371615,0.62897,null,200.62897,null,null,null,700.62897,null,null
Wed Oct 07 22:00:00 UTC 2026,1.2368182,0.62897,null,200.62897,null,null,null,700.62897,null,null
Wed Oct 07 23:00:00 UTC 2026,1.2356404,0.62897,null,200.62897000000004,null,null,null,700.62897,null,null
Thu Oct 08 00:00:00 UTC 2026,1.235425,0.62897,null,200.62896999999998,null,null,null,700.62897,null,null
Thu Oct 08 01:00:00 UTC 2026,1.2358573,0.62897,null,200.62897,null,null,null,700.62897,null,null
Thu Oct 08 02:00:00 UTC 2026,1.2354325,0.62897,null,200.62897,null,null,null,700.62897,null,null
Thu Oct 08 03:00:00 UTC 2026,1.2354231,0.62897,null,200.62897,null,null,null,700.62897,null,null
Thu Oct 08 04:00:00 UTC 2026,1.2349682,0.62897,null,200.62897000000004,null,null,null,700.62897,null,null
Thu Oct 08 05:00:00 UTC 2026,1.2346491000000002,0.62897,null,200.62897000000004,null,null,null,700.62897,null,null
Thu Oct 08 06:00:00 UTC 2026,1.2345483,0.62897,null,200.62897,null,null,null,700.62897,null,null
Thu Oct 08 07:00:00 UTC 2026,1.2349970000000001,0.62897,null,200.62897,null,null,null,700.62897,null,null
Thu Oct 08 08:00:00 UTC 2026,1.2351132,0.62897,null,200.62897,null,null,null,700.62897,null,null
Thu Oct 08 09:00:00 UTC 2026,1.2351093,0.62897,null,200.62897,null,null,null,700.62897,null,null
Thu Oct 08 10:00:00 UTC 2026,1.2346198,0.62897,null,200.62897,null,null,null,700.6289700000001,null,null
Thu Oct 08 11:00:00 UTC 2026,1.235184,0.62897,null,200.62897,null,null,null,700.62897,null,null
Thu Oct 08 12:00:00 UTC 2026,1.233735,0.62897,null,200.62897000000004,null,null,null,700.62897,null,null
Thu Oct 08 13:00:00 UTC 2026,1.2335549000000001,0.62897,null,200.62897,null,null,null,700.6289699999999,null,null
Thu Oct 08 14:00:00 UTC 2026,1.2356318,0.62897,null,200.62897,null,null,null,700.6289699999999,null,null
Thu Oct 08 15:00:00 UTC 2026,1.2354214000000001,0.62897,null,200.62897,null,null,null,700.62897,null,null
Thu Oct 08 16:00:00 UTC 2026,1.2357995,0.62897,null,200.62897,null,null,null,700.62897,null,null
Thu Oct 08 17:00:00 UTC 2026,1.2351497,0.62897,null,200.62897,null,null,null,700.62897,null,null
Thu Oct 08 18:00:00 UTC 2026,1.2350888,0.62897,null,200.62897,null,null,null,700.62897,null,null
Thu Oct 08 19:00:00 UTC 2026,1.2346479,0.62897,null,200.62897,null,null,null,700.62897,null,null
Thu Oct 08 20:00:00 UTC 2026,1.234756,0.62897,null,200.62897,null,null,null,700.62897,null,null
Thu Oct 08 21:00:00 UTC 2026,1.2345992,0.62897,null,200.62897,null,null,null,700.62897,null,null
Thu Oct 08 22:00:00 UTC 2026,1.2342504,0.62897,null,200.62897,null,null,null,700.62897,null,null
Thu Oct 08 23:00:00 UTC 2026,1.2342606999999999,0.62897,null,200.62897,null,null,null,700.62897,null,null
Fri Oct 09 00:00:00 UTC 2026,1.2341643,0.62897,null,200.62897,null,null,null,700.62897,null,null
Fri Oct 09 01:00:00 UTC 2026,1.2339737,0.62897,null,200.62897,null,null,null,700.62897,null,null
Fri Oct 09 02:00:00 UTC 2026,1.2349699,0.62897,null,200.62897,null,null,null,700.62897,null,null
Fri Oct 09 03:00:00 UTC 2026,1.2350006,0.62897,null,200.62897,null,null,null,700.62897,null,null
Fri Oct 09 04:00:00 UTC 2026,1.2332087,0.62897,null,200.62897,null,null,null,700.62897,null,null
Fri Oct 09 05:00:00 UTC 2026,1.2318007,0.62897,null,200.62897,null,null,null,700.62897,null,null
Fri Oct 09 06:00:00 UTC 2026,1.2322775000000001,0.62897,null,200.62897,null,null,null,700.62897,null,null
Fri Oct 09 07:00:00 UTC 2026,1.232812,0.62897,null,200.62897,null,null,null,700.6289700000001,null,null
Fri Oct 09 08:00:00 UTC 2026,1.2326351,0.62897,null,200.62897,null,null,null,700.6289700000001,null,null
Fri Oct 09 09:00:00 UTC 2026,1.2322956,0.62897,null,200.62896999999998,null,null,null,700.62897,null,null
Fri Oct 09 10:00:00 UTC 2026,1.2327587,0.62897,null,200.62896999999998,null,null,null,700.6289699999999,null,null
Fri Oct 09 11:00:00 UTC 2026,1.2341683,0.62897,null,200.62897,null,null,null,700.62897,null,null
Fri Oct 09 12:00:00 UTC 2026,1.2341808,0.62897,null,200.62897,null,null,null,700.62897,null,null
Fri Oct 09 13:00:00 UTC 2026,1.233561,0.62897,null,200.62897,null,null,null,700.62897,null,null
Fri Oct 09 14:00:00 UTC 2026,1.2352377,0.62897,null,200.62897,null,null,null,700.62897,null,null
Fri Oct 09 15:00:00 UTC 2026,1.2352997000000001,0.62897,null,200.62897,null,null,null,700.62897,null,null
Fri Oct 09 16:00:00 UTC 2026,1.2352997000000001,0.62897,null,null,200.62896999999998,null,null,null,null,700.62897,null,null
Fri Oct 09 17:00:00 UTC 2026,1.2352997000000001,0.62897,null,null,200.62896999999998,null,null,null,null,700.62897,null,null
Fri Oct 09 18:00:00 UTC 2026,1.2352997000000001,0.62897,null,null,200.62896999999998,null,null,null,null,700.62897,null,null
Fri Oct 09 19:00:00 UTC 2026,1.2352997000000001,0.62897,null,null,200.62897000000004,null,null,null,null,700.62897,null,null
Fri Oct 09 20:00:00 UTC 2026,1.2352997000000001,0.62897,null,null,200.62897000000004,null,null,null,null,700.62897,null,null
Fri Oct 09 21:00:00 UTC 2026,1.2352997000000001,0.62897,null,null,200.62897000000004,null,null,null,null,700.62897,null,null
Fri Oct 09 22:00:00 UTC 2026,1.2352997000000001,0.62897,null,null,200.62897,null,null,null,null,700.62897,null,null
Fri Oct 09 23:00:00 UTC 2026,1.2352997000000001,0.62897,null,null,200.62897,null,null,null,null,700.62897,null,null
Sat Oct 10 00:00:00 UTC 2026,1.2352997000000001,0.62897,null,null,200.62897,null,null,null,null,700.62897,null,null
Sat Oct 10 01:00:00 UTC 2026,1.2352997000000001,0.62897,null,null,200.62897,null,null,null,null,700.62897,null,null
Sat Oct 10 02:00:00 UTC 2026,1.2352997000000001,0.62897,null,null,200.62897,null,null,null,null,700.62897,null,null
Sat Oct 10 03:00:00 UTC 2026,1.2352997000000001,0.62897,null,null,200.62897,null,null,null,null,700.6289700000001,null,null
Sat Oct 10 04:00:00 UTC 2026,1.2352997000000001,0.62897,null,null,200.62897000000004,null,null,null,null,700.6289700000001,null,null
Sat Oct 10 05:00:00 UTC 2026,1.2352997000000001,0.62897,null,null,200.62897,null,null,null,null,700.62897,null,null
Sat Oct 10 06:00:00 UTC 2026,1.2352997000000001,0.62897,null,null,200.62897,null,null,null,null,700.62897,null,null
Sat Oct 10 07:00:00 UTC 2026,1.2352997000000001,0.62897,null,null,200.62897,null,null,null,null,700.62897,null,null
Sat Oct 10 08:00:00 UTC 2026,1.2352997000000001,0.62897,null,null,200.62897,null,null,null,null,700.62897,null,null
Sat Oct 10 09:00:00 UTC 2026,1.2352997000000001,0.62897,null,null,200.62897,null,null,null,null,700.62897,null,null
Sat Oct 10 10:00:00 UTC 2026,1.2352997000000001,0.62897,null,null,200.62897,null,null,null,null,700.62897,null,null
Sat Oct 10 11:00:00 UTC 2026,1.2352997000000001,0.62897,null,null,200.62897,null,null,null,null,700.62897,null,null
Sat Oct 10 12:00:00 UTC 2026,1.2352997000000001,0.62897,null,null,200.62897,null,null,null,null,700.6289699999999,null,null
Sat Oct 10 13:00:00 UTC 2026,1.2352997000000001,0.62897,null,null,200.62897,null,null,null,null,700.62897,null,null
Sat Oct 10 14:00:00 UTC 2026,1.2352997000000001,0.62897,null,null,200.62897,null,null,null,null,700.62897,null,null
Sat Oct 10 15:00:00 UTC 2026,1.2352997000000001,0.62897,null,null,200.62897,null,null,null,null,700.62897,null,null
Sat Oct 10 16:00:00 UTC 2026,1.2352997000000001,0.62897,null,null,200.62897,null,null,null,null,700.62897,null,null
Sat Oct 10 17:00:00 UTC 2026,1.2352997000000001,0.62897,null,null,200.62897,null,null,null,null,700.62897,null,null
Sat Oct 10 18:00:00 UTC 2026,1.2352997000000001,0.62897,null,null,200.62897,null,null,null,null,700.62897,null,null
Sat Oct 10 19:00:00 UTC 2026,1.2352997000000001,0.62897,null,null,200.62897,null,null,null,null,700.62897,null,null
Sat Oct 10 20:00:00 UTC 2026,1.2352997000000001,0.62897,null,null,200.62897,null,null,null,null,700.62897,null,null
Sat Oct 10 21:00:00 UTC 2026,1.2352997000000001,0.62897,null,null,200.62897,null,null,null,null,700.62897,null,null
Sat Oct 10 22:00:00 UTC 2026,1.2352997000000001,0.62897,null,null,200.62897,null,null,null,null,700.62897,null,null
Sat Oct 10 23:00:00 UTC 2026,1.2352997000000001,0.62897,null,null,200.62897,null,null,null,null,700.62897,null,null
Sun Oct 11 00:00:00 UTC 2026,1.2352997000000001,0.62897,null,null,200.62897,null,null,null,null,700.6289700000001,null,null
Sun Oct 11 01:00:00 UTC 2026,1.2352997000000001,0.62897,null,null,200.62896999999998,null,null,null,null,700.62897,null,null
Sun Oct 11 02:00:00 UTC 2026,1.2352997000000001,0.62897,null,null,200.62896999999998,null,null,null,null,700.62897,null,null
Sun Oct 11 03:00:00 UTC 2026,1.2352997000000001,0.62897,null,null,200.62897,null,null,null,null,700.62897,null,null
Sun Oct 11 04:00:00 UTC 2026,1.2352997000000001,0.62897,null,null,200.62897,null,null,null,null,700.62897,null,null
Sun Oct 11 05:00:00 UTC 2026,1.2352997000000001,0.62897,null,null,200.62897,null,null,null,null,700.62897,null,null
Sun Oct 11 06:00:00 UTC 2026,1.2352997000000001,0.62897,null,null,200.62897,null,null,null,null,700.62897,null,null
Sun Oct 11 07:00:00 UTC 2026,1.2352997000000001,0.62897,null,null,200.62897,null,null,null,null,700.62897,null,null
Sun Oct 11 08:00:00 UTC 2026,1.2352997000000001,0.62897,null,null,200.62896999999998,null,null,null,null,700.6289699999999,null,null
Sun Oct 11 09:00:00 UTC 2026,1.2352997000000001,0.62897,null,null,200.62896999999998,null,null,null,null,700.62897,null,null
Sun Oct 11 10:00:00 UTC 2026,1.2352997000000001,0.62897,null,null,200.62896999999998,null,null,null,null,700.62897,null,null
Sun Oct 11 11:00:00 UTC 2026,1.2352997000000001,0.62897,null,null,200.62897000000004,null,null,null,null,700.62897,null,null
Sun Oct 11 12:00:00 UTC 2026,1.2352997000000001,0.62897,null,null,200.62897000000004,null,null,null,null,700.62897,null,null
Sun Oct 11 13:00:00 UTC 2026,1.2352997000000001,0.62897,null,null,200.62897000000004,null,null,null,null,700.62897,null,null
Sun Oct 11 14:00:00 UTC 2026,1.2352997000000001,0.62897,null,null,200.62897000000004,null,null,null,null,700.62897,null,null
Sun Oct 11 15:00:00 UTC 2026,1.2352997000000001,0.62897,null,null,200.62897,null,null,null,null,700.62897,null,null
Sun Oct 11 16:00:00 UTC 2026,1.2352997000000001,0.62897,null,null,200.62897,null,null,null,null,700.62897,null,null
Sun Oct 11 17:00:00 UTC 2026,1.2352997000000001,0.62897,null,null,200.62897,null,null,null,null,700.62897,null,null
Sun Oct 11 18:00:00 UTC 2026,1.2352997000000001,0.62897,null,null,200.62897,null,null,null,null,700.62897,null,null
Sun Oct 11 19:00:00 UTC 2026,1.2352997000000001,0.62897,null,null,200.62897000000004,null,null,null,null,700.62897,null,null
Sun Oct 11 20:00:00 UTC 2026,1.2352997000000001,0.62897,null,null,200.62897000000004,null,null,null,null,700.62897,null,null
Sun Oct 11 21:00:00 UTC 2026,1.2352997000000001,0.62897,null,null,200.62897,null,null,null,null,700.62897,null,null
Sun Oct 11 22:00:00 UTC 2026,1.2352997000000001,0.62897,null,null,200.62897,null,null,null,null,700.62897,null,null
Sun Oct 11 23:00:00 UTC 2026,1.2352997000000001,0.62897,null,null,200.62897,null,null,null,null,700.62897,null,null
Mon Oct 12 00:00:00 UTC 2026,1.2352997000000001,0.62897,null,null,200.62897,null,null,null,null,700.62897,null,null
Mon Oct 12 01:00:00 UTC 2026,1.2352997000000001,0.62897,null,null,200.62897,null,null,null,null,700.6289700000001,null,null
Mon Oct 12 02:00:00 UTC 2026,1.2352997000000001,0.62897,null,null,200.62897,null,null,null,null,700.62897,null,null
Mon Oct 12 03:00:00 UTC 2026,1.2352997000000001,0.62897,null,null,200.62897,null,null,null,null,700.62897,null,null
Mon Oct 12 04:00:00 UTC 2026,1.2352997000000001,0.62897,null,null,200.62897,null,null,null,null,700.6289699999999,null,null
Mon Oct 12 05:00:00 UTC 2026,1.2352997000000001,0.62897,null,null,200.62897,null,null,null,null,700.6289699999999,null,null
Mon Oct 12 06:00:00 UTC 2026,1.2352997000000001,0.62897,null,null,200.62897,null,null,null,null,700.62897,null,null
Mon Oct 12 07:00:00 UTC 2026,1.2352997000000001,0.62897,null,null,200.62897,null,null,null,null,700.62897,null,null
Mon Oct 12 08:00:00 UTC 2026,1.2352997000000001,0.62897,null,null,200.62897,null,null,null,null,700.62897,null,null
Mon Oct 12 09:00:00 UTC 2026,1.2352997000000001,0.62897,null,null,200.62897,null,null,null,null,700.62897,null,null
Mon Oct 12 10:00:00 UTC 2026,1.2352997000000001,0.62897,null,null,200.62897,null,null,null,null,700.62897,null,null
Mon Oct 12 11:00:00 UTC 2026,1.2352997000000001,0.62897,null,null,200.62897,null,null,null,null,700.62897,null,null
Mon Oct 12 12:00:00 UTC 2026,1.2352997000000001,0.62897,null,null,200.62897,null,null,null,null,700.62897,null,null
Mon Oct 12 13:00:00 UTC 2026,1.2352997000000001,0.62897,null,null,200.62897,null,null,null,null,700.62897,null,null
Mon Oct 12 14:00:00 UTC 2026,1.2352997000000001,0.62897,null,null,200.62897,null,null,null,null,700.62897,null,null
Mon Oct 12 15:00:00 UTC 2026,1.2352997000000001,0.62897,null,null,200.62897,null,null,null,null,700.62897,null,null
Mon Oct 12 16:00:00 UTC 2026,1.2352997000000001,0.62897,null,null,200.62897,null,null,null,null,700.62897,null,null
Mon Oct 12 17:00:00 UTC 2026,1.2352997000000001,0.62897,null,null,200.62896999999998,null,null,null,null,700.62897,null,null
Mon Oct 12 18:00:00 UTC 2026,1.2352997000000001,0.62897,null,null,200.62897,null,null,null,null,700.62897,null,null
Mon Oct 12 19:00:00 UTC 2026,1.2352997000000001,0.62897,null,null,200.62897,null,null,null,null,700.62897,null,null
Mon Oct 12 20:00:00 UTC 2026,1.2352997000000001,0.62897,null,null,200.62897,null,null,null,null,700.62897,null,null
Mon Oct 12 21:00:00 UTC 2026,1.2352997000000001,0.62897,null,null,200.62897,null,null,null,null,700.62897,null,null
Mon Oct 12 22:00:00 UTC 2026,1.2352997000000001,0.62897,null,null,200.62897,null,null,null,null,700.6289700000001,null,null
Mon Oct 12 23:00:00 UTC 2026,1.2352997000000001,0.62897,null,null,200.62897,null,null,null,null,700.6289700000001,null,null
Tue Oct 13 00:00:00 UTC 2026,1.2352997000000001,0.62897,null,null,200.62896999999998,null,null,null,null,700.62897,null,null
Tue Oct 13 01:00:00 UTC 2026,1.2352997000000001,0.62897,null,null,200.62896999999998,null,null,null,null,700.6289699999999,null,null
Tue Oct 13 02:00:00 UTC 2026,1.2352997000000001,0.62897,null,null,200.62896999999998,null,null,null,null,700.62897,null,null
Tue Oct 13 03:00:00 UTC 2026,1.2352997000000001,0.62897,null,null,200.62897,null,null,null,null,700.62897,null,null
Tue Oct 13 04:00:00 UTC 2026,1.2352997000000001,0.62897,null,null,200.62897000000004,null,null,null,null,700.62897,null,null
Tue Oct 13 05:00:00 UTC 2026,1.2352997000000001,0.62897,null,null,200.62897000000004,null,null,null,null,700.62897,null,null
Tue Oct 13 06:00:00 UTC 2026,1.2352997000000001,0.62897,null,null,200.62897000000004,null,null,null,null,700.62897,null,null
Tue Oct 13 07:00:00 UTC 2026,1.2352997000000001,0.62897,null,null,200.62897,null,null,null,null,700.62897,null,null
Tue Oct 13 08:00:00 UTC 2026,1.2352997000000001,0.62897,null,null,200.62897,null,null,null,null,700.62897,null,null
Tue Oct 13 09:00:00 UTC 2026,1.2352997000000001,0.62897,null,null,200.62897,null,null,null,null,700.62897,null,null
Tue Oct 13 10:00:00 UTC 2026,1.2352997000000001,0.62897,null,null,200.62897,null,null,null,null,700.62897,null,null
Tue Oct 13 11:00:00 UTC 2026,1.2352997000000001,0.62897,null,null,200.62897000000004,null,null,null,null,700.62897,null,null
Tue Oct 13 12:00:00 UTC 2026,1.2352997000000001,0.62897,null,null,200.62897000000004,null,null,null,null,700.62897,null,null
Tue Oct 13 13:00:00 UTC 2026,1.2352997000000001,0.62897,null,null,200.62897,null,null,null,null,700.62897,null,null
Tue Oct 13 14:00:00 UTC 2026,1.2352997000000001,0.62897,null,null,200.62897,null,null,null,null,700.62897,null,null
Tue Oct 13 15:00:00 UTC 2026,1.2352997000000001,0.62897,null,null,200.62897,null,null,null,null,700.62897,null,null
Tue Oct 13 16:00:00 UTC 2026,1.2352997000000001,0.62897,null,null,200.62897,null,null,null,null,700.62897,null,null
Tue Oct 13 17:00:00 UTC 2026,1.2352997000000001,0.62897,null,null,200.62897,null,null,null,null,700.62897,null,null
Tue Oct 13 18:00:00 UTC 2026,1.2352997000000001,0.62897,null,null,200.62897,null,null,null,null,700.6289700000001,null,null
Tue Oct 13 19:00:00 UTC 2026,1.2352997000000001,0.62897,null,null,200.62897000000004,null,null,null,null,700.6289700000001,null,null
Tue Oct 13 20:00:00 UTC 2026,1.2352997000000001,0.62897,null,null,200.62897,null,null,null,null,700.62897,null,null
Tue Oct 13 21:00:00 UTC 2026,1.2352997000000001,0.62897,null,null,200.62897,null,null,null,null,700.62897,null,null
Tue Oct 13 22:00:00 UTC 2026,1.2352997000000001,0.62897,null,null,200.62897,null,null,null,null,700.62897,null,null
Tue Oct 13 23:00:00 UTC 2026,1.2352997000000001,0.62897,null,null,200.62897,null,null,null,null,700.62897,null,null
Wed Oct 14 00:00:00 UTC 2026,1.2352997000000001,0.62897,null,null,200.62897,null,null,null,null,700.62897,null,null
Wed Oct 14 01:00:00 UTC 2026,1.2352997000000001,0.62897,null,null,200.62897,null,null,null,null,700.62897,null,null
Wed Oct 14 02:00:00 UTC 2026,1.2352997000000001,0.62897,null,null,200.62897,null,null,null,null,700.62897,null,null
Wed Oct 14 03:00:00 UTC 2026,1.2352997000000001,0.62897,null,null,200.62897,null,null,null,null,700.6289699999999,null,null
Wed Oct 14 04:00:00 UTC 2026,1.2352997000000001,0.62897,null,null,200.62897,null,null,null,null,700.62897,null,null
Wed Oct 14 05:00:00 UTC 2026,1.2352997000000001,0.62897,null,null,200.62897,null,null,null,null,700.62897,null,null
Wed Oct 14 06:00:00 UTC 2026,1.2352997000000001,0.62897,null,null,200.62897,null,null,null,null,700.62897,null,null
Wed Oct 14 07:00:00 UTC 2026,1.2352997000000001,0.62897,null,null,200.62897,null,null,null,null,700.62897,null,null
Wed Oct 14 08:00:00 UTC 2026,1.2352997000000001,0.62897,null,null,200.62897,null,null,null,null,700.62897,null,null
Wed Oct 14 09:00:00 UTC 2026,1.2352997000000001,0.62897,null,null,200.62897,null,null,null,null,700.62897,null,null
Wed Oct 14 10:00:00 UTC 2026,1.2352997000000001,0.62897,null,null,200.62897,null,null,null,null,700.62897,null,null
Wed Oct 14 11:00:00 UTC 2026,1.2352997000000001,0.62897,null,null,200.62897,null,null,null,null,700.62897,null,null
Wed Oct 14 12:00:00 UTC 2026,1.2352997000000001,0.62897,null,null,200.62897,null,null,null,null,700.62897,null,null
Wed Oct 14 13:00:00 UTC 2026,1.2352997000000001,0.62897,null,null,200.62897,null,null,null,null,700.62897,null,null
Wed Oct 14 14:00:00 UTC 2026,1.2352997000000001,0.62897,null,null,200.62897,null,null,null,null,700.62897,null,null
Wed Oct 14 15:00:00 UTC 2026,1.2352997000000001,0.62897,null,null,200.62897,null,null,null,null,700.6289700000001,null,null
Wed Oct 14 16:00:00 UTC 2026,1.2352997000000001,0.62897,null,null,200.62896999999998,null,null,null,null,700.62897,null,null
Wed Oct 14 17:00:00 UTC 2026,1.2352997000000001,0.62897,null,null,200.62896999999998,null,null,null,null,700.62897,null,null
Wed Oct 14 18:00:00 UTC 2026,1.2352997000000001,0.62897,null,null,200.62897,null,null,null,null,700.62897,null,null
Wed Oct 14 19:00:00 UTC 2026,1.2352997000000001,0.62897,null,null,200.62897,null,null,null,null,700.62897,null,null
Wed Oct 14 20:00:00 UTC 2026,1.2352997000000001,0.62897,null,null,200.62897,null,null,null,null,700.62897,null,null
Wed Oct 14 21:00:00 UTC 2026,1.2352997000000001,0.62897,null,null,200.62897,null,null,null,null,700.62897,null,null
Wed Oct 14 22:00:00 UTC 2026,1.2352997000000001,0.62897,null,null,200.62897,null,null,null,null,700.62897,null,null
Wed Oct 14 23:00:00 UTC 2026,1.2352997000000001,0.62897,null,null,200.62896999999998,null,null,null,null,700.6289699999999,null,null
Thu Oct 15 00:00:00 UTC 2026,1.2352997000000001,0.62897,null,null,200.62896999999998,null,null,null,null,700.62897,null,null
Thu Oct 15 01:00:00 UTC 2026,1.2352997000000001,0.62897,null,null,200.62896999999998,null,null,null,null,700.62897,null,null
Thu Oct 15 02:00:00 UTC 2026,1.2352997000000001,0.62897,null,null,200.62897,null,null,null,null,700.62897,null,null
Thu Oct 15 03:00:00 UTC 2026,1.2352997000000001,0.62897,null,null,200.62897000000004,null,null,null,null,700.62897,null,null
Thu Oct 15 04:00:00 UTC 2026,1.2352997000000001,0.62897,null,null,200.62897000000004,null,null,null,null,700.62897,null,null
Thu Oct 15 05:00:00 UTC 2026,1.2352997000000001,0.62897,null,null,200.62897000000004,null,null,null,null,700.62897,null,null
Thu Oct 15 06:00:00 UTC 2026,1.2352997000000001,0.62897,null,null,200.62897,null,null,null,null,700.62897,null,null
Thu Oct 15 07:00:00 UTC 2026,1.2352997000000001,0.62897,null,null,200.62897,null,null,null,null,700.62897,null,null
Thu Oct 15 08:00:00 UTC 2026,1.2352997000000001,0.62897,null,null,200.62897,null,null,null,null,700.62897,null,null
Thu Oct 15 09:00:00 UTC 2026,1.2352997000000001,0.62897,null,null,200.62897,null,null,null,null,700.62897,null,null
Thu Oct 15 10:00:00 UTC 2026,1.2352997000000001,0.62897,null,null,200.62897,null,null,null,null,700.62897,null,null
Thu Oct 15 11:00:00 UTC 2026,1.2352997000000001,0.62897,null,null,200.62897000000004,null,null,null,null,700.62897,null,null
Thu Oct 15 12:00:00 UTC 2026,1.2352997000000001,0.62897,null,null,200.62897,null,null,null,null,700.62897,null,null
Thu Oct 15 13:00:00 UTC 2026,1.2352997000000001,0.62897,null,null,200.62897,null,null,null,null,700.62897,null,null
Thu Oct 15 14:00:00 UTC 2026,1.2352997000000001,0.62897,null,null,200.62897,null,null,null,null,700.62897,null,null
Thu Oct 15 15:00:00 UTC 2026,1.2352997000000001,0.62897,null,null,200.62897,null,null,null,null,700.62897,null,null
Thu Oct 15 16:00:00 UTC 2026,1.2352997000000001,0.62897,null,null,200.62897,null,null,null,null,700.6289700000001,null,null
Thu Oct 15 17:00:00 UTC 2026,1.2352997000000001,0.62897,null,null,200.62897,null,null,null,null,700.62897,null,null
Thu Oct 15 18:00:00 UTC 2026,1.2352997000000001,0.62897,null,null,200.62897,null,null,null,null,700.62897,null,null
Thu Oct 15 19:00:00 UTC 2026,1.2352997000000001,0.62897,null,null,200.62897,null,null,null,null,700.6289699999999,null,null
Thu Oct 15 20:00:00 UTC 2026,1.2352997000000001,0.62897,null,null,200.62897,null,null,null,null,700.6289699999999,null,null
Thu Oct 15 21:00:00 UTC 2026,1.2352997000000001,0.62897,null,null,200.62897,null,null,null,null,700.62897,null,null
Thu Oct 15 22:00:00 UTC 2026,1.2352997000000001,0.62897,null,null,200.62897,null,null,null,null,700.62897,null,null
Thu Oct 15 23:00:00 UTC 2026,1.2352997000000001,0.62897,null,null,200.62897,null,null,null,null,700.62897,null,null
Fri Oct 16 00:00:00 UTC 2026,1.2352997000000001,0.62897,null,null,200.62897,null,null,null,null,700.62897,null,null
Fri Oct 16 01:00:00 UTC 2026,1.2352997000000001,0.62897,null,null,200.62897,null,null,null,null,700.62897,null,null
Fri Oct 16 02:00:00 UTC 2026,1.2352997000000001,0.62897,null,null,200.62897,null,null,null,null,700.62897,null,null
Fri Oct 16 03:00:00 UTC 2026,1.2352997000000001,0.62897,null,null,200.62897,null,null,null,null,700.62897,null,null
Fri Oct 16 04:00:00 UTC 2026,1.2352997000000001,0.62897,null,null,200.62897,null,null,null,null,700.62897,null,null
Fri Oct 16 05:00:00 UTC 2026,1.2352997000000001,0.62897,null,null,200.62897,null,null,null,null,700.62897,null,null
Fri Oct 16 06:00:00 UTC 2026,1.2352997000000001,0.62897,null,null,200.62897,null,null,null,null,700.62897,null,null
Fri Oct 16 07:00:00 UTC 2026,1.2352997000000001,0.62897,null,null,200.62897,null,null,null,null,700.62897,null,null
Fri Oct 16 08:00:00 UTC 2026,1.2352997000000001,0.62897,null,null,200.62896999999998,null,null,null,null,700.62897,null,null
Fri Oct 16 09:00:00 UTC 2026,1.2352997000000001,0.62897,null,null,200.62896999999998,null,null,null,null,700.62897,null,null
Fri Oct 16 10:00:00 UTC 2026,1.2352997000000001,0.62897,null,null,200.62897,null,null,null,null,700.62897,null,null
Fri Oct 16 11:00:00 UTC 2026,1.2352997000000001,0.62897,null,null,200.62897,null,null,null,null,700.62897,null,null
Fri Oct 16 12:00:00 UTC 2026,1.2352997000000001,0.62897,null,null,200.62897,null,null,null,null,700.62897,null,null
Fri Oct 16 13:00:00 UTC 2026,1.2352997000000001,0.62897,null,null,200.62897,null,null,null,null,700.6289700000001,null,null
Fri Oct 16 14:00:00 UTC 2026,1.2352997000000001,0.62897,null,null,200.62897,null,null,null,null,700.6289700000001,null,null
Fri Oct 16 15:00:00 UTC 2026,1.2352997000000001,0.62897,null,null,200.62896999999998,null,null,null,null,700.6289699999999,null,null
Fri Oct 16 16:00:00 UTC 2026,1.2352997000000001,0.62897,null,null,200.62896999999998,null,null,null,null,700.6289699999999,null,null
Fri Oct 16 17:00:00 UTC 2026,1.2352997000000001,0.62897,null,null,200.62896999999998,null,null,null,null,700.62897,null,null
Fri Oct 16 18:00:00 UTC 2026,1.2352997000000001,0.62897,null,null,200.62897000000004,null,null,null,null,700.62897,null,null
Fri Oct 16 19:00:00 UTC 2026,1.2352997000000001,0.62897,null,null,200.62897000000004,null,null,null,null,700.62897,null,null
Fri Oct 16 20:00:00 UTC 2026,1.2352997000000001,0.62897,null,null,200.62897000000004,null,null,null,null,700.62897,null,null
Fri Oct 16 21:00:00 UTC 2026,1.2352997000000001,0.62897,null,null,200.62897000000004,null,null,null,null,700.62897,null,null
Fri Oct 16 22:00:00 UTC 2026,1.2352997000000001,0.62897,null,null,200.62897,null,null,null,null,700.62897,null,null
Fri Oct 16 23:00:00 UTC 2026,1.2352997000000001,0.62897,null,null,200.62897,null,null,null,null,700.62897,null,null
Sat Oct 17 00:00:00 UTC 2026,1.2352997000000001,0.62897,null,null,200.62897,null,null,null,null,700.62897,null,null
Sat Oct 17 01:00:00 UTC 2026,1.2352997000000001,0.62897,null,null,200.62897,null,null,null,null,700.62897,null,null
Sat Oct 17 02:00:00 UTC 2026,1.2352997000000001,0.62897,null,null,200.62897,null,null,null,null,700.62897,null,null
Sat Oct 17 03:00:00 UTC 2026,1.2352997000000001,0.62897,null,null,200.62897000000004,null,null,null,null,700.62897,null,null
Sat Oct 17 04:00:00 UTC 2026,1.2352997000000001,0.62897,null,null,200.62897,null,null,null,null,700.62897,null,null
Sat Oct 17 05:00:00 UTC 2026,1.2352997000000001,0.62897,null,null,200.62897,null,null,null,null,700.62897,null,null
Sat Oct 17 06:00:00 UTC 2026,1.2352997000000001,0.62897,null,null,200.62897,null,null,null,null,700.62897,null,null
Sat Oct 17 07:00:00 UTC 2026,1.2352997000000001,0.62897,null,null,200.62897,null,null,null,null,700.62897,null,null
Sat Oct 17 08:00:00 UTC 2026,1.2352997000000001,0.62897,null,null,200.62897,null,null,null,null,700.62897,null,null
Sat Oct 17 09:00:00 UTC 2026,1.2352997000000001,0.62897,null,null,200.62897,null,null,null,null,700.6289700000001,null,null
Sat Oct 17 10:00:00 UTC 2026,1.2352997000000001,0.62897,null,null,200.62897,null,null,null,null,700.6289700000001,null,null
Sat Oct 17 11:00:00 UTC 2026,1.2352997000000001,0.62897,null,null,200.62897,null,null,null,null,700.62897,null,null
Sat Oct 17 12:00:00 UTC 2026,1.2352997000000001,0.62897,null,null,200.62897,null,null,null,null,700.62897,null,null
Sat Oct 17 13:00:00 UTC 2026,1.2352997000000001,0.62897,null,null,200.62897,null,null,null,null,700.6289699999999,null,null
Sat Oct 17 14:00:00 UTC 2026,1.2352997000000001,0.62897,null,null,200.62897,null,null,null,null,700.62897,null,null
Sat Oct 17 15:00:00 UTC 2026,1.2352997000000001,0.62897,null,null,200.62897,null,null,null,null,700.62897,null,null
Sat Oct 17 16:00:00 UTC 2026,1.2352997000000001,0.62897,null,null,200.62897,null,null,null,null,700.62897,null,null
Sat Oct 17 17:00:00 UTC 2026,1.2352997000000001,0.62897,null,null,200.62897,null,null,null,null,700.62897,null,null
Sat Oct 17 18:00:00 UTC 2026,1.2352997000000001,0.62897,null,null,200.62897,null,null,null,null,700.6289699999999,null,null
Sat Oct 17 19:00:00 UTC 2026,1.2352997000000001,0.62897,null,null,200.62897,null,null,null,null,700.62897,null,null
Sat Oct 17 20:00:00 UTC 2026,1.2352997000000001,0.62897,null,null,200.62897,null,null,null,null,700.62897,null,null
Sat Oct 17 21:00:00 UTC 2026,1.2352997000000001,0.62897,null,null,200.62897,null,null,null,null,700.62897,null,null
Sat Oct 17 22:00:00 UTC 2026,1.2352997000000001,0.62897,null,null,200.62897,null,null,null,null,700.62897,null,null
Sat Oct 17 23:00:00 UTC 2026,1.2352997000000001,0.62897,null,null,200.62897,null,null,null,null,700.62897,null,null
Sun Oct 18 00:00:00 UTC 2026,1.2352997000000001,0.62897,null,null,200.62897,null,null,null,null,700.62897,null,null
Sun Oct 18 01:00:00 UTC 2026,1.2352997000000001,0.62897,null,null,200.62896999999998,null,null,null,null,700.62897,null,null
Sun Oct 18 02:00:00 UTC 2026,1.2352997000000001,0.62897,null,null,200.62897,null,null,null,null,700.62897,null,null
Sun Oct 18 03:00:00 UTC 2026,1.2352997000000001,0.62897,null,null,200.62897,null,null,null,null,700.62897,null,null
Sun Oct 18 04:00:00 UTC 2026,1.2352997000000001,0.62897,null,null,200.62897,null,null,null,null,700.62897,null,null
Sun Oct 18 05:00:00 UTC 2026,1.2352997000000001,0.62897,null,null,200.62897,null,null,null,null,700.62897,null,null
Sun Oct 18 06:00:00 UTC 2026,1.2352997000000001,0.62897,null,null,200.62897,null,null,null,null,700.6289700000001,null,null
Sun Oct 18 07:00:00 UTC 2026,1.2352997000000001,0.62897,null,null,200.62896999999998,null,null,null,null,700.62897,null,null
Sun Oct 18 08:00:00 UTC 2026,1.2352997000000001,0.62897,null,null,200.62896999999998,null,null,null,null,700.62897,null,null
Sun Oct 18 09:00:00 UTC 2026,1.2352997000000001,0.62897,null,null,200.62896999999998,null,null,null,null,700.62897,null,null
Sun Oct 18 10:00:00 UTC 2026,1.2352997000000001,0.62897,null,null,200.62897,null,null,null,null,700.62897,null,null
Sun Oct 18 11:00:00 UTC 2026,1.2352997000000001,0.62897,null,null,200.62897000000004,null,null,null,null,700.62897,null,null
Sun Oct 18 12:00:00 UTC 2026,1.2352997000000001,0.62897,null,null,200.62897000000004,null,null,null,null,700.62897,null,null
Sun Oct 18 13:00:00 UTC 2026,1.2352997000000001,0.62897,null,null,200.62897000000004,null,null,null,null,700.62897,null,null
Sun Oct 18 14:00:00 UTC 2026,1.2352997000000001,0.62897,null,null,200.62897,null,null,null,null,700.6289699999999,null,null
Sun Oct 18 15:00:00 UTC 2026,1.2352997000000001,0.62897,null,null,200.62897,null,null,null,null,700.62897,null,null
Sun Oct 18 16:00:00 UTC 2026,1.2352997000000001,0.62897,null,null,200.62897,null,null,null,null,700.62897,null,null
Sun Oct 18 17:00:00 UTC 2026,1.2352997000000001,0.62897,null,null,200.62897,null,null,null,null,700.62897,null,null
Sun Oct 18 18:00:00 UTC 2026,1.2352997000000001,0.62897,null,null,200.62897,null,null,null,null,700.62897,null,null
Sun Oct 18 19:00:00 UTC 2026,1.2352997000000001,0.62897,null,null,200.62897000000004,null,null,null,null,700.62897,null,null
Sun Oct 18 20:00:00 UTC 2026,1.2352997000000001,0.62897,null,null,200.62897000000004,null,null,null,null,700.62897,null,null
Sun Oct 18 21:00:00 UTC 2026,1.2352997000000001,0.62897,null,null,200.62897,null,null,null,null,700.62897,null,null
Sun Oct 18 22:00:00 UTC 2026,1.2352997000000001,0.62897,null,null,200.62897,null,null,null,null,700.62897,null,null
Sun Oct 18 23:00:00 UTC 2026,1.2352997000000001,0.62897,null,null,200.62897,null,null,null,null,700.62897,null,null
Mon Oct 19 00:00:00 UTC 2026,1.2352997000000001,0.62897,null,null,200.62897,null,null,null,null,700.62897,null,null
Mon Oct 19 01:00:00 UTC 2026,1.2352997000000001,0.62897,null,null,200.62897,null,null,null,null,700.62897,null,null
Mon Oct 19 02:00:00 UTC 2026,1.2352997000000001,0.62897,null,null,200.62897,null,null,null,null,700.6289700000001,null,null
Mon Oct 19 03:00:00 UTC 2026,1.2352997000000001,0.62897,null,null,200.62897,null,null,null,null,700.62897,null,null
Mon Oct 19 04:00:00 UTC 2026,1.2352997000000001,0.62897,null,null,200.62897,null,null,null,null,700.62897,null,null
Mon Oct 19 05:00:00 UTC 2026,1.2352997000000001,0.62897,null,null,200.62897,null,null,null,null,700.62897,null,null
Mon Oct 19 06:00:00 UTC 2026,1.2352997000000001,0.62897,null,null,200.62897,null,null,null,null,700.62897,null,null
Mon Oct 19 07:00:00 UTC 2026,1.2352997000000001,0.62897,null,null,200.62897,null,null,null,null,700.6289700000001,null,null
Mon Oct 19 08:00:00 UTC 2026,1.2352997000000001,0.62897,null,null,200.62897,null,null,null,null,700.62897,null,null
Mon Oct 19 09:00:00 UTC 2026,1.2352997000000001,0.62897,null,null,200.62897,null,null,null,null,700.62897,null,null
Mon Oct 19 10:00:00 UTC 2026,1.2352997000000001,0.62897,null,null,200.62897,null,null,null,null,700.6289699999999,null,null
Mon Oct 19 11:00:00 UTC 2026,1.2352997000000001,0.62897,null,null,200.62897,null,null,null,null,700.6289699999999,null,null
Mon Oct 19 12:00:00 UTC 2026,1.2352997000000001,0.62897,null,null,200.62897,null,null,null,null,700.62897,null,null
Mon Oct 19 13:00:00 UTC 2026,1.2352997000000001,0.62897,null,null,200.62897,null,null,null,null,700.62897,null,null
Mon Oct 19 14:00:00 UTC 2026,1.2352997000000001,0.62897,null,null,200.62897,null,null,null,null,700.62897,null,null
Mon Oct 19 15:00:00 UTC 2026,1.2352997000000001,0.62897,null,null,200.62897,null,null,null,null,700.62897,null,null
Mon Oct 19 16:00:00 UTC 2026,1.2352997000000001,0.62897,null,null,200.62897,null,null,null,null,700.62897,null,null
Mon Oct 19 17:00:00 UTC 2026,1.2352997000000001,0.62897,null,null,200.62897,null,null,null,null,700.62897,null,null
Mon Oct 19 18:00:00 UTC 2026,1.2352997000000001,0.62897,null,null,200.62897,null,null,null,null,700.62897,null,null
Mon Oct 19 19:00:00 UTC 2026,1.2352997000000001,0.62897,null,null,200.62897,null,null,null,null,700.62897,null,null
Mon Oct 19 20:00:00 UTC 2026,1.2352997000000001,0.62897,null,null,200.62897,null,null,null,null,700.62897,null,null
Mon Oct 19 21:00:00 UTC 2026,1.2352997000000001,0.62897,null,null,200.62897,null,null,null,null,700.62897,null,null
Mon Oct 19 22:00:00 UTC 2026,1.2352997000000001,0.62897,null,null,200.62897,null,null,null,null,700.62897,null,null
Mon Oct 19 23:00:00 UTC 2026,1.2352997000000001,0.62897,null,null,200.62896999999998,null,null,null,null,700.62897,null,null
Tue Oct 20 00:00:00 UTC 2026,1.2352997000000001,0.62897,null,null,200.62896999999998,null,null,null,null,700.62897,null,null
Tue Oct 20 01:00:00 UTC 2026,1.2352997000000001,0.62897,null,null,200.62896999999998,null,null,null,null,700.62897,null,null
Tue Oct 20 02:00:00 UTC 2026,1.2352997000000001,0.62897,null,null,200.62897,null,null,null,null,700.62897,null,null
Tue Oct 20 03:00:00 UTC 2026,1.2352997000000001,0.62897,null,null,200.62897,null,null,null,null,700.62897,null,null
Tue Oct 20 04:00:00 UTC 2026,1.2352997000000001,0.62897,null,null,200.62897,null,null,null,null,700.6289700000001,null,null
Tue Oct 20 05:00:00 UTC 2026,1.2352997000000001,0.62897,null,null,200.62897000000004,null,null,null,null,700.6289700000001,null,null
Tue Oct 20 06:00:00 UTC 2026,1.2352997000000001,0.62897,null,null,200.62896999999998,null,null,null,null,700.6289699999999,null,null
Tue Oct 20 07:00:00 UTC 2026,1.2352997000000001,0.62897,null,null,200.62896999999998,null,null,null,null,700.6289699999999,null,null
Tue Oct 20 08:00:00 UTC 2026,1.2352997000000001,0.62897,null,null,200.62897,null,null,null,null,700.62897,null,null
Tue Oct 20 09:00:00 UTC 2026,1.2352997000000001,0.62897,null,null,200.62897,null,null,null,null,700.62897,null,null
Tue Oct 20 10:00:00 UTC 2026,1.2352997000000001,0.62897,null,null,200.62897000000004,null,null,null,null,700.62897,null,null
Tue Oct 20 11:00:00 UTC 2026,1.2352997000000001,0.62897,null,null,200.62897000000004,null,null,null,null,700.62897,null,null
Tue Oct 20 12:00:00 UTC 2026,1.2352997000000001,0.62897,null,null,200.62897000000004,null,null,null,null,700.62897,null,null
Tue Oct 20 13:00:00 UTC 2026,1.2352997000000001,0.62897,null,null,200.62897,null,null,null,null,700.62897,null,null
Tue Oct 20 14:00:00 UTC 2026,1.2352997000000001,0.62897,null,null,200.62897,null,null,null,null,700.62897,null,null
Tue Oct 20 15:00:00 UTC 2026,1.2352997000000001,0.62897,null,null,200.62897,null,null,null,null,700.62897,null,null
Tue Oct 20 16:00:00 UTC 2026,1.2352997000000001,0.62897,null,null,200.62897,null,null,null,null,700.62897,null,null
Tue Oct 20 17:00:00 UTC 2026,1.2352997000000001,0.62897,null,null,200.62897,null,null,null,null,700.62897,null,null
Tue Oct 20 18:00:00 UTC 2026,1.2352997000000001,0.62897,null,null,200.62897,null,null,null,null,700.62897,null,null
Tue Oct 20 19:00:00 UTC 2026,1.2352997000000001,0.62897,null,null,200.62897,null,null,null,null,700.62897,null,null
Tue Oct 20 20:00:00 UTC 2026,1.2352997000000001,0.62897,null,null,200.62897,null,null,null,null,700.62897,null,null
Tue Oct 20 21:00:00 UTC 2026,1.2352997000000001,0.62897,null,null,200.62897,null,null,null,null,700.62897,null,null
Tue Oct 20 22:00:00 UTC 2026,1.2352997000000001,0.62897,null,null,200.62897,null,null,null,null,700.62897,null,null
Tue Oct 20 23:00:00 UTC 2026,1.2352997000000001,0.62897,null,null,200.62897,null,null,null,null,700.62897,null,null
Wed Oct 21 00:00:00 UTC 2026,1.2352997000000001,0.62897,null,null,200.62897,null,null,null,null,700.6289700000001,null,null
Wed Oct 21 01:00:00 UTC 2026,1.2352997000000001,0.62897,null,null,200.62897,null,null,null,null,700.6289700000001,null,null
Wed Oct 21 02:00:00 UTC 2026,1.2352997000000001,0.62897,null,null,200.62897,null,null,null,null,700.62897,null,null
Wed Oct 21 03:00:00 UTC 2026,1.2352997000000001,0.62897,null,null,200.62897,null,null,null,null,700.62897,null,null
Wed Oct 21 04:00:00 UTC 2026,1.2352997000000001,0.62897,null,null,200.62897,null,null,null,null,700.6289699999999,null,null
Wed Oct 21 05:00:00 UTC 2026,1.2352997000000001,0.62897,null,null,200.62897,null,null,null,null,700.62897,null,null
Wed Oct 21 06:00:00 UTC 2026,1.2352997000000001,0.62897,null,null,200.62897,null,null,null,null,700.62897,null,null
Wed Oct 21 07:00:00 UTC 2026,1.2352997000000001,0.62897,null,null,200.62897,null,null,null,null,700.62897,null,null
Wed Oct 21 08:00:00 UTC 2026,1.2352997000000001,0.62897,null,null,200.62897,null,null,null,null,700.62897,null,null
Wed Oct 21 09:00:00 UTC 2026,1.2352997000000001,0.62897,null,null,200.62897,null,null,null,null,700.6289699999999,null,null
Wed Oct 21 10:00:00 UTC 2026,1.2352997000000001,0.62897,null,null,200.62897,null,null,null,null,700.62897,null,null
Wed Oct 21 11:00:00 UTC 2026,1.2352997000000001,0.62897,null,null,200.62897,null,null,null,null,700.62897,null,null
Wed Oct 21 12:00:00 UTC 2026,1.2352997000000001,0.62897,null,null,200.62897,null,null,null,null,700.62897,null,null
Wed Oct 21 13:00:00 UTC 2026,1.2352997000000001,0.62897,null,null,200.62897,null,null,null,null,700.62897,null,null
Wed Oct 21 14:00:00 UTC 2026,1.2352997000000001,0.62897,null,null,200.62897,null,null,null,null,700.62897,null,null
Wed Oct 21 15:00:00 UTC 2026,1.2352997000000001,0.62897,null,null,200.62897,null,null,null,null,700.62897,null,null
Wed Oct 21 16:00:00 UTC 2026,1.2352997000000001,0.62897,null,null,200.62896999999998,null,null,null,null,700.62897,null,null
Wed Oct 21 17:00:00 UTC 2026,1.2352997000000001,0.62897,null,null,200.62896999999998,null,null,null,null,700.62897,null,null
Wed Oct 21 18:00:00 UTC 2026,1.2352997000000001,0.62897,null,null,200.62897,null,null,null,null,700.62897,null,null
Wed Oct 21 19:00:00 UTC 2026,1.2352997000000001,0.62897,null,null,200.62897,null,null,null,null,700.62897,null,null
Wed Oct 21 20:00:00 UTC 2026,1.2352997000000001,0.62897,null,null,200.62897,null,null,null,null,700.62897,null,null
Wed Oct 21 21:00:00 UTC 2026,1.2352997000000001,0.62897,null,null,200.62897,null,null,null,null,700.6289700000001,null,null
Wed Oct 21 22:00:00 UTC 2026,1.2352997000000001,0.62897,null,null,200.62896999999998,null,null,null,null,700.62897,null,null
Wed Oct 21 23:00:00 UTC 2026,1.2352997000000001,0.62897,null,null,200.62896999999998,null,null,null,null,700.62897,null,null
Thu Oct 22 00:00:00 UTC 2026,1.2352997000000001,0.62897,null,null,200.62896999999998,null,null,null,null,700.62897,null,null
Thu Oct 22 01:00:00 UTC 2026,1.2352997000000001,0.62897,null,null,200.62897,null,null,null,null,700.62897,null,null
Thu Oct 22 02:00:00 UTC 2026,1.2352997000000001,0.62897,null,null,200.62897000000004,null,null,null,null,700.62897,null,null
Thu Oct 22 03:00:00 UTC 2026,1.2352997000000001,0.62897,null,null,200.62897000000004,null,null,null,null,700.62897,null,null
Thu Oct 22 04:00:00 UTC 2026,1.2352997000000001,0.62897,null,null,200.62897000000004,null,null,null,null,700.62897,null,null
Thu Oct 22 05:00:00 UTC 2026,1.2352997000000001,0.62897,null,null,200.62897,null,null,null,null,700.6289699999999,null,null
Thu Oct 22 06:00:00 UTC 2026,1.2352997000000001,0.62897,null,null,200.62897,null,null,null,null,700.62897,null,null
Thu Oct 22 07:00:00 UTC 2026,1.2352997000000001,0.62897,null,null,200.62897,null,null,null,null,700.62897,null,null
Thu Oct 22 08:00:00 UTC 2026,1.2352997000000001,0.62897,null,null,200.62897,null,null,null,null,700.62897,null,null
Thu Oct 22 09:00:00 UTC 2026,1.2352997000000001,0.62897,null,null,200.62897,null,null,null,null,700.62897,null,null
Thu Oct 22 10:00:00 UTC 2026,1.2352997000000001,0.62897,null,null,200.62897000000004,null,null,null,null,700.62897,null,null
Thu Oct 22 11:00:00 UTC 2026,1.2352997000000001,0.62897,null,null,200.62897000000004,null,null,null,null,700.62897,null,null
Thu Oct 22 12:00:00 UTC 2026,1.2352997000000001,0.62897,null,null,200.62897,null,null,null,null,700.62897,null,null
Thu Oct 22 13:00:00 UTC 2026,1.2352997000000001,0.62897,null,null,200.62897,null,null,null,null,700.62897,null,null
Thu Oct 22 14:00:00 UTC 2026,1.2352997000000001,0.62897,null,null,200.62897,null,null,null,null,700.62897,null,null
Thu Oct 22 15:00:00 UTC 2026,1.2352997000000001,0.62897,null,null,200.62897,null,null,null,null,700.62897,null,null
Thu Oct 22 16:00:00 UTC 2026,1.2352997000000001,0.62897,null,null,200.62897,null,null,null,null,700.62897,null,null
Thu Oct 22 17:00:00 UTC 2026,1.2352997000000001,0.62897,null,null,200.62897,null,null,null,null,700.6289700000001,null,null
Thu Oct 22 18:00:00 UTC 2026,1.2352997000000001,0.62897,null,null,200.62897,null,null,null,null,700.62897,null,null
Thu Oct 22 19:00:00 UTC 2026,1.2352997000000001,0.62897,null,null,200.62897,null,null,null,null,700.62897,null,null
Thu Oct 22 20:00:00 UTC 2026,1.2352997000000001,0.62897,null,null,200.62897,null,null,null,null,700.62897,null,null
Thu Oct 22 21:00:00 UTC 2026,1.2352997000000001,0.62897,null,null,200.62897,null,null,null,null,700.62897,null,null
Thu Oct 22 22:00:00 UTC 2026,1.2352997000000001,0.62897,null,null,200.62897,null,null,null,null,700.6289700000001,null,null
Thu Oct 22 23:00:00 UTC 2026,1.2352997000000001,0.62897,null,null,200.62897,null,null,null,null,700.62897,null,null
Fri Oct 23 00:00:00 UTC 2026,1.2352997000000001,0.62897,null,null,200.62897,null,null,null,null,700.62897,null,null
Fri Oct 23 01:00:00 UTC 2026,1.2352997000000001,0.62897,null,null,200.62897,null,null,null,null,700.6289699999999,null,null
Fri Oct 23 02:00:00 UTC 2026,1.2352997000000001,0.62897,null,null,200.62897,null,null,null,null,700.6289699999999,null,null
Fri Oct 23 03:00:00 UTC 2026,1.2352997000000001,0.62897,null,null,200.62897,null,null,null,null,700.62897,null,null
Fri Oct 23 04:00:00 UTC 2026,1.2352997000000001,0.62897,null,null,200.62897,null,null,null,null,700.62897,null,null
Fri Oct 23 05:00:00 UTC 2026,1.2352997000000001,0.62897,null,null,200.62897,null,null,null,null,700.62897,null,null
Fri Oct 23 06:00:00 UTC 2026,1.2352997000000001,0.62897,null,null,200.62897,null,null,null,null,700.62897,null,null
Fri Oct 23 07:00:00 UTC 2026,1.2352997000000001,0.62897,null,null,200.62897,null,null,null,null,700.62897,null,null
Fri Oct 23 08:00:00 UTC 2026,1.2352997000000001,0.62897,null,null,200.62896999999998,null,null,null,null,700.62897,null,null
Fri Oct 23 09:00:00 UTC 2026,1.2352997000000001,0.62897,null,null,200.62897,null,null,null,null,700.62897,null,null
Fri Oct 23 10:00:00 UTC 2026,1.2352997000000001,0.62897,null,null,200.62897,null,null,null,null,700.62897,null,null
Fri Oct 23 11:00:00 UTC 2026,1.2352997000000001,0.62897,null,null,200.62897,null,null,null,null,700.62897,null,null
Fri Oct 23 12:00:00 UTC 2026,1.2352997000000001,0.62897,null,null,200.62897,null,null,null,null,700.62897,null,null
Fri Oct 23 13:00:00 UTC 2026,1.2352997000000001,0.62897,null,null,200.62897,null,null,null,null,700.62897,null,null
Fri Oct 23 14:00:00 UTC 2026,1.2352997000000001,0.62897,null,null,200.62896999999998,null,null,null,null,700.62897,null,null
Fri Oct 23 15:00:00 UTC 2026,1.2352997000000001,0.62897,null,null,200.62896999999998,null,null,null,null,700.62897,null,null
Fri Oct 23 16:00:00 UTC 2026,1.2352997000000001,0.62897,null,null,200.62896999999998,null,null,null,null,700.62897,null,null
Fri Oct 23 17:00:00 UTC 2026,1.2352997000000001,0.62897,null,null,200.62896999999998,null,null,null,null,700.62897,null,null
Fri Oct 23 18:00:00 UTC 2026,1.2352997000000001,0.62897,null,null,200.62897000000004,null,null,null,null,700.62897,null,null
Fri Oct 23 19:00:00 UTC 2026,1.2352997000000001,0.62897,null,null,200.62897000000004,null,null,null,null,700.6289700000001,null,null
Fri Oct 23 20:00:00 UTC 2026,1.2352997000000001,0.62897,null,null,200.62897000000004,null,null,null,null,700.6289700000001,null,null
Fri Oct 23 21:00:00 UTC 2026,1.2352997000000001,0.62897,null,null,200.62897,null,null,null,null,700.6289699999999,null,null
Fri Oct 23 22:00:00 UTC 2026,1.2352997000000001,0.62897,null,null,200.62897,null,null,null,null,700.6289699999999,null,null
Fri Oct 23 23:00:00 UTC 2026,1.2352997000000001,0.62897,null,null,200.62897,null,null,null,null,700.62897,null,null
Sat Oct 24 00:00:00 UTC 2026,1.2352997000000001,0.62897,null,null,200.62897,null,null,null,null,700.62897,null,null
Sat Oct 24 01:00:00 UTC 2026,1.2352997000000001,0.62897,null,null,200.62897,null,null,null,null,700.62897,null,null
Sat Oct 24 02:00:00 UTC 2026,1.2352997000000001,0.62897,null,null,200.62897000000004,null,null,null,null,700.62897,null,null
Sat Oct 24 03:00:00 UTC 2026,1.2352997000000001,0.62897,null,null,200.62897000000004,null,null,null,null,700.62897,null,null
Sat Oct 24 04:00:00 UTC 2026,1.2352997000000001,0.62897,null,null,200.62897,null,null,null,null,700.62897,null,null
Sat Oct 24 05:00:00 UTC 2026,1.2352997000000001,0.62897,null,null,200.62897,null,null,null,null,700.62897,null,null
Sat Oct 24 06:00:00 UTC 2026,1.2352997000000001,0.62897,null,null,200.62897,null,null,null,null,700.62897,null,null
Sat Oct 24 07:00:00 UTC 2026,1.2352997000000001,0.62897,null,null,200.62897,null,null,null,null,700.62897,null,null
Sat Oct 24 08:00:00 UTC 2026,1.2352997000000001,0.62897,null,null,200.62897,null,null,null,null,700.62897,null,null
Sat Oct 24 09:00:00 UTC 2026,1.2352997000000001,0.62897,null,null,200.62897,null,null,null,null,700.62897,null,null
Sat Oct 24 10:00:00 UTC 2026,1.2352997000000001,0.62897,null,null,200.62897,null,null,null,null,700.62897,null,null
Sat Oct 24 11:00:00 UTC 2026,1.2352997000000001,0.62897,null,null,200.62897,null,null,null,null,700.62897,null,null
Sat Oct 24 12:00:00 UTC 2026,1.2352997000000001,0.62897,null,null,200.62897,null,null,null,null,700.62897,null,null
Sat Oct 24 13:00:00 UTC 2026,1.2352997000000001,0.62897,null,null,200.62897,null,null,null,null,700.62897,null,null
Sat Oct 24 14:00:00 UTC 2026,1.2352997000000001,0.62897,null,null,200.62897,null,null,null,null,700.62897,null,null
Sat Oct 24 15:00:00 UTC 2026,1.2352997000000001,0.62897,null,null,200.62897,null,null,null,null,700.6289700000001,null,null
Sat Oct 24 16:00:00 UTC 2026,1.2352997000000001,0.62897,null,null,200.62897,null,null,null,null,700.6289700000001,null,null
Sat Oct 24 17:00:00 UTC 2026,1.2352997000000001,0.62897,null,null,200.62897,null,null,null,null,700.62897,null,null
Sat Oct 24 18:00:00 UTC 2026,1.2352997000000001,0.62897,null,null,200.62897,null,null,null,null,700.6289699999999,null,null
Sat Oct 24 19:00:00 UTC 2026,1.2352997000000001,0.62897,null,null,200.62897,null,null,null,null,700.6289699999999,null,null
Sat Oct 24 20:00:00 UTC 2026,1.2352997000000001,0.62897,null,null,200.62897,null,null,null,null,700.62897,null,null
Sat Oct 24 21:00:00 UTC 2026,1.2352997000000001,0.62897,null,null,200.62897,null,null,null,null,700.62897,null,null
Sat Oct 24 22:00:00 UTC 2026,1.2352997000000001,0.62897,null,null,200.62897,null,null,null,null,700.62897,null,null
Sat Oct 24 23:00:00 UTC 2026,1.2352997000000001,0.62897,null,null,200.62897,null,null,null,null,700.62897,null,null
Sun Oct 25 00:00:00 UTC 2026,1.2352997000000001,0.62897,null,null,200.62896999999998,null,null,null,null,700.62897,null,null
Sun Oct 25 01:00:00 UTC 2026,1.2352997000000001,0.62897,null,null,200.62897,null,null,null,null,700.62897,null,null
Sun Oct 25 02:00:00 UTC 2026,1.2352997000000001,0.62897,null,null,200.62897,null,null,null,null,700.62897,null,null
Sun Oct 25 03:00:00 UTC 2026,1.2352997000000001,0.62897,null,null,200.62897,null,null,null,null,700.62897,null,null
Sun Oct 25 04:00:00 UTC 2026,1.2352997000000001,0.62897,null,null,200.62897,null,null,null,null,700.62897,null,null
Sun Oct 25 05:00:00 UTC 2026,1.2352997000000001,0.62897,null,null,200.62897,null,null,null,null,700.62897,null,null
Sun Oct 25 06:00:00 UTC 2026,1.2352997000000001,0.62897,null,null,200.62897,null,null,null,null,700.62897,null,null
Sun Oct 25 07:00:00 UTC 2026,1.2352997000000001,0.62897,null,null,200.62896999999998,null,null,null,null,700.62897,null,null
Sun Oct 25 08:00:00 UTC 2026,1.2352997000000001,0.62897,null,null,200.62896999999998,null,null,null,null,700.62897,null,null
Sun Oct 25 09:00:00 UTC 2026,1.2352997000000001,0.62897,null,null,200.62897,null,null,null,null,700.62897,null,null
Sun Oct 25 10:00:00 UTC 2026,1.2352997000000001,0.62897,null,null,200.62897000000004,null,null,null,null,700.62897,null,null
Sun Oct 25 11:00:00 UTC 2026,1.2352997000000001,0.62897,null,null,200.62897000000004,null,null,null,null,700.62897,null,null
Sun Oct 25 12:00:00 UTC 2026,1.2352997000000001,0.62897,null,null,200.62897000000004,null,null,null,null,700.6289700000001,null,null
Sun Oct 25 13:00:00 UTC 2026,1.2352997000000001,0.62897,null,null,200.62897,null,null,null,null,700.62897,null,null
Sun Oct 25 14:00:00 UTC 2026,1.2352997000000001,0.62897,null,null,200.62897,null,null,null,null,700.62897,null,null
Sun Oct 25 15:00:00 UTC 2026,1.2352997000000001,0.62897,null,null,200.62897,null,null,null,null,700.62897,null,null
Sun Oct 25 16:00:00 UTC 2026,1.2352997000000001,0.62897,null,null,200.62897,null,null,null,null,700.62897,null,null
Sun Oct 25 17:00:00 UTC 2026,1.2352997000000001,0.62897,null,null,200.62897,null,null,null,null,700.62897,null,null
Sun Oct 25 18:00:00 UTC 2026,1.2352997000000001,0.62897,null,null,200.62897000000004,null,null,null,null,700.62897,null,null
Sun Oct 25 19:00:00 UTC 2026,1.2352997000000001,0.62897,null,null,200.62897000000004,null,null,null,null,700.62897,null,null
Sun Oct 25 20:00:00 UTC 2026,1.2352997000000001,0.62897,null,null,200.62897,null,null,null,null,700.6289699999999,null,null
Sun Oct 25 21:00:00 UTC 2026,1.2352997000000001,0.62897,null,null,200.62897,null,null,null,null,700.62897,null,null
Sun Oct 25 22:00:00 UTC 2026,1.2352997000000001,0.62897,null,null,200.62897,null,null,null,null,700.62897,null,null
Sun Oct 25 23:00:00 UTC 2026,1.2352997000000001,0.62897,null,null,200.62897,null,null,null,null,700.62897,null,null
Mon Oct 26 00:00:00 UTC 2026,1.2352997000000001,0.62897,null,null,200.62897,null,null,null,null,700.62897,null,null
Mon Oct 26 01:00:00 UTC 2026,1.2352997000000001,0.62897,null,null,200.62897,null,null,null,null,700.62897,null,null
Mon Oct 26 02:00:00 UTC 2026,1.2352997000000001,0.62897,null,null,200.62897000000004,null,null,null,null,700.62897,null,null
Mon Oct 26 03:00:00 UTC 2026,1.2352997000000001,0.62897,null,null,200.62897,null,null,null,null,700.62897,null,null
Mon Oct 26 04:00:00 UTC 2026,1.2352997000000001,0.62897,null,null,200.62897,null,null,null,null,700.62897,null,null
Mon Oct 26 05:00:00 UTC 2026,1.2352997000000001,0.62897,null,null,200.62897,null,null,null,null,700.62897,null,null
Mon Oct 26 06:00:00 UTC 2026,1.2352997000000001,0.62897,null,null,200.62897,null,null,null,null,700.62897,null,null
Mon Oct 26 07:00:00 UTC 2026,1.2352997000000001,0.62897,null,null,200.62897,null,null,null,null,700.62897,null,null
Mon Oct 26 08:00:00 UTC 2026,1.2352997000000001,0.62897,null,null,200.62897,null,null,null,null,700.6289700000001,null,null
Mon Oct 26 09:00:00 UTC 2026,1.2352997000000001,0.62897,null,null,200.62897,null,null,null,null,700.62897,null,null
Mon Oct 26 10:00:00 UTC 2026,1.2352997000000001,0.62897,null,null,200.62897,null,null,null,null,700.62897,null,null
Mon Oct 26 11:00:00 UTC 2026,1.2352997000000001,0.62897,null,null,200.62897,null,null,null,null,700.62897,null,null
Mon Oct 26 12:00:00 UTC 2026,1.2352997000000001,0.62897,null,null,200.62897,null,null,null,null,700.62897,null,null
Mon Oct 26 13:00:00 UTC 2026,1.2352997000000001,0.62897,null,null,200.62897,null,null,null,null,700.62897,null,null
Mon Oct 26 14:00:00 UTC 2026,1.2352997000000001,0.62897,null,null,200.62897,null,null,null,null,700.62897,null,null
Mon Oct 26 15:00:00 UTC 2026,1.2352997000000001,0.62897,null,null,200.62897,null,null,null,null,700.62897,null,null
Mon Oct 26 16:00:00 UTC 2026,1.2352997000000001,0.62897,null,null,200.62896999999998,null,null,null,null,700.6289699999999,null,null
Mon Oct 26 17:00:00 UTC 2026,1.2352997000000001,0.62897,null,null,200.62897,null,null,null,null,700.6289699999999,null,null
Mon Oct 26 18:00:00 UTC 2026,1.2352997000000001,0.62897,null,null,200.62897,null,null,null,null,700.62897,null,null
Mon Oct 26 19:00:00 UTC 2026,1.2352997000000001,0.62897,null,null,200.62897,null,null,null,null,700.62897,null,null
Mon Oct 26 20:00:00 UTC 2026,1.2352997000000001,0.62897,null,null,200.62897,null,null,null,null,700.62897,null,null
Mon Oct 26 21:00:00 UTC 2026,1.2352997000000001,0.62897,null,null,200.62897,null,null,null,null,700.62897,null,null
Mon Oct 26 22:00:00 UTC 2026,1.2352997000000001,0.62897,null,null,200.62897,null,null,null,null,700.62897,null,null
Mon Oct 26 23:00:00 UTC 2026,1.2352997000000001,0.62897,null,null,200.62896999999998,null,null,null,null,700.62897,null,null
Tue Oct 27 00:00:00 UTC 2026,1.2352997000000001,0.62897,null,null,200.62896999999998,null,null,null,null,700.62897,null,null
Tue Oct 27 01:00:00 UTC 2026,1.2352997000000001,0.62897,null,null,200.62897,null,null,null,null,700.62897,null,null
Tue Oct 27 02:00:00 UTC 2026,1.2352997000000001,0.62897,null,null,200.62897,null,null,null,null,700.62897,null,null
Tue Oct 27 03:00:00 UTC 2026,1.2352997000000001,0.62897,null,null,200.62897,null,null,null,null,700.62897,null,null
Tue Oct 27 04:00:00 UTC 2026,1.2352997000000001,0.62897,null,null,200.62897,null,null,null,null,700.62897,null,null
Tue Oct 27 05:00:00 UTC 2026,1.2352997000000001,0.62897,null,null,200.62896999999998,null,null,null,null,700.62897,null,null
Tue Oct 27 06:00:00 UTC 2026,1.2352997000000001,0.62897,null,null,200.62896999999998,null,null,null,null,700.62897,null,null
Tue Oct 27 07:00:00 UTC 2026,1.2352997000000001,0.62897,null,null,200.62896999999998,null,null,null,null,700.62897,null,null
Tue Oct 27 08:00:00 UTC 2026,1.2352997000000001,0.62897,null,null,200.62897,null,null,null,null,700.62897,null,null
Tue Oct 27 09:00:00 UTC 2026,1.2352997000000001,0.62897,null,null,200.62897000000004,null,null,null,null,700.62897,null,null
Tue Oct 27 10:00:00 UTC 2026,1.2352997000000001,0.62897,null,null,200.62897000000004,null,null,null,null,700.6289700000001,null,null
Tue Oct 27 11:00:00 UTC 2026,1.2352997000000001,0.62897,null,null,200.62897000000004,null,null,null,null,700.62897,null,null
Tue Oct 27 12:00:00 UTC 2026,1.2352997000000001,0.62897,null,null,200.62897,null,null,null,null,700.6289699999999,null,null
Tue Oct 27 13:00:00 UTC 2026,1.2352997000000001,0.62897,null,null,200.62897,null,null,null,null,700.6289699999999,null,null
Tue Oct 27 14:00:00 UTC 2026,1.2352997000000001,0.62897,null,null,200.62897,null,null,null,null,700.62897,null,null
Tue Oct 27 15:00:00 UTC 2026,1.2352997000000001,0.62897,null,null,200.62897,null,null,null,null,700.62897,null,null
Tue Oct 27 16:00:00 UTC 2026,1.2352997000000001,0.62897,null,null,200.62897,null,null,null,null,700.62897,null,null
Tue Oct 27 17:00:00 UTC 2026,1.2352997000000001,0.62897,null,null,200.62897,null,null,null,null,700.62897,null,null
Tue Oct 27 18:00:00 UTC 2026,1.2352997000000001,0.62897,null,null,200.62897000000004,null,null,null,null,700.62897,null,null
Tue Oct 27 19:00:00 UTC 2026,1.2352997000000001,0.62897,null,null,200.62897,null,null,null,null,700.62897,null,null
Tue Oct 27 20:00:00 UTC 2026,1.2352997000000001,0.62897,null,null,200.62897,null,null,null,null,700.62897,null,null
Tue Oct 27 21:00:00 UTC 2026,1.2352997000000001,0.62897,null,null,200.62897,null,null,null,null,700.62897,null,null
Tue Oct 27 22:00:00 UTC 2026,1.2352997000000001,0.62897,null,null,200.62897,null,null,null,null,700.62897,null,null
Tue Oct 27 23:00:00 UTC 2026,1.2352997000000001,0.62897,null,null,200.62897,null,null,null,null,700.62897,null,null
Wed Oct 28 00:00:00 UTC 2026,1.2352997000000001,0.62897,null,null,200.62897,null,null,null,null,700.62897,null,null
Wed Oct 28 01:00:00 UTC 2026,1.2352997000000001,0.62897,null,null,200.62897,null,null,null,null,700.62897,null,null
Wed Oct 28 02:00:00 UTC 2026,1.2352997000000001,0.62897,null,null,200.62897,null,null,null,null,700.62897,null,null
Wed Oct 28 03:00:00 UTC 2026,1.2352997000000001,0.62897,null,null,200.62897,null,null,null,null,700.62897,null,null
Wed Oct 28 04:00:00 UTC 2026,1.2352997000000001,0.62897,null,null,200.62897,null,null,null,null,700.62897,null,null
Wed Oct 28 05:00:00 UTC 2026,1.2352997000000001,0.62897,null,null,200.62897,null,null,null,null,700.62897,null,null
Wed Oct 28 06:00:00 UTC 2026,1.2352997000000001,0.62897,null,null,200.62897,null,null,null,null,700.6289700000001,null,null
Wed Oct 28 07:00:00 UTC 2026,1.2352997000000001,0.62897,null,null,200.62897,null,null,null,null,700.6289700000001,null,null
Wed Oct 28 08:00:00 UTC 2026,1.2352997000000001,0.62897,null,null,200.62897,null,null,null,null,700.62897,null,null
Wed Oct 28 09:00:00 UTC 2026,1.2352997000000001,0.62897,null,null,200.62897,null,null,null,null,700.6289699999999,null,null
Wed Oct 28 10:00:00 UTC 2026,1.2352997000000001,0.62897,null,null,200.62897,null,null,null,null,700.6289699999999,null,null
Wed Oct 28 11:00:00 UTC 2026,1.2352997000000001,0.62897,null,null,200.62897,null,null,null,null,700.62897,null,null
Wed Oct 28 12:00:00 UTC 2026,1.2352997000000001,0.62897,null,null,200.62897,null,null,null,null,700.62897,null,null
Wed Oct 28 13:00:00 UTC 2026,1.2352997000000001,0.62897,null,null,200.62897,null,null,null,null,700.62897,null,null
Wed Oct 28 14:00:00 UTC 2026,1.2352997000000001,0.62897,null,null,200.62897,null,null,null,null,700.62897,null,null
Wed Oct 28 15:00:00 UTC 2026,1.2352997000000001,0.62897,null,null,200.62896999999998,null,null,null,null,700.62897,null,null
Wed Oct 28 16:00:00 UTC 2026,1.2352997000000001,0.62897,null,null,200.62896999999998,null,null,null,null,700.62897,null,null
Wed Oct 28 17:00:00 UTC 2026,1.2352997000000001,0.62897,null,null,200.62897,null,null,null,null,700.62897,null,null
Wed Oct 28 18:00:00 UTC 2026,1.2352997000000001,0.62897,null,null,200.62897,null,null,null,null,700.62897,null,null
Wed Oct 28 19:00:00 UTC 2026,1.2352997000000001,0.62897,null,null,200.62897,null,null,null,null,700.62897,null,null
Wed Oct 28 20:00:00 UTC 2026,1.2352997000000001,0.62897,null,null,200.62897,null,null,null,null,700.62897,null,null
Wed Oct 28 21:00:00 UTC 2026,1.2352997000000001,0.62897,null,null,200.62897,null,null,null,null,700.62897,null,null
Wed Oct 28 22:00:00 UTC 2026,1.2352997000000001,0.62897,null,null,200.62896999999998,null,null,null,null,700.62897,null,null
Wed Oct 28 23:00:00 UTC 2026,1.2352997000000001,0.62897,null,null,200.62896999999998,null,null,null,null,700.62897,null,null
Thu Oct 29 00:00:00 UTC 2026,1.2352997000000001,0.62897,null,null,200.62896999999998,null,null,null,null,700.62897,null,null
Thu Oct 29 01:00:00 UTC 2026,1.2352997000000001,0.62897,null,null,200.62897000000004,null,null,null,null,700.62897,null,null
Thu Oct 29 02:00:00 UTC 2026,1.2352997000000001,0.62897,null,null,200.62897000000004,null,null,null,null,700.62897,null,null
Thu Oct 29 03:00:00 UTC 2026,1.2352997000000001,0.62897,null,null,200.62897000000004,null,null,null,null,700.6289700000001,null,null
Thu Oct 29 04:00:00 UTC 2026,1.2352997000000001,0.62897,null,null,200.62897,null,null,null,null,700.62897,null,null
Thu Oct 29 05:00:00 UTC 2026,1.2352997000000001,0.62897,null,null,200.62897,null,null,null,null,700.62897,null,null
Thu Oct 29 06:00:00 UTC 2026,1.2352997000000001,0.62897,null,null,200.62897,null,null,null,null,700.62897,null,null
Thu Oct 29 07:00:00 UTC 2026,1.2352997000000001,0.62897,null,null,200.62897,null,null,null,null,700.62897,null,null
Thu Oct 29 08:00:00 UTC 2026,1.2352997000000001,0.62897,null,null,200.62897,null,null,null,null,700.62897,null,null
Thu Oct 29 09:00:00 UTC 2026,1.2352997000000001,0.62897,null,null,200.62897000000004,null,null,null,null,700.62897,null,null
Thu Oct 29 10:00:00 UTC 2026,1.2352997000000001,0.62897,null,null,200.62897000000004,null,null,null,null,700.62897,null,null
Thu Oct 29 11:00:00 UTC 2026,1.2352997000000001,0.62897,null,null,200.62897,null,null,null,null,700.6289699999999,null,null
Thu Oct 29 12:00:00 UTC 2026,1.2352997000000001,0.62897,null,null,200.62897,null,null,null,null,700.62897,null,null
Thu Oct 29 13:00:00 UTC 2026,1.2352997000000001,0.62897,null,null,200.62897,null,null,null,null,700.62897,null,null
Thu Oct 29 14:00:00 UTC 2026,1.2352997000000001,0.62897,null,null,200.62897,null,null,null,null,700.62897,null,null
Thu Oct 29 15:00:00 UTC 2026,1.2352997000000001,0.62897,null,null,200.62897,null,null,null,null,700.62897,null,null
Thu Oct 29 16:00:00 UTC 2026,1.2352997000000001,0.62897,null,null,200.62897,null,null,null,null,700.62897,null,null
Thu Oct 29 17:00:00 UTC 2026,1.2352997000000001,0.62897,null,null,200.62897,null,null,null,null,700.62897,null,null
Thu Oct 29 18:00:00 UTC 2026,1.2352997000000001,0.62897,null,null,200.62897,null,null,null,null,700.62897,null,null
Thu Oct 29 19:00:00 UTC 2026,1.2352997000000001,0.62897,null,null,200.62897,null,null,null,null,700.62897,null,null
Thu Oct 29 20:00:00 UTC 2026,1.2352997000000001,0.62897,null,null,200.62897,null,null,null,null,700.62897,null,null
Thu Oct 29 21:00:00 UTC 2026,1.2352997000000001,0.62897,null,null,200.62897,null,null,null,null,700.62897,null,null
Thu Oct 29 22:00:00 UTC 2026,1.2352997000000001,0.62897,null,null,200.62897,null,null,null,null,700.62897,null,null
Thu Oct 29 23:00:00 UTC 2026,1.2352997000000001,0.62897,null,null,200.62897,null,null,null,null,700.6289700000001,null,null
Fri Oct 30 00:00:00 UTC 2026,1.2352997000000001,0.62897,null,null,200.62897,null,null,null,null,700.62897,null,null
Fri Oct 30 01:00:00 UTC 2026,1.2352997000000001,0.62897,null,null,200.62897,null,null,null,null,700.62897,null,null
Fri Oct 30 02:00:00 UTC 2026,1.2352997000000001,0.62897,null,null,200.62897,null,null,null,null,700.62897,null,null
Fri Oct 30 03:00:00 UTC 2026,1.2352997000000001,0.62897,null,null,200.62897,null,null,null,null,700.62897,null,null
Fri Oct 30 04:00:00 UTC 2026,1.2352997000000001,0.62897,null,null,200.62897,null,null,null,null,700.62897,null,null
Fri Oct 30 05:00:00 UTC 2026,1.2352997000000001,0.62897,null,null,200.62897,null,null,null,null,700.62897,null,null
Fri Oct 30 06:00:00 UTC 2026,1.2352997000000001,0.62897,null,null,200.62897,null,null,null,null,700.62897,null,null
Fri Oct 30 07:00:00 UTC 2026,1.2352997000000001,0.62897,null,null,200.62896999999998,null,null,null,null,700.6289699999999,null,null
Fri Oct 30 08:00:00 UTC 2026,1.2352997000000001,0.62897,null,null,200.62897,null,null,null,null,700.6289699999999,null,null
Fri Oct 30 09:00:00 UTC 2026,1.2352997000000001,0.62897,null,null,200.62897,null,null,null,null,700.62897,null,null
Fri Oct 30 10:00:00 UTC 2026,1.2352997000000001,0.62897,null,null,200.62897,null,null,null,null,700.62897,null,null
Fri Oct 30 11:00:00 UTC 2026,1.2352997000000001,0.62897,null,null,200.62897,null,null,null,null,700.62897,null,null
Fri Oct 30 12:00:00 UTC 2026,1.2352997000000001,0.62897,null,null,200.62897,null,null,null,null,700.62897,null,null
Fri Oct 30 13:00:00 UTC 2026,1.2352997000000001,0.62897,null,null,200.62897,null,null,null,null,700.62897,null,null
Fri Oct 30 14:00:00 UTC 2026,1.2352997000000001,0.62897,null,null,200.62896999999998,null,null,null,null,700.62897,null,null
Fri Oct 30 15:00:00 UTC 2026,1.2352997000000001,0.62897,null,null,200.62896999999998,null,null,null,null,700.62897,null,null
Fri Oct 30 16:00:00 UTC 2026,1.2352997000000001,0.62897,null,null,200.62896999999998,null,null,null,null,700.62897,null,null
Fri Oct 30 17:00:00 UTC 2026,1.2352997000000001,0.62897,null,null,200.62897000000004,null,null,null,null,700.62897,null,null
Fri Oct 30 18:00:00 UTC 2026,1.2352997000000001,0.62897,null,null,200.62897000000004,null,null,null,null,700.62897,null,null
Fri Oct 30 19:00:00 UTC 2026,1.2352997000000001,0.62897,null,null,200.62897000000004,null,null,null,null,700.62897,null,null
Fri Oct 30 20:00:00 UTC 2026,1.2352997000000001,0.62897,null,null,200.62897,null,null,null,null,700.62897,null,null
Fri Oct 30 21:00:00 UTC 2026,1.2352997000000001,0.62897,null,null,200.62897,null,null,null,null,700.62897,null,null
Fri Oct 30 22:00:00 UTC 2026,1.2352997000000001,0.62897,null,null,200.62897,null,null,null,null,700.62897,null,null
Fri Oct 30 23:00:00 UTC 2026,1.2352997000000001,0.62897,null,null,200.62897,null,null,null,null,700.62897,null,null
Sat Oct 31 00:00:00 UTC 2026,1.2352997000000001,0.62897,null,null,200.62897,null,null,null,null,700.62897,null,null
Sat Oct 31 01:00:00 UTC 2026,1.2352997000000001,0.62897,null,null,200.62897000000004,null,null,null,null,700.6289700000001,null,null
Sat Oct 31 02:00:00 UTC 2026,1.2352997000000001,0.62897,null,null,200.62897000000004,null,null,null,null,700.62897,null,null
Sat Oct 31 03:00:00 UTC 2026,1.2352997000000001,0.62897,null,null,200.62897,null,null,null,null,700.6289699999999,null,null
Sat Oct 31 04:00:00 UTC 2026,1.2352997000000001,0.62897,null,null,200.62897,null,null,null,null,700.6289699999999,null,null
Sat Oct 31 05:00:00 UTC 2026,1.2352997000000001,0.62897,null,null,200.62897,null,null,null,null,700.62897,null,null
Sat Oct 31 06:00:00 UTC 2026,1.2352997000000001,0.62897,null,null,200.62897,null,null,null,null,700.62897,null,null
Sat Oct 31 07:00:00 UTC 2026,1.2352997000000001,0.62897,null,null,200.62897,null,null,null,null,700.62897,null,null
Sat Oct 31 08:00:00 UTC 2026,1.2352997000000001,0.62897,null,null,200.62897,null,null,null,null,700.62897,null,null
Sat Oct 31 09:00:00 UTC 2026,1.2352997000000001,0.62897,null,null,200.62897,null,null,null,null,700.62897,null,null
Sat Oct 31 10:00:00 UTC 2026,1.2352997000000001,0.62897,null,null,200.62897,null,null,null,null,700.62897,null,null
Sat Oct 31 11:00:00 UTC 2026,1.2352997000000001,0.62897,null,null,200.62897,null,null,null,null,700.62897,null,null
Sat Oct 31 12:00:00 UTC 2026,1.2352997000000001,0.62897,null,null,200.62897,null,null,null,null,700.62897,null,null
Sat Oct 31 13:00:00 UTC 2026,1.2352997000000001,0.62897,null,null,200.62897,null,null,null,null,700.62897,null,null
Sat Oct 31 14:00:00 UTC 2026,1.2352997000000001,0.62897,null,null,200.62897,null,null,null,null,700.62897,null,null
Sat Oct 31 15:00:00 UTC 2026,1.2352997000000001,0.62897,null,null,200.62897,null,null,null,null,700.62897,null,null
Sat Oct 31 16:00:00 UTC 2026,1.2352997000000001,0.62897,null,null,200.62897,null,null,null,null,700.62897,null,null
Sat Oct 31 17:00:00 UTC 2026,1.2352997000000001,0.62897,null,null,200.62897,null,null,null,null,700.62897,null,null
Sat Oct 31 18:00:00 UTC 2026,1.2352997000000001,0.62897,null,null,200.62897,null,null,null,null,700.62897,null,null
Sat Oct 31 19:00:00 UTC 2026,1.2352997000000001,0.62897,null,null,200.62897,null,null,null,null,700.62897,null,null
Sat Oct 31 20:00:00 UTC 2026,1.2352997000000001,0.62897,null,null,200.62897,null,null,null,null,700.62897,null,null
Sat Oct 31 21:00:00 UTC 2026,1.2352997000000001,0.62897,null,null,200.62897,null,null,null,null,700.6289700000001,null,null
Sat Oct 31 22:00:00 UTC 2026,1.2352997000000001,0.62897,null,null,200.62897,null,null,null,null,700.6289700000001,null,null
Sat Oct 31 23:00:00 UTC 2026,1.2352997000000001,0.62897,null,null,200.62896999999998,null,null,null,null,700.62897,null,null
Sun Nov 01 00:00:00 UTC 2026,1.2352997000000001,0.62897,null,null,200.62897,null,null,null,null,700.6289699999999,null,null
Sun Nov 01 01:00:00 UTC 2026,1.2352997000000001,0.62897,null,null,200.62897,null,null,null,null,700.6289699999999,null,null
Sun Nov 01 02:00:00 UTC 2026,1.2352997000000001,0.62897,null,null,200.62897,null,null,null,null,700.62897,null,null
Sun Nov 01 03:00:00 UTC 2026,1.2352997000000001,0.62897,null,null,200.62897,null,null,null,null,700.62897,null,null
Sun Nov 01 04:00:00 UTC 2026,1.2352997000000001,0.62897,null,null,200.62897,null,null,null,null,700.62897,null,null
Sun Nov 01 05:00:00 UTC 2026,1.2352997000000001,0.62897,null,null,200.62897,null,null,null,null,700.62897,null,null
Sun Nov 01 06:00:00 UTC 2026,1.2352997000000001,0.62897,null,null,200.62896999999998,null,null,null,null,700.62897,null,null
Sun Nov 01 07:00:00 UTC 2026,1.2352997000000001,0.62897,null,null,200.62896999999998,null,null,null,null,700.62897,null,null
Sun Nov 01 08:00:00 UTC 2026,1.2352997000000001,0.62897,null,null,200.62897,null,null,null,null,700.62897,null,null
Sun Nov 01 09:00:00 UTC 2026,1.2352997000000001,0.62897,null,null,200.62897,null,null,null,null,700.62897,null,null
Sun Nov 01 10:00:00 UTC 2026,1.2352997000000001,0.62897,null,null,200.62897,null,null,null,null,700.62897,null,null
Sun Nov 01 11:00:00 UTC 2026,1.2352997000000001,0.62897,null,null,200.62897000000004,null,null,null,null,700.62897,null,null
Sun Nov 01 12:00:00 UTC 2026,1.2352997000000001,0.62897,null,null,200.62897000000004,null,null,null,null,700.62897,null,null
Sun Nov 01 13:00:00 UTC 2026,1.2352997000000001,0.62897,null,null,200.62896999999998,null,null,null,null,700.62897,null,null
Sun Nov 01 14:00:00 UTC 2026,1.2352997000000001,0.62897,null,null,200.62897,null,null,null,null,700.62897,null,null
Sun Nov 01 15:00:00 UTC 2026,1.2352997000000001,0.62897,null,null,200.62897,null,null,null,null,700.62897,null,null
Sun Nov 01 16:00:00 UTC 2026,1.2352997000000001,0.62897,null,null,200.62897,null,null,null,null,700.62897,null,null
Sun Nov 01 17:00:00 UTC 2026,1.2352997000000001,0.62897,null,null,200.62897000000004,null,null,null,null,700.62897,null,null
Sun Nov 01 18:00:00 UTC 2026,1.2352997000000001,0.62897,null,null,200.62897000000004,null,null,null,null,700.6289700000001,null,null
Sun Nov 01 19:00:00 UTC 2026,1.2352997000000001,0.62897,null,null,200.62897,null,null,null,null,700.62897,null,null
Sun Nov 01 20:00:00 UTC 2026,1.2352997000000001,0.62897,null,null,200.62897,null,null,null,null,700.62897,null,null
Sun Nov 01 21:00:00 UTC 2026,1.2352997000000001,0.62897,null,null,200.62897,null,null,null,null,700.62897,null,null
Sun Nov 01 22:00:00 UTC 2026,1.2352997000000001,0.62897,null,null,200.62897,null,null,null,null,700.62897,null,null
Sun Nov 01 23:00:00 UTC 2026,1.2352997000000001,0.62897,null,null,200.62897,null,null,null,null,700.62897,null,null
Mon Nov 02 00:00:00 UTC 2026,1.2352997000000001,0.62897,null,null,200.62897,null,null,null,null,700.62897,null,null
Mon Nov 02 01:00:00 UTC 2026,1.2352997000000001,0.62897,null,null,200.62897000000004,null,null,null,null,700.62897,null,null
Mon Nov 02 02:00:00 UTC 2026,1.2352997000000001,0.62897,null,null,200.62897,null,null,null,null,700.6289699999999,null,null
Mon Nov 02 03:00:00 UTC 2026,1.2352997000000001,0.62897,null,null,200.62897,null,null,null,null,700.62897,null,null
Mon Nov 02 04:00:00 UTC 2026,1.2352997000000001,0.62897,null,null,200.62897,null,null,null,null,700.62897,null,null
Mon Nov 02 05:00:00 UTC 2026,1.2352997000000001,0.62897,null,null,200.62897,null,null,null,null,700.62897,null,null
Mon Nov 02 06:00:00 UTC 2026,1.2352997000000001,0.62897,null,null,200.62897,null,null,null,null,700.62897,null,null
Mon Nov 02 07:00:00 UTC 2026,1.2352997000000001,0.62897,null,null,200.62897,null,null,null,null,700.62897,null,null
Mon Nov 02 08:00:00 UTC 2026,1.2352997000000001,0.62897,null,null,200.62897,null,null,null,null,700.62897,null,null
Mon Nov 02 09:00:00 UTC 2026,1.2352997000000001,0.62897,null,null,200.62897,null,null,null,null,700.62897,null,null
Mon Nov 02 10:00:00 UTC 2026,1.2352997000000001,0.62897,null,null,200.62897,null,null,null,null,700.62897,null,null
Mon Nov 02 11:00:00 UTC 2026,1.2352997000000001,0.62897,null,null,200.62897,null,null,null,null,700.62897,null,null
Mon Nov 02 12:00:00 UTC 2026,1.2352997000000001,0.62897,null,null,200.62897,null,null,null,null,700.62897,null,null
Mon Nov 02 13:00:00 UTC 2026,1.2352997000000001,0.62897,null,null,200.62897,null,null,null,null,700.62897,null,null
Mon Nov 02 14:00:00 UTC 2026,1.2352997000000001,0.62897,null,null,200.62897,null,null,null,null,700.6289700000001,null,null
Mon Nov 02 15:00:00 UTC 2026,1.2352997000000001,0.62897,null,null,200.62896999999998,null,null,null,null,700.62897,null,null
Mon Nov 02 16:00:00 UTC 2026,1.2352997000000001,0.62897,null,null,200.62897,null,null,null,null,700.62897,null,null
Mon Nov 02 17:00:00 UTC 2026,1.2352997000000001,0.62897,null,null,200.62897,null,null,null,null,700.62897,null,null
Mon Nov 02 18:00:00 UTC 2026,1.2352997000000001,0.62897,null,null,200.62897,null,null,null,null,700.62897,null,null
Mon Nov 02 19:00:00 UTC 2026,1.2352997000000001,0.62897,null,null,200.62897,null,null,null,null,700.62897,null,null
Mon Nov 02 20:00:00 UTC 2026,1.2352997000000001,0.62897,null,null,200.62897,null,null,null,null,700.62897,null,null
Mon Nov 02 21:00:00 UTC 2026,1.2352997000000001,0.62897,null,null,200.62897,null,null,null,null,700.62897,null,null
Mon Nov 02 22:00:00 UTC 2026,1.2352997000000001,0.62897,null,null,200.62896999999998,null,null,null,null,700.6289699999999,null,null
Mon Nov 02 23:00:00 UTC 2026,1.2352997000000001,0.62897,null,null,200.62896999999998,null,null,null,null,700.62897,null,null
Tue Nov 03 00:00:00 UTC 2026,1.2352997000000001,0.62897,null,null,200.62897,null,null,null,null,700.62897,null,null
Tue Nov 03 01:00:00 UTC 2026,1.2352997000000001,0.62897,null,null,200.62897,null,null,null,null,700.62897,null,null
Tue Nov 03 02:00:00 UTC 2026,1.2352997000000001,0.62897,null,null,200.62897,null,null,null,null,700.62897,null,null
Tue Nov 03 03:00:00 UTC 2026,1.2352997000000001,0.62897,null,null,200.62897,null,null,null,null,700.62897,null,null
Tue Nov 03 04:00:00 UTC 2026,1.2352997000000001,0.62897,null,null,200.62897000000004,null,null,null,null,700.62897,null,null
Tue Nov 03 05:00:00 UTC 2026,1.2352997000000001,0.62897,null,null,200.62896999999998,null,null,null,null,700.62897,null,null
Tue Nov 03 06:00:00 UTC 2026,1.2352997000000001,0.62897,null,null,200.62896999999998,null,null,null,null,700.62897,null,null
Tue Nov 03 07:00:00 UTC 2026,1.2352997000000001,0.62897,null,null,200.62897,null,null,null,null,700.62897,null,null
Tue Nov 03 08:00:00 UTC 2026,1.2352997000000001,0.62897,null,null,200.62897,null,null,null,null,700.62897,null,null
Tue Nov 03 09:00:00 UTC 2026,1.2352997000000001,0.62897,null,null,200.62897000000004,null,null,null,null,700.62897,null,null
Tue Nov 03 10:00:00 UTC 2026,1.2352997000000001,0.62897,null,null,200.62897000000004,null,null,null,null,700.62897,null,null
Tue Nov 03 11:00:00 UTC 2026,1.2352997000000001,0.62897,null,null,200.62897,null,null,null,null,700.62897,null,null
Tue Nov 03 12:00:00 UTC 2026,1.2352997000000001,0.62897,null,null,200.62897,null,null,null,null,700.62897,null,null
Tue Nov 03 13:00:00 UTC 2026,1.2352997000000001,0.62897,null,null,200.62897,null,null,null,null,700.62897,null,null
Tue Nov 03 14:00:00 UTC 2026,1.2352997000000001,0.62897,null,null,200.62897,null,null,null,null,700.62897,null,null
Tue Nov 03 15:00:00 UTC 2026,1.2352997000000001,0.62897,null,null,200.62897,null,null,null,null,700.6289700000001,null,null
Tue Nov 03 16:00:00 UTC 2026,1.2352997000000001,0.62897,null,null,200.62897,null,null,null,null,700.6289700000001,null,null
Tue Nov 03 17:00:00 UTC 2026,1.2352997000000001,0.62897,null,null,200.62897000000004,null,null,null,null,700.62897,null,null
Tue Nov 03 18:00:00 UTC 2026,1.2352997000000001,0.62897,null,null,200.62897,null,null,null,null,700.6289699999999,null,null
Tue Nov 03 19:00:00 UTC 2026,1.2352997000000001,0.62897,null,null,200.62897,null,null,null,null,700.6289699999999,null,null
Tue Nov 03 20:00:00 UTC 2026,1.2352997000000001,0.62897,null,null,200.62897,null,null,null,null,700.62897,null,null
Tue Nov 03 21:00:00 UTC 2026,1.2352997000000001,0.62897,null,null,200.62897,null,null,null,null,700.62897,null,null
Tue Nov 03 22:00:00 UTC 2026,1.2352997000000001,0.62897,null,null,200.62897,null,null,null,null,700.62897,null,null
Tue Nov 03 23:00:00 UTC 2026,1.2352997000000001,0.62897,null,null,200.62897,null,null,null,null,700.62897,null,null
Wed Nov 04 00:00:00 UTC 2026,1.2352997000000001,0.62897,null,null,200.62897,null,null,null,null,700.62897,null,null
Wed Nov 04 01:00:00 UTC 2026,1.2352997000000001,0.62897,null,null,200.62897,null,null,null,null,700.62897,null,null
Wed Nov 04 02:00:00 UTC 2026,1.2352997000000001,0.62897,null,null,200.62897,null,null,null,null,700.62897,null,null
Wed Nov 04 03:00:00 UTC 2026,1.2352997000000001,0.62897,null,null,200.62897,null,null,null,null,700.62897,null,null
Wed Nov 04 04:00:00 UTC 2026,1.2352997000000001,0.62897,null,null,200.62897,null,null,null,null,700.62897,null,null
Wed Nov 04 05:00:00 UTC 2026,1.2352997000000001,0.62897,null,null,200.62897,null,null,null,null,700.62897,null,null
Wed Nov 04 06:00:00 UTC 2026,1.2352997000000001,0.62897,null,null,200.62897,null,null,null,null,700.62897,null,null
Wed Nov 04 07:00:00 UTC 2026,1.2352997000000001,0.62897,null,null,200.62897,null,null,null,null,700.62897,null,null
Wed Nov 04 08:00:00 UTC 2026,1.2352997000000001,0.62897,null,null,200.62897,null,null,null,null,700.62897,null,null
Wed Nov 04 09:00:00 UTC 2026,1.2352997000000001,0.62897,null,null,200.62897,null,null,null,null,700.62897,null,null
Wed Nov 04 10:00:00 UTC 2026,1.2352997000000001,0.62897,null,null,200.62897,null,null,null,null,700.62897,null,null
Wed Nov 04 11:00:00 UTC 2026,1.2352997000000001,0.62897,null,null,200.62897,null,null,null,null,700.62897,null,null
Wed Nov 04 12:00:00 UTC 2026,1.2352997000000001,0.62897,null,null,200.62897,null,null,null,null,700.6289700000001,null,null
Wed Nov 04 13:00:00 UTC 2026,1.2352997000000001,0.62897,null,null,200.62897,null,null,null,null,700.6289700000001,null,null
Wed Nov 04 14:00:00 UTC 2026,1.2352997000000001,0.62897,null,null,200.62896999999998,null,null,null,null,700.62897,null,null
Wed Nov 04 15:00:00 UTC 2026,1.2352997000000001,0.62897,null,null,200.62896999999998,null,null,null,null,700.6289699999999,null,null
Wed Nov 04 16:00:00 UTC 2026,1.2352997000000001,0.62897,null,null,200.62897,null,null,null,null,700.6289699999999,null,null
Wed Nov 04 17:00:00 UTC 2026,1.2352997000000001,0.62897,null,null,200.62897,null,null,null,null,700.62897,null,null
Wed Nov 04 18:00:00 UTC 2026,1.2352997000000001,0.62897,null,null,200.62897,null,null,null,null,700.62897,null,null
Wed Nov 04 19:00:00 UTC 2026,1.2352997000000001,0.62897,null,null,200.62897,null,null,null,null,700.62897,null,null
Wed Nov 04 20:00:00 UTC 2026,1.2352997000000001,0.62897,null,null,200.62897,null,null,null,null,700.62897,null,null
Wed Nov 04 21:00:00 UTC 2026,1.2352997000000001,0.62897,null,null,200.62896999999998,null,null,null,null,700.62897,null,null
Wed Nov 04 22:00:00 UTC 2026,1.2352997000000001,0.62897,null,null,200.62896999999998,null,null,null,null,700.62897,null,null
Wed Nov 04 23:00:00 UTC 2026,1.2352997000000001,0.62897,null,null,200.62896999999998,null,null,null,null,700.62897,null,null
Thu Nov 05 00:00:00 UTC 2026,1.2352997000000001,0.62897,null,null,200.62897000000004,null,null,null,null,700.62897,null,null
Thu Nov 05 01:00:00 UTC 2026,1.2352997000000001,0.62897,null,null,200.62897000000004,null,null,null,null,700.62897,null,null
Thu Nov 05 02:00:00 UTC 2026,1.2352997000000001,0.62897,null,null,200.62897000000004,null,null,null,null,700.62897,null,null
Thu Nov 05 03:00:00 UTC 2026,1.2352997000000001,0.62897,null,null,200.62897000000004,null,null,null,null,700.62897,null,null
Thu Nov 05 04:00:00 UTC 2026,1.2352997000000001,0.62897,null,null,200.62897,null,null,null,null,700.62897,null,null
Thu Nov 05 05:00:00 UTC 2026,1.2352997000000001,0.62897,null,null,200.62897,null,null,null,null,700.62897,null,null
Thu Nov 05 06:00:00 UTC 2026,1.2352997000000001,0.62897,null,null,200.62897,null,null,null,null,700.62897,null,null
Thu Nov 05 07:00:00 UTC 2026,1.2352997000000001,0.62897,null,null,200.62897,null,null,null,null,700.62897,null,null
Thu Nov 05 08:00:00 UTC 2026,1.2352997000000001,0.62897,null,null,200.62897,null,null,null,null,700.62897,null,null
Thu Nov 05 09:00:00 UTC 2026,1.2352997000000001,0.62897,null,null,200.62897000000004,null,null,null,null,700.6289700000001,null,null
Thu Nov 05 10:00:00 UTC 2026,1.2352997000000001,0.62897,null,null,200.62897,null,null,null,null,700.62897,null,null
Thu Nov 05 11:00:00 UTC 2026,1.2352997000000001,0.62897,null,null,200.62897,null,null,null,null,700.62897,null,null
Thu Nov 05 12:00:00 UTC 2026,1.2352997000000001,0.62897,null,null,200.62897,null,null,null,null,700.6289699999999,null,null
Thu Nov 05 13:00:00 UTC 2026,1.2352997000000001,0.62897,null,null,200.62897,null,null,null,null,700.62897,null,null
Thu Nov 05 14:00:00 UTC 2026,1.2352997000000001,0.62897,null,null,200.62897,null,null,null,null,700.62897,null,null
Thu Nov 05 15:00:00 UTC 2026,1.2352997000000001,0.62897,null,null,200.62897,null,null,null,null,700.62897,null,null
Thu Nov 05 16:00:00 UTC 2026,1.2352997000000001,0.62897,null,null,200.62897,null,null,null,null,700.62897,null,null
Thu Nov 05 17:00:00 UTC 2026,1.2352997000000001,0.62897,null,null,200.62897,null,null,null,null,700.6289699999999,null,null
Thu Nov 05 18:00:00 UTC 2026,1.2352997000000001,0.62897,null,null,200.62897,null,null,null,null,700.62897,null,null
Thu Nov 05 19:00:00 UTC 2026,1.2352997000000001,0.62897,null,null,200.62897,null,null,null,null,700.62897,null,null
Thu Nov 05 20:00:00 UTC 2026,1.2352997000000001,0.62897,null,null,200.62897,null,null,null,null,700.62897,null,null
Thu Nov 05 21:00:00 UTC 2026,1.2352997000000001,0.62897,null,null,200.62897,null,null,null,null,700.62897,null,null
Thu Nov 05 22:00:00 UTC 2026,1.2352997000000001,0.62897,null,null,200.62897,null,null,null,null,700.62897,null,null
Thu Nov 05 23:00:00 UTC 2026,1.2352997000000001,0.62897,null,null,200.62897,null,null,null,null,700.62897,null,null
Fri Nov 06 00:00:00 UTC 2026,1.2352997000000001,0.62897,null,null,200.62897,null,null,null,null,700.62897,null,null
Fri Nov 06 01:00:00 UTC 2026,1.2352997000000001,0.62897,null,null,200.62897,null,null,null,null,700.62897,null,null
Fri Nov 06 02:00:00 UTC 2026,1.2352997000000001,0.62897,null,null,200.62897,null,null,null,null,700.62897,null,null
Fri Nov 06 03:00:00 UTC 2026,1.2352997000000001,0.62897,null,null,200.62897,null,null,null,null,700.62897,null,null
Fri Nov 06 04:00:00 UTC 2026,1.2352997000000001,0.62897,null,null,200.62897,null,null,null,null,700.62897,null,null
Fri Nov 06 05:00:00 UTC 2026,1.2352997000000001,0.62897,null,null,200.62897,null,null,null,null,700.6289700000001,null,null
Fri Nov 06 06:00:00 UTC 2026,1.2352997000000001,0.62897,null,null,200.62896999999998,null,null,null,null,700.62897,null,null
Fri Nov 06 07:00:00 UTC 2026,1.2352997000000001,0.62897,null,null,200.62896999999998,null,null,null,null,700.62897,null,null
Fri Nov 06 08:00:00 UTC 2026,1.2352997000000001,0.62897,null,null,200.62897,null,null,null,null,700.62897,null,null
Fri Nov 06 09:00:00 UTC 2026,1.2352997000000001,0.62897,null,null,200.62897,null,null,null,null,700.62897,null,null
Fri Nov 06 10:00:00 UTC 2026,1.2352997000000001,0.62897,null,null,200.62897,null,null,null,null,700.62897,null,null
Fri Nov 06 11:00:00 UTC 2026,1.2352997000000001,0.62897,null,null,200.62897,null,null,null,null,700.62897,null,null
Fri Nov 06 12:00:00 UTC 2026,1.2352997000000001,0.62897,null,null,200.62897,null,null,null,null,700.62897,null,null
Fri Nov 06 13:00:00 UTC 2026,1.2352997000000001,0.62897,null,null,200.62896999999998,null,null,null,null,700.6289699999999,null,null
Fri Nov 06 14:00:00 UTC 2026,1.2352997000000001,0.62897,null,null,200.62896999999998,null,null,null,null,700.62897,null,null
Fri Nov 06 15:00:00 UTC 2026,1.2352997000000001,0.62897,null,null,200.62896999999998,null,null,null,null,700.62897,null,null
