date,P_Kweek_5_Kday_-44_ETE_58_ORD_55_EXT_68_E2Ekor_67_EXTkor_57_DIFF_16171,a,b,c,d,e,f,g,h,i,j
Tue Jul 21 06:00:00 UTC 2026,336912.51951497886,7.749399999156594,107.7493999991566,null,307.7493999991566,null,607.7493999991566,null,807.7493999991566,null
Tue Jul 21 07:00:00 UTC 2026,153839.99077975797,2150103.749399999,1131513.0827333324,null,1131713.0827333324,null,null,null,null,null
Tue Jul 21 08:00:00 UTC 2026,629828.5654923082,1555392.7493999992,2262918.4160666657,null,2263118.4160666657,null,null,null,null,null
Tue Jul 21 09:00:00 UTC 2026,593214.0597449387,3394223.749399999,3394323.749399999,null,3394523.749399999,null,null,null,null,null
Tue Jul 21 10:00:00 UTC 2026,263683.50802024035,1781864.7493999992,null,null,null,null,null,null,null,null
Tue Jul 21 11:00:00 UTC 2026,-834751.6643927116,1516568.7493999992,null,null,null,null,null,null,null,null
Tue Jul 21 12:00:00 UTC 2026,62303.726410521194,1530245.7493999992,null,null,null,null,null,null,null,null
Tue Jul 21 13:00:00 UTC 2026,-84154.29657732975,2004808.7493999992,null,null,null,null,null,null,null,null
Tue Jul 21 14:00:00 UTC 2026,465063.28962995904,2029869.7493999992,null,null,null,null,2030469.7493999992,null,null,null
Tue Jul 21 15:00:00 UTC 2026,519985.0482502002,1434143.7493999992,null,null,null,null,1719138.2493999992,null,null,null
Tue Jul 21 16:00:00 UTC 2026,1288889.6689400794,1407206.7493999992,null,null,null,null,1407806.7493999992,null,null,null
Tue Jul 21 17:00:00 UTC 2026,2405632.09422753,1588515.7493999992,null,null,null,null,null,null,null,null
Tue Jul 21 18:00:00 UTC 2026,2112716.0482502,1813800.7493999992,null,null,null,null,null,null,null,null
Tue Jul 21 19:00:00 UTC 2026,2039487.0367554612,2367544.749399999,null,null,null,null,null,null,null,null
Tue Jul 21 20:00:00 UTC 2026,2277481.3241125494,1073339.7493999992,null,null,null,null,null,null,null,null
Tue Jul 21 21:00:00 UTC 2026,1783185.4965255018,1522066.7493999992,null,null,null,null,null,null,null,null
Tue Jul 21 22:00:00 UTC 2026,62303.726410521194,1085115.7493999992,null,null,null,null,null,null,null,null
Tue Jul 21 23:00:00 UTC 2026,80610.97928501898,1022311.7493999992,null,null,null,null,null,null,null,null
Wed Jul 22 00:00:00 UTC 2026,1563498.462042911,761960.7493999992,null,null,null,null,null,null,null,null
Wed Jul 22 01:00:00 UTC 2026,1764878.2436526297,947690.7493999992,null,null,null,null,null,null,null,null
Wed Jul 22 02:00:00 UTC 2026,1984565.2781352196,922428.7493999992,null,null,null,null,null,null,null,null
Wed Jul 22 03:00:00 UTC 2026,1819800.0022728704,455360.74939999916,null,null,null,null,null,null,null,null
Wed Jul 22 04:00:00 UTC 2026,1947950.77238785,-181975.25060000084,null,null,null,null,null,null,null,null
Wed Jul 22 05:00:00 UTC 2026,2295788.5769854207,-276920.25060000084,null,null,null,null,null,null,null,null
Wed Jul 22 06:00:00 UTC 2026,2552090.117215381,-81728.25060000084,null,null,null,null,null,null,null,null
Wed Jul 22 07:00:00 UTC 2026,2350710.3356072884,12391.749399999157,null,null,null,null,null,null,null,null
Wed Jul 22 08:00:00 UTC 2026,1618420.2206647787,538145.7493999992,null,null,null,null,null,null,null,null
Wed Jul 22 09:00:00 UTC 2026,1600112.9677902805,-673904.2506000008,null,null,null,null,null,null,null,null
Wed Jul 22 10:00:00 UTC 2026,1764878.2436526297,402805.74939999916,null,null,null,null,null,null,null,null
Wed Jul 22 11:00:00 UTC 2026,1069202.634457489,100794.74939999916,null,null,null,null,null,null,null,null
Wed Jul 22 12:00:00 UTC 2026,-486913.8597951415,-1636611.2506000008,null,null,null,null,null,null,null,null
Wed Jul 22 13:00:00 UTC 2026,-2610555.193129559,-1366209.2506000008,null,null,null,null,null,null,null,null
Wed Jul 22 14:00:00 UTC 2026,-2134566.618417009,-1038993.2506000008,null,null,null,null,null,null,null,null
Wed Jul 22 15:00:00 UTC 2026,-2683784.2046242976,-1836732.2506000008,null,null,null,null,null,null,null,null
Wed Jul 22 16:00:00 UTC 2026,-2976700.250600001,-2192128.250600001,-2192028.250600001,null,null,null,null,null,null,null
Wed Jul 22 17:00:00 UTC 2026,-1658578.0437044583,-2104164.250600001,-2104703.3558631586,null,null,null,null,null,null,null
Wed Jul 22 18:00:00 UTC 2026,-779829.9057724709,-1420607.2506000008,-2017378.4611263168,null,null,null,null,null,null,null
Wed Jul 22 19:00:00 UTC 2026,-907980.6758874508,-1765731.2506000008,-1930053.5663894746,null,null,null,null,null,null,null
Wed Jul 22 20:00:00 UTC 2026,-248919.5724396794,-1851890.2506000008,-1842728.6716526323,null,null,null,null,null,null,null
Wed Jul 22 21:00:00 UTC 2026,-523528.365542511,-2401837.250600001,-1755403.77691579,null,null,null,null,null,null,null
Wed Jul 22 22:00:00 UTC 2026,-212305.06669230992,-2008235.2506000008,-1668078.8821789483,null,null,null,null,null,null,null
Wed Jul 22 23:00:00 UTC 2026,-1585349.0322097195,-1249859.2506000008,-1580753.987442106,null,null,null,null,null,null,null
Thu Jul 23 00:00:00 UTC 2026,-816444.4115198399,-2625288.250600001,-1493429.0927052642,null,null,null,null,null,null,null
Thu Jul 23 01:00:00 UTC 2026,-853058.9172672094,-1517034.2506000008,-1406104.197968422,null,null,null,null,null,null,null
Thu Jul 23 02:00:00 UTC 2026,410141.5310097174,-2068028.2506000008,-1318779.3032315797,null,null,null,null,null,null,null
Thu Jul 23 03:00:00 UTC 2026,1691649.2321578907,-2222568.250600001,-1231454.4084947377,null,null,null,-2221968.250600001,null,-2221768.250600001,null
Thu Jul 23 04:00:00 UTC 2026,1453654.9448024286,-1756358.2506000008,-1144129.5137578954,null,null,null,-1875444.7506000008,null,-1875244.7506000008,null
Thu Jul 23 05:00:00 UTC 2026,1398733.1861821879,-1332213.2506000008,-1056804.6190210534,null,null,null,-1528921.2506000008,null,-1528721.2506000008,null
Thu Jul 23 06:00:00 UTC 2026,941051.8643425093,-1242765.2506000008,-969479.7242842114,null,null,null,-1182397.7506000008,null,-1182197.7506000008,null
Thu Jul 23 07:00:00 UTC 2026,483370.54250283074,-836474.2506000008,-882154.8295473693,null,null,null,-835874.2506000008,null,-835674.2506000008,null
Thu Jul 23 08:00:00 UTC 2026,1032588.1287101195,-1366517.2506000008,-794829.9348105271,null,null,null,null,null,null,null
Thu Jul 23 09:00:00 UTC 2026,428448.78388259,-1059003.2506000008,-707505.0400736851,null,null,null,null,null,null,null
Thu Jul 23 10:00:00 UTC 2026,-871366.1701400811,-812918.2506000008,-620180.1453368429,null,null,null,null,null,null,null
Thu Jul 23 11:00:00 UTC 2026,-1292432.9862323906,-532955.2506000008,-532855.2506000008,null,null,null,null,null,null,null
Thu Jul 23 12:00:00 UTC 2026,1050895.3815829912,-1060992.2506000008,null,null,null,null,null,null,null,null
Thu Jul 23 13:00:00 UTC 2026,-248919.5724396794,-1065177.2506000008,null,null,null,null,null,null,null,null
Thu Jul 23 14:00:00 UTC 2026,-47539.79082996072,-946891.2506000008,null,null,null,null,null,null,null,null
Thu Jul 23 15:00:00 UTC 2026,593214.0597449387,-851526.2506000008,null,null,null,null,null,null,null,null
Thu Jul 23 16:00:00 UTC 2026,-395377.5954275308,-1572136.2506000008,null,null,null,null,null,null,null,null
Thu Jul 23 17:00:00 UTC 2026,501677.7953773285,-1492981.2506000008,null,null,null,null,null,null,null,null
Thu Jul 23 18:00:00 UTC 2026,995973.6229627505,-1370558.2506000008,null,null,null,null,null,null,null,null
Thu Jul 23 19:00:00 UTC 2026,941051.8643425093,-1150635.2506000008,null,null,null,null,null,null,null,null
Thu Jul 23 20:00:00 UTC 2026,428448.78388259,-1207969.2506000008,null,null,null,null,null,null,null,null
Thu Jul 23 21:00:00 UTC 2026,1105817.1402048585,-1890638.2506000008,null,null,null,null,-1890038.2506000008,null,-1889838.2506000008,null
Thu Jul 23 22:00:00 UTC 2026,1288889.6689400794,-1588500.2506000008,null,null,null,null,-1508658.2506000008,null,-1508458.2506000008,null
Thu Jul 23 23:00:00 UTC 2026,1655034.7264121482,-1372431.2506000008,null,null,null,null,-1127278.2506000008,null,-1127078.2506000008,null
Fri Jul 24 00:00:00 UTC 2026,1325504.174687449,-746498.2506000008,null,null,null,null,-745898.2506000008,null,-745698.2506000008,null
Fri Jul 24 01:00:00 UTC 2026,1087509.8873303607,-1362542.2506000008,null,null,null,null,null,null,null,null
Fri Jul 24 02:00:00 UTC 2026,556599.5539975697,-1218293.2506000008,null,null,null,null,null,null,null,null
Fri Jul 24 03:00:00 UTC 2026,519985.0482502002,-1157904.2506000008,null,null,null,null,null,null,null,null
Fri Jul 24 04:00:00 UTC 2026,355219.77238785056,-1111999.2506000008,null,null,null,null,null,null,null,null
Fri Jul 24 05:00:00 UTC 2026,43996.47353764996,-1362578.2506000008,null,null,null,null,null,null,null,null
Fri Jul 24 06:00:00 UTC 2026,519985.0482502002,-1169104.2506000008,null,null,null,null,null,null,null,null
Fri Jul 24 07:00:00 UTC 2026,1233967.9103198387,-1271300.2506000008,null,null,null,null,null,null,null,null
Fri Jul 24 08:00:00 UTC 2026,648135.8183651799,-1113127.2506000008,null,null,null,null,null,null,null,null
Fri Jul 24 09:00:00 UTC 2026,1087509.8873303607,-1866644.2506000008,null,null,null,null,-1866044.2506000008,null,-1865844.2506000008,null
Fri Jul 24 10:00:00 UTC 2026,867822.8528477708,-1348450.2506000008,null,null,null,null,-1595362.9172666674,null,-1595162.9172666674,null
Fri Jul 24 11:00:00 UTC 2026,1929643.5195149789,-1287463.2506000008,null,null,null,null,-1324681.583933334,null,-1324481.583933334,null
Fri Jul 24 12:00:00 UTC 2026,2991464.186182188,-1054600.2506000008,null,null,null,null,-1054000.2506000008,null,-1053800.2506000008,null
Fri Jul 24 13:00:00 UTC 2026,1380425.9333076896,-1526801.2506000008,null,null,null,null,null,null,null,null
Fri Jul 24 14:00:00 UTC 2026,2131023.3011246976,-1481330.2506000008,null,null,null,null,null,null,null,null
Fri Jul 24 15:00:00 UTC 2026,1764878.2436526297,-1770960.2506000008,null,null,null,null,null,null,null,null
Fri Jul 24 16:00:00 UTC 2026,2295788.5769854207,-2147919.250600001,null,null,null,null,null,null,null,null
Fri Jul 24 17:00:00 UTC 2026,1984565.2781352196,-1903119.2506000008,null,null,null,null,null,null,null,null
Fri Jul 24 18:00:00 UTC 2026,2076101.5425028307,-1865621.2506000008,null,null,null,null,null,null,null,null
Fri Jul 24 19:00:00 UTC 2026,2826698.9103198387,-1957807.2506000008,null,null,null,null,null,null,null,null
Fri Jul 24 20:00:00 UTC 2026,2350710.3356072884,-2972988.250600001,null,null,null,null,null,null,null,null
Fri Jul 24 21:00:00 UTC 2026,2423939.3471004013,-2976700.250600001,null,null,null,null,null,null,null,null
Fri Jul 24 22:00:00 UTC 2026,3394223.749399999,-2976700.250600001,null,null,null,null,null,null,null,null
Fri Jul 24 23:00:00 UTC 2026,2460553.852847771,-2976700.250600001,null,null,null,null,null,null,null,null
Sat Jul 25 00:00:00 UTC 2026,2826698.9103198387,-2976700.250600001,null,null,null,null,null,null,null,null
Sat Jul 25 01:00:00 UTC 2026,2350710.3356072884,-2976700.250600001,null,null,null,null,null,null,null,null
Sat Jul 25 02:00:00 UTC 2026,2570397.3700898783,-2976700.250600001,null,null,null,null,null,null,null,null
Sat Jul 25 03:00:00 UTC 2026,2771777.151699597,-2976700.250600001,null,null,null,null,null,null,null,null
Sat Jul 25 04:00:00 UTC 2026,3284380.2321578907,-2976700.250600001,null,null,null,null,null,null,null,null
Sat Jul 25 05:00:00 UTC 2026,3284380.2321578907,-2976700.250600001,null,null,null,null,null,null,null,null
Sat Jul 25 06:00:00 UTC 2026,7.84247,-2976700.250600001,null,null,null,null,null,null,null,null,null,null
Sat Jul 25 07:00:00 UTC 2026,7.84247,-2976700.250600001,null,null,null,null,null,null,null,null,null,null
Sat Jul 25 08:00:00 UTC 2026,7.84247,-2976700.250600001,null,null,null,null,null,null,null,null,null,null
Sat Jul 25 09:00:00 UTC 2026,7.84247,-2976700.250600001,null,null,null,null,null,null,null,null,null,null
Sat Jul 25 10:00:00 UTC 2026,7.84247,-2976700.250600001,null,null,null,null,null,null,null,null,null,null
Sat Jul 25 11:00:00 UTC 2026,7.84247,-2976700.250600001,null,null,null,null,null,null,null,null,null,null
Sat Jul 25 12:00:00 UTC 2026,7.84247,-2976700.250600001,null,null,null,null,null,null,null,null,null,null
Sat Jul 25 13:00:00 UTC 2026,7.84247,-2976700.250600001,null,null,null,null,null,null,null,null,null,null
Sat Jul 25 14:00:00 UTC 2026,7.84247,-2976700.250600001,null,null,null,null,null,null,null,null,null,null
Sat Jul 25 15:00:00 UTC 2026,7.84247,-2976700.250600001,null,null,null,null,null,null,null,null,null,null
Sat Jul 25 16:00:00 UTC 2026,7.84247,-2976700.250600001,null,null,null,null,null,null,null,null,null,null
Sat Jul 25 17:00:00 UTC 2026,7.84247,-2976700.250600001,null,null,null,null,null,null,null,null,null,null
Sat Jul 25 18:00:00 UTC 2026,7.84247,-2976700.250600001,null,null,null,null,null,null,null,null,null,null
Sat Jul 25 19:00:00 UTC 2026,7.84247,-2976700.250600001,null,null,null,null,null,null,null,null,null,null
Sat Jul 25 20:00:00 UTC 2026,7.84247,-2976700.250600001,null,null,null,null,null,null,null,null,null,null
Sat Jul 25 21:00:00 UTC 2026,7.84247,-2976700.250600001,null,null,null,null,null,null,null,null,null,null
Sat Jul 25 22:00:00 UTC 2026,7.84247,-2976700.250600001,null,null,null,null,null,null,null,null,null,null
Sat Jul 25 23:00:00 UTC 2026,7.84247,-2976700.250600001,null,null,null,null,null,null,null,null,null,null
Sun Jul 26 00:00:00 UTC 2026,7.84247,-2976700.250600001,null,null,null,null,null,null,null,null,null,null
Sun Jul 26 01:00:00 UTC 2026,7.84247,-2976700.250600001,null,null,null,null,null,null,null,null,null,null
Sun Jul 26 02:00:00 UTC 2026,7.84247,-2976700.250600001,null,null,null,null,null,null,null,null,null,null
Sun Jul 26 03:00:00 UTC 2026,7.84247,-2976700.250600001,null,null,null,null,null,null,null,null,null,null
Sun Jul 26 04:00:00 UTC 2026,7.84247,-2976700.250600001,null,null,null,null,null,null,null,null,null,null
Sun Jul 26 05:00:00 UTC 2026,7.84247,-2976700.250600001,null,null,null,null,null,null,null,null,null,null
Sun Jul 26 06:00:00 UTC 2026,7.84247,-2976700.250600001,null,null,null,null,null,null,null,null,null,null
Sun Jul 26 07:00:00 UTC 2026,7.84247,-2976700.250600001,null,null,null,null,null,null,null,null,null,null
Sun Jul 26 08:00:00 UTC 2026,7.84247,-2976700.250600001,null,null,null,null,null,null,null,null,null,null
Sun Jul 26 09:00:00 UTC 2026,7.84247,-2976700.250600001,null,null,null,null,null,null,null,null,null,null
Sun Jul 26 10:00:00 UTC 2026,7.84247,-2976700.250600001,null,null,null,null,null,null,null,null,null,null
Sun Jul 26 11:00:00 UTC 2026,7.84247,-2976700.250600001,null,null,null,null,null,null,null,null,null,null
Sun Jul 26 12:00:00 UTC 2026,7.84247,-2976700.250600001,null,null,null,null,null,null,null,null,null,null
Sun Jul 26 13:00:00 UTC 2026,7.84247,-2976700.250600001,null,null,null,null,null,null,null,null,null,null
Sun Jul 26 14:00:00 UTC 2026,7.84247,-2976700.250600001,null,null,null,null,null,null,null,null,null,null
Sun Jul 26 15:00:00 UTC 2026,7.84247,-2976700.250600001,null,null,null,null,null,null,null,null,null,null
Sun Jul 26 16:00:00 UTC 2026,7.84247,-2976700.250600001,null,null,null,null,null,null,null,null,null,null
Sun Jul 26 17:00:00 UTC 2026,7.84247,-2976700.250600001,null,null,null,null,null,null,null,null,null,null
Sun Jul 26 18:00:00 UTC 2026,7.84247,-2976700.250600001,null,null,null,null,null,null,null,null,null,null
Sun Jul 26 19:00:00 UTC 2026,7.84247,-2976700.250600001,null,null,null,null,null,null,null,null,null,null
Sun Jul 26 20:00:00 UTC 2026,7.84247,-2976700.250600001,null,null,null,null,null,null,null,null,null,null
Sun Jul 26 21:00:00 UTC 2026,7.84247,-2980241.250600001,null,-2980141.250600001,null,null,null,null,-2979641.250600001,null,null,null
Sun Jul 26 22:00:00 UTC 2026,7.84247,-2204319.250600001,null,-2854617.550600001,null,null,null,null,-2854117.550600001,null,null,null
Sun Jul 26 23:00:00 UTC 2026,7.84247,-3283680.250600001,null,-2729093.850600001,null,null,null,null,-2728593.850600001,null,null,null
Mon Jul 27 00:00:00 UTC 2026,7.84247,-2314156.250600001,null,-2603570.1506000008,null,null,null,null,-2603070.1506000008,null,null,null
Mon Jul 27 01:00:00 UTC 2026,7.84247,-2365958.250600001,null,-2478046.450600001,null,null,null,null,-2477546.450600001,null,null,null
Mon Jul 27 02:00:00 UTC 2026,7.84247,-2060417.2506000008,null,-2352522.750600001,null,null,null,null,-2352022.750600001,null,null,null
Mon Jul 27 03:00:00 UTC 2026,7.84247,-2315019.250600001,null,-2226999.0506000007,null,null,null,null,-2226499.0506000007,null,null,null
Mon Jul 27 04:00:00 UTC 2026,7.84247,-2196285.250600001,null,-2101475.3506000005,null,null,null,null,-2100975.3506000005,null,null,null
Mon Jul 27 05:00:00 UTC 2026,7.84247,-2303692.250600001,null,-1975951.650600001,null,null,null,null,-1975451.650600001,null,null,null
Mon Jul 27 06:00:00 UTC 2026,7.84247,-1794497.2506000008,null,-1850427.950600001,null,null,null,null,-1849927.950600001,null,null,null
Mon Jul 27 07:00:00 UTC 2026,7.84247,-1725004.2506000008,null,-1724904.2506000008,null,null,null,null,-1724404.2506000008,null,null,null
Mon Jul 27 08:00:00 UTC 2026,7.84247,-1896749.2506000008,null,null,null,null,null,null,null,null,null,null
Mon Jul 27 09:00:00 UTC 2026,7.84247,-2040842.2506000008,null,null,null,null,null,null,null,null,null,null
Mon Jul 27 10:00:00 UTC 2026,7.84247,-2000566.2506000008,null,null,null,null,null,null,null,null,null,null
Mon Jul 27 11:00:00 UTC 2026,7.84247,-2464009.250600001,null,null,null,null,null,null,null,null,null,null
Mon Jul 27 12:00:00 UTC 2026,7.84247,-2174987.250600001,null,null,null,null,null,null,null,null,null,null
Mon Jul 27 13:00:00 UTC 2026,7.84247,-2176775.250600001,null,null,null,null,null,null,null,null,null,null
Mon Jul 27 14:00:00 UTC 2026,7.84247,-1729841.2506000008,null,null,null,null,null,null,null,null,null,null
Mon Jul 27 15:00:00 UTC 2026,7.84247,-1579391.2506000008,null,null,null,null,null,null,null,null,null,null
Mon Jul 27 16:00:00 UTC 2026,7.84247,-1586859.2506000008,null,null,null,null,null,null,null,null,null,null
Mon Jul 27 17:00:00 UTC 2026,7.84247,-1796028.2506000008,null,null,null,null,null,null,null,null,null,null
Mon Jul 27 18:00:00 UTC 2026,7.84247,-992242.2506000008,null,null,null,null,null,null,null,null,null,null
Mon Jul 27 19:00:00 UTC 2026,7.84247,-1292033.2506000008,null,null,null,null,null,null,null,null,null,null
Mon Jul 27 20:00:00 UTC 2026,7.84247,-1866811.2506000008,null,null,null,null,null,null,null,null,null,null
Mon Jul 27 21:00:00 UTC 2026,7.84247,-2210042.250600001,null,-2209942.250600001,null,null,null,null,-2209442.250600001,null,null,null
Mon Jul 27 22:00:00 UTC 2026,7.84247,-2014690.2506000008,null,-1955195.2506000008,null,null,null,null,-1954695.2506000008,null,null,null
Mon Jul 27 23:00:00 UTC 2026,7.84247,-1872007.2506000008,null,-1700448.2506000008,null,null,null,null,-1699948.2506000008,null,null,null
Tue Jul 28 00:00:00 UTC 2026,7.84247,-1535348.2506000008,null,-1445701.2506000008,null,null,null,null,-1445201.2506000008,null,null,null
Tue Jul 28 01:00:00 UTC 2026,7.84247,-1073484.2506000008,null,-1190954.2506000008,null,null,null,null,-1190454.2506000008,null,null,null
Tue Jul 28 02:00:00 UTC 2026,7.84247,-936307.2506000008,null,-936207.2506000008,null,null,null,null,-935707.2506000008,null,null,null
Tue Jul 28 03:00:00 UTC 2026,7.84247,-1479158.2506000008,null,null,null,null,null,null,null,null,null,null
Tue Jul 28 04:00:00 UTC 2026,7.84247,-1161978.2506000008,null,null,null,null,null,null,null,null,null,null
Tue Jul 28 05:00:00 UTC 2026,7.84247,-1038744.2506000008,null,null,null,null,null,null,null,null,null,null
Tue Jul 28 06:00:00 UTC 2026,7.84247,-1584664.2506000008,null,null,null,null,null,null,null,null,null,null
Tue Jul 28 07:00:00 UTC 2026,7.84247,-1380858.2506000008,null,null,null,null,null,null,null,null,null,null
Tue Jul 28 08:00:00 UTC 2026,7.84247,-1492532.2506000008,null,null,null,null,null,null,null,null,null,null
Tue Jul 28 09:00:00 UTC 2026,7.84247,-1380973.2506000008,null,null,null,null,null,null,null,null,null,null
Tue Jul 28 10:00:00 UTC 2026,7.84247,-1176350.2506000008,null,null,null,null,null,null,null,null,null,null
Tue Jul 28 11:00:00 UTC 2026,7.84247,-1148570.2506000008,null,null,null,null,null,null,null,null,null,null
Tue Jul 28 12:00:00 UTC 2026,7.84247,-1673506.2506000008,null,null,null,null,null,null,null,null,null,null
Tue Jul 28 13:00:00 UTC 2026,7.84247,-1550694.2506000008,null,null,null,null,null,null,null,null,null,null
Tue Jul 28 14:00:00 UTC 2026,7.84247,-1676340.2506000008,null,null,null,null,null,null,null,null,null,null
Tue Jul 28 15:00:00 UTC 2026,7.84247,-1311606.2506000008,null,null,null,null,null,null,null,null,null,null
Tue Jul 28 16:00:00 UTC 2026,7.84247,-1406690.2506000008,null,null,null,null,null,null,null,null,null,null
Tue Jul 28 17:00:00 UTC 2026,7.84247,-1455012.2506000008,null,null,null,null,null,null,null,null,null,null
Tue Jul 28 18:00:00 UTC 2026,7.84247,-1524773.2506000008,null,null,null,null,null,null,null,null,null,null
Tue Jul 28 19:00:00 UTC 2026,7.84247,-1803418.2506000008,null,null,null,null,null,null,null,null,null,null
Tue Jul 28 20:00:00 UTC 2026,7.84247,-2110611.250600001,null,null,null,null,null,null,null,null,null,null
Tue Jul 28 21:00:00 UTC 2026,7.84247,-2319408.250600001,null,null,null,null,null,null,null,null,null,null
Tue Jul 28 22:00:00 UTC 2026,7.84247,-2637311.250600001,null,null,null,null,null,null,null,null,null,null
Tue Jul 28 23:00:00 UTC 2026,7.84247,-2400029.250600001,null,null,null,null,null,null,null,null,null,null
Wed Jul 29 00:00:00 UTC 2026,7.84247,-2230084.250600001,null,null,null,null,null,null,null,null,null,null
Wed Jul 29 01:00:00 UTC 2026,7.84247,-2803186.250600001,null,null,null,null,null,null,null,null,null,null
Wed Jul 29 02:00:00 UTC 2026,7.84247,-3554158.250600001,null,null,null,null,null,null,null,null,null,null
Wed Jul 29 03:00:00 UTC 2026,7.84247,-3733516.250600001,null,-3733416.250600001,null,null,null,null,-3732916.250600001,null,null,null
Wed Jul 29 04:00:00 UTC 2026,7.84247,-3541527.250600001,null,-3580371.7960545463,null,null,null,null,-3513441.750600001,null,null,null
Wed Jul 29 05:00:00 UTC 2026,7.84247,-3408901.250600001,null,-3427327.3415090917,null,null,null,null,-3293967.250600001,null,null,null
Wed Jul 29 06:00:00 UTC 2026,7.84247,-3374599.250600001,null,-3274282.8869636375,null,null,null,null,-3074492.750600001,null,null,null
Wed Jul 29 07:00:00 UTC 2026,7.84247,-3423445.250600001,null,-3121238.432418183,null,null,null,null,-2855018.250600001,null,null,null
Wed Jul 29 08:00:00 UTC 2026,7.84247,-2993272.250600001,null,-2968193.977872728,null,null,null,null,-2635543.750600001,null,null,null
Wed Jul 29 09:00:00 UTC 2026,7.84247,-2416669.250600001,null,-2815149.5233272733,null,null,null,null,-2416069.250600001,null,null,null
Wed Jul 29 10:00:00 UTC 2026,7.84247,-2827734.250600001,null,-2662105.068781819,null,null,null,null,null,null,null,null
Wed Jul 29 11:00:00 UTC 2026,7.84247,-2892534.250600001,null,-2509060.614236364,null,null,null,null,null,null,null,null
Wed Jul 29 12:00:00 UTC 2026,7.84247,-2809143.250600001,null,-2356016.15969091,null,null,null,null,null,null,null,null
Wed Jul 29 13:00:00 UTC 2026,7.84247,-2076184.2506000008,null,-2202971.7051454554,null,null,null,null,null,null,null,null
Wed Jul 29 14:00:00 UTC 2026,7.84247,-2050027.2506000008,null,-2049927.2506000008,null,null,null,null,null,null,null,null
Wed Jul 29 15:00:00 UTC 2026,7.84247,-3022195.250600001,null,null,null,null,null,null,null,null,null,null
Wed Jul 29 16:00:00 UTC 2026,7.84247,-2917846.250600001,null,null,null,null,null,null,null,null,null,null
Wed Jul 29 17:00:00 UTC 2026,7.84247,-2750699.250600001,null,null,null,null,null,null,null,null,null,null
Wed Jul 29 18:00:00 UTC 2026,7.84247,-2661304.250600001,null,null,null,null,null,null,null,null,null,null
Wed Jul 29 19:00:00 UTC 2026,7.84247,-3129272.250600001,null,null,null,null,null,null,null,null,null,null
Wed Jul 29 20:00:00 UTC 2026,7.84247,-3008836.250600001,null,null,null,null,null,null,null,null,null,null
Wed Jul 29 21:00:00 UTC 2026,7.84247,-3223640.250600001,null,null,null,null,null,null,null,null,null,null
Wed Jul 29 22:00:00 UTC 2026,7.84247,-3258342.250600001,null,null,null,null,null,null,null,null,null,null
Wed Jul 29 23:00:00 UTC 2026,7.84247,-3500393.250600001,null,null,null,null,null,null,null,null,null,null
Thu Jul 30 00:00:00 UTC 2026,7.84247,-3398632.250600001,null,null,null,null,null,null,null,null,null,null
Thu Jul 30 01:00:00 UTC 2026,7.84247,-3966904.250600001,null,-3966804.250600001,null,null,null,null,-3966304.250600001,null,null,null
Thu Jul 30 02:00:00 UTC 2026,7.84247,-3630440.250600001,null,-3847854.721188236,null,null,null,null,-3847354.721188236,null,null,null
Thu Jul 30 03:00:00 UTC 2026,7.84247,-3583715.250600001,null,-3728905.191776471,null,null,null,null,-3728405.191776471,null,null,null
Thu Jul 30 04:00:00 UTC 2026,7.84247,-3241795.250600001,null,-3609955.6623647064,null,null,null,null,-3609455.6623647064,null,null,null
Thu Jul 30 05:00:00 UTC 2026,7.84247,-2893878.250600001,null,-3491006.132952942,null,null,null,null,-3490506.1329529416,null,null,null
Thu Jul 30 06:00:00 UTC 2026,7.84247,-2964086.250600001,null,-3372056.6035411777,null,null,null,null,-3371556.6035411777,null,null,null
Thu Jul 30 07:00:00 UTC 2026,7.84247,-3026493.250600001,null,-3253107.074129413,null,null,null,null,-3252607.074129413,null,null,null
Thu Jul 30 08:00:00 UTC 2026,7.84247,-2695320.250600001,null,-3134157.544717648,null,null,null,null,-3133657.5447176476,null,null,null
Thu Jul 30 09:00:00 UTC 2026,7.84247,-2724511.250600001,null,-3015208.0153058833,null,null,null,null,-3014708.0153058833,null,null,null
Thu Jul 30 10:00:00 UTC 2026,7.84247,-2529083.250600001,null,-2896258.4858941184,null,null,null,null,-2895758.4858941184,null,null,null
Thu Jul 30 11:00:00 UTC 2026,7.84247,-2418252.250600001,null,-2777308.9564823536,null,null,null,null,-2776808.9564823536,null,null,null
Thu Jul 30 12:00:00 UTC 2026,7.84247,-2071815.2506000008,null,-2658359.4270705893,null,null,null,null,-2657859.4270705893,null,null,null
Thu Jul 30 13:00:00 UTC 2026,7.84247,-2128459.250600001,null,-2539409.897658825,null,null,null,null,-2538909.8976588245,null,null,null
Thu Jul 30 14:00:00 UTC 2026,7.84247,-2047322.2506000008,null,-2420460.3682470596,null,null,null,null,-2419960.368247059,null,null,null
Thu Jul 30 15:00:00 UTC 2026,7.84247,-2018059.2506000008,null,-2301510.838835295,null,null,null,null,-2301010.838835295,null,null,null
Thu Jul 30 16:00:00 UTC 2026,7.84247,-2113079.250600001,null,-2182561.3094235305,null,null,null,null,-2182061.3094235305,null,null,null
Thu Jul 30 17:00:00 UTC 2026,7.84247,-1965243.2506000008,null,-2063611.7800117657,null,null,null,null,-2063111.7800117654,null,null,null
Thu Jul 30 18:00:00 UTC 2026,7.84247,-1944762.2506000008,null,-1944662.2506000008,null,null,null,null,-1944162.2506000008,null,null,null
Thu Jul 30 19:00:00 UTC 2026,7.84247,-2172363.250600001,null,null,null,null,null,null,null,null,null,null
Thu Jul 30 20:00:00 UTC 2026,7.84247,-2446669.250600001,null,null,null,null,null,null,null,null,null,null
Thu Jul 30 21:00:00 UTC 2026,7.84247,-2940767.250600001,null,null,null,null,null,null,-2940167.250600001,null,null,null
Thu Jul 30 22:00:00 UTC 2026,7.84247,-2673985.250600001,null,null,null,null,null,null,-2823698.4813692314,null,null,null
Thu Jul 30 23:00:00 UTC 2026,7.84247,-2115093.250600001,null,null,null,null,null,null,-2707229.7121384623,null,null,null
Fri Jul 31 00:00:00 UTC 2026,7.84247,-2077838.2506000008,null,null,null,null,null,null,-2590760.9429076933,null,null,null
Fri Jul 31 01:00:00 UTC 2026,7.84247,-2411745.250600001,null,null,null,null,null,null,-2474292.173676924,null,null,null
Fri Jul 31 02:00:00 UTC 2026,7.84247,-2045152.2506000008,null,null,null,null,null,null,-2357823.404446155,null,null,null
Fri Jul 31 03:00:00 UTC 2026,7.84247,-2150044.250600001,null,null,null,null,null,null,-2241354.635215386,null,null,null
Fri Jul 31 04:00:00 UTC 2026,7.84247,-1995110.2506000008,null,null,null,null,null,null,-2124885.865984616,null,null,null
Fri Jul 31 05:00:00 UTC 2026,7.84247,-2370834.250600001,null,null,null,null,null,null,-2008417.0967538473,null,null,null
Fri Jul 31 06:00:00 UTC 2026,7.84247,-2141923.250600001,null,null,null,null,null,null,-1891948.3275230778,null,null,null
Fri Jul 31 07:00:00 UTC 2026,7.84247,-1817004.2506000008,null,null,null,null,null,null,-1775479.5582923086,null,null,null
Fri Jul 31 08:00:00 UTC 2026,7.84247,-1777092.2506000008,null,null,null,null,null,null,-1659010.7890615393,null,null,null
Fri Jul 31 09:00:00 UTC 2026,7.84247,-1570202.2506000008,null,null,null,null,null,null,-1542542.0198307703,null,null,null
Fri Jul 31 10:00:00 UTC 2026,7.84247,-1426673.2506000008,null,null,null,null,null,null,-1426073.2506000008,null,null,null
Fri Jul 31 11:00:00 UTC 2026,7.84247,-2069389.2506000008,null,null,null,null,null,null,null,null,null,null
Fri Jul 31 12:00:00 UTC 2026,7.84247,-2151301.250600001,null,null,null,null,null,null,null,null,null,null
Fri Jul 31 13:00:00 UTC 2026,7.84247,-2216744.250600001,null,null,null,null,null,null,null,null,null,null
Fri Jul 31 14:00:00 UTC 2026,7.84247,-2250925.250600001,null,null,null,null,null,null,null,null,null,null
Fri Jul 31 15:00:00 UTC 2026,7.84247,-1923300.2506000008,null,null,null,null,null,null,null,null,null,null
Fri Jul 31 16:00:00 UTC 2026,7.84247,-2011181.2506000008,null,null,null,null,null,null,null,null,null,null
Fri Jul 31 17:00:00 UTC 2026,7.84247,-2363804.250600001,null,null,null,null,null,null,null,null,null,null
Fri Jul 31 18:00:00 UTC 2026,7.84247,-2361900.250600001,null,null,null,null,null,null,null,null,null,null
Fri Jul 31 19:00:00 UTC 2026,7.84247,-2100881.250600001,null,null,null,null,null,null,null,null,null,null
Fri Jul 31 20:00:00 UTC 2026,7.84247,-2819722.250600001,null,null,null,null,null,null,null,null,null,null
Fri Jul 31 21:00:00 UTC 2026,7.84247,-2892505.250600001,null,null,null,null,null,null,null,null,null,null
Fri Jul 31 22:00:00 UTC 2026,7.84247,-2892505.250600001,null,null,null,null,null,null,null,null,null,null
Fri Jul 31 23:00:00 UTC 2026,7.84247,-2892505.250600001,null,null,null,null,null,null,null,null,null,null
Sat Aug 01 00:00:00 UTC 2026,7.84247,-2892505.250600001,null,null,null,null,null,null,null,null,null,null
Sat Aug 01 01:00:00 UTC 2026,7.84247,-2892505.250600001,null,null,null,null,null,null,null,null,null,null
Sat Aug 01 02:00:00 UTC 2026,7.84247,-2892505.250600001,null,null,null,null,null,null,null,null,null,null
Sat Aug 01 03:00:00 UTC 2026,7.84247,-2892505.250600001,null,null,null,null,null,null,null,null,null,null
Sat Aug 01 04:00:00 UTC 2026,7.84247,-2892505.250600001,null,null,null,null,null,null,null,null,null,null
Sat Aug 01 05:00:00 UTC 2026,7.84247,-2892505.250600001,null,null,null,null,null,null,null,null,null,null
Sat Aug 01 06:00:00 UTC 2026,7.84247,-2892505.250600001,null,null,null,null,null,null,null,null,null,null
Sat Aug 01 07:00:00 UTC 2026,7.84247,-2892505.250600001,null,null,null,null,null,null,null,null,null,null
Sat Aug 01 08:00:00 UTC 2026,7.84247,-2892505.250600001,null,null,null,null,null,null,null,null,null,null
Sat Aug 01 09:00:00 UTC 2026,7.84247,-2892505.250600001,null,null,null,null,null,null,null,null,null,null
Sat Aug 01 10:00:00 UTC 2026,7.84247,-2892505.250600001,null,null,null,null,null,null,null,null,null,null
Sat Aug 01 11:00:00 UTC 2026,7.84247,-2892505.250600001,null,null,null,null,null,null,null,null,null,null
Sat Aug 01 12:00:00 UTC 2026,7.84247,-2892505.250600001,null,null,null,null,null,null,null,null,null,null
Sat Aug 01 13:00:00 UTC 2026,7.84247,-2892505.250600001,null,null,null,null,null,null,null,null,null,null
Sat Aug 01 14:00:00 UTC 2026,7.84247,-2892505.250600001,null,null,null,null,null,null,null,null,null,null
Sat Aug 01 15:00:00 UTC 2026,7.84247,-2892505.250600001,null,null,null,null,null,null,null,null,null,null
Sat Aug 01 16:00:00 UTC 2026,7.84247,-2892505.250600001,null,null,null,null,null,null,null,null,null,null
Sat Aug 01 17:00:00 UTC 2026,7.84247,-2892505.250600001,null,null,null,null,null,null,null,null,null,null
Sat Aug 01 18:00:00 UTC 2026,7.84247,-2892505.250600001,null,null,null,null,null,null,null,null,null,null
Sat Aug 01 19:00:00 UTC 2026,7.84247,-2892505.250600001,null,null,null,null,null,null,null,null,null,null
Sat Aug 01 20:00:00 UTC 2026,7.84247,-2892505.250600001,null,null,null,null,null,null,null,null,null,null
Sat Aug 01 21:00:00 UTC 2026,7.84247,-2892505.250600001,null,null,null,null,null,null,null,null,null,null
Sat Aug 01 22:00:00 UTC 2026,7.84247,-2892505.250600001,null,null,null,null,null,null,null,null,null,null
Sat Aug 01 23:00:00 UTC 2026,7.84247,-2892505.250600001,null,null,null,null,null,null,null,null,null,null
Sun Aug 02 00:00:00 UTC 2026,7.84247,-2892505.250600001,null,null,null,null,null,null,null,null,null,null
Sun Aug 02 01:00:00 UTC 2026,7.84247,-2892505.250600001,null,null,null,null,null,null,null,null,null,null
Sun Aug 02 02:00:00 UTC 2026,7.84247,-2892505.250600001,null,null,null,null,null,null,null,null,null,null
Sun Aug 02 03:00:00 UTC 2026,7.84247,-2892505.250600001,null,null,null,null,null,null,null,null,null,null
Sun Aug 02 04:00:00 UTC 2026,7.84247,-2892505.250600001,null,null,null,null,null,null,null,null,null,null
Sun Aug 02 05:00:00 UTC 2026,7.84247,-2892505.250600001,null,null,null,null,null,null,null,null,null,null
Sun Aug 02 06:00:00 UTC 2026,7.84247,-2892505.250600001,null,null,null,null,null,null,null,null,null,null
Sun Aug 02 07:00:00 UTC 2026,7.84247,-2892505.250600001,null,null,null,null,null,null,null,null,null,null
Sun Aug 02 08:00:00 UTC 2026,7.84247,-2892505.250600001,null,null,null,null,null,null,null,null,null,null
Sun Aug 02 09:00:00 UTC 2026,7.84247,-2892505.250600001,null,null,null,null,null,null,null,null,null,null
Sun Aug 02 10:00:00 UTC 2026,7.84247,-2892505.250600001,null,null,null,null,null,null,null,null,null,null
Sun Aug 02 11:00:00 UTC 2026,7.84247,-2892505.250600001,null,null,null,null,null,null,null,null,null,null
Sun Aug 02 12:00:00 UTC 2026,7.84247,-2892505.250600001,null,null,null,null,null,null,null,null,null,null
Sun Aug 02 13:00:00 UTC 2026,7.84247,-2892505.250600001,null,null,null,null,null,null,null,null,null,null
Sun Aug 02 14:00:00 UTC 2026,7.84247,-2892505.250600001,null,null,null,null,null,null,null,null,null,null
Sun Aug 02 15:00:00 UTC 2026,7.84247,-2892505.250600001,null,null,null,null,null,null,null,null,null,null
Sun Aug 02 16:00:00 UTC 2026,7.84247,-2892505.250600001,null,null,null,null,null,null,null,null,null,null
Sun Aug 02 17:00:00 UTC 2026,7.84247,-2892505.250600001,null,null,null,null,null,null,null,null,null,null
Sun Aug 02 18:00:00 UTC 2026,7.84247,-2892505.250600001,null,null,null,null,null,null,null,null,null,null
Sun Aug 02 19:00:00 UTC 2026,7.84247,-2892505.250600001,null,null,null,null,null,null,null,null,null,null
Sun Aug 02 20:00:00 UTC 2026,7.84247,-2892505.250600001,null,-2892405.250600001,null,null,null,null,-2891905.250600001,null,null,null
Sun Aug 02 21:00:00 UTC 2026,7.84247,-2797755.250600001,null,-2534725.6506000008,null,null,null,null,-2534225.6506000008,null,null,null
Sun Aug 02 22:00:00 UTC 2026,7.84247,-2160357.250600001,null,-2177046.0506000007,null,null,null,null,-2176546.0506000007,null,null,null
Sun Aug 02 23:00:00 UTC 2026,7.84247,-1739923.2506000008,null,-1819366.4506000008,null,null,null,null,-1818866.4506000008,null,null,null
Mon Aug 03 00:00:00 UTC 2026,7.84247,-1372733.2506000008,null,-1461686.850600001,null,null,null,null,-1461186.850600001,null,null,null
Mon Aug 03 01:00:00 UTC 2026,7.84247,-1104107.2506000008,null,-1104007.2506000008,null,null,null,null,-1103507.2506000008,null,null,null
Mon Aug 03 02:00:00 UTC 2026,7.84247,-1564114.2506000008,null,null,null,null,null,null,null,null,null,null
Mon Aug 03 03:00:00 UTC 2026,7.84247,-2842259.250600001,null,null,null,null,null,null,null,null,null,null
Mon Aug 03 04:00:00 UTC 2026,7.84247,-2502167.250600001,null,null,null,null,null,null,null,null,null,null
Mon Aug 03 05:00:00 UTC 2026,7.84247,-2868435.250600001,null,null,null,null,null,null,null,null,null,null
Mon Aug 03 06:00:00 UTC 2026,7.84247,-3200567.250600001,null,null,null,null,null,null,null,null,null,null
Mon Aug 03 07:00:00 UTC 2026,7.84247,-4159950.250600001,null,null,null,null,null,null,null,null,null,null
Mon Aug 03 08:00:00 UTC 2026,7.84247,-4127322.250600001,null,null,null,null,null,null,null,null,null,null
Mon Aug 03 09:00:00 UTC 2026,7.84247,-4909994.250600001,null,null,null,null,null,null,null,null,null,null
Mon Aug 03 10:00:00 UTC 2026,7.84247,-5000570.2506,null,-5000470.2506,null,null,null,null,-4999970.2506,null,null,null
Mon Aug 03 11:00:00 UTC 2026,7.84247,-4034520.250600001,null,-4567793.500600001,null,null,null,null,-4567293.500600001,null,null,null
Mon Aug 03 12:00:00 UTC 2026,7.84247,-4257600.250600001,null,-4135116.7506000004,null,null,null,null,-4134616.7506000004,null,null,null
Mon Aug 03 13:00:00 UTC 2026,7.84247,-3457144.250600001,null,-3702440.000600001,null,null,null,null,-3701940.000600001,null,null,null
Mon Aug 03 14:00:00 UTC 2026,7.84247,-3269863.250600001,null,-3269763.250600001,-3269663.250600001,null,null,null,-3269263.250600001,-3269163.250600001,null,null
Mon Aug 03 15:00:00 UTC 2026,7.84247,-3864760.250600001,null,null,-3695348.8220285717,null,null,null,null,-3694848.8220285717,null,null
Mon Aug 03 16:00:00 UTC 2026,7.84247,-4417296.250600001,null,null,-4121034.3934571436,null,null,null,null,-4120534.3934571436,null,null
Mon Aug 03 17:00:00 UTC 2026,7.84247,-5604026.2506,null,null,-4546719.964885714,null,null,null,null,-4546219.964885714,null,null
Mon Aug 03 18:00:00 UTC 2026,7.84247,-5488736.2506,null,null,-4972405.536314285,null,null,null,null,-4971905.536314286,null,null
Mon Aug 03 19:00:00 UTC 2026,7.84247,-5715453.2506,null,null,-5398091.107742857,null,null,null,null,-5397591.107742857,null,null
Mon Aug 03 20:00:00 UTC 2026,7.84247,-6157340.2506,null,null,-5823776.679171428,null,null,null,null,-5823276.679171429,null,null
Mon Aug 03 21:00:00 UTC 2026,7.84247,-6249662.2506,null,null,-6249462.2506,null,null,null,-6249062.2506,-6248962.2506,null,null
Mon Aug 03 22:00:00 UTC 2026,7.84247,-5890344.2506,null,null,null,null,null,null,-6023737.0006,null,null,null
Mon Aug 03 23:00:00 UTC 2026,7.84247,-6042159.2506,null,null,null,null,null,null,-5798411.7506,null,null,null
Tue Aug 04 00:00:00 UTC 2026,7.84247,-5640599.2506,null,null,null,null,null,null,-5573086.5006,null,null,null
Tue Aug 04 01:00:00 UTC 2026,7.84247,-5348361.2506,null,null,null,null,null,null,-5347761.2506,null,null,null
Tue Aug 04 02:00:00 UTC 2026,7.84247,-5775125.2506,null,null,null,null,null,null,null,null,null,null
Tue Aug 04 03:00:00 UTC 2026,7.84247,-5782673.2506,null,null,null,null,null,null,null,null,null,null
Tue Aug 04 04:00:00 UTC 2026,7.84247,-5468422.2506,null,null,null,null,null,null,null,null,null,null
Tue Aug 04 05:00:00 UTC 2026,7.84247,-5501276.2506,null,null,null,null,null,null,null,null,null,null
Tue Aug 04 06:00:00 UTC 2026,7.84247,-6540766.2506,null,null,null,null,null,null,null,null,null,null
Tue Aug 04 07:00:00 UTC 2026,7.84247,-8226086.2506,null,-8225986.2506,null,null,null,null,-8225486.2506,null,null,null
Tue Aug 04 08:00:00 UTC 2026,7.84247,-7321394.2506,null,-8107006.882178946,null,null,null,null,-7950506.917266667,null,null,null
Tue Aug 04 09:00:00 UTC 2026,7.84247,-7335840.2506,null,-7988027.513757895,null,null,null,null,-7675527.583933333,null,null,null
Tue Aug 04 10:00:00 UTC 2026,7.84247,-7001904.2506,null,-7869048.145336841,null,null,null,null,-7400548.2506,null,null,null
Tue Aug 04 11:00:00 UTC 2026,7.84247,-7187983.2506,null,-7750068.776915789,null,null,null,null,-7125568.917266666,null,null,null
Tue Aug 04 12:00:00 UTC 2026,7.84247,-6826746.2506,null,-7631089.408494736,null,null,null,null,-6850589.583933333,null,null,null
Tue Aug 04 13:00:00 UTC 2026,7.84247,-6576210.2506,null,-7512110.0400736835,null,null,null,null,-6575610.2506,null,null,null
Tue Aug 04 14:00:00 UTC 2026,7.84247,-7094239.2506,null,-7393130.671652631,null,null,null,null,null,null,null,null
Tue Aug 04 15:00:00 UTC 2026,7.84247,-6678113.2506,null,-7274151.303231578,null,null,null,null,null,null,null,null
Tue Aug 04 16:00:00 UTC 2026,7.84247,-7088616.2506,null,-7155171.934810525,null,null,null,null,null,null,null,null
Tue Aug 04 17:00:00 UTC 2026,7.84247,-6820755.2506,null,-7036192.566389473,null,null,null,null,null,null,null,null
Tue Aug 04 18:00:00 UTC 2026,7.84247,-6482571.2506,null,-6917213.1979684215,null,null,null,null,null,null,null,null
Tue Aug 04 19:00:00 UTC 2026,7.84247,-6653615.2506,null,-6798233.829547368,null,null,null,null,null,null,null,null
Tue Aug 04 20:00:00 UTC 2026,7.84247,-6614113.2506,null,-6679254.461126315,null,null,null,null,null,null,null,null
Tue Aug 04 21:00:00 UTC 2026,7.84247,-6593754.2506,null,-6560275.092705263,null,null,null,null,null,null,null,null
Tue Aug 04 22:00:00 UTC 2026,7.84247,-6683664.2506,null,-6441295.72428421,null,null,null,null,null,null,null,null
Tue Aug 04 23:00:00 UTC 2026,7.84247,-6704634.2506,null,-6322316.355863157,null,null,null,null,null,null,null,null
Wed Aug 05 00:00:00 UTC 2026,7.84247,-6418046.2506,null,-6203336.987442105,null,null,null,null,null,null,null,null
Wed Aug 05 01:00:00 UTC 2026,7.84247,-6202971.2506,null,-6084357.619021052,null,null,null,null,null,null,null,null
Wed Aug 05 02:00:00 UTC 2026,7.84247,-5965478.2506,null,-5965378.2506,null,null,null,null,null,null,null,null
Wed Aug 05 03:00:00 UTC 2026,7.84247,-6263688.2506,null,null,null,null,null,null,null,null,null,null
Wed Aug 05 04:00:00 UTC 2026,7.84247,-6239877.2506,null,null,null,null,null,null,null,null,null,null
Wed Aug 05 05:00:00 UTC 2026,7.84247,-6422479.2506,null,null,null,null,null,null,null,null,null,null
Wed Aug 05 06:00:00 UTC 2026,7.84247,-6335292.2506,null,null,null,null,null,null,null,null,null,null
Wed Aug 05 07:00:00 UTC 2026,7.84247,-6310628.2506,null,null,null,null,null,null,null,null,null,null
Wed Aug 05 08:00:00 UTC 2026,7.84247,-6710116.2506,null,null,null,null,null,null,null,null,null,null
Wed Aug 05 09:00:00 UTC 2026,7.84247,-6344566.2506,null,null,null,null,null,null,null,null,null,null
Wed Aug 05 10:00:00 UTC 2026,7.84247,-6609313.2506,null,null,null,null,null,null,null,null,null,null
Wed Aug 05 11:00:00 UTC 2026,7.84247,-7237088.2506,null,null,null,null,null,null,null,null,null,null
Wed Aug 05 12:00:00 UTC 2026,7.84247,-7190444.2506,null,null,null,null,null,null,null,null,null,null
Wed Aug 05 13:00:00 UTC 2026,7.84247,-7562988.2506,null,null,null,null,null,null,-7562388.2506,null,null,null
Wed Aug 05 14:00:00 UTC 2026,7.84247,-7254349.2506,null,null,null,null,null,null,-7364470.2506,null,null,null
Wed Aug 05 15:00:00 UTC 2026,7.84247,-7030667.2506,null,null,null,null,null,null,-7166552.2506,null,null,null
Wed Aug 05 16:00:00 UTC 2026,7.84247,-7034548.2506,null,null,null,null,null,null,-6968634.2506,null,null,null
Wed Aug 05 17:00:00 UTC 2026,7.84247,-6771316.2506,null,null,null,null,null,null,-6770716.2506,null,null,null
Wed Aug 05 18:00:00 UTC 2026,7.84247,-7108523.2506,null,null,null,null,null,null,null,null,null,null
Wed Aug 05 19:00:00 UTC 2026,7.84247,-7238973.2506,null,null,null,null,null,null,null,null,null,null
Wed Aug 05 20:00:00 UTC 2026,7.84247,-7666649.2506,null,null,null,null,null,null,-7666049.2506,null,null,null
Wed Aug 05 21:00:00 UTC 2026,7.84247,-7567156.2506,null,null,null,null,null,null,-7481756.0006,null,null,null
Wed Aug 05 22:00:00 UTC 2026,7.84247,-7414081.2506,null,null,null,null,null,null,-7297462.7506,null,null,null
Wed Aug 05 23:00:00 UTC 2026,7.84247,-6990511.2506,null,null,null,null,null,null,-7113169.5006,null,null,null
Thu Aug 06 00:00:00 UTC 2026,7.84247,-6929476.2506,null,null,null,null,null,null,-6928876.2506,null,null,null
Thu Aug 06 01:00:00 UTC 2026,7.84247,-7944731.2506,null,null,null,null,null,null,null,null,null,null
Thu Aug 06 02:00:00 UTC 2026,7.84247,-8143810.2506,null,null,null,null,null,null,null,null,null,null
Thu Aug 06 03:00:00 UTC 2026,7.84247,-7876582.2506,null,null,null,null,null,null,null,null,null,null
Thu Aug 06 04:00:00 UTC 2026,7.84247,-7908304.2506,null,null,null,null,null,null,null,null,null,null
Thu Aug 06 05:00:00 UTC 2026,7.84247,-8129709.2506,null,null,null,null,null,null,null,null,null,null
Thu Aug 06 06:00:00 UTC 2026,7.84247,-8290876.2506,null,null,null,null,null,null,null,null,null,null
Thu Aug 06 07:00:00 UTC 2026,7.84247,-8255045.2506,null,null,null,null,null,null,null,null,null,null
Thu Aug 06 08:00:00 UTC 2026,7.84247,-8213289.2506,null,null,null,null,null,null,null,null,null,null
Thu Aug 06 09:00:00 UTC 2026,7.84247,-7806972.2506,null,null,null,null,null,null,null,null,null,null
Thu Aug 06 10:00:00 UTC 2026,7.84247,-7927990.2506,null,null,null,null,null,null,null,null,null,null
Thu Aug 06 11:00:00 UTC 2026,7.84247,-8154693.2506,null,null,null,null,null,null,null,null,null,null
Thu Aug 06 12:00:00 UTC 2026,7.84247,-7985957.2506,null,null,null,null,null,null,null,null,null,null
Thu Aug 06 13:00:00 UTC 2026,7.84247,-8141002.2506,null,null,null,null,null,null,null,null,null,null
Thu Aug 06 14:00:00 UTC 2026,7.84247,-8253212.2506,null,null,null,null,null,null,null,null,null,null
Thu Aug 06 15:00:00 UTC 2026,7.84247,-8957974.250599999,null,null,null,null,null,null,null,null,null,null
Thu Aug 06 16:00:00 UTC 2026,7.84247,-8653883.250599999,null,null,null,null,null,null,null,null,null,null
Thu Aug 06 17:00:00 UTC 2026,7.84247,-8917883.250599999,null,null,null,null,null,null,null,null,null,null
Thu Aug 06 18:00:00 UTC 2026,7.84247,-8924080.250599999,null,null,null,null,null,null,null,null,null,null
Thu Aug 06 19:00:00 UTC 2026,7.84247,-9005239.250599999,null,null,null,null,null,null,null,null,null,null
Thu Aug 06 20:00:00 UTC 2026,7.84247,-8676882.250599999,null,null,null,null,null,null,null,null,null,null
Thu Aug 06 21:00:00 UTC 2026,7.84247,-8817286.250599999,null,null,null,null,null,null,null,null,null,null
Thu Aug 06 22:00:00 UTC 2026,7.84247,-9159710.250599999,null,null,null,null,null,null,null,null,null,null
Thu Aug 06 23:00:00 UTC 2026,7.84247,-9204833.250599999,null,null,null,null,null,null,null,null,null,null
Fri Aug 07 00:00:00 UTC 2026,7.84247,-9235236.250599999,null,null,null,null,null,null,null,null,null,null
Fri Aug 07 01:00:00 UTC 2026,7.84247,-9023784.250599999,null,null,null,null,null,null,null,null,null,null
Fri Aug 07 02:00:00 UTC 2026,7.84247,-8997527.250599999,null,null,null,null,null,null,null,null,null,null
Fri Aug 07 03:00:00 UTC 2026,7.84247,-9221013.250599999,null,null,null,null,null,null,null,null,null,null
Fri Aug 07 04:00:00 UTC 2026,7.84247,-9277021.250599999,null,null,null,null,null,null,null,null,null,null
Fri Aug 07 05:00:00 UTC 2026,7.84247,-9749851.250599999,null,null,null,null,null,null,null,null,null,null
Fri Aug 07 06:00:00 UTC 2026,7.84247,-9779320.250599999,null,-9779220.250599999,null,null,null,null,-9778720.250599999,null,null,null
Fri Aug 07 07:00:00 UTC 2026,7.84247,-9595087.250599999,null,-9762709.51213846,null,null,null,null,-9762209.51213846,null,null,null
Fri Aug 07 08:00:00 UTC 2026,7.84247,-9213847.250599999,null,-9746198.773676923,null,null,null,null,-9745698.773676923,null,null,null
Fri Aug 07 09:00:00 UTC 2026,7.84247,-9253817.250599999,null,-9729688.035215383,null,null,null,null,-9729188.035215385,null,null,null
Fri Aug 07 10:00:00 UTC 2026,7.84247,-8944549.250599999,null,-9713177.296753846,null,null,null,null,-9712677.296753844,null,null,null
Fri Aug 07 11:00:00 UTC 2026,7.84247,-8863042.250599999,null,-9696666.558292307,null,null,null,null,-9696166.558292307,null,null,null
Fri Aug 07 12:00:00 UTC 2026,7.84247,-8936787.250599999,null,-9680155.81983077,null,null,null,null,-9679655.819830768,null,null,null
Fri Aug 07 13:00:00 UTC 2026,7.84247,-9203831.250599999,null,-9663645.08136923,null,null,null,null,-9663145.08136923,null,null,null
Fri Aug 07 14:00:00 UTC 2026,7.84247,-8933337.250599999,null,-9647134.342907691,null,null,null,null,-9646634.342907691,null,null,null
Fri Aug 07 15:00:00 UTC 2026,7.84247,-9129009.250599999,null,-9630623.604446154,null,null,null,null,-9630123.604446154,null,null,null
Fri Aug 07 16:00:00 UTC 2026,7.84247,-9214022.250599999,null,-9614112.865984615,null,null,null,null,-9613612.865984615,null,null,null
Fri Aug 07 17:00:00 UTC 2026,7.84247,-9087561.250599999,null,-9597602.127523076,null,null,null,null,-9597102.127523076,null,null,null
Fri Aug 07 18:00:00 UTC 2026,7.84247,-8912088.250599999,null,-9581091.389061537,null,null,null,null,-9580591.389061537,null,null,null
Fri Aug 07 19:00:00 UTC 2026,7.84247,-8914241.250599999,null,-9564580.6506,null,null,null,null,-9564080.6506,null,null,null
Fri Aug 07 20:00:00 UTC 2026,7.84247,-8939028.250599999,null,-9548069.91213846,null,null,null,null,-9547569.91213846,null,null,null
Fri Aug 07 21:00:00 UTC 2026,7.84247,-8939028.250599999,null,-9531559.173676923,null,null,null,null,-9531059.173676923,null,null,null
Fri Aug 07 22:00:00 UTC 2026,7.84247,-8939028.250599999,null,-9515048.435215384,null,null,null,null,-9514548.435215384,null,null,null
Fri Aug 07 23:00:00 UTC 2026,7.84247,-8939028.250599999,null,-9498537.696753846,null,null,null,null,-9498037.696753845,null,null,null
Sat Aug 08 00:00:00 UTC 2026,7.84247,-8939028.250599999,null,-9482026.958292305,null,null,null,null,-9481526.958292307,null,null,null
Sat Aug 08 01:00:00 UTC 2026,7.84247,-8939028.250599999,null,-9465516.219830768,null,null,null,null,-9465016.219830768,null,null,null
Sat Aug 08 02:00:00 UTC 2026,7.84247,-8939028.250599999,null,-9449005.48136923,null,null,null,null,-9448505.48136923,null,null,null
Sat Aug 08 03:00:00 UTC 2026,7.84247,-8939028.250599999,null,-9432494.742907692,null,null,null,null,-9431994.742907692,null,null,null
Sat Aug 08 04:00:00 UTC 2026,7.84247,-8939028.250599999,null,-9415984.004446153,null,null,null,null,-9415484.004446153,null,null,null
Sat Aug 08 05:00:00 UTC 2026,7.84247,-8939028.250599999,null,-9399473.265984615,null,null,null,null,-9398973.265984615,null,null,null
Sat Aug 08 06:00:00 UTC 2026,7.84247,-8939028.250599999,null,-9382962.527523076,null,null,null,null,-9382462.527523074,null,null,null
Sat Aug 08 07:00:00 UTC 2026,7.84247,-8939028.250599999,null,-9366451.789061539,null,null,null,null,-9365951.789061539,null,null,null
Sat Aug 08 08:00:00 UTC 2026,7.84247,-8939028.250599999,null,-9349941.0506,null,null,null,null,-9349441.0506,null,null,null
Sat Aug 08 09:00:00 UTC 2026,7.84247,-8939028.250599999,null,-9333430.31213846,null,null,null,null,-9332930.31213846,null,null,null
Sat Aug 08 10:00:00 UTC 2026,7.84247,-8939028.250599999,null,-9316919.573676921,null,null,null,null,-9316419.573676921,null,null,null
Sat Aug 08 11:00:00 UTC 2026,7.84247,-8939028.250599999,null,-9300408.835215384,null,null,null,null,-9299908.835215384,null,null,null
Sat Aug 08 12:00:00 UTC 2026,7.84247,-8939028.250599999,null,-9283898.096753845,null,null,null,null,-9283398.096753845,null,null,null
Sat Aug 08 13:00:00 UTC 2026,7.84247,-8939028.250599999,null,-9267387.358292308,null,null,null,null,-9266887.358292308,null,null,null
Sat Aug 08 14:00:00 UTC 2026,7.84247,-8939028.250599999,null,-9250876.619830769,null,null,null,null,-9250376.619830769,null,null,null
Sat Aug 08 15:00:00 UTC 2026,7.84247,-8939028.250599999,null,-9234365.88136923,null,null,null,null,-9233865.88136923,null,null,null
Sat Aug 08 16:00:00 UTC 2026,7.84247,-8939028.250599999,null,-9217855.142907692,null,null,null,null,-9217355.142907692,null,null,null
Sat Aug 08 17:00:00 UTC 2026,7.84247,-8939028.250599999,null,-9201344.404446153,null,null,null,null,-9200844.404446153,null,null,null
Sat Aug 08 18:00:00 UTC 2026,7.84247,-8939028.250599999,null,-9184833.665984616,null,null,null,null,-9184333.665984616,null,null,null
Sat Aug 08 19:00:00 UTC 2026,7.84247,-8939028.250599999,null,-9168322.927523077,null,null,null,null,-9167822.927523077,null,null,null
Sat Aug 08 20:00:00 UTC 2026,7.84247,-8939028.250599999,null,-9151812.189061537,null,null,null,null,-9151312.189061537,null,null,null
Sat Aug 08 21:00:00 UTC 2026,7.84247,-8939028.250599999,null,-9135301.450599998,null,null,null,null,-9134801.450599998,null,null,null
Sat Aug 08 22:00:00 UTC 2026,7.84247,-8939028.250599999,null,-9118790.712138461,null,null,null,null,-9118290.712138461,null,null,null
Sat Aug 08 23:00:00 UTC 2026,7.84247,-8939028.250599999,null,-9102279.973676922,null,null,null,null,-9101779.973676922,null,null,null
Sun Aug 09 00:00:00 UTC 2026,7.84247,-8939028.250599999,null,-9085769.235215385,null,null,null,null,-9085269.235215385,null,null,null
Sun Aug 09 01:00:00 UTC 2026,7.84247,-8939028.250599999,null,-9069258.496753845,null,null,null,null,-9068758.496753845,null,null,null
Sun Aug 09 02:00:00 UTC 2026,7.84247,-8939028.250599999,null,-9052747.758292308,null,null,null,null,-9052247.758292306,null,null,null
Sun Aug 09 03:00:00 UTC 2026,7.84247,-8939028.250599999,null,-9036237.019830769,null,null,null,null,-9035737.019830767,null,null,null
Sun Aug 09 04:00:00 UTC 2026,7.84247,-8939028.250599999,null,-9019726.28136923,null,null,null,null,-9019226.28136923,null,null,null
Sun Aug 09 05:00:00 UTC 2026,7.84247,-8939028.250599999,null,-9003215.542907692,null,null,null,null,-9002715.54290769,null,null,null
Sun Aug 09 06:00:00 UTC 2026,7.84247,-8939028.250599999,null,-8986704.804446153,null,null,null,null,-8986204.804446153,null,null,null
Sun Aug 09 07:00:00 UTC 2026,7.84247,-8939028.250599999,null,-8970194.065984614,null,null,null,null,-8969694.065984614,null,null,null
Sun Aug 09 08:00:00 UTC 2026,7.84247,-8939028.250599999,null,-8953683.327523077,null,null,null,null,-8953183.327523077,null,null,null
Sun Aug 09 09:00:00 UTC 2026,7.84247,-8939028.250599999,null,-8937172.589061538,null,null,null,null,-8936672.589061538,null,null,null
Sun Aug 09 10:00:00 UTC 2026,7.84247,-8939028.250599999,null,-8920661.8506,null,null,null,null,-8920161.8506,null,null,null
Sun Aug 09 11:00:00 UTC 2026,7.84247,-8939028.250599999,null,-8904151.112138461,null,null,null,null,-8903651.112138461,null,null,null
Sun Aug 09 12:00:00 UTC 2026,7.84247,-8939028.250599999,null,-8887640.373676922,null,null,null,null,-8887140.373676922,null,null,null
Sun Aug 09 13:00:00 UTC 2026,7.84247,-8939028.250599999,null,-8871129.635215383,null,null,null,null,-8870629.635215383,null,null,null
Sun Aug 09 14:00:00 UTC 2026,7.84247,-8939028.250599999,null,-8854618.896753846,null,null,null,null,-8854118.896753846,null,null,null
Sun Aug 09 15:00:00 UTC 2026,7.84247,-8939028.250599999,null,-8838108.158292307,null,null,null,null,-8837608.158292307,null,null,null
Sun Aug 09 16:00:00 UTC 2026,7.84247,-8939028.250599999,null,-8821597.41983077,null,null,null,null,-8821097.41983077,null,null,null
Sun Aug 09 17:00:00 UTC 2026,7.84247,-8939028.250599999,null,-8805086.68136923,null,null,null,null,-8804586.68136923,null,null,null
Sun Aug 09 18:00:00 UTC 2026,7.84247,-8939028.250599999,null,-8788575.942907691,null,null,null,null,-8788075.942907693,null,null,null
Sun Aug 09 19:00:00 UTC 2026,7.84247,-8939028.250599999,null,-8772065.204446152,null,null,null,null,-8771565.204446154,null,null,null
Sun Aug 09 20:00:00 UTC 2026,7.84247,-8939028.250599999,null,-8755554.465984615,null,null,null,null,-8755054.465984615,null,null,null
Sun Aug 09 21:00:00 UTC 2026,7.84247,-9063283.250599999,null,-8739043.727523075,null,null,null,null,-8738543.727523075,null,null,null
Sun Aug 09 22:00:00 UTC 2026,7.84247,-9008672.250599999,null,-8722532.989061538,null,null,null,null,-8722032.989061538,null,null,null
Sun Aug 09 23:00:00 UTC 2026,7.84247,-8706122.250599999,null,-8706022.250599999,null,null,null,null,-8705522.250599999,null,null,null
Mon Aug 10 00:00:00 UTC 2026,7.84247,-8824295.250599999,null,null,null,null,null,null,null,null,null,null
Mon Aug 10 01:00:00 UTC 2026,7.84247,-9191376.250599999,null,null,null,null,null,null,null,null,null,null
Mon Aug 10 02:00:00 UTC 2026,7.84247,-9557562.250599999,null,null,null,null,null,null,null,null,null,null
Mon Aug 10 03:00:00 UTC 2026,7.84247,-9465582.250599999,null,null,null,null,null,null,null,null,null,null
Mon Aug 10 04:00:00 UTC 2026,7.84247,-9634948.250599999,null,null,null,null,null,null,null,null,null,null
Mon Aug 10 05:00:00 UTC 2026,7.84247,-9800984.250599999,null,null,null,null,null,null,null,null,null,null
Mon Aug 10 06:00:00 UTC 2026,7.84247,-9710309.250599999,null,null,null,null,null,null,null,null,null,null
Mon Aug 10 07:00:00 UTC 2026,7.84247,-9093670.250599999,null,null,null,null,null,null,null,null,null,null
Mon Aug 10 08:00:00 UTC 2026,7.84247,-9320131.250599999,null,null,null,null,null,null,null,null,null,null
Mon Aug 10 09:00:00 UTC 2026,7.84247,-9433544.250599999,null,null,null,null,null,null,null,null,null,null
Mon Aug 10 10:00:00 UTC 2026,7.84247,-9386669.250599999,null,null,null,null,null,null,null,null,null,null
Mon Aug 10 11:00:00 UTC 2026,7.84247,-9426949.250599999,null,null,null,null,null,null,null,null,null,null
Mon Aug 10 12:00:00 UTC 2026,7.84247,-9734496.250599999,null,null,null,null,null,null,null,null,null,null
Mon Aug 10 13:00:00 UTC 2026,7.84247,-9502415.250599999,null,null,null,null,null,null,null,null,null,null
Mon Aug 10 14:00:00 UTC 2026,7.84247,-9441537.250599999,null,null,null,null,null,null,null,null,null,null
Mon Aug 10 15:00:00 UTC 2026,7.84247,-9586698.250599999,null,null,null,null,null,null,null,null,null,null
Mon Aug 10 16:00:00 UTC 2026,7.84247,-9790225.250599999,null,null,null,null,null,null,null,null,null,null
Mon Aug 10 17:00:00 UTC 2026,7.84247,-9820159.250599999,null,-9820059.250599999,null,null,null,null,-9819559.250599999,null,null,null
Mon Aug 10 18:00:00 UTC 2026,7.84247,-9696896.250599999,null,-9636832.250599999,null,null,null,null,-9636332.250599999,null,null,null
Mon Aug 10 19:00:00 UTC 2026,7.84247,-9424658.250599999,null,-9453605.250599999,null,null,null,null,-9453105.250599999,null,null,null
Mon Aug 10 20:00:00 UTC 2026,7.84247,-9380917.250599999,null,-9270378.250599999,null,null,null,null,-9269878.250599999,null,null,null
Mon Aug 10 21:00:00 UTC 2026,7.84247,-9433220.250599999,null,-9087151.250599999,null,null,null,null,-9086651.250599999,null,null,null
Mon Aug 10 22:00:00 UTC 2026,7.84247,-9176949.250599999,null,-8903924.250599999,null,null,null,null,-8903424.250599999,null,null,null
Mon Aug 10 23:00:00 UTC 2026,7.84247,-9342431.250599999,null,-8720697.250599999,null,null,null,null,-8720197.250599999,null,null,null
Tue Aug 11 00:00:00 UTC 2026,7.84247,-8891830.250599999,null,-8537470.250599999,null,null,null,null,-8536970.250599999,null,null,null
Tue Aug 11 01:00:00 UTC 2026,7.84247,-8923171.250599999,null,-8354243.250599999,null,null,null,null,-8353743.250599999,null,null,null
Tue Aug 11 02:00:00 UTC 2026,7.84247,-8171116.2506,null,-8171016.2506,null,null,null,null,-8170516.2506,null,null,null
Tue Aug 11 03:00:00 UTC 2026,7.84247,-8604375.250599999,null,null,null,null,null,null,null,null,null,null
Tue Aug 11 04:00:00 UTC 2026,7.84247,-8936868.250599999,null,null,null,null,null,null,null,null,null,null
Tue Aug 11 05:00:00 UTC 2026,7.84247,-8995085.250599999,null,null,null,null,null,null,null,null,null,null
Tue Aug 11 06:00:00 UTC 2026,7.84247,-9254096.250599999,null,null,null,null,null,null,null,null,null,null
Tue Aug 11 07:00:00 UTC 2026,7.84247,-1.1540396250599999E7,null,null,null,null,null,null,null,null,null,null
Tue Aug 11 08:00:00 UTC 2026,7.84247,-1.1723376250599999E7,null,null,null,null,null,null,null,null,null,null
Tue Aug 11 09:00:00 UTC 2026,7.84247,-1.1907394250599999E7,null,null,null,null,null,null,null,null,null,null
Tue Aug 11 10:00:00 UTC 2026,7.84247,-1.2004569250599999E7,null,null,null,null,null,null,null,null,null,null
Tue Aug 11 11:00:00 UTC 2026,7.84247,-1.2075982250599999E7,null,null,null,null,null,null,null,null,null,null
Tue Aug 11 12:00:00 UTC 2026,7.84247,-1.2229422250599999E7,null,null,null,null,null,null,null,null,null,null
Tue Aug 11 13:00:00 UTC 2026,7.84247,-1.2176433250599999E7,null,null,null,null,null,null,null,null,null,null
Tue Aug 11 14:00:00 UTC 2026,7.84247,-1.2050903250599999E7,null,null,null,null,null,null,null,null,null,null
Tue Aug 11 15:00:00 UTC 2026,7.84247,-1.2131546250599999E7,null,null,null,null,null,null,null,null,null,null
Tue Aug 11 16:00:00 UTC 2026,7.84247,-1.2161871250599999E7,null,null,null,null,null,null,null,null,null,null
Tue Aug 11 17:00:00 UTC 2026,7.84247,-1.2178426250599999E7,null,null,null,null,null,null,null,null,null,null
Tue Aug 11 18:00:00 UTC 2026,7.84247,-1.2220501250599999E7,null,null,null,null,null,null,null,null,null,null
Tue Aug 11 19:00:00 UTC 2026,7.84247,-1.2090757250599999E7,null,null,null,null,null,null,null,null,null,null
Tue Aug 11 20:00:00 UTC 2026,7.84247,-1.2204339250599999E7,null,null,null,null,null,null,null,null,null,null
Tue Aug 11 21:00:00 UTC 2026,7.84247,-1.2134260250599999E7,null,null,null,null,null,null,null,null,null,null
Tue Aug 11 22:00:00 UTC 2026,7.84247,-1.23300292506E7,null,null,null,null,null,null,null,null,null,null
Tue Aug 11 23:00:00 UTC 2026,7.84247,-1.23740062506E7,null,null,null,null,null,null,null,null,null,null
Wed Aug 12 00:00:00 UTC 2026,7.84247,-1.24420192506E7,null,null,null,null,null,null,null,null,null,null
Wed Aug 12 01:00:00 UTC 2026,7.84247,-1.24494542506E7,null,null,null,null,null,null,null,null,null,null
Wed Aug 12 02:00:00 UTC 2026,7.84247,-1.26918592506E7,null,null,null,null,null,null,null,null,null,null
Wed Aug 12 03:00:00 UTC 2026,7.84247,-1.27472292506E7,null,null,null,null,null,null,null,null,null,null
Wed Aug 12 04:00:00 UTC 2026,7.84247,-1.24418852506E7,null,null,null,null,null,null,null,null,null,null
Wed Aug 12 05:00:00 UTC 2026,7.84247,-1.26675082506E7,null,null,null,null,null,null,null,null,null,null
Wed Aug 12 06:00:00 UTC 2026,7.84247,-1.28245812506E7,null,null,null,null,null,null,null,null,null,null
Wed Aug 12 07:00:00 UTC 2026,7.84247,-1.27850722506E7,null,null,null,null,null,null,null,null,null,null
Wed Aug 12 08:00:00 UTC 2026,7.84247,-1.26635932506E7,null,null,null,null,null,null,null,null,null,null
Wed Aug 12 09:00:00 UTC 2026,7.84247,-1.28063262506E7,null,null,null,null,null,null,null,null,null,null
Wed Aug 12 10:00:00 UTC 2026,7.84247,-1.28065212506E7,null,null,null,null,null,null,null,null,null,null
Wed Aug 12 11:00:00 UTC 2026,7.84247,-1.27612792506E7,null,null,null,null,null,null,null,null,null,null
Wed Aug 12 12:00:00 UTC 2026,7.84247,-1.26353522506E7,null,null,null,null,null,null,null,null,null,null
Wed Aug 12 13:00:00 UTC 2026,7.84247,-1.25985522506E7,null,null,null,null,null,null,null,null,null,null
Wed Aug 12 14:00:00 UTC 2026,7.84247,-1.25584562506E7,null,null,null,null,null,null,null,null,null,null
Wed Aug 12 15:00:00 UTC 2026,7.84247,-1.25419802506E7,null,null,null,null,null,null,null,null,null,null
Wed Aug 12 16:00:00 UTC 2026,7.84247,-1.24599482506E7,null,null,null,null,null,null,null,null,null,null
Wed Aug 12 17:00:00 UTC 2026,7.84247,-1.25850292506E7,null,null,null,null,null,null,null,null,null,null
Wed Aug 12 18:00:00 UTC 2026,7.84247,-1.26411692506E7,null,null,null,null,null,null,null,null,null,null
Wed Aug 12 19:00:00 UTC 2026,7.84247,-1.27001282506E7,null,null,null,null,null,null,null,null,null,null
Wed Aug 12 20:00:00 UTC 2026,7.84247,-1.24444692506E7,null,null,null,null,null,null,null,null,null,null
Wed Aug 12 21:00:00 UTC 2026,7.84247,-1.24944762506E7,null,null,null,null,null,null,null,null,null,null
Wed Aug 12 22:00:00 UTC 2026,7.84247,-1.24481872506E7,null,null,null,null,null,null,null,null,null,null
Wed Aug 12 23:00:00 UTC 2026,7.84247,-1.24478922506E7,null,null,null,null,null,null,null,null,null,null
Thu Aug 13 00:00:00 UTC 2026,7.84247,-1.2196697250599999E7,null,null,null,null,null,null,null,null,null,null
Thu Aug 13 01:00:00 UTC 2026,7.84247,-1.2235363250599999E7,null,null,null,null,null,null,null,null,null,null
Thu Aug 13 02:00:00 UTC 2026,7.84247,-1.24754782506E7,null,null,null,null,null,null,null,null,null,null
Thu Aug 13 03:00:00 UTC 2026,7.84247,-1.25676552506E7,null,null,null,null,null,null,null,null,null,null
Thu Aug 13 04:00:00 UTC 2026,7.84247,-1.25594312506E7,null,null,null,null,null,null,null,null,null,null
Thu Aug 13 05:00:00 UTC 2026,7.84247,-1.23789242506E7,null,null,null,null,null,null,null,null,null,null
Thu Aug 13 06:00:00 UTC 2026,7.84247,-1.23966152506E7,null,null,null,null,null,null,null,null,null,null
Thu Aug 13 07:00:00 UTC 2026,7.84247,-1.24770872506E7,null,null,null,null,null,null,null,null,null,null
Thu Aug 13 08:00:00 UTC 2026,7.84247,-1.25166462506E7,null,null,null,null,null,null,null,null,null,null
Thu Aug 13 09:00:00 UTC 2026,7.84247,-1.23706132506E7,null,null,null,null,null,null,null,null,null,null
Thu Aug 13 10:00:00 UTC 2026,7.84247,-1.24405942506E7,null,null,null,null,null,null,null,null,null,null
Thu Aug 13 11:00:00 UTC 2026,7.84247,-1.23517772506E7,null,null,null,null,null,null,null,null,null,null
Thu Aug 13 12:00:00 UTC 2026,7.84247,-1.23822512506E7,null,null,null,null,null,null,null,null,null,null
Thu Aug 13 13:00:00 UTC 2026,7.84247,-1.2227542250599999E7,null,null,null,null,null,null,null,null,null,null
Thu Aug 13 14:00:00 UTC 2026,7.84247,-1.23868912506E7,null,null,null,null,null,null,null,null,null,null
Thu Aug 13 15:00:00 UTC 2026,7.84247,-1.24640182506E7,null,null,null,null,null,null,null,null,null,null
Thu Aug 13 16:00:00 UTC 2026,7.84247,-1.25058122506E7,null,null,null,null,null,null,null,null,null,null
Thu Aug 13 17:00:00 UTC 2026,7.84247,-1.26084462506E7,null,null,null,null,null,null,null,null,null,null
Thu Aug 13 18:00:00 UTC 2026,7.84247,-1.26834202506E7,null,null,null,null,null,null,null,null,null,null
Thu Aug 13 19:00:00 UTC 2026,7.84247,-1.26718352506E7,null,null,null,null,null,null,null,null,null,null
Thu Aug 13 20:00:00 UTC 2026,7.84247,-1.26106712506E7,null,null,null,null,null,null,null,null,null,null
Thu Aug 13 21:00:00 UTC 2026,7.84247,-1.26900552506E7,null,null,null,null,null,null,null,null,null,null
Thu Aug 13 22:00:00 UTC 2026,7.84247,-1.26913932506E7,null,null,null,null,null,null,null,null,null,null
Thu Aug 13 23:00:00 UTC 2026,7.84247,-1.26187172506E7,null,null,null,null,null,null,null,null,null,null
Fri Aug 14 00:00:00 UTC 2026,7.84247,-1.26436862506E7,null,null,null,null,null,null,null,null,null,null
Fri Aug 14 01:00:00 UTC 2026,7.84247,-1.27027562506E7,null,null,null,null,null,null,null,null,null,null
Fri Aug 14 02:00:00 UTC 2026,7.84247,-1.30071992506E7,null,null,null,null,null,null,null,null,null,null
Fri Aug 14 03:00:00 UTC 2026,7.84247,-1.29367092506E7,null,null,null,null,null,null,null,null,null,null
Fri Aug 14 04:00:00 UTC 2026,7.84247,-1.31205802506E7,null,null,null,null,null,null,null,null,null,null
Fri Aug 14 05:00:00 UTC 2026,7.84247,-1.30184172506E7,null,null,null,null,null,null,null,null,null,null
Fri Aug 14 06:00:00 UTC 2026,7.84247,-1.30134602506E7,null,null,null,null,null,null,null,null,null,null
Fri Aug 14 07:00:00 UTC 2026,7.84247,-1.30550172506E7,null,null,null,null,null,null,null,null,null,null
Fri Aug 14 08:00:00 UTC 2026,7.84247,-1.31229372506E7,null,null,null,null,null,null,null,null,null,null
Fri Aug 14 09:00:00 UTC 2026,7.84247,-1.30536892506E7,null,null,null,null,null,null,null,null,null,null
Fri Aug 14 10:00:00 UTC 2026,7.84247,-1.30469222506E7,null,null,null,null,null,null,null,null,null,null
Fri Aug 14 11:00:00 UTC 2026,7.84247,-1.30748182506E7,null,null,null,null,null,null,null,null,null,null
Fri Aug 14 12:00:00 UTC 2026,7.84247,-1.30197362506E7,null,null,null,null,null,null,null,null,null,null
Fri Aug 14 13:00:00 UTC 2026,7.84247,-1.29656062506E7,null,null,null,null,null,null,null,null,null,null
Fri Aug 14 14:00:00 UTC 2026,7.84247,-1.29504332506E7,null,null,null,null,null,null,null,null,null,null
Fri Aug 14 15:00:00 UTC 2026,7.84247,-1.28646312506E7,null,null,null,null,null,null,null,null,null,null
Fri Aug 14 16:00:00 UTC 2026,7.84247,-1.29666002506E7,null,null,null,null,null,null,null,null,null,null
Fri Aug 14 17:00:00 UTC 2026,7.84247,-1.29001902506E7,null,null,null,null,null,null,null,null,null,null
Fri Aug 14 18:00:00 UTC 2026,7.84247,-1.29940712506E7,null,null,null,null,null,null,null,null,null,null
Fri Aug 14 19:00:00 UTC 2026,7.84247,-1.29891692506E7,null,null,null,null,null,null,null,null,null,null
Fri Aug 14 20:00:00 UTC 2026,7.84247,-1.31176342506E7,null,null,null,null,null,null,null,null,null,null
Fri Aug 14 21:00:00 UTC 2026,7.84247,-1.31605312506E7,null,null,null,null,null,null,null,null,null,null
Fri Aug 14 22:00:00 UTC 2026,7.84247,-1.31605312506E7,null,null,null,null,null,null,null,null,null,null
Fri Aug 14 23:00:00 UTC 2026,7.84247,-1.31605312506E7,null,null,null,null,null,null,null,null,null,null
Sat Aug 15 00:00:00 UTC 2026,7.84247,-1.31605312506E7,null,null,null,null,null,null,null,null,null,null
Sat Aug 15 01:00:00 UTC 2026,7.84247,-1.31605312506E7,null,null,null,null,null,null,null,null,null,null
Sat Aug 15 02:00:00 UTC 2026,7.84247,-1.31605312506E7,null,null,null,null,null,null,null,null,null,null
Sat Aug 15 03:00:00 UTC 2026,7.84247,-1.31605312506E7,null,null,null,null,null,null,null,null,null,null
Sat Aug 15 04:00:00 UTC 2026,7.84247,-1.31605312506E7,null,null,null,null,null,null,null,null,null,null
Sat Aug 15 05:00:00 UTC 2026,7.84247,-1.31605312506E7,null,null,null,null,null,null,null,null,null,null
Sat Aug 15 06:00:00 UTC 2026,7.84247,-1.31605312506E7,null,null,null,null,null,null,null,null,null,null
Sat Aug 15 07:00:00 UTC 2026,7.84247,-1.31605312506E7,null,null,null,null,null,null,null,null,null,null
Sat Aug 15 08:00:00 UTC 2026,7.84247,-1.31605312506E7,null,null,null,null,null,null,null,null,null,null
Sat Aug 15 09:00:00 UTC 2026,7.84247,-1.31605312506E7,null,null,null,null,null,null,null,null,null,null
Sat Aug 15 10:00:00 UTC 2026,7.84247,-1.31605312506E7,null,null,null,null,null,null,null,null,null,null
Sat Aug 15 11:00:00 UTC 2026,7.84247,-1.31605312506E7,null,null,null,null,null,null,null,null,null,null
Sat Aug 15 12:00:00 UTC 2026,7.84247,-1.31605312506E7,null,null,null,null,null,null,null,null,null,null
Sat Aug 15 13:00:00 UTC 2026,7.84247,-1.31605312506E7,null,null,null,null,null,null,null,null,null,null
Sat Aug 15 14:00:00 UTC 2026,7.84247,-1.31605312506E7,null,null,null,null,null,null,null,null,null,null
Sat Aug 15 15:00:00 UTC 2026,7.84247,-1.31605312506E7,null,null,null,null,null,null,null,null,null,null
Sat Aug 15 16:00:00 UTC 2026,7.84247,-1.31605312506E7,null,null,null,null,null,null,null,null,null,null
Sat Aug 15 17:00:00 UTC 2026,7.84247,-1.31605312506E7,null,null,null,null,null,null,null,null,null,null
Sat Aug 15 18:00:00 UTC 2026,7.84247,-1.31605312506E7,null,null,null,null,null,null,null,null,null,null
Sat Aug 15 19:00:00 UTC 2026,7.84247,-1.31605312506E7,null,null,null,null,null,null,null,null,null,null
Sat Aug 15 20:00:00 UTC 2026,7.84247,-1.31605312506E7,null,null,null,null,null,null,null,null,null,null
Sat Aug 15 21:00:00 UTC 2026,7.84247,-1.31605312506E7,null,null,null,null,null,null,null,null,null,null
Sat Aug 15 22:00:00 UTC 2026,7.84247,-1.31605312506E7,null,null,null,null,null,null,null,null,null,null
Sat Aug 15 23:00:00 UTC 2026,7.84247,-1.31605312506E7,null,null,null,null,null,null,null,null,null,null
Sun Aug 16 00:00:00 UTC 2026,7.84247,-1.31605312506E7,null,null,null,null,null,null,null,null,null,null
Sun Aug 16 01:00:00 UTC 2026,7.84247,-1.31605312506E7,null,null,null,null,null,null,null,null,null,null
Sun Aug 16 02:00:00 UTC 2026,7.84247,-1.31605312506E7,null,null,null,null,null,null,null,null,null,null
Sun Aug 16 03:00:00 UTC 2026,7.84247,-1.31605312506E7,null,null,null,null,null,null,null,null,null,null
Sun Aug 16 04:00:00 UTC 2026,7.84247,-1.31605312506E7,null,null,null,null,null,null,null,null,null,null
Sun Aug 16 05:00:00 UTC 2026,7.84247,-1.31605312506E7,null,null,null,null,null,null,null,null,null,null
Sun Aug 16 06:00:00 UTC 2026,7.84247,-1.31605312506E7,null,null,null,null,null,null,null,null,null,null
Sun Aug 16 07:00:00 UTC 2026,7.84247,-1.31605312506E7,null,null,null,null,null,null,null,null,null,null
Sun Aug 16 08:00:00 UTC 2026,7.84247,-1.31605312506E7,null,null,null,null,null,null,null,null,null,null
Sun Aug 16 09:00:00 UTC 2026,7.84247,-1.31605312506E7,null,null,null,null,null,null,null,null,null,null
Sun Aug 16 10:00:00 UTC 2026,7.84247,-1.31605312506E7,null,null,null,null,null,null,null,null,null,null
Sun Aug 16 11:00:00 UTC 2026,7.84247,-1.31605312506E7,null,null,null,null,null,null,null,null,null,null
Sun Aug 16 12:00:00 UTC 2026,7.84247,-1.31605312506E7,null,null,null,null,null,null,null,null,null,null
Sun Aug 16 13:00:00 UTC 2026,7.84247,-1.31605312506E7,null,null,null,null,null,null,null,null,null,null
Sun Aug 16 14:00:00 UTC 2026,7.84247,-1.31605312506E7,null,null,null,null,null,null,null,null,null,null
Sun Aug 16 15:00:00 UTC 2026,7.84247,-1.31605312506E7,null,null,null,null,null,null,null,null,null,null
Sun Aug 16 16:00:00 UTC 2026,7.84247,-1.31605312506E7,null,null,null,null,null,null,null,null,null,null
Sun Aug 16 17:00:00 UTC 2026,7.84247,-1.31605312506E7,null,null,null,null,null,null,null,null,null,null
Sun Aug 16 18:00:00 UTC 2026,7.84247,-1.31605312506E7,null,null,null,null,null,null,null,null,null,null
Sun Aug 16 19:00:00 UTC 2026,7.84247,-1.31605312506E7,null,null,null,null,null,null,null,null,null,null
Sun Aug 16 20:00:00 UTC 2026,7.84247,-1.31605312506E7,null,null,null,null,null,null,null,null,null,null
Sun Aug 16 21:00:00 UTC 2026,7.84247,-1.31946492506E7,null,null,null,null,null,null,null,null,null,null
Sun Aug 16 22:00:00 UTC 2026,7.84247,-1.33126132506E7,null,null,null,null,null,null,null,null,null,null
Sun Aug 16 23:00:00 UTC 2026,7.84247,-1.33522192506E7,null,null,null,null,null,null,null,null,null,null
Mon Aug 17 00:00:00 UTC 2026,7.84247,-1.34142622506E7,null,null,null,null,null,null,null,null,null,null
Mon Aug 17 01:00:00 UTC 2026,7.84247,-1.35160322506E7,null,-1.35159322506E7,null,null,null,null,-1.35154322506E7,null,null,null
Mon Aug 17 02:00:00 UTC 2026,7.84247,-1.32471212506E7,null,-1.3497695074924326E7,null,null,null,null,-1.3497195074924326E7,null,null,null
Mon Aug 17 03:00:00 UTC 2026,7.84247,-1.30297932506E7,null,-1.347945789924865E7,null,null,null,null,-1.347895789924865E7,null,null,null
Mon Aug 17 04:00:00 UTC 2026,7.84247,-1.30383572506E7,null,-1.3461220723572973E7,null,null,null,null,-1.3460720723572973E7,null,null,null
Mon Aug 17 05:00:00 UTC 2026,7.84247,-1.30010462506E7,null,-1.34429835478973E7,null,null,null,null,-1.3442483547897298E7,null,null,null
Mon Aug 17 06:00:00 UTC 2026,7.84247,-1.30958192506E7,null,-1.3424746372221623E7,null,null,null,null,-1.3424246372221623E7,null,null,null
Mon Aug 17 07:00:00 UTC 2026,7.84247,-1.32941822506E7,null,-1.3406509196545947E7,null,null,null,null,-1.3406009196545947E7,null,null,null
Mon Aug 17 08:00:00 UTC 2026,7.84247,-1.32080702506E7,null,-1.3388272020870272E7,null,null,null,null,-1.3387772020870272E7,null,null,null
Mon Aug 17 09:00:00 UTC 2026,7.84247,-1.33555692506E7,null,-1.3370034845194595E7,null,null,null,null,-1.3369534845194595E7,null,null,null
Mon Aug 17 10:00:00 UTC 2026,7.84247,-1.31707542506E7,null,-1.3351797669518922E7,null,null,null,null,-1.335129766951892E7,null,null,null
Mon Aug 17 11:00:00 UTC 2026,7.84247,-1.31615132506E7,null,-1.3333560493843244E7,null,null,null,null,-1.3333060493843244E7,null,null,null
Mon Aug 17 12:00:00 UTC 2026,7.84247,-1.25783662506E7,null,-1.3315323318167567E7,null,null,null,null,-1.3314823318167567E7,null,null,null
Mon Aug 17 13:00:00 UTC 2026,7.84247,-1.26193882506E7,null,-1.3297086142491894E7,null,null,null,null,-1.3296586142491894E7,null,null,null
Mon Aug 17 14:00:00 UTC 2026,7.84247,-1.27104842506E7,null,-1.3278848966816217E7,null,null,null,null,-1.3278348966816217E7,null,null,null
Mon Aug 17 15:00:00 UTC 2026,7.84247,-1.27776672506E7,null,-1.3260611791140541E7,null,null,null,null,-1.3260111791140541E7,null,null,null
Mon Aug 17 16:00:00 UTC 2026,7.84247,-1.27150242506E7,null,-1.3242374615464866E7,null,null,null,null,-1.3241874615464864E7,null,null,null
Mon Aug 17 17:00:00 UTC 2026,7.84247,-1.27097202506E7,null,-1.3224137439789189E7,null,null,null,null,-1.322363743978919E7,null,null,null
Mon Aug 17 18:00:00 UTC 2026,7.84247,-1.26957932506E7,null,-1.3205900264113516E7,null,null,null,null,-1.3205400264113516E7,null,null,null
Mon Aug 17 19:00:00 UTC 2026,7.84247,-1.27292312506E7,null,-1.3187663088437838E7,null,null,null,null,-1.3187163088437838E7,null,null,null
Mon Aug 17 20:00:00 UTC 2026,7.84247,-1.27413202506E7,null,-1.3169425912762161E7,null,null,null,null,-1.3168925912762161E7,null,null,null
Mon Aug 17 21:00:00 UTC 2026,7.84247,-1.28538882506E7,null,-1.3151188737086488E7,null,null,null,null,-1.3150688737086486E7,null,null,null
Mon Aug 17 22:00:00 UTC 2026,7.84247,-1.28687492506E7,null,-1.313295156141081E7,null,null,null,null,-1.313245156141081E7,null,null,null
Mon Aug 17 23:00:00 UTC 2026,7.84247,-1.28911042506E7,null,-1.3114714385735136E7,null,null,null,null,-1.3114214385735136E7,null,null,null
Tue Aug 18 00:00:00 UTC 2026,7.84247,-1.29562342506E7,null,-1.309647721005946E7,null,null,null,null,-1.3095977210059458E7,null,null,null
Tue Aug 18 01:00:00 UTC 2026,7.84247,-1.30284442506E7,null,-1.3078240034383783E7,null,null,null,null,-1.3077740034383783E7,null,null,null
Tue Aug 18 02:00:00 UTC 2026,7.84247,-1.26012472506E7,null,-1.306000285870811E7,null,null,null,null,-1.3059502858708108E7,null,null,null
Tue Aug 18 03:00:00 UTC 2026,7.84247,-1.26632102506E7,null,-1.3041765683032433E7,null,null,null,null,-1.3041265683032434E7,null,null,null
Tue Aug 18 04:00:00 UTC 2026,7.84247,-1.26692252506E7,null,-1.3023528507356755E7,null,null,null,null,-1.3023028507356757E7,null,null,null
Tue Aug 18 05:00:00 UTC 2026,7.84247,-1.27678592506E7,null,-1.300529133168108E7,null,null,null,null,-1.300479133168108E7,null,null,null
Tue Aug 18 06:00:00 UTC 2026,7.84247,-1.28142322506E7,null,-1.2987054156005405E7,null,null,null,null,-1.2986554156005405E7,null,null,null
Tue Aug 18 07:00:00 UTC 2026,7.84247,-1.25540562506E7,null,-1.296881698032973E7,null,null,null,null,-1.296831698032973E7,null,null,null
Tue Aug 18 08:00:00 UTC 2026,7.84247,-1.25096692506E7,null,-1.2950579804654054E7,null,null,null,null,-1.2950079804654054E7,null,null,null
Tue Aug 18 09:00:00 UTC 2026,7.84247,-1.24654762506E7,null,-1.293234262897838E7,null,null,null,null,-1.293184262897838E7,null,null,null
Tue Aug 18 10:00:00 UTC 2026,7.84247,-1.23713032506E7,null,-1.2914105453302704E7,null,null,null,null,-1.2913605453302704E7,null,null,null
Tue Aug 18 11:00:00 UTC 2026,7.84247,-1.24219422506E7,null,-1.2895868277627029E7,null,null,null,null,-1.2895368277627029E7,null,null,null
Tue Aug 18 12:00:00 UTC 2026,7.84247,-1.23886922506E7,null,-1.287763110195135E7,null,null,null,null,-1.287713110195135E7,null,null,null
Tue Aug 18 13:00:00 UTC 2026,7.84247,-1.23971752506E7,null,-1.2859393926275676E7,null,null,null,null,-1.2858893926275674E7,null,null,null
Tue Aug 18 14:00:00 UTC 2026,7.84247,-1.23937712506E7,null,-1.2841156750599999E7,null,null,null,null,-1.2840656750599999E7,null,null,null
Tue Aug 18 15:00:00 UTC 2026,7.84247,-1.24156382506E7,null,-1.2822919574924324E7,null,null,null,null,-1.2822419574924324E7,null,null,null
Tue Aug 18 16:00:00 UTC 2026,7.84247,-1.23549942506E7,null,-1.2804682399248648E7,null,null,null,null,-1.2804182399248648E7,null,null,null
Tue Aug 18 17:00:00 UTC 2026,7.84247,-1.23472722506E7,null,-1.2786445223572973E7,null,null,null,null,-1.2785945223572973E7,null,null,null
Tue Aug 18 18:00:00 UTC 2026,7.84247,-1.23442992506E7,null,-1.2768208047897298E7,null,null,null,null,-1.2767708047897298E7,null,null,null
Tue Aug 18 19:00:00 UTC 2026,7.84247,-1.24250842506E7,null,-1.274997087222162E7,null,null,null,null,-1.2749470872221623E7,null,null,null
Tue Aug 18 20:00:00 UTC 2026,7.84247,-1.24010862506E7,null,-1.2731733696545945E7,null,null,null,null,-1.2731233696545945E7,null,null,null
Tue Aug 18 21:00:00 UTC 2026,7.84247,-1.24082252506E7,null,-1.2713496520870272E7,null,null,null,null,-1.271299652087027E7,null,null,null
Tue Aug 18 22:00:00 UTC 2026,7.84247,-1.24229922506E7,null,-1.2695259345194593E7,null,null,null,null,-1.2694759345194595E7,null,null,null
Tue Aug 18 23:00:00 UTC 2026,7.84247,-1.24202412506E7,null,-1.2677022169518918E7,null,null,null,null,-1.2676522169518918E7,null,null,null
Wed Aug 19 00:00:00 UTC 2026,7.84247,-1.23953732506E7,null,-1.2658784993843243E7,null,null,null,null,-1.2658284993843243E7,null,null,null
Wed Aug 19 01:00:00 UTC 2026,7.84247,-1.23157082506E7,null,-1.2640547818167567E7,null,null,null,null,-1.2640047818167567E7,null,null,null
Wed Aug 19 02:00:00 UTC 2026,7.84247,-1.2234186250599999E7,null,-1.2622310642491892E7,null,null,null,null,-1.2621810642491892E7,null,null,null
Wed Aug 19 03:00:00 UTC 2026,7.84247,-1.23074402506E7,null,-1.2604073466816217E7,null,null,null,null,-1.2603573466816217E7,null,null,null
Wed Aug 19 04:00:00 UTC 2026,7.84247,-1.23054592506E7,null,-1.258583629114054E7,null,null,null,null,-1.2585336291140538E7,null,null,null
Wed Aug 19 05:00:00 UTC 2026,7.84247,-1.2276090250599999E7,null,-1.2567599115464866E7,null,null,null,null,-1.2567099115464864E7,null,null,null
Wed Aug 19 06:00:00 UTC 2026,7.84247,-1.2271253250599999E7,null,-1.2549361939789189E7,null,null,null,null,-1.2548861939789189E7,null,null,null
Wed Aug 19 07:00:00 UTC 2026,7.84247,-1.23011072506E7,null,-1.2531124764113512E7,null,null,null,null,-1.2530624764113514E7,null,null,null
Wed Aug 19 08:00:00 UTC 2026,7.84247,-1.23165302506E7,null,-1.2512887588437837E7,null,null,null,null,-1.2512387588437837E7,null,null,null
Wed Aug 19 09:00:00 UTC 2026,7.84247,-1.22938372506E7,null,-1.2494650412762161E7,null,null,null,null,-1.2494150412762161E7,null,null,null
Wed Aug 19 10:00:00 UTC 2026,7.84247,-1.23018862506E7,null,-1.2476413237086486E7,null,null,null,null,-1.2475913237086486E7,null,null,null
Wed Aug 19 11:00:00 UTC 2026,7.84247,-1.2255140250599999E7,null,-1.245817606141081E7,null,null,null,null,-1.2457676061410809E7,null,null,null
Wed Aug 19 12:00:00 UTC 2026,7.84247,-1.2278727250599999E7,null,-1.2439938885735134E7,null,null,null,null,-1.2439438885735136E7,null,null,null
Wed Aug 19 13:00:00 UTC 2026,7.84247,-1.2274610250599999E7,null,-1.242170171005946E7,null,null,null,null,-1.2421201710059458E7,null,null,null
Wed Aug 19 14:00:00 UTC 2026,7.84247,-1.23440552506E7,null,-1.2403464534383783E7,null,null,null,null,-1.2402964534383783E7,null,null,null
Wed Aug 19 15:00:00 UTC 2026,7.84247,-1.2271063250599999E7,null,-1.2385227358708106E7,null,null,null,null,-1.2384727358708106E7,null,null,null
Wed Aug 19 16:00:00 UTC 2026,7.84247,-1.22918042506E7,null,-1.2366990183032433E7,null,null,null,null,-1.236649018303243E7,null,null,null
Wed Aug 19 17:00:00 UTC 2026,7.84247,-1.22963182506E7,null,-1.2348753007356757E7,null,null,null,null,-1.2348253007356755E7,null,null,null
Wed Aug 19 18:00:00 UTC 2026,7.84247,-1.2276643250599999E7,null,-1.233051583168108E7,null,null,null,null,-1.233001583168108E7,null,null,null
Wed Aug 19 19:00:00 UTC 2026,7.84247,-1.2249113250599999E7,null,-1.2312278656005405E7,null,null,null,null,-1.2311778656005405E7,null,null,null
Wed Aug 19 20:00:00 UTC 2026,7.84247,-1.2249443250599999E7,null,-1.2294041480329728E7,null,null,null,null,-1.2293541480329728E7,null,null,null
Wed Aug 19 21:00:00 UTC 2026,7.84247,-1.23107082506E7,null,-1.2275804304654054E7,null,null,null,null,-1.2275304304654054E7,null,null,null
Wed Aug 19 22:00:00 UTC 2026,7.84247,-1.2254188250599999E7,null,-1.2257567128978377E7,null,null,null,null,-1.2257067128978377E7,null,null,null
Wed Aug 19 23:00:00 UTC 2026,7.84247,-1.23910502506E7,null,-1.22393299533027E7,null,null,null,null,-1.2238829953302702E7,null,null,null
Thu Aug 20 00:00:00 UTC 2026,7.84247,-1.2284140250599999E7,null,-1.2221092777627027E7,null,null,null,null,-1.2220592777627025E7,null,null,null
Thu Aug 20 01:00:00 UTC 2026,7.84247,-1.2180687250599999E7,null,-1.2202855601951351E7,null,null,null,null,-1.2202355601951351E7,null,null,null
Thu Aug 20 02:00:00 UTC 2026,7.84247,-1.2263664250599999E7,null,-1.2184618426275676E7,null,null,null,null,-1.2184118426275674E7,null,null,null
Thu Aug 20 03:00:00 UTC 2026,7.84247,-1.2166481250599999E7,null,-1.2166381250599999E7,null,null,null,null,-1.2165881250599999E7,null,null,null
Thu Aug 20 04:00:00 UTC 2026,7.84247,-1.2234923250599999E7,null,null,null,null,null,null,null,null,null,null
Thu Aug 20 05:00:00 UTC 2026,7.84247,-1.2212043250599999E7,null,null,null,null,null,null,null,null,null,null
Thu Aug 20 06:00:00 UTC 2026,7.84247,-1.2256615250599999E7,null,null,null,null,null,null,null,null,null,null
Thu Aug 20 07:00:00 UTC 2026,7.84247,-1.23063032506E7,null,null,null,null,null,null,null,null,null,null
Thu Aug 20 08:00:00 UTC 2026,7.84247,-1.23643552506E7,null,null,null,null,null,null,null,null,null,null
Thu Aug 20 09:00:00 UTC 2026,7.84247,-1.23242452506E7,null,null,null,null,null,null,null,null,null,null
Thu Aug 20 10:00:00 UTC 2026,7.84247,-1.23502972506E7,null,null,null,null,null,null,null,null,null,null
Thu Aug 20 11:00:00 UTC 2026,7.84247,-1.23347772506E7,null,null,null,null,null,null,null,null,null,null
Thu Aug 20 12:00:00 UTC 2026,7.84247,-1.23444822506E7,null,null,null,null,null,null,null,null,null,null
Thu Aug 20 13:00:00 UTC 2026,7.84247,-1.23413092506E7,null,null,null,null,null,null,null,null,null,null
Thu Aug 20 14:00:00 UTC 2026,7.84247,-1.23373022506E7,null,null,null,null,null,null,null,null,null,null
Thu Aug 20 15:00:00 UTC 2026,7.84247,-1.23518532506E7,null,null,null,null,null,null,null,null,null,null
Thu Aug 20 16:00:00 UTC 2026,7.84247,-1.23268012506E7,null,null,null,null,null,null,null,null,null,null
Thu Aug 20 17:00:00 UTC 2026,7.84247,-1.23665382506E7,null,null,null,null,null,null,null,null,null,null
Thu Aug 20 18:00:00 UTC 2026,7.84247,-1.23794112506E7,null,null,null,null,null,null,null,null,null,null
Thu Aug 20 19:00:00 UTC 2026,7.84247,-1.23601202506E7,null,null,null,null,null,null,null,null,null,null
Thu Aug 20 20:00:00 UTC 2026,7.84247,-1.23777942506E7,null,null,null,null,null,null,null,null,null,null
Thu Aug 20 21:00:00 UTC 2026,7.84247,-1.23862232506E7,null,null,null,null,null,null,null,null,null,null
Thu Aug 20 22:00:00 UTC 2026,7.84247,-1.23517862506E7,null,null,null,null,null,null,null,null,null,null
Thu Aug 20 23:00:00 UTC 2026,7.84247,-1.23649862506E7,null,null,null,null,null,null,null,null,null,null
Fri Aug 21 00:00:00 UTC 2026,7.84247,-1.24502572506E7,null,null,null,null,null,null,null,null,null,null
Fri Aug 21 01:00:00 UTC 2026,7.84247,-1.24431132506E7,null,null,null,null,null,null,null,null,null,null
Fri Aug 21 02:00:00 UTC 2026,7.84247,-1.24857272506E7,null,null,null,null,null,null,null,null,null,null
Fri Aug 21 03:00:00 UTC 2026,7.84247,-1.24768262506E7,null,null,null,null,null,null,null,null,null,null
Fri Aug 21 04:00:00 UTC 2026,7.84247,-1.25091892506E7,null,null,null,null,null,null,null,null,null,null
Fri Aug 21 05:00:00 UTC 2026,7.84247,-1.24930572506E7,null,null,null,null,null,null,null,null,null,null
Fri Aug 21 06:00:00 UTC 2026,7.84247,-1.25032902506E7,null,null,null,null,null,null,null,null,null,null
Fri Aug 21 07:00:00 UTC 2026,7.84247,-1.24885962506E7,null,null,null,null,null,null,null,null,null,null
Fri Aug 21 08:00:00 UTC 2026,7.84247,-1.24808072506E7,null,null,null,null,null,null,null,null,null,null
Fri Aug 21 09:00:00 UTC 2026,7.84247,-1.24876742506E7,null,null,null,null,null,null,null,null,null,null
Fri Aug 21 10:00:00 UTC 2026,7.84247,-1.25042842506E7,null,null,null,null,null,null,null,null,null,null
Fri Aug 21 11:00:00 UTC 2026,7.84247,-1.24878272506E7,null,null,null,null,null,null,null,null,null,null
Fri Aug 21 12:00:00 UTC 2026,7.84247,-1.24942172506E7,null,null,null,null,null,null,null,null,null,null
Fri Aug 21 13:00:00 UTC 2026,7.84247,-1.25183902506E7,null,null,null,null,null,null,null,null,null,null
Fri Aug 21 14:00:00 UTC 2026,7.84247,-1.25024682506E7,null,null,null,null,null,null,null,null,null,null
Fri Aug 21 15:00:00 UTC 2026,7.84247,-1.24907882506E7,null,null,null,null,null,null,null,null,null,null
Fri Aug 21 16:00:00 UTC 2026,7.84247,-1.24553322506E7,null,null,null,null,null,null,null,null,null,null
Fri Aug 21 17:00:00 UTC 2026,7.84247,-1.24847372506E7,null,null,null,null,null,null,null,null,null,null
Fri Aug 21 18:00:00 UTC 2026,7.84247,-1.24880692506E7,null,null,null,null,null,null,null,null,null,null
Fri Aug 21 19:00:00 UTC 2026,7.84247,-1.25075992506E7,null,null,null,null,null,null,null,null,null,null
Fri Aug 21 20:00:00 UTC 2026,7.84247,-1.25196372506E7,null,null,null,null,null,null,null,null,null,null
Fri Aug 21 21:00:00 UTC 2026,7.84247,-1.25196372506E7,null,null,null,null,null,null,null,null,null,null
Fri Aug 21 22:00:00 UTC 2026,7.84247,-1.25196372506E7,null,null,null,null,null,null,null,null,null,null
Fri Aug 21 23:00:00 UTC 2026,7.84247,-1.25196372506E7,null,null,null,null,null,null,null,null,null,null
Sat Aug 22 00:00:00 UTC 2026,7.84247,-1.25196372506E7,null,null,null,null,null,null,null,null,null,null
Sat Aug 22 01:00:00 UTC 2026,7.84247,-1.25196372506E7,null,null,null,null,null,null,null,null,null,null
Sat Aug 22 02:00:00 UTC 2026,7.84247,-1.25196372506E7,null,null,null,null,null,null,null,null,null,null
Sat Aug 22 03:00:00 UTC 2026,7.84247,-1.25196372506E7,null,null,null,null,null,null,null,null,null,null
Sat Aug 22 04:00:00 UTC 2026,7.84247,-1.25196372506E7,null,null,null,null,null,null,null,null,null,null
Sat Aug 22 05:00:00 UTC 2026,7.84247,-1.25196372506E7,null,null,null,null,null,null,null,null,null,null
