date,P_Kweek_26_Kday_-49_ETE_60_ORD_60_EXT_65_E2Ekor_70_EXTkor_59_DIFF_23,a,b,c,d,e,f,g,h,i,j
Tue Jul 21 04:00:00 UTC 2026,781.8813259498015,2.7575700000002143,859.0909033333332,null,null,null,1359.0909033333332,null,null,null
Tue Jul 21 05:00:00 UTC 2026,836.0223904240717,33.757570000000214,1002.3131255555554,null,null,null,1502.3131255555554,null,null,null
Tue Jul 21 06:00:00 UTC 2026,644.8367564993508,162.75757000000021,1145.5353477777776,null,null,null,1645.5353477777776,null,null,null
Tue Jul 21 07:00:00 UTC 2026,705.7454540329095,1188.7575699999998,1288.7575699999998,null,null,null,1788.7575699999998,null,null,null
Tue Jul 21 08:00:00 UTC 2026,814.8735371137906,1130.7575699999998,null,null,null,null,null,null,null,null
Tue Jul 21 09:00:00 UTC 2026,733.6619404024416,1067.7575699999998,null,null,null,null,null,null,null,null
Tue Jul 21 10:00:00 UTC 2026,679.5208759281713,1030.7575699999998,null,null,null,null,null,null,null,null
Tue Jul 21 11:00:00 UTC 2026,624.5338573215229,946.7575699999998,1046.7575699999998,1146.7575699999998,null,null,1546.7575699999998,1646.7575699999998,null,null
Tue Jul 21 12:00:00 UTC 2026,633.8393527780211,1055.7575699999998,1069.5909033333332,1169.5909033333332,null,null,1569.590903333333,1669.5909033333332,null,null
Tue Jul 21 13:00:00 UTC 2026,738.7376651968985,980.7575699999998,1092.4242366666663,1192.4242366666663,null,null,1592.4242366666665,1692.4242366666663,null,null
Tue Jul 21 14:00:00 UTC 2026,696.4399585763738,1176.7575699999998,1115.2575699999998,1215.2575699999998,null,null,1615.2575699999998,1715.2575699999998,null,null
Tue Jul 21 15:00:00 UTC 2026,607.6147746733205,1345.7575699999998,1138.0909033333332,1238.0909033333332,null,null,1638.090903333333,1738.0909033333332,null,null
Tue Jul 21 16:00:00 UTC 2026,558.5494349935072,1241.7575699999998,1160.9242366666663,1260.9242366666663,null,null,1660.9242366666665,1760.9242366666663,null,null
Tue Jul 21 17:00:00 UTC 2026,408.8155535568954,1298.7575699999998,1183.7575699999998,1283.7575699999998,null,null,1683.7575699999998,1783.7575699999998,null,null
Tue Jul 21 18:00:00 UTC 2026,130.49664399395277,1244.7575699999998,1206.5909033333332,1306.5909033333332,null,null,1706.5909033333332,1806.5909033333332,null,null
Tue Jul 21 19:00:00 UTC 2026,70.43390059280982,1284.7575699999998,1229.4242366666663,1329.4242366666663,null,null,1729.4242366666663,1829.4242366666663,null,null
Tue Jul 21 20:00:00 UTC 2026,102.58015762442066,1273.7575699999998,1252.2575699999998,1352.2575699999998,null,null,1752.2575699999998,1852.2575699999998,null,null
Tue Jul 21 21:00:00 UTC 2026,341.98517709650156,1252.7575699999998,1275.0909033333332,1375.0909033333332,null,null,1775.0909033333332,1875.0909033333332,null,null
Tue Jul 21 22:00:00 UTC 2026,443.4996729857159,1301.7575699999998,1297.9242366666663,1397.9242366666663,null,null,1797.9242366666663,1897.9242366666663,null,null
Tue Jul 21 23:00:00 UTC 2026,392.74242504110873,1296.7575699999998,1320.7575699999998,1420.7575699999998,null,null,1820.7575699999998,1920.7575699999998,null,null
Wed Jul 22 00:00:00 UTC 2026,715.8969036218234,1306.7575699999998,1343.590903333333,1443.590903333333,null,null,1843.590903333333,1943.590903333333,null,null
Wed Jul 22 01:00:00 UTC 2026,603.3850040112417,1293.7575699999998,1366.4242366666665,1466.4242366666665,null,null,1866.4242366666665,1966.4242366666665,null,null
Wed Jul 22 02:00:00 UTC 2026,476.49188414974253,1266.7575699999998,1389.2575699999998,1489.2575699999998,null,null,1889.2575699999998,1989.2575699999998,null,null
Wed Jul 22 03:00:00 UTC 2026,442.6537188533002,1228.7575699999998,1412.090903333333,1512.0909033333328,null,null,1912.090903333333,2012.090903333333,null,null
Wed Jul 22 04:00:00 UTC 2026,450.2673060450044,1241.7575699999998,1434.9242366666665,1534.9242366666667,null,null,1934.9242366666665,2034.9242366666665,null,null
Wed Jul 22 05:00:00 UTC 2026,632.1474445131896,1263.7575699999998,1457.7575699999998,1557.7575699999998,null,null,1957.7575699999998,2057.7575699999998,null,null
Wed Jul 22 06:00:00 UTC 2026,622.8419490566914,1233.7575699999998,1480.590903333333,1580.590903333333,null,null,1980.590903333333,2080.5909033333332,null,null
Wed Jul 22 07:00:00 UTC 2026,691.3642337819168,1279.7575699999998,1503.4242366666665,1603.4242366666665,null,null,2003.4242366666665,2103.4242366666663,null,null
Wed Jul 22 08:00:00 UTC 2026,815.7194912462063,1213.7575699999998,1526.2575699999998,1626.2575699999998,null,null,2026.2575699999998,2126.2575699999998,null,null
Wed Jul 22 09:00:00 UTC 2026,753.1188854478537,1218.7575699999998,1549.090903333333,1649.090903333333,null,null,2049.090903333333,2149.0909033333332,null,null
Wed Jul 22 10:00:00 UTC 2026,681.2127841930029,1301.7575699999998,1571.9242366666665,1671.9242366666665,null,null,2071.9242366666667,2171.9242366666667,null,null
Wed Jul 22 11:00:00 UTC 2026,680.3668300605871,1494.7575699999998,1594.7575699999998,1694.7575699999998,null,null,2094.7575699999998,2194.7575699999998,null,null
Wed Jul 22 12:00:00 UTC 2026,678.6749217957556,1489.7575699999998,null,null,null,null,null,null,null,null
Wed Jul 22 13:00:00 UTC 2026,546.7060771397619,1414.7575699999998,null,null,null,null,null,null,null,null
Wed Jul 22 14:00:00 UTC 2026,528.9410403591437,1421.7575699999998,null,null,null,null,null,null,null,null
Wed Jul 22 15:00:00 UTC 2026,497.64073745998616,1330.7575699999998,null,null,null,null,null,null,null,null
Wed Jul 22 16:00:00 UTC 2026,418.1210490134311,1311.7575699999998,null,null,null,null,null,null,null,null
Wed Jul 22 17:00:00 UTC 2026,574.622563509294,1346.7575699999998,null,null,null,null,null,null,null,null
Wed Jul 22 18:00:00 UTC 2026,792.8787296711312,1183.7575699999998,1283.7575699999998,null,1483.7575699999998,null,1783.7575699999998,null,1983.7575699999998,null
Wed Jul 22 19:00:00 UTC 2026,561.9332515231703,1229.7575699999998,1312.6742366666665,null,1512.6742366666665,null,1812.6742366666665,null,2012.6742366666665,null
Wed Jul 22 20:00:00 UTC 2026,830.9466656296148,1223.7575699999998,1341.590903333333,null,1541.590903333333,null,1841.590903333333,null,2041.590903333333,null
Wed Jul 22 21:00:00 UTC 2026,786.9570507442585,1198.7575699999998,1370.5075699999998,null,1570.5075699999998,null,1870.5075699999998,null,2070.5075699999998,null
Wed Jul 22 22:00:00 UTC 2026,793.7246838035469,1240.7575699999998,1399.4242366666665,null,1599.4242366666663,null,1899.4242366666663,null,2099.4242366666667,null
Wed Jul 22 23:00:00 UTC 2026,715.0509494894077,1278.7575699999998,1428.340903333333,null,1628.3409033333332,null,1928.3409033333332,null,2128.340903333333,null
Thu Jul 23 00:00:00 UTC 2026,337.7554064344603,1225.7575699999998,1457.2575699999998,null,1657.2575699999998,null,1957.2575699999998,null,2157.2575699999998,null
Thu Jul 23 01:00:00 UTC 2026,429.96440686717654,1296.7575699999998,1486.1742366666665,null,1686.1742366666665,null,1986.1742366666665,null,2186.1742366666667,null
Thu Jul 23 02:00:00 UTC 2026,457.88089323670863,1287.7575699999998,1515.090903333333,null,1715.090903333333,null,2015.090903333333,null,2215.090903333333,null
Thu Jul 23 03:00:00 UTC 2026,561.0872973907545,1286.7575699999998,1544.0075699999998,null,1744.0075699999998,null,2044.0075699999998,null,2244.0075699999998,null
Thu Jul 23 04:00:00 UTC 2026,609.3066829381145,1344.7575699999998,1572.9242366666665,null,1772.9242366666665,null,2072.9242366666667,null,2272.9242366666667,null
Thu Jul 23 05:00:00 UTC 2026,587.3118754954552,1304.7575699999998,1601.840903333333,null,1801.840903333333,null,2101.840903333333,null,2301.840903333333,null
Thu Jul 23 06:00:00 UTC 2026,435.04013166163355,1341.7575699999998,1630.7575699999998,null,1830.7575699999998,null,2130.7575699999998,null,2330.7575699999998,null
Thu Jul 23 07:00:00 UTC 2026,362.2880762743294,1477.7575699999998,1659.6742366666663,null,1859.6742366666663,null,2159.6742366666663,null,2359.6742366666663,null
Thu Jul 23 08:00:00 UTC 2026,557.7034808610915,1538.7575699999998,1688.5909033333332,null,1888.5909033333332,null,2188.5909033333332,null,2388.5909033333332,null
Thu Jul 23 09:00:00 UTC 2026,510.3300494461473,1624.7575699999998,1717.5075699999998,null,1917.5075699999998,null,2217.5075699999998,null,2417.5075699999998,null
Thu Jul 23 10:00:00 UTC 2026,414.7372324837681,1720.7575699999998,1746.4242366666663,null,1946.4242366666663,null,2246.4242366666663,null,2446.4242366666663,null
Thu Jul 23 11:00:00 UTC 2026,506.9462329164843,1590.7575699999998,1775.3409033333332,null,1975.3409033333332,null,2275.3409033333332,null,2475.3409033333332,null
Thu Jul 23 12:00:00 UTC 2026,336.0634981696288,1624.7575699999998,1804.2575699999998,null,2004.2575699999998,null,2304.2575699999998,null,2504.2575699999998,null
Thu Jul 23 13:00:00 UTC 2026,41.67146009086198,1723.7575699999998,1833.1742366666663,null,2033.1742366666663,null,2333.1742366666663,null,2533.1742366666663,null
Thu Jul 23 14:00:00 UTC 2026,20.522606780618368,1803.7575699999998,1862.0909033333332,null,2062.0909033333332,null,2362.0909033333332,null,2562.0909033333332,null
Thu Jul 23 15:00:00 UTC 2026,21.368560913034123,1794.7575699999998,1891.0075699999998,null,2091.0075699999998,null,2391.0075699999998,null,2591.0075699999998,null
Thu Jul 23 16:00:00 UTC 2026,2.7575700000002143,1874.7575699999998,1919.9242366666663,null,2119.9242366666663,null,2419.9242366666663,null,2619.9242366666663,null
Thu Jul 23 17:00:00 UTC 2026,157.56717623106908,1834.7575699999998,1948.8409033333332,null,2148.840903333333,null,2448.840903333333,null,2648.8409033333332,null
Thu Jul 23 18:00:00 UTC 2026,312.37678246213795,1877.7575699999998,1977.7575699999998,null,2177.7575699999998,null,2477.7575699999998,null,2677.7575699999998,null
Thu Jul 23 19:00:00 UTC 2026,565.3170680527958,1818.7575699999998,null,null,null,null,null,null,null,null
Thu Jul 23 20:00:00 UTC 2026,204.94060764605084,1797.7575699999998,null,null,null,null,null,null,null,null
Thu Jul 23 21:00:00 UTC 2026,311.53082832972217,1825.7575699999998,null,null,null,null,null,null,null,null
Thu Jul 23 22:00:00 UTC 2026,808.1059040545396,1866.7575699999998,null,null,null,null,null,null,null,null
Thu Jul 23 23:00:00 UTC 2026,1106.7277127953478,1809.7575699999998,null,null,null,null,null,null,null,null
Fri Jul 24 00:00:00 UTC 2026,1632.911183154491,1793.7575699999998,null,null,null,null,null,null,null,null
Fri Jul 24 01:00:00 UTC 2026,1899.3867348636884,1684.7575699999998,null,null,null,null,null,null,null,null
Fri Jul 24 02:00:00 UTC 2026,1957.7575699999998,1698.7575699999998,null,null,null,null,null,null,null,null
Fri Jul 24 03:00:00 UTC 2026,1478.1015769234223,1700.7575699999998,null,null,null,null,null,null,null,null
Fri Jul 24 04:00:00 UTC 2026,1798.7181931068897,1711.7575699999998,null,null,null,null,null,null,null,null
Fri Jul 24 05:00:00 UTC 2026,1753.0366699567394,1690.7575699999998,null,null,null,null,null,null,null,null
Fri Jul 24 06:00:00 UTC 2026,1538.1643203245276,1625.7575699999998,1725.7575699999998,null,1925.7575699999998,null,2225.7575699999998,null,2425.7575699999998,null
Fri Jul 24 07:00:00 UTC 2026,1599.0730178580864,1644.7575699999998,1808.7575699999998,null,2008.7575699999998,null,2308.7575699999998,null,2508.7575699999998,null
Fri Jul 24 08:00:00 UTC 2026,1622.7597335655773,1814.7575699999998,1891.7575699999998,null,2091.7575699999998,null,2391.7575699999998,null,2591.7575699999998,null
Fri Jul 24 09:00:00 UTC 2026,1511.9397422198272,1905.7575699999998,1974.7575699999998,null,2174.7575699999998,null,2474.7575699999998,null,2674.7575699999998,null
Fri Jul 24 10:00:00 UTC 2026,1612.6082839766257,1957.7575699999998,2057.7575699999998,null,2257.7575699999998,null,2557.7575699999998,null,2757.7575699999998,null
Fri Jul 24 11:00:00 UTC 2026,1457.798677745557,1839.7575699999998,null,null,null,null,null,null,null,null
Fri Jul 24 12:00:00 UTC 2026,1419.730741787111,1829.7575699999998,null,null,null,null,null,null,null,null
Fri Jul 24 13:00:00 UTC 2026,1483.1773017178793,1730.7575699999998,null,null,null,null,null,null,null,null
Fri Jul 24 14:00:00 UTC 2026,1469.6420355993023,1671.7575699999998,1771.7575699999998,null,null,null,2271.7575699999998,null,null,null
Fri Jul 24 15:00:00 UTC 2026,1533.9345496624865,1791.7575699999998,1778.35406122807,null,null,null,2278.35406122807,null,null,null
Fri Jul 24 16:00:00 UTC 2026,1418.8847876546952,1781.7575699999998,1784.95055245614,null,null,null,2284.95055245614,null,null,null
Fri Jul 24 17:00:00 UTC 2026,1154.1011442102917,1824.7575699999998,1791.5470436842102,null,null,null,2291.54704368421,null,null,null
Fri Jul 24 18:00:00 UTC 2026,913.8501706057953,1889.7575699999998,1798.1435349122803,null,null,null,2298.1435349122803,null,null,null
Fri Jul 24 19:00:00 UTC 2026,1069.5057309692797,1888.7575699999998,1804.7400261403504,null,null,null,2304.740026140351,null,null,null
Fri Jul 24 20:00:00 UTC 2026,825.024986702742,1875.7575699999998,1811.3365173684208,null,null,null,2311.336517368421,null,null,null
Fri Jul 24 21:00:00 UTC 2026,598.3092792167848,1875.7575699999998,1817.9330085964907,null,null,null,2317.9330085964907,null,null,null
Fri Jul 24 22:00:00 UTC 2026,734.5078945348573,1875.7575699999998,1824.529499824561,null,null,null,2324.5294998245613,null,null,null
Fri Jul 24 23:00:00 UTC 2026,896.9310879575929,1875.7575699999998,1831.1259910526312,null,null,null,2331.1259910526314,null,null,null
Sat Jul 25 00:00:00 UTC 2026,628.7636279835641,1875.7575699999998,1837.7224822807016,null,null,null,2337.7224822807016,null,null,null
Sat Jul 25 01:00:00 UTC 2026,276.0007547684859,1875.7575699999998,1844.3189735087715,null,null,null,2344.3189735087717,null,null,null
Sat Jul 25 02:00:00 UTC 2026,247.23831426653805,1875.7575699999998,1850.9154647368418,null,null,null,2350.915464736842,null,null,null
Sat Jul 25 03:00:00 UTC 2026,247.23831426653805,1875.7575699999998,1857.511955964912,null,null,null,2357.511955964912,null,null,null
Sat Jul 25 04:00:00 UTC 2026,3.79064,1875.7575699999998,null,1864.108447192982,null,null,null,null,2364.108447192982,null,null,null
Sat Jul 25 05:00:00 UTC 2026,3.79064,1875.7575699999998,null,1870.7049384210522,null,null,null,null,2370.7049384210522,null,null,null
Sat Jul 25 06:00:00 UTC 2026,3.79064,1875.7575699999998,null,1877.3014296491226,null,null,null,null,2377.3014296491224,null,null,null
Sat Jul 25 07:00:00 UTC 2026,3.79064,1875.7575699999998,null,1883.8979208771927,null,null,null,null,2383.8979208771925,null,null,null
Sat Jul 25 08:00:00 UTC 2026,3.79064,1875.7575699999998,null,1890.494412105263,null,null,null,null,2390.4944121052627,null,null,null
Sat Jul 25 09:00:00 UTC 2026,3.79064,1875.7575699999998,null,1897.090903333333,null,null,null,null,2397.090903333333,null,null,null
Sat Jul 25 10:00:00 UTC 2026,3.79064,1875.7575699999998,null,1903.6873945614034,null,null,null,null,2403.6873945614034,null,null,null
Sat Jul 25 11:00:00 UTC 2026,3.79064,1875.7575699999998,null,1910.2838857894735,null,null,null,null,2410.283885789473,null,null,null
Sat Jul 25 12:00:00 UTC 2026,3.79064,1875.7575699999998,null,1916.8803770175437,null,null,null,null,2416.8803770175437,null,null,null
Sat Jul 25 13:00:00 UTC 2026,3.79064,1875.7575699999998,null,1923.4768682456138,null,null,null,null,2423.4768682456133,null,null,null
Sat Jul 25 14:00:00 UTC 2026,3.79064,1875.7575699999998,null,1930.073359473684,null,null,null,null,2430.073359473684,null,null,null
Sat Jul 25 15:00:00 UTC 2026,3.79064,1875.7575699999998,null,1936.669850701754,null,null,null,null,2436.669850701754,null,null,null
Sat Jul 25 16:00:00 UTC 2026,3.79064,1875.7575699999998,null,1943.2663419298242,null,null,null,null,2443.266341929824,null,null,null
Sat Jul 25 17:00:00 UTC 2026,3.79064,1875.7575699999998,null,1949.8628331578943,null,null,null,null,2449.8628331578943,null,null,null
Sat Jul 25 18:00:00 UTC 2026,3.79064,1875.7575699999998,null,1956.4593243859647,null,null,null,null,2456.4593243859645,null,null,null
Sat Jul 25 19:00:00 UTC 2026,3.79064,1875.7575699999998,null,1963.0558156140348,null,null,null,null,2463.055815614035,null,null,null
Sat Jul 25 20:00:00 UTC 2026,3.79064,1875.7575699999998,null,1969.6523068421047,null,null,null,null,2469.6523068421047,null,null,null
Sat Jul 25 21:00:00 UTC 2026,3.79064,1875.7575699999998,null,1976.248798070175,null,null,null,null,2476.2487980701753,null,null,null
Sat Jul 25 22:00:00 UTC 2026,3.79064,1875.7575699999998,null,1982.845289298245,null,null,null,null,2482.845289298245,null,null,null
Sat Jul 25 23:00:00 UTC 2026,3.79064,1875.7575699999998,null,1989.4417805263156,null,null,null,null,2489.4417805263156,null,null,null
Sun Jul 26 00:00:00 UTC 2026,3.79064,1875.7575699999998,null,1996.0382717543857,null,null,null,null,2496.0382717543853,null,null,null
Sun Jul 26 01:00:00 UTC 2026,3.79064,1875.7575699999998,null,2002.6347629824559,null,null,null,null,2502.634762982456,null,null,null
Sun Jul 26 02:00:00 UTC 2026,3.79064,1875.7575699999998,null,2009.231254210526,null,null,null,null,2509.2312542105255,null,null,null
Sun Jul 26 03:00:00 UTC 2026,3.79064,1875.7575699999998,null,2015.8277454385961,null,null,null,null,2515.827745438596,null,null,null
Sun Jul 26 04:00:00 UTC 2026,3.79064,1875.7575699999998,null,2022.4242366666663,null,null,null,null,2522.4242366666663,null,null,null
Sun Jul 26 05:00:00 UTC 2026,3.79064,1875.7575699999998,null,2029.0207278947364,null,null,null,null,2529.0207278947364,null,null,null
Sun Jul 26 06:00:00 UTC 2026,3.79064,1875.7575699999998,null,2035.6172191228068,null,null,null,null,2535.6172191228065,null,null,null
Sun Jul 26 07:00:00 UTC 2026,3.79064,1875.7575699999998,null,2042.2137103508771,null,null,null,null,2542.2137103508767,null,null,null
Sun Jul 26 08:00:00 UTC 2026,3.79064,1875.7575699999998,null,2048.8102015789473,null,null,null,null,2548.8102015789473,null,null,null
Sun Jul 26 09:00:00 UTC 2026,3.79064,1875.7575699999998,null,2055.4066928070174,null,null,null,null,2555.406692807017,null,null,null
Sun Jul 26 10:00:00 UTC 2026,3.79064,1875.7575699999998,null,2062.0031840350875,null,null,null,null,2562.0031840350875,null,null,null
Sun Jul 26 11:00:00 UTC 2026,3.79064,1875.7575699999998,null,2068.5996752631577,null,null,null,null,2568.5996752631577,null,null,null
Sun Jul 26 12:00:00 UTC 2026,3.79064,1875.7575699999998,null,2075.196166491228,null,null,null,null,2575.196166491228,null,null,null
Sun Jul 26 13:00:00 UTC 2026,3.79064,1875.7575699999998,null,2081.792657719298,null,null,null,null,2581.792657719298,null,null,null
Sun Jul 26 14:00:00 UTC 2026,3.79064,1875.7575699999998,null,2088.389148947368,null,null,null,null,2588.389148947368,null,null,null
Sun Jul 26 15:00:00 UTC 2026,3.79064,1875.7575699999998,null,2094.985640175438,null,null,null,null,2594.9856401754387,null,null,null
Sun Jul 26 16:00:00 UTC 2026,3.79064,1875.7575699999998,null,2101.5821314035084,null,null,null,null,2601.5821314035084,null,null,null
Sun Jul 26 17:00:00 UTC 2026,3.79064,1875.7575699999998,null,2108.1786226315785,null,null,null,null,2608.178622631579,null,null,null
Sun Jul 26 18:00:00 UTC 2026,3.79064,1875.7575699999998,null,2114.7751138596486,null,null,null,null,2614.7751138596486,null,null,null
Sun Jul 26 19:00:00 UTC 2026,3.79064,1875.7575699999998,null,2121.3716050877188,null,null,null,null,2621.371605087719,null,null,null
Sun Jul 26 20:00:00 UTC 2026,3.79064,1875.7575699999998,null,2127.9680963157894,null,null,null,null,2627.968096315789,null,null,null
Sun Jul 26 21:00:00 UTC 2026,3.79064,2009.7575699999998,null,2134.564587543859,null,null,null,null,2634.5645875438595,null,null,null
Sun Jul 26 22:00:00 UTC 2026,3.79064,1936.7575699999998,null,2141.1610787719296,null,null,null,null,2641.161078771929,null,null,null
Sun Jul 26 23:00:00 UTC 2026,3.79064,2047.7575699999998,null,2147.7575699999998,null,null,null,null,2647.7575699999998,null,null,null
Mon Jul 27 00:00:00 UTC 2026,3.79064,842.7575699999998,null,null,null,null,null,null,null,null,null,null
Mon Jul 27 01:00:00 UTC 2026,3.79064,850.7575699999998,null,null,null,null,null,null,null,null,null,null
Mon Jul 27 02:00:00 UTC 2026,3.79064,810.7575700000002,null,null,null,null,null,null,null,null,null,null
Mon Jul 27 03:00:00 UTC 2026,3.79064,792.7575700000002,null,892.7575700000002,null,null,null,null,1392.7575700000002,null,null,null
Mon Jul 27 04:00:00 UTC 2026,3.79064,827.7575699999998,null,990.2121154545456,null,null,null,null,1490.2121154545457,null,null,null
Mon Jul 27 05:00:00 UTC 2026,3.79064,809.7575700000002,null,1087.6666609090912,null,null,null,null,1587.666660909091,null,null,null
Mon Jul 27 06:00:00 UTC 2026,3.79064,960.7575699999998,null,1185.1212063636365,null,null,null,null,1685.1212063636362,null,null,null
Mon Jul 27 07:00:00 UTC 2026,3.79064,920.7575699999998,null,1282.5757518181817,null,null,null,null,1782.5757518181817,null,null,null
Mon Jul 27 08:00:00 UTC 2026,3.79064,944.7575699999998,null,1380.0302972727272,null,null,null,null,1880.0302972727272,null,null,null
Mon Jul 27 09:00:00 UTC 2026,3.79064,939.7575699999998,null,1477.4848427272727,null,null,null,null,1977.4848427272725,null,null,null
Mon Jul 27 10:00:00 UTC 2026,3.79064,955.7575699999998,null,1574.9393881818182,null,null,null,null,2074.939388181818,null,null,null
Mon Jul 27 11:00:00 UTC 2026,3.79064,1574.7575699999998,null,1672.3939336363637,null,null,null,null,2172.3939336363637,null,null,null
Mon Jul 27 12:00:00 UTC 2026,3.79064,1721.7575699999998,null,1769.848479090909,null,null,null,null,2269.8484790909088,null,null,null
Mon Jul 27 13:00:00 UTC 2026,3.79064,1839.7575699999998,null,1867.3030245454543,null,null,null,null,2367.3030245454543,null,null,null
Mon Jul 27 14:00:00 UTC 2026,3.79064,1864.7575699999998,null,1964.7575699999998,null,null,null,null,2464.7575699999998,null,null,null
Mon Jul 27 15:00:00 UTC 2026,3.79064,1729.7575699999998,null,null,null,null,null,null,null,null,null,null
Mon Jul 27 16:00:00 UTC 2026,3.79064,1720.7575699999998,null,null,null,null,null,null,null,null,null,null
Mon Jul 27 17:00:00 UTC 2026,3.79064,1671.7575699999998,null,null,null,null,null,null,null,null,null,null
Mon Jul 27 18:00:00 UTC 2026,3.79064,1597.7575699999998,null,null,null,null,null,null,null,null,null,null
Mon Jul 27 19:00:00 UTC 2026,3.79064,1674.7575699999998,null,null,null,null,null,null,null,null,null,null
Mon Jul 27 20:00:00 UTC 2026,3.79064,1596.7575699999998,null,1696.7575699999998,null,null,null,null,2196.7575699999998,null,null,null
Mon Jul 27 21:00:00 UTC 2026,3.79064,1649.7575699999998,null,1781.4075699999999,null,null,null,null,2281.40757,null,null,null
Mon Jul 27 22:00:00 UTC 2026,3.79064,1653.7575699999998,null,1866.0575699999997,null,null,null,null,2366.05757,null,null,null
Mon Jul 27 23:00:00 UTC 2026,3.79064,1637.7575699999998,null,1950.7075699999998,null,null,null,null,2450.7075699999996,null,null,null
Tue Jul 28 00:00:00 UTC 2026,3.79064,1613.7575699999998,null,2035.3575699999997,null,null,null,null,2535.3575699999997,null,null,null
Tue Jul 28 01:00:00 UTC 2026,3.79064,1645.7575699999998,null,2120.0075699999998,null,null,null,null,2620.0075699999998,null,null,null
Tue Jul 28 02:00:00 UTC 2026,3.79064,1631.7575699999998,null,2204.65757,null,null,null,null,2704.6575699999994,null,null,null
Tue Jul 28 03:00:00 UTC 2026,3.79064,1629.7575699999998,null,2289.30757,null,null,null,null,2789.30757,null,null,null
Tue Jul 28 04:00:00 UTC 2026,3.79064,1686.7575699999998,null,2373.9575699999996,null,null,null,null,2873.9575699999996,null,null,null
Tue Jul 28 05:00:00 UTC 2026,3.79064,1663.7575699999998,null,2458.60757,null,null,null,null,2958.60757,null,null,null
Tue Jul 28 06:00:00 UTC 2026,3.79064,1687.7575699999998,null,2543.2575699999998,null,null,null,null,3043.2575699999998,null,null,null
Tue Jul 28 07:00:00 UTC 2026,3.79064,2499.7575699999998,null,2627.90757,null,null,null,null,3127.90757,null,null,null
Tue Jul 28 08:00:00 UTC 2026,3.79064,2715.7575699999998,null,2712.55757,null,null,null,null,3212.5575699999995,null,null,null
Tue Jul 28 09:00:00 UTC 2026,3.79064,2807.7575699999998,null,2797.20757,null,null,null,null,3297.20757,null,null,null
Tue Jul 28 10:00:00 UTC 2026,3.79064,2858.7575699999998,null,2881.8575699999997,null,null,null,null,3381.8575699999997,null,null,null
Tue Jul 28 11:00:00 UTC 2026,3.79064,3005.7575699999998,null,2966.5075699999998,null,null,null,null,3466.5075699999998,null,null,null
Tue Jul 28 12:00:00 UTC 2026,3.79064,3126.7575699999998,null,3051.15757,null,null,null,null,3551.15757,null,null,null
Tue Jul 28 13:00:00 UTC 2026,3.79064,3215.7575699999998,null,3135.8075699999995,null,null,null,null,3635.8075699999995,null,null,null
Tue Jul 28 14:00:00 UTC 2026,3.79064,3264.7575699999998,null,3220.45757,null,null,null,null,3720.45757,null,null,null
Tue Jul 28 15:00:00 UTC 2026,3.79064,3239.7575699999998,null,3305.1075699999997,null,null,null,null,3805.1075699999997,null,null,null
Tue Jul 28 16:00:00 UTC 2026,3.79064,3289.7575699999998,null,3389.7575699999998,null,null,null,null,3889.7575699999998,null,null,null
Tue Jul 28 17:00:00 UTC 2026,3.79064,3040.7575699999998,null,null,null,null,null,null,null,null,null,null
Tue Jul 28 18:00:00 UTC 2026,3.79064,3142.7575699999998,null,null,null,null,null,null,null,null,null,null
Tue Jul 28 19:00:00 UTC 2026,3.79064,3165.7575699999998,null,null,null,null,null,null,null,null,null,null
Tue Jul 28 20:00:00 UTC 2026,3.79064,3076.7575699999998,null,null,null,null,null,null,null,null,null,null
Tue Jul 28 21:00:00 UTC 2026,3.79064,3113.7575699999998,null,null,null,null,null,null,null,null,null,null
Tue Jul 28 22:00:00 UTC 2026,3.79064,3029.7575699999998,null,null,null,null,null,null,null,null,null,null
Tue Jul 28 23:00:00 UTC 2026,3.79064,3089.7575699999998,null,null,null,null,null,null,null,null,null,null
Wed Jul 29 00:00:00 UTC 2026,3.79064,3097.7575699999998,null,null,null,null,null,null,null,null,null,null
Wed Jul 29 01:00:00 UTC 2026,3.79064,3042.7575699999998,null,null,null,null,null,null,null,null,null,null
Wed Jul 29 02:00:00 UTC 2026,3.79064,3115.7575699999998,null,null,null,null,null,null,null,null,null,null
Wed Jul 29 03:00:00 UTC 2026,3.79064,3169.7575699999998,null,null,null,null,null,null,null,null,null,null
Wed Jul 29 04:00:00 UTC 2026,3.79064,3124.7575699999998,null,null,null,null,null,null,null,null,null,null
Wed Jul 29 05:00:00 UTC 2026,3.79064,3098.7575699999998,null,null,null,null,null,null,null,null,null,null
Wed Jul 29 06:00:00 UTC 2026,3.79064,2808.7575699999998,null,null,null,null,null,null,null,null,null,null
Wed Jul 29 07:00:00 UTC 2026,3.79064,2778.7575699999998,null,null,null,null,null,null,null,null,null,null
Wed Jul 29 08:00:00 UTC 2026,3.79064,2650.7575699999998,null,null,null,null,null,null,null,null,null,null
Wed Jul 29 09:00:00 UTC 2026,3.79064,2660.7575699999998,null,null,null,null,null,null,null,null,null,null
Wed Jul 29 10:00:00 UTC 2026,3.79064,2525.7575699999998,null,null,null,null,null,null,null,null,null,null
Wed Jul 29 11:00:00 UTC 2026,3.79064,2476.7575699999998,null,null,null,null,null,null,null,null,null,null
Wed Jul 29 12:00:00 UTC 2026,3.79064,2476.7575699999998,null,null,null,null,null,null,null,null,null,null
Wed Jul 29 13:00:00 UTC 2026,3.79064,2375.7575699999998,null,null,null,null,null,null,null,null,null,null
Wed Jul 29 14:00:00 UTC 2026,3.79064,2393.7575699999998,null,null,null,null,null,null,null,null,null,null
Wed Jul 29 15:00:00 UTC 2026,3.79064,2267.7575699999998,null,null,null,null,null,null,null,null,null,null
Wed Jul 29 16:00:00 UTC 2026,3.79064,2356.7575699999998,null,null,null,null,null,null,null,null,null,null
Wed Jul 29 17:00:00 UTC 2026,3.79064,2382.7575699999998,null,null,null,null,null,null,null,null,null,null
Wed Jul 29 18:00:00 UTC 2026,3.79064,2380.7575699999998,null,null,null,null,null,null,null,null,null,null
Wed Jul 29 19:00:00 UTC 2026,3.79064,2205.7575699999998,null,null,null,null,null,null,null,null,null,null
Wed Jul 29 20:00:00 UTC 2026,3.79064,2188.7575699999998,null,null,null,null,null,null,null,null,null,null
Wed Jul 29 21:00:00 UTC 2026,3.79064,2130.7575699999998,null,2230.7575699999998,null,null,null,null,2730.7575699999998,null,null,null
Wed Jul 29 22:00:00 UTC 2026,3.79064,2221.7575699999998,null,2249.6575699999994,null,null,null,null,2768.4242366666663,null,null,null
Wed Jul 29 23:00:00 UTC 2026,3.79064,2266.7575699999998,null,2268.55757,null,null,null,null,2806.0909033333332,null,null,null
Thu Jul 30 00:00:00 UTC 2026,3.79064,2203.7575699999998,null,2287.4575699999996,null,null,null,null,2843.7575699999998,null,null,null
Thu Jul 30 01:00:00 UTC 2026,3.79064,2239.7575699999998,null,2306.3575699999997,null,null,null,null,2881.4242366666663,null,null,null
Thu Jul 30 02:00:00 UTC 2026,3.79064,2312.7575699999998,null,2325.2575699999998,null,null,null,null,2919.0909033333332,null,null,null
Thu Jul 30 03:00:00 UTC 2026,3.79064,2368.7575699999998,null,2344.15757,null,null,null,null,2956.7575699999998,null,null,null
Thu Jul 30 04:00:00 UTC 2026,3.79064,2443.7575699999998,null,2363.05757,null,null,null,null,2994.4242366666663,null,null,null
Thu Jul 30 05:00:00 UTC 2026,3.79064,2393.7575699999998,null,2381.9575699999996,null,null,null,null,3032.090903333333,null,null,null
Thu Jul 30 06:00:00 UTC 2026,3.79064,2469.7575699999998,null,2400.85757,null,null,null,null,3069.7575699999998,null,null,null
Thu Jul 30 07:00:00 UTC 2026,3.79064,2441.7575699999998,null,2419.7575699999998,null,null,null,null,null,null,null,null
Thu Jul 30 08:00:00 UTC 2026,3.79064,2429.7575699999998,null,2438.65757,null,null,null,null,null,null,null,null
Thu Jul 30 09:00:00 UTC 2026,3.79064,2319.7575699999998,null,2457.55757,null,null,null,null,null,null,null,null
Thu Jul 30 10:00:00 UTC 2026,3.79064,2365.7575699999998,null,2476.4575699999996,null,null,null,null,null,null,null,null
Thu Jul 30 11:00:00 UTC 2026,3.79064,2378.7575699999998,null,2495.3575699999997,null,null,null,null,null,null,null,null
Thu Jul 30 12:00:00 UTC 2026,3.79064,2439.7575699999998,null,2514.2575699999998,null,null,null,null,null,null,null,null
Thu Jul 30 13:00:00 UTC 2026,3.79064,2321.7575699999998,null,2533.15757,null,null,null,null,null,null,null,null
Thu Jul 30 14:00:00 UTC 2026,3.79064,2333.7575699999998,null,2552.0575699999995,null,null,null,null,null,null,null,null
Thu Jul 30 15:00:00 UTC 2026,3.79064,2351.7575699999998,null,2570.95757,null,null,null,null,null,null,null,null
Thu Jul 30 16:00:00 UTC 2026,3.79064,2463.7575699999998,null,2589.8575699999997,null,null,null,null,null,null,null,null
Thu Jul 30 17:00:00 UTC 2026,3.79064,2508.7575699999998,null,2608.7575699999998,null,null,null,null,null,null,null,null
Thu Jul 30 18:00:00 UTC 2026,3.79064,2463.7575699999998,null,null,null,null,null,null,null,null,null,null
Thu Jul 30 19:00:00 UTC 2026,3.79064,2388.7575699999998,null,null,null,null,null,null,null,null,null,null
Thu Jul 30 20:00:00 UTC 2026,3.79064,2439.7575699999998,null,null,null,null,null,null,null,null,null,null
Thu Jul 30 21:00:00 UTC 2026,3.79064,2375.7575699999998,null,null,null,null,null,null,null,null,null,null
Thu Jul 30 22:00:00 UTC 2026,3.79064,2401.7575699999998,null,null,null,null,null,null,null,null,null,null
Thu Jul 30 23:00:00 UTC 2026,3.79064,2088.7575699999998,null,null,null,null,null,null,null,null,null,null
Fri Jul 31 00:00:00 UTC 2026,3.79064,1951.7575699999998,null,2051.7575699999998,null,null,null,null,2551.7575699999998,null,null,null
Fri Jul 31 01:00:00 UTC 2026,3.79064,1958.7575699999998,null,2086.090903333333,null,null,null,null,2586.0909033333332,null,null,null
Fri Jul 31 02:00:00 UTC 2026,3.79064,1963.7575699999998,null,2120.4242366666667,null,null,null,null,2620.4242366666663,null,null,null
Fri Jul 31 03:00:00 UTC 2026,3.79064,1979.7575699999998,null,2154.7575699999998,null,null,null,null,2654.7575699999998,null,null,null
Fri Jul 31 04:00:00 UTC 2026,3.79064,2082.7575699999998,null,2189.090903333333,null,null,null,null,2689.090903333333,null,null,null
Fri Jul 31 05:00:00 UTC 2026,3.79064,2045.7575699999998,null,2223.4242366666667,null,null,null,null,2723.4242366666667,null,null,null
Fri Jul 31 06:00:00 UTC 2026,3.79064,2070.7575699999998,null,2257.7575699999998,null,null,null,null,2757.7575699999998,null,null,null
Fri Jul 31 07:00:00 UTC 2026,3.79064,2135.7575699999998,null,2292.0909033333332,null,null,null,null,2792.0909033333332,null,null,null
Fri Jul 31 08:00:00 UTC 2026,3.79064,2108.7575699999998,null,2326.4242366666663,null,null,null,null,2826.4242366666663,null,null,null
Fri Jul 31 09:00:00 UTC 2026,3.79064,2145.7575699999998,null,2360.7575699999998,null,null,null,null,2860.7575699999998,null,null,null
Fri Jul 31 10:00:00 UTC 2026,3.79064,2337.7575699999998,null,2395.0909033333332,null,null,null,null,2895.0909033333332,null,null,null
Fri Jul 31 11:00:00 UTC 2026,3.79064,2268.7575699999998,null,2429.4242366666663,null,null,null,null,2929.4242366666663,null,null,null
Fri Jul 31 12:00:00 UTC 2026,3.79064,2363.7575699999998,null,2463.7575699999998,null,null,null,null,2963.7575699999998,null,null,null
Fri Jul 31 13:00:00 UTC 2026,3.79064,2322.7575699999998,null,null,null,null,null,null,null,null,null,null
Fri Jul 31 14:00:00 UTC 2026,3.79064,2242.7575699999998,null,null,null,null,null,null,null,null,null,null
Fri Jul 31 15:00:00 UTC 2026,3.79064,2066.7575699999998,null,null,null,null,null,null,null,null,null,null
Fri Jul 31 16:00:00 UTC 2026,3.79064,1925.7575699999998,null,null,null,null,null,null,null,null,null,null
Fri Jul 31 17:00:00 UTC 2026,3.79064,1853.7575699999998,null,null,null,null,null,null,null,null,null,null
Fri Jul 31 18:00:00 UTC 2026,3.79064,1867.7575699999998,null,null,null,null,null,null,null,null,null,null
Fri Jul 31 19:00:00 UTC 2026,3.79064,1833.7575699999998,null,1933.7575699999998,null,null,null,null,2433.7575699999998,null,null,null
Fri Jul 31 20:00:00 UTC 2026,3.79064,1918.7575699999998,null,1944.1037238461536,null,null,null,null,2444.1037238461536,null,null,null
Fri Jul 31 21:00:00 UTC 2026,3.79064,1918.7575699999998,null,1954.4498776923076,null,null,null,null,2454.4498776923074,null,null,null
Fri Jul 31 22:00:00 UTC 2026,3.79064,1918.7575699999998,null,1964.7960315384612,null,null,null,null,2464.796031538461,null,null,null
Fri Jul 31 23:00:00 UTC 2026,3.79064,1918.7575699999998,null,1975.1421853846152,null,null,null,null,2475.142185384615,null,null,null
Sat Aug 01 00:00:00 UTC 2026,3.79064,1918.7575699999998,null,1985.488339230769,null,null,null,null,2485.488339230769,null,null,null
Sat Aug 01 01:00:00 UTC 2026,3.79064,1918.7575699999998,null,1995.8344930769229,null,null,null,null,2495.8344930769226,null,null,null
Sat Aug 01 02:00:00 UTC 2026,3.79064,1918.7575699999998,null,2006.1806469230767,null,null,null,null,2506.180646923077,null,null,null
Sat Aug 01 03:00:00 UTC 2026,3.79064,1918.7575699999998,null,2016.5268007692305,null,null,null,null,2516.5268007692307,null,null,null
Sat Aug 01 04:00:00 UTC 2026,3.79064,1918.7575699999998,null,2026.8729546153843,null,null,null,null,2526.872954615384,null,null,null
Sat Aug 01 05:00:00 UTC 2026,3.79064,1918.7575699999998,null,2037.2191084615383,null,null,null,null,2537.2191084615383,null,null,null
Sat Aug 01 06:00:00 UTC 2026,3.79064,1918.7575699999998,null,2047.5652623076921,null,null,null,null,2547.565262307692,null,null,null
Sat Aug 01 07:00:00 UTC 2026,3.79064,1918.7575699999998,null,2057.911416153846,null,null,null,null,2557.911416153846,null,null,null
Sat Aug 01 08:00:00 UTC 2026,3.79064,1918.7575699999998,null,2068.2575699999998,null,null,null,null,2568.2575699999998,null,null,null
Sat Aug 01 09:00:00 UTC 2026,3.79064,1918.7575699999998,null,2078.6037238461536,null,null,null,null,2578.6037238461536,null,null,null
Sat Aug 01 10:00:00 UTC 2026,3.79064,1918.7575699999998,null,2088.9498776923074,null,null,null,null,2588.9498776923074,null,null,null
Sat Aug 01 11:00:00 UTC 2026,3.79064,1918.7575699999998,null,2099.296031538461,null,null,null,null,2599.296031538461,null,null,null
Sat Aug 01 12:00:00 UTC 2026,3.79064,1918.7575699999998,null,2109.642185384615,null,null,null,null,2609.6421853846155,null,null,null
Sat Aug 01 13:00:00 UTC 2026,3.79064,1918.7575699999998,null,2119.9883392307693,null,null,null,null,2619.9883392307693,null,null,null
Sat Aug 01 14:00:00 UTC 2026,3.79064,1918.7575699999998,null,2130.3344930769226,null,null,null,null,2630.3344930769226,null,null,null
Sat Aug 01 15:00:00 UTC 2026,3.79064,1918.7575699999998,null,2140.680646923077,null,null,null,null,2640.680646923077,null,null,null
Sat Aug 01 16:00:00 UTC 2026,3.79064,1918.7575699999998,null,2151.0268007692302,null,null,null,null,2651.0268007692302,null,null,null
Sat Aug 01 17:00:00 UTC 2026,3.79064,1918.7575699999998,null,2161.3729546153845,null,null,null,null,2661.372954615384,null,null,null
Sat Aug 01 18:00:00 UTC 2026,3.79064,1918.7575699999998,null,2171.7191084615383,null,null,null,null,2671.719108461538,null,null,null
Sat Aug 01 19:00:00 UTC 2026,3.79064,1918.7575699999998,null,2182.065262307692,null,null,null,null,2682.065262307692,null,null,null
Sat Aug 01 20:00:00 UTC 2026,3.79064,1918.7575699999998,null,2192.411416153846,null,null,null,null,2692.411416153846,null,null,null
Sat Aug 01 21:00:00 UTC 2026,3.79064,1918.7575699999998,null,2202.7575699999998,null,null,null,null,2702.7575699999998,null,null,null
Sat Aug 01 22:00:00 UTC 2026,3.79064,1918.7575699999998,null,2213.1037238461536,null,null,null,null,2713.103723846154,null,null,null
Sat Aug 01 23:00:00 UTC 2026,3.79064,1918.7575699999998,null,2223.4498776923074,null,null,null,null,2723.4498776923074,null,null,null
Sun Aug 02 00:00:00 UTC 2026,3.79064,1918.7575699999998,null,2233.796031538461,null,null,null,null,2733.7960315384616,null,null,null
Sun Aug 02 01:00:00 UTC 2026,3.79064,1918.7575699999998,null,2244.142185384615,null,null,null,null,2744.142185384615,null,null,null
Sun Aug 02 02:00:00 UTC 2026,3.79064,1918.7575699999998,null,2254.4883392307693,null,null,null,null,2754.4883392307693,null,null,null
Sun Aug 02 03:00:00 UTC 2026,3.79064,1918.7575699999998,null,2264.834493076923,null,null,null,null,2764.8344930769226,null,null,null
Sun Aug 02 04:00:00 UTC 2026,3.79064,1918.7575699999998,null,2275.1806469230764,null,null,null,null,2775.180646923077,null,null,null
Sun Aug 02 05:00:00 UTC 2026,3.79064,1918.7575699999998,null,2285.5268007692302,null,null,null,null,2785.5268007692302,null,null,null
Sun Aug 02 06:00:00 UTC 2026,3.79064,1918.7575699999998,null,2295.8729546153845,null,null,null,null,2795.8729546153845,null,null,null
Sun Aug 02 07:00:00 UTC 2026,3.79064,1918.7575699999998,null,2306.2191084615383,null,null,null,null,2806.2191084615383,null,null,null
Sun Aug 02 08:00:00 UTC 2026,3.79064,1918.7575699999998,null,2316.565262307692,null,null,null,null,2816.565262307692,null,null,null
Sun Aug 02 09:00:00 UTC 2026,3.79064,1918.7575699999998,null,2326.911416153846,null,null,null,null,2826.911416153846,null,null,null
Sun Aug 02 10:00:00 UTC 2026,3.79064,1918.7575699999998,null,2337.2575699999998,null,null,null,null,2837.2575699999998,null,null,null
Sun Aug 02 11:00:00 UTC 2026,3.79064,1918.7575699999998,null,2347.6037238461536,null,null,null,null,2847.6037238461536,null,null,null
Sun Aug 02 12:00:00 UTC 2026,3.79064,1918.7575699999998,null,2357.9498776923074,null,null,null,null,2857.9498776923074,null,null,null
Sun Aug 02 13:00:00 UTC 2026,3.79064,1918.7575699999998,null,2368.296031538461,null,null,null,null,2868.296031538461,null,null,null
Sun Aug 02 14:00:00 UTC 2026,3.79064,1918.7575699999998,null,2378.642185384615,null,null,null,null,2878.642185384615,null,null,null
Sun Aug 02 15:00:00 UTC 2026,3.79064,1918.7575699999998,null,2388.9883392307693,null,null,null,null,2888.988339230769,null,null,null
Sun Aug 02 16:00:00 UTC 2026,3.79064,1918.7575699999998,null,2399.3344930769226,null,null,null,null,2899.334493076923,null,null,null
Sun Aug 02 17:00:00 UTC 2026,3.79064,1918.7575699999998,null,2409.680646923077,null,null,null,null,2909.6806469230764,null,null,null
Sun Aug 02 18:00:00 UTC 2026,3.79064,1918.7575699999998,null,2420.0268007692307,null,null,null,null,2920.0268007692307,null,null,null
Sun Aug 02 19:00:00 UTC 2026,3.79064,1918.7575699999998,null,2430.3729546153845,null,null,null,null,2930.3729546153845,null,null,null
Sun Aug 02 20:00:00 UTC 2026,3.79064,1918.7575699999998,null,2440.7191084615383,null,null,null,null,2940.7191084615383,null,null,null
Sun Aug 02 21:00:00 UTC 2026,3.79064,2095.7575699999998,null,2451.065262307692,null,null,null,null,2951.065262307692,null,null,null
Sun Aug 02 22:00:00 UTC 2026,3.79064,2226.7575699999998,null,2461.4114161538455,null,null,null,null,2961.411416153846,null,null,null
Sun Aug 02 23:00:00 UTC 2026,3.79064,2371.7575699999998,null,2471.7575699999998,null,null,null,null,2971.7575699999998,null,null,null
Mon Aug 03 00:00:00 UTC 2026,3.79064,2317.7575699999998,null,null,null,null,null,null,null,null,null,null
Mon Aug 03 01:00:00 UTC 2026,3.79064,2281.7575699999998,null,null,null,null,null,null,null,null,null,null
Mon Aug 03 02:00:00 UTC 2026,3.79064,2305.7575699999998,null,null,null,null,null,null,null,null,null,null
Mon Aug 03 03:00:00 UTC 2026,3.79064,2252.7575699999998,null,null,null,null,null,null,null,null,null,null
Mon Aug 03 04:00:00 UTC 2026,3.79064,2137.7575699999998,null,null,null,null,null,null,null,null,null,null
Mon Aug 03 05:00:00 UTC 2026,3.79064,2196.7575699999998,null,null,null,null,null,null,null,null,null,null
Mon Aug 03 06:00:00 UTC 2026,3.79064,2060.7575699999998,null,null,null,null,null,null,null,null,null,null
Mon Aug 03 07:00:00 UTC 2026,3.79064,2200.7575699999998,null,null,null,null,null,null,null,null,null,null
Mon Aug 03 08:00:00 UTC 2026,3.79064,2104.7575699999998,null,null,null,null,null,null,null,null,null,null
Mon Aug 03 09:00:00 UTC 2026,3.79064,2135.7575699999998,null,null,null,null,null,null,null,null,null,null
Mon Aug 03 10:00:00 UTC 2026,3.79064,2049.7575699999998,null,null,null,null,null,null,null,null,null,null
Mon Aug 03 11:00:00 UTC 2026,3.79064,2079.7575699999998,null,null,null,null,null,null,null,null,null,null
Mon Aug 03 12:00:00 UTC 2026,3.79064,2053.7575699999998,null,null,null,null,null,null,null,null,null,null
Mon Aug 03 13:00:00 UTC 2026,3.79064,2063.7575699999998,null,null,null,null,null,null,null,null,null,null
Mon Aug 03 14:00:00 UTC 2026,3.79064,1975.7575699999998,null,null,null,null,null,null,null,null,null,null
Mon Aug 03 15:00:00 UTC 2026,3.79064,2133.7575699999998,null,null,null,null,null,null,null,null,null,null
Mon Aug 03 16:00:00 UTC 2026,3.79064,2110.7575699999998,null,null,null,null,null,null,null,null,null,null
Mon Aug 03 17:00:00 UTC 2026,3.79064,2041.7575699999998,null,null,null,null,null,null,null,null,null,null
Mon Aug 03 18:00:00 UTC 2026,3.79064,1955.7575699999998,null,null,null,null,null,null,null,null,null,null
Mon Aug 03 19:00:00 UTC 2026,3.79064,1867.7575699999998,null,null,null,null,null,null,null,null,null,null
Mon Aug 03 20:00:00 UTC 2026,3.79064,1798.7575699999998,null,null,null,null,null,null,null,null,null,null
Mon Aug 03 21:00:00 UTC 2026,3.79064,1681.7575699999998,null,null,null,null,null,null,null,null,null,null
Mon Aug 03 22:00:00 UTC 2026,3.79064,1724.7575699999998,null,null,null,null,null,null,null,null,null,null
Mon Aug 03 23:00:00 UTC 2026,3.79064,1713.7575699999998,null,null,null,null,null,null,null,null,null,null
Tue Aug 04 00:00:00 UTC 2026,3.79064,1782.7575699999998,null,null,null,null,null,null,null,null,null,null
Tue Aug 04 01:00:00 UTC 2026,3.79064,1744.7575699999998,null,null,null,null,null,null,null,null,null,null
Tue Aug 04 02:00:00 UTC 2026,3.79064,1791.7575699999998,null,null,null,null,null,null,null,null,null,null
Tue Aug 04 03:00:00 UTC 2026,3.79064,1760.7575699999998,null,null,null,null,null,null,null,null,null,null
Tue Aug 04 04:00:00 UTC 2026,3.79064,1730.7575699999998,null,null,null,null,null,null,null,null,null,null
Tue Aug 04 05:00:00 UTC 2026,3.79064,1670.7575699999998,null,null,null,null,null,null,null,null,null,null
Tue Aug 04 06:00:00 UTC 2026,3.79064,1626.7575699999998,null,null,null,null,null,null,null,null,null,null
Tue Aug 04 07:00:00 UTC 2026,3.79064,553.7575700000002,null,null,null,null,null,null,null,null,null,null
Tue Aug 04 08:00:00 UTC 2026,3.79064,497.7575700000002,null,null,null,null,null,null,null,null,null,null
Tue Aug 04 09:00:00 UTC 2026,3.79064,564.7575700000002,null,null,null,null,null,null,null,null,null,null
Tue Aug 04 10:00:00 UTC 2026,3.79064,537.7575700000002,null,null,null,null,null,null,null,null,null,null
Tue Aug 04 11:00:00 UTC 2026,3.79064,559.7575700000002,null,null,null,null,null,null,null,null,null,null
Tue Aug 04 12:00:00 UTC 2026,3.79064,513.7575700000002,null,null,null,null,null,null,null,null,null,null
Tue Aug 04 13:00:00 UTC 2026,3.79064,533.7575700000002,null,null,null,null,null,null,null,null,null,null
Tue Aug 04 14:00:00 UTC 2026,3.79064,561.7575700000002,null,null,null,null,null,null,null,null,null,null
Tue Aug 04 15:00:00 UTC 2026,3.79064,513.7575700000002,null,null,null,null,null,null,null,null,null,null
Tue Aug 04 16:00:00 UTC 2026,3.79064,532.7575700000002,null,null,null,null,null,null,null,null,null,null
Tue Aug 04 17:00:00 UTC 2026,3.79064,575.7575700000002,null,null,null,null,null,null,null,null,null,null
Tue Aug 04 18:00:00 UTC 2026,3.79064,559.7575700000002,null,null,null,null,null,null,null,null,null,null
Tue Aug 04 19:00:00 UTC 2026,3.79064,631.7575700000002,null,null,null,null,null,null,null,null,null,null
Tue Aug 04 20:00:00 UTC 2026,3.79064,661.7575700000002,null,null,null,null,null,null,null,null,null,null
Tue Aug 04 21:00:00 UTC 2026,3.79064,554.7575700000002,null,null,null,null,null,null,null,null,null,null
Tue Aug 04 22:00:00 UTC 2026,3.79064,494.7575700000002,null,null,null,null,null,null,null,null,null,null
Tue Aug 04 23:00:00 UTC 2026,3.79064,512.7575700000002,null,null,null,null,null,null,null,null,null,null
Wed Aug 05 00:00:00 UTC 2026,3.79064,493.7575700000002,null,null,null,null,null,null,null,null,null,null
Wed Aug 05 01:00:00 UTC 2026,3.79064,573.7575700000002,null,null,null,null,null,null,null,null,null,null
Wed Aug 05 02:00:00 UTC 2026,3.79064,581.7575700000002,null,null,null,null,null,null,null,null,null,null
Wed Aug 05 03:00:00 UTC 2026,3.79064,584.7575700000002,null,null,null,null,null,null,null,null,null,null
Wed Aug 05 04:00:00 UTC 2026,3.79064,558.7575700000002,null,null,null,null,null,null,null,null,null,null
Wed Aug 05 05:00:00 UTC 2026,3.79064,587.7575700000002,null,null,null,null,null,null,null,null,null,null
Wed Aug 05 06:00:00 UTC 2026,3.79064,690.7575700000002,null,null,null,null,null,null,null,null,null,null
Wed Aug 05 07:00:00 UTC 2026,3.79064,498.7575700000002,null,null,null,null,null,null,null,null,null,null
Wed Aug 05 08:00:00 UTC 2026,3.79064,533.7575700000002,null,null,null,null,null,null,null,null,null,null
Wed Aug 05 09:00:00 UTC 2026,3.79064,432.7575700000002,null,null,null,null,null,null,null,null,null,null
Wed Aug 05 10:00:00 UTC 2026,3.79064,569.7575700000002,null,null,null,null,null,null,null,null,null,null
Wed Aug 05 11:00:00 UTC 2026,3.79064,483.7575700000002,null,null,null,null,null,null,null,null,null,null
Wed Aug 05 12:00:00 UTC 2026,3.79064,491.7575700000002,null,null,null,null,null,null,null,null,null,null
Wed Aug 05 13:00:00 UTC 2026,3.79064,450.7575700000002,null,null,null,null,null,null,null,null,null,null
Wed Aug 05 14:00:00 UTC 2026,3.79064,398.7575700000002,null,null,null,null,null,null,null,null,null,null
Wed Aug 05 15:00:00 UTC 2026,3.79064,353.7575700000002,null,453.7575700000002,null,null,null,null,953.7575700000002,null,null,null
Wed Aug 05 16:00:00 UTC 2026,3.79064,374.7575700000002,null,481.9393881818184,null,null,null,null,981.9393881818183,null,null,null
Wed Aug 05 17:00:00 UTC 2026,3.79064,418.7575700000002,null,510.1212063636366,null,null,null,null,1010.1212063636367,null,null,null
Wed Aug 05 18:00:00 UTC 2026,3.79064,385.7575700000002,null,538.3030245454547,null,null,null,null,1038.3030245454547,null,null,null
Wed Aug 05 19:00:00 UTC 2026,3.79064,513.7575700000002,null,566.484842727273,null,null,null,null,1066.484842727273,null,null,null
Wed Aug 05 20:00:00 UTC 2026,3.79064,590.7575700000002,null,594.6666609090911,null,null,null,null,1094.6666609090912,null,null,null
Wed Aug 05 21:00:00 UTC 2026,3.79064,540.7575700000002,null,622.8484790909092,null,null,null,null,1122.8484790909092,null,null,null
Wed Aug 05 22:00:00 UTC 2026,3.79064,596.7575700000002,null,651.0302972727275,null,null,null,null,1151.0302972727275,null,null,null
Wed Aug 05 23:00:00 UTC 2026,3.79064,570.7575700000002,null,679.2121154545456,null,null,null,null,1179.2121154545457,null,null,null
Thu Aug 06 00:00:00 UTC 2026,3.79064,531.7575700000002,null,707.3939336363638,null,null,null,null,1207.393933636364,null,null,null
Thu Aug 06 01:00:00 UTC 2026,3.79064,579.7575700000002,null,735.575751818182,null,null,null,null,1235.575751818182,null,null,null
Thu Aug 06 02:00:00 UTC 2026,3.79064,663.7575700000002,null,763.7575700000002,null,null,null,null,1263.7575700000002,null,null,null
Thu Aug 06 03:00:00 UTC 2026,3.79064,562.7575700000002,null,null,null,null,null,null,null,null,null,null
Thu Aug 06 04:00:00 UTC 2026,3.79064,545.7575700000002,null,null,null,null,null,null,null,null,null,null
Thu Aug 06 05:00:00 UTC 2026,3.79064,504.7575700000002,null,null,null,null,null,null,null,null,null,null
Thu Aug 06 06:00:00 UTC 2026,3.79064,537.7575700000002,null,null,null,null,null,null,null,null,null,null
Thu Aug 06 07:00:00 UTC 2026,3.79064,648.7575700000002,null,null,null,null,null,null,null,null,null,null
Thu Aug 06 08:00:00 UTC 2026,3.79064,597.7575700000002,null,null,null,null,null,null,null,null,null,null
Thu Aug 06 09:00:00 UTC 2026,3.79064,603.7575700000002,null,null,null,null,null,null,null,null,null,null
Thu Aug 06 10:00:00 UTC 2026,3.79064,570.7575700000002,null,null,null,null,null,null,null,null,null,null
Thu Aug 06 11:00:00 UTC 2026,3.79064,521.7575700000002,null,null,null,null,null,null,null,null,null,null
Thu Aug 06 12:00:00 UTC 2026,3.79064,530.7575700000002,null,null,null,null,null,null,null,null,null,null
Thu Aug 06 13:00:00 UTC 2026,3.79064,509.7575700000002,null,null,null,null,null,null,null,null,null,null
Thu Aug 06 14:00:00 UTC 2026,3.79064,468.7575700000002,null,null,null,null,null,null,null,null,null,null
Thu Aug 06 15:00:00 UTC 2026,3.79064,506.7575700000002,null,null,null,null,null,null,null,null,null,null
Thu Aug 06 16:00:00 UTC 2026,3.79064,472.7575700000002,null,null,null,null,null,null,null,null,null,null
Thu Aug 06 17:00:00 UTC 2026,3.79064,429.7575700000002,null,null,null,null,null,null,null,null,null,null
Thu Aug 06 18:00:00 UTC 2026,3.79064,478.7575700000002,null,null,null,null,null,null,null,null,null,null
Thu Aug 06 19:00:00 UTC 2026,3.79064,497.7575700000002,null,null,null,null,null,null,null,null,null,null
Thu Aug 06 20:00:00 UTC 2026,3.79064,-672.2424299999998,null,-572.2424299999998,null,null,null,null,-72.24242999999979,null,null,null
Thu Aug 06 21:00:00 UTC 2026,3.79064,-584.2424299999998,null,-564.5896522222221,null,null,null,null,-64.58965222222201,null,null,null
Thu Aug 06 22:00:00 UTC 2026,3.79064,-617.2424299999998,null,-556.9368744444442,null,null,null,null,-56.93687444444423,null,null,null
Thu Aug 06 23:00:00 UTC 2026,3.79064,-595.2424299999998,null,-549.2840966666665,null,null,null,null,-49.28409666666646,null,null,null
Fri Aug 07 00:00:00 UTC 2026,3.79064,-531.2424299999998,null,-541.6313188888886,null,null,null,null,-41.63131888888867,null,null,null
Fri Aug 07 01:00:00 UTC 2026,3.79064,-433.2424299999998,null,-533.9785411111109,null,null,null,null,-33.97854111111089,null,null,null
Fri Aug 07 02:00:00 UTC 2026,3.79064,-421.2424299999998,null,-526.325763333333,null,null,null,null,-26.32576333333312,null,null,null
Fri Aug 07 03:00:00 UTC 2026,3.79064,-432.2424299999998,null,-518.6729855555553,null,null,null,null,-18.672985555555343,null,null,null
Fri Aug 07 04:00:00 UTC 2026,3.79064,-425.2424299999998,null,-511.0202077777775,null,null,null,null,-11.020207777777564,null,null,null
Fri Aug 07 05:00:00 UTC 2026,3.79064,-412.2424299999998,null,-503.3674299999998,null,null,null,null,-3.3674299999997857,null,null,null
Fri Aug 07 06:00:00 UTC 2026,3.79064,-360.2424299999998,null,-495.71465222222207,null,null,null,null,4.285347777777993,null,null,null
Fri Aug 07 07:00:00 UTC 2026,3.79064,-355.2424299999998,null,-488.0618744444442,null,null,null,null,11.938125555555771,null,null,null
Fri Aug 07 08:00:00 UTC 2026,3.79064,-349.2424299999998,null,-480.40909666666647,null,null,null,null,19.590903333333543,null,null,null
Fri Aug 07 09:00:00 UTC 2026,3.79064,-348.2424299999998,null,-472.7563188888887,null,null,null,null,27.24368111111133,null,null,null
Fri Aug 07 10:00:00 UTC 2026,3.79064,-345.2424299999998,null,-465.10354111111087,null,null,null,null,34.8964588888891,null,null,null
Fri Aug 07 11:00:00 UTC 2026,3.79064,-331.2424299999998,null,-457.4507633333331,null,null,null,null,42.549236666666886,null,null,null
Fri Aug 07 12:00:00 UTC 2026,3.79064,-374.2424299999998,null,-449.7979855555554,null,null,null,null,50.20201444444466,null,null,null
Fri Aug 07 13:00:00 UTC 2026,3.79064,-391.2424299999998,null,-442.1452077777775,null,null,null,null,57.854792222222436,null,null,null
Fri Aug 07 14:00:00 UTC 2026,3.79064,-370.2424299999998,null,-434.4924299999998,null,null,null,null,65.50757000000021,null,null,null
Fri Aug 07 15:00:00 UTC 2026,3.79064,-334.2424299999998,null,-426.83965222222207,null,null,null,null,73.16034777777799,null,null,null
Fri Aug 07 16:00:00 UTC 2026,3.79064,-253.24242999999979,null,-419.1868744444442,null,null,null,null,80.81312555555579,null,null,null
Fri Aug 07 17:00:00 UTC 2026,3.79064,-275.2424299999998,null,-411.53409666666647,null,null,null,null,88.46590333333356,null,null,null
Fri Aug 07 18:00:00 UTC 2026,3.79064,-150.24242999999979,null,-403.8813188888887,null,null,null,null,96.11868111111133,null,null,null
Fri Aug 07 19:00:00 UTC 2026,3.79064,-137.24242999999979,null,-396.22854111111087,null,null,null,null,103.7714588888891,null,null,null
Fri Aug 07 20:00:00 UTC 2026,3.79064,-121.24242999999979,null,-388.5757633333331,null,null,null,null,111.42423666666687,null,null,null
Fri Aug 07 21:00:00 UTC 2026,3.79064,-121.24242999999979,null,-380.9229855555554,null,null,null,null,119.07701444444464,null,null,null
Fri Aug 07 22:00:00 UTC 2026,3.79064,-121.24242999999979,null,-373.2702077777775,null,null,null,null,126.72979222222244,null,null,null
Fri Aug 07 23:00:00 UTC 2026,3.79064,-121.24242999999979,null,-365.6174299999998,null,null,null,null,134.38257000000021,null,null,null
Sat Aug 08 00:00:00 UTC 2026,3.79064,-121.24242999999979,null,-357.96465222222207,null,null,null,null,142.035347777778,null,null,null
Sat Aug 08 01:00:00 UTC 2026,3.79064,-121.24242999999979,null,-350.3118744444442,null,null,null,null,149.68812555555579,null,null,null
Sat Aug 08 02:00:00 UTC 2026,3.79064,-121.24242999999979,null,-342.65909666666647,null,null,null,null,157.34090333333356,null,null,null
Sat Aug 08 03:00:00 UTC 2026,3.79064,-121.24242999999979,null,-335.0063188888887,null,null,null,null,164.99368111111133,null,null,null
Sat Aug 08 04:00:00 UTC 2026,3.79064,-121.24242999999979,null,-327.35354111111087,null,null,null,null,172.6464588888891,null,null,null
Sat Aug 08 05:00:00 UTC 2026,3.79064,-121.24242999999979,null,-319.7007633333331,null,null,null,null,180.29923666666687,null,null,null
Sat Aug 08 06:00:00 UTC 2026,3.79064,-121.24242999999979,null,-312.0479855555554,null,null,null,null,187.95201444444464,null,null,null
Sat Aug 08 07:00:00 UTC 2026,3.79064,-121.24242999999979,null,-304.3952077777775,null,null,null,null,195.60479222222244,null,null,null
Sat Aug 08 08:00:00 UTC 2026,3.79064,-121.24242999999979,null,-296.7424299999998,null,null,null,null,203.25757000000021,null,null,null
Sat Aug 08 09:00:00 UTC 2026,3.79064,-121.24242999999979,null,-289.089652222222,null,null,null,null,210.91034777777796,null,null,null
Sat Aug 08 10:00:00 UTC 2026,3.79064,-121.24242999999979,null,-281.4368744444442,null,null,null,null,218.56312555555579,null,null,null
Sat Aug 08 11:00:00 UTC 2026,3.79064,-121.24242999999979,null,-273.7840966666664,null,null,null,null,226.21590333333353,null,null,null
Sat Aug 08 12:00:00 UTC 2026,3.79064,-121.24242999999979,null,-266.13131888888864,null,null,null,null,233.86868111111136,null,null,null
Sat Aug 08 13:00:00 UTC 2026,3.79064,-121.24242999999979,null,-258.4785411111109,null,null,null,null,241.52145888888907,null,null,null
Sat Aug 08 14:00:00 UTC 2026,3.79064,-121.24242999999979,null,-250.82576333333313,null,null,null,null,249.1742366666669,null,null,null
Sat Aug 08 15:00:00 UTC 2026,3.79064,-121.24242999999979,null,-243.17298555555533,null,null,null,null,256.82701444444467,null,null,null
Sat Aug 08 16:00:00 UTC 2026,3.79064,-121.24242999999979,null,-235.52020777777759,null,null,null,null,264.47979222222244,null,null,null
Sat Aug 08 17:00:00 UTC 2026,3.79064,-121.24242999999979,null,-227.86742999999979,null,null,null,null,272.1325700000002,null,null,null
Sat Aug 08 18:00:00 UTC 2026,3.79064,-121.24242999999979,null,-220.21465222222199,null,null,null,null,279.785347777778,null,null,null
Sat Aug 08 19:00:00 UTC 2026,3.79064,-121.24242999999979,null,-212.56187444444424,null,null,null,null,287.43812555555576,null,null,null
Sat Aug 08 20:00:00 UTC 2026,3.79064,-121.24242999999979,null,-204.90909666666644,null,null,null,null,295.09090333333353,null,null,null
Sat Aug 08 21:00:00 UTC 2026,3.79064,-121.24242999999979,null,-197.25631888888864,null,null,null,null,302.74368111111136,null,null,null
Sat Aug 08 22:00:00 UTC 2026,3.79064,-121.24242999999979,null,-189.60354111111093,null,null,null,null,310.3964588888891,null,null,null
Sat Aug 08 23:00:00 UTC 2026,3.79064,-121.24242999999979,null,-181.95076333333313,null,null,null,null,318.0492366666669,null,null,null
Sun Aug 09 00:00:00 UTC 2026,3.79064,-121.24242999999979,null,-174.29798555555533,null,null,null,null,325.70201444444467,null,null,null
Sun Aug 09 01:00:00 UTC 2026,3.79064,-121.24242999999979,null,-166.64520777777759,null,null,null,null,333.35479222222244,null,null,null
Sun Aug 09 02:00:00 UTC 2026,3.79064,-121.24242999999979,null,-158.99242999999979,null,null,null,null,341.0075700000002,null,null,null
Sun Aug 09 03:00:00 UTC 2026,3.79064,-121.24242999999979,null,-151.33965222222199,null,null,null,null,348.660347777778,null,null,null
Sun Aug 09 04:00:00 UTC 2026,3.79064,-121.24242999999979,null,-143.68687444444421,null,null,null,null,356.31312555555576,null,null,null
Sun Aug 09 05:00:00 UTC 2026,3.79064,-121.24242999999979,null,-136.03409666666647,null,null,null,null,363.96590333333353,null,null,null
Sun Aug 09 06:00:00 UTC 2026,3.79064,-121.24242999999979,null,-128.38131888888867,null,null,null,null,371.61868111111136,null,null,null
Sun Aug 09 07:00:00 UTC 2026,3.79064,-121.24242999999979,null,-120.72854111111089,null,null,null,null,379.2714588888891,null,null,null
Sun Aug 09 08:00:00 UTC 2026,3.79064,-121.24242999999979,null,-113.07576333333311,null,null,null,null,386.9242366666669,null,null,null
Sun Aug 09 09:00:00 UTC 2026,3.79064,-121.24242999999979,null,-105.42298555555536,null,null,null,null,394.57701444444467,null,null,null
Sun Aug 09 10:00:00 UTC 2026,3.79064,-121.24242999999979,null,-97.77020777777756,null,null,null,null,402.22979222222244,null,null,null
Sun Aug 09 11:00:00 UTC 2026,3.79064,-121.24242999999979,null,-90.11742999999979,null,null,null,null,409.8825700000002,null,null,null
Sun Aug 09 12:00:00 UTC 2026,3.79064,-121.24242999999979,null,-82.464652222222,null,null,null,null,417.535347777778,null,null,null
Sun Aug 09 13:00:00 UTC 2026,3.79064,-121.24242999999979,null,-74.81187444444423,null,null,null,null,425.18812555555576,null,null,null
Sun Aug 09 14:00:00 UTC 2026,3.79064,-121.24242999999979,null,-67.15909666666644,null,null,null,null,432.84090333333353,null,null,null
Sun Aug 09 15:00:00 UTC 2026,3.79064,-121.24242999999979,null,-59.50631888888867,null,null,null,null,440.49368111111136,null,null,null
Sun Aug 09 16:00:00 UTC 2026,3.79064,-121.24242999999979,null,-51.85354111111089,null,null,null,null,448.1464588888891,null,null,null
Sun Aug 09 17:00:00 UTC 2026,3.79064,-121.24242999999979,null,-44.200763333333114,null,null,null,null,455.7992366666669,null,null,null
Sun Aug 09 18:00:00 UTC 2026,3.79064,-121.24242999999979,null,-36.54798555555534,null,null,null,null,463.45201444444467,null,null,null
Sun Aug 09 19:00:00 UTC 2026,3.79064,-121.24242999999979,null,-28.895207777777564,null,null,null,null,471.10479222222244,null,null,null
Sun Aug 09 20:00:00 UTC 2026,3.79064,-121.24242999999979,null,-21.242429999999786,null,null,null,null,478.7575700000002,null,null,null
Sun Aug 09 21:00:00 UTC 2026,3.79064,-249.24242999999979,null,null,null,null,null,null,null,null,null,null
Sun Aug 09 22:00:00 UTC 2026,3.79064,-281.2424299999998,null,null,null,null,null,null,null,null,null,null
Sun Aug 09 23:00:00 UTC 2026,3.79064,-303.2424299999998,null,null,null,null,null,null,null,null,null,null
Mon Aug 10 00:00:00 UTC 2026,3.79064,-282.2424299999998,null,null,null,null,null,null,null,null,null,null
Mon Aug 10 01:00:00 UTC 2026,3.79064,-368.2424299999998,null,null,null,null,null,null,null,null,null,null
Mon Aug 10 02:00:00 UTC 2026,3.79064,-387.2424299999998,null,-287.2424299999998,null,null,null,null,212.75757000000021,null,null,null
Mon Aug 10 03:00:00 UTC 2026,3.79064,-308.2424299999998,null,-263.02814428571406,null,null,null,null,236.97185571428594,null,null,null
Mon Aug 10 04:00:00 UTC 2026,3.79064,-291.2424299999998,null,-238.81385857142834,null,null,null,null,261.18614142857166,null,null,null
Mon Aug 10 05:00:00 UTC 2026,3.79064,-323.2424299999998,null,-214.59957285714265,null,null,null,null,285.4004271428573,null,null,null
Mon Aug 10 06:00:00 UTC 2026,3.79064,-214.24242999999979,null,-190.38528714285692,null,null,null,null,309.61471285714305,null,null,null
Mon Aug 10 07:00:00 UTC 2026,3.79064,-163.24242999999979,null,-166.17100142857123,null,null,null,null,333.82899857142877,null,null,null
Mon Aug 10 08:00:00 UTC 2026,3.79064,-146.24242999999979,null,-141.9567157142855,null,null,null,null,358.04328428571444,null,null,null
Mon Aug 10 09:00:00 UTC 2026,3.79064,-147.24242999999979,null,-117.74242999999979,null,null,null,null,382.2575700000002,null,null,null
Mon Aug 10 10:00:00 UTC 2026,3.79064,-153.24242999999979,null,-93.52814428571406,null,null,null,null,406.4718557142859,null,null,null
Mon Aug 10 11:00:00 UTC 2026,3.79064,-186.24242999999979,null,-69.31385857142836,null,null,null,null,430.68614142857166,null,null,null
Mon Aug 10 12:00:00 UTC 2026,3.79064,-153.24242999999979,null,-45.09957285714264,null,null,null,null,454.9004271428574,null,null,null
Mon Aug 10 13:00:00 UTC 2026,3.79064,-108.24242999999979,null,-20.885287142856924,null,null,null,null,479.11471285714305,null,null,null
Mon Aug 10 14:00:00 UTC 2026,3.79064,-106.24242999999979,null,3.3289985714287837,null,null,null,null,503.3289985714287,null,null,null
Mon Aug 10 15:00:00 UTC 2026,3.79064,-98.24242999999979,null,27.543284285714506,null,null,null,null,527.5432842857145,null,null,null
Mon Aug 10 16:00:00 UTC 2026,3.79064,-48.242429999999786,null,51.757570000000214,null,null,null,null,551.7575700000002,null,null,null
Mon Aug 10 17:00:00 UTC 2026,3.79064,-98.24242999999979,null,null,null,null,null,null,null,null,null,null
Mon Aug 10 18:00:00 UTC 2026,3.79064,-179.24242999999979,null,null,null,null,null,null,null,null,null,null
Mon Aug 10 19:00:00 UTC 2026,3.79064,-295.2424299999998,null,null,null,null,null,null,null,null,null,null
Mon Aug 10 20:00:00 UTC 2026,3.79064,-301.2424299999998,null,null,null,null,null,null,null,null,null,null
Mon Aug 10 21:00:00 UTC 2026,3.79064,-321.2424299999998,null,null,null,null,null,null,null,null,null,null
Mon Aug 10 22:00:00 UTC 2026,3.79064,-367.2424299999998,null,-267.2424299999998,null,null,null,null,232.75757000000021,null,null,null
Mon Aug 10 23:00:00 UTC 2026,3.79064,-322.2424299999998,null,-218.74242999999979,null,null,null,null,281.2575700000002,null,null,null
Tue Aug 11 00:00:00 UTC 2026,3.79064,-262.2424299999998,null,-170.24242999999979,null,null,null,null,329.7575700000002,null,null,null
Tue Aug 11 01:00:00 UTC 2026,3.79064,-185.24242999999979,null,-121.74242999999979,null,null,null,null,378.2575700000002,null,null,null
Tue Aug 11 02:00:00 UTC 2026,3.79064,-157.24242999999979,null,-73.24242999999979,null,null,null,null,426.7575700000002,null,null,null
Tue Aug 11 03:00:00 UTC 2026,3.79064,-101.24242999999979,null,-24.742429999999786,null,null,null,null,475.2575700000002,null,null,null
Tue Aug 11 04:00:00 UTC 2026,3.79064,-76.24242999999979,null,23.757570000000214,null,null,null,null,523.7575700000002,null,null,null
Tue Aug 11 05:00:00 UTC 2026,3.79064,-116.24242999999979,null,null,null,null,null,null,null,null,null,null
Tue Aug 11 06:00:00 UTC 2026,3.79064,-96.24242999999979,null,null,null,null,null,null,null,null,null,null
Tue Aug 11 07:00:00 UTC 2026,3.79064,-1576.24243,null,null,null,null,null,null,null,null,null,null
Tue Aug 11 08:00:00 UTC 2026,3.79064,-1594.24243,null,null,null,null,null,null,null,null,null,null
Tue Aug 11 09:00:00 UTC 2026,3.79064,-1582.24243,null,null,null,null,null,null,null,null,null,null
Tue Aug 11 10:00:00 UTC 2026,3.79064,-1568.24243,null,null,null,null,null,null,null,null,null,null
Tue Aug 11 11:00:00 UTC 2026,3.79064,-1578.24243,null,null,null,null,null,null,null,null,null,null
Tue Aug 11 12:00:00 UTC 2026,3.79064,-1590.24243,null,null,null,null,null,null,null,null,null,null
Tue Aug 11 13:00:00 UTC 2026,3.79064,-1594.24243,null,null,null,null,null,null,null,null,null,null
Tue Aug 11 14:00:00 UTC 2026,3.79064,-1601.24243,null,null,null,null,null,null,null,null,null,null
Tue Aug 11 15:00:00 UTC 2026,3.79064,-1598.24243,null,null,null,null,null,null,null,null,null,null
Tue Aug 11 16:00:00 UTC 2026,3.79064,-1609.24243,null,null,null,null,null,null,null,null,null,null
Tue Aug 11 17:00:00 UTC 2026,3.79064,-1585.24243,null,null,null,null,null,null,null,null,null,null
Tue Aug 11 18:00:00 UTC 2026,3.79064,-1568.24243,null,null,null,null,null,null,null,null,null,null
Tue Aug 11 19:00:00 UTC 2026,3.79064,-1573.24243,null,null,null,null,null,null,null,null,null,null
Tue Aug 11 20:00:00 UTC 2026,3.79064,-1574.24243,null,null,null,null,null,null,null,null,null,null
Tue Aug 11 21:00:00 UTC 2026,3.79064,-1584.24243,null,null,null,null,null,null,null,null,null,null
Tue Aug 11 22:00:00 UTC 2026,3.79064,-1629.24243,null,null,null,null,null,null,null,null,null,null
Tue Aug 11 23:00:00 UTC 2026,3.79064,-1729.24243,null,null,null,null,null,null,null,null,null,null
Wed Aug 12 00:00:00 UTC 2026,3.79064,-1786.24243,null,-1686.24243,null,null,null,null,-1186.24243,null,null,null
Wed Aug 12 01:00:00 UTC 2026,3.79064,-1782.24243,null,-1675.480525238095,null,null,null,null,-1175.4805252380952,null,null,null
Wed Aug 12 02:00:00 UTC 2026,3.79064,-1744.24243,null,-1664.7186204761906,null,null,null,null,-1164.7186204761904,null,null,null
Wed Aug 12 03:00:00 UTC 2026,3.79064,-1768.24243,null,-1653.9567157142856,null,null,null,null,-1153.9567157142856,null,null,null
Wed Aug 12 04:00:00 UTC 2026,3.79064,-1727.24243,null,-1643.194810952381,null,null,null,null,-1143.194810952381,null,null,null
Wed Aug 12 05:00:00 UTC 2026,3.79064,-1725.24243,null,-1632.4329061904762,null,null,null,null,-1132.4329061904762,null,null,null
Wed Aug 12 06:00:00 UTC 2026,3.79064,-1686.24243,null,-1621.6710014285713,null,null,null,null,-1121.6710014285716,null,null,null
Wed Aug 12 07:00:00 UTC 2026,3.79064,-1721.24243,null,-1610.9090966666665,null,null,null,null,-1110.9090966666665,null,null,null
Wed Aug 12 08:00:00 UTC 2026,3.79064,-1712.24243,null,-1600.1471919047622,null,null,null,null,-1100.147191904762,null,null,null
Wed Aug 12 09:00:00 UTC 2026,3.79064,-1703.24243,null,-1589.3852871428571,null,null,null,null,-1089.3852871428571,null,null,null
Wed Aug 12 10:00:00 UTC 2026,3.79064,-1711.24243,null,-1578.6233823809525,null,null,null,null,-1078.6233823809525,null,null,null
Wed Aug 12 11:00:00 UTC 2026,3.79064,-1718.24243,null,-1567.8614776190475,null,null,null,null,-1067.8614776190475,null,null,null
Wed Aug 12 12:00:00 UTC 2026,3.79064,-1712.24243,null,-1557.099572857143,null,null,null,null,-1057.099572857143,null,null,null
Wed Aug 12 13:00:00 UTC 2026,3.79064,-1691.24243,null,-1546.337668095238,null,null,null,null,-1046.337668095238,null,null,null
Wed Aug 12 14:00:00 UTC 2026,3.79064,-1683.24243,null,-1535.5757633333333,null,null,null,null,-1035.5757633333333,null,null,null
Wed Aug 12 15:00:00 UTC 2026,3.79064,-1680.24243,null,-1524.8138585714287,null,null,null,null,-1024.8138585714287,null,null,null
Wed Aug 12 16:00:00 UTC 2026,3.79064,-1686.24243,null,-1514.0519538095239,null,null,null,null,-1014.0519538095236,null,null,null
Wed Aug 12 17:00:00 UTC 2026,3.79064,-1626.24243,null,-1503.290049047619,null,null,null,null,-1003.290049047619,null,null,null
Wed Aug 12 18:00:00 UTC 2026,3.79064,-1616.24243,null,-1492.528144285714,null,null,null,null,-992.5281442857142,null,null,null
Wed Aug 12 19:00:00 UTC 2026,3.79064,-1581.24243,null,-1481.7662395238094,null,null,null,null,-981.7662395238096,null,null,null
Wed Aug 12 20:00:00 UTC 2026,3.79064,-1563.24243,null,-1471.0043347619046,null,null,null,null,-971.0043347619047,null,null,null
Wed Aug 12 21:00:00 UTC 2026,3.79064,-1560.24243,null,-1460.24243,null,null,null,null,-960.24243,null,null,null
Wed Aug 12 22:00:00 UTC 2026,3.79064,-1580.24243,null,null,null,null,null,null,null,null,null,null
Wed Aug 12 23:00:00 UTC 2026,3.79064,-1594.24243,null,null,null,null,null,null,null,null,null,null
Thu Aug 13 00:00:00 UTC 2026,3.79064,-1636.24243,null,null,null,null,null,null,null,null,null,null
Thu Aug 13 01:00:00 UTC 2026,3.79064,-1681.24243,null,null,null,null,null,null,null,null,null,null
Thu Aug 13 02:00:00 UTC 2026,3.79064,-1684.24243,null,null,null,null,null,null,null,null,null,null
Thu Aug 13 03:00:00 UTC 2026,3.79064,-1682.24243,null,null,null,null,null,null,null,null,null,null
Thu Aug 13 04:00:00 UTC 2026,3.79064,-1754.24243,null,null,null,null,null,null,null,null,null,null
Thu Aug 13 05:00:00 UTC 2026,3.79064,-1739.24243,null,null,null,null,null,null,null,null,null,null
Thu Aug 13 06:00:00 UTC 2026,3.79064,-1713.24243,null,null,null,null,null,null,null,null,null,null
Thu Aug 13 07:00:00 UTC 2026,3.79064,-1715.24243,null,null,null,null,null,null,null,null,null,null
Thu Aug 13 08:00:00 UTC 2026,3.79064,-1686.24243,null,null,null,null,null,null,null,null,null,null
Thu Aug 13 09:00:00 UTC 2026,3.79064,-1687.24243,null,null,null,null,null,null,null,null,null,null
Thu Aug 13 10:00:00 UTC 2026,3.79064,-1706.24243,null,null,null,null,null,null,null,null,null,null
Thu Aug 13 11:00:00 UTC 2026,3.79064,-1698.24243,null,null,null,null,null,null,null,null,null,null
Thu Aug 13 12:00:00 UTC 2026,3.79064,-1701.24243,null,null,null,null,null,null,null,null,null,null
Thu Aug 13 13:00:00 UTC 2026,3.79064,-2751.2424300000002,null,null,null,null,null,null,null,null,null,null
Thu Aug 13 14:00:00 UTC 2026,3.79064,-2756.2424300000002,null,null,null,null,null,null,null,null,null,null
Thu Aug 13 15:00:00 UTC 2026,3.79064,-2754.2424300000002,null,null,null,null,null,null,null,null,null,null
Thu Aug 13 16:00:00 UTC 2026,3.79064,-2753.2424300000002,null,null,null,null,null,null,null,null,null,null
Thu Aug 13 17:00:00 UTC 2026,3.79064,-2773.2424300000002,null,null,null,null,null,null,null,null,null,null
Thu Aug 13 18:00:00 UTC 2026,3.79064,-2778.2424300000002,null,null,null,null,null,null,null,null,null,null
Thu Aug 13 19:00:00 UTC 2026,3.79064,-2789.2424300000002,null,null,null,null,null,null,null,null,null,null
Thu Aug 13 20:00:00 UTC 2026,3.79064,-2787.2424300000002,null,null,null,null,null,null,null,null,null,null
Thu Aug 13 21:00:00 UTC 2026,3.79064,-2783.2424300000002,null,null,null,null,null,null,null,null,null,null
Thu Aug 13 22:00:00 UTC 2026,3.79064,-2791.2424300000002,null,null,null,null,null,null,null,null,null,null
Thu Aug 13 23:00:00 UTC 2026,3.79064,-2793.2424300000002,null,null,null,null,null,null,null,null,null,null
Fri Aug 14 00:00:00 UTC 2026,3.79064,-2798.2424300000002,null,null,null,null,null,null,null,null,null,null
Fri Aug 14 01:00:00 UTC 2026,3.79064,-2808.2424300000002,null,null,null,null,null,null,null,null,null,null
Fri Aug 14 02:00:00 UTC 2026,3.79064,-2809.2424300000002,null,null,null,null,null,null,null,null,null,null
Fri Aug 14 03:00:00 UTC 2026,3.79064,-2819.2424300000002,null,null,null,null,null,null,null,null,null,null
Fri Aug 14 04:00:00 UTC 2026,3.79064,-2820.2424300000002,null,null,null,null,null,null,null,null,null,null
Fri Aug 14 05:00:00 UTC 2026,3.79064,-2827.2424300000002,null,null,null,null,null,null,null,null,null,null
Fri Aug 14 06:00:00 UTC 2026,3.79064,-2833.2424300000002,null,null,null,null,null,null,null,null,null,null
Fri Aug 14 07:00:00 UTC 2026,3.79064,-2822.2424300000002,null,null,null,null,null,null,null,null,null,null
Fri Aug 14 08:00:00 UTC 2026,3.79064,-2813.2424300000002,null,null,null,null,null,null,null,null,null,null
Fri Aug 14 09:00:00 UTC 2026,3.79064,-2815.2424300000002,null,null,null,null,null,null,null,null,null,null
Fri Aug 14 10:00:00 UTC 2026,3.79064,-2804.2424300000002,null,null,null,null,null,null,null,null,null,null
Fri Aug 14 11:00:00 UTC 2026,3.79064,-2809.2424300000002,null,null,null,null,null,null,null,null,null,null
Fri Aug 14 12:00:00 UTC 2026,3.79064,-2796.2424300000002,null,null,null,null,null,null,null,null,null,null
Fri Aug 14 13:00:00 UTC 2026,3.79064,-2781.2424300000002,null,null,null,null,null,null,null,null,null,null
Fri Aug 14 14:00:00 UTC 2026,3.79064,-2778.2424300000002,null,null,null,null,null,null,null,null,null,null
Fri Aug 14 15:00:00 UTC 2026,3.79064,-2787.2424300000002,null,null,null,null,null,null,null,null,null,null
Fri Aug 14 16:00:00 UTC 2026,3.79064,-2788.2424300000002,null,null,null,null,null,null,null,null,null,null
Fri Aug 14 17:00:00 UTC 2026,3.79064,-2783.2424300000002,null,null,null,null,null,null,null,null,null,null
Fri Aug 14 18:00:00 UTC 2026,3.79064,-2769.2424300000002,null,null,null,null,null,null,null,null,null,null
Fri Aug 14 19:00:00 UTC 2026,3.79064,-2773.2424300000002,null,null,null,null,null,null,null,null,null,null
Fri Aug 14 20:00:00 UTC 2026,3.79064,-2763.2424300000002,null,null,null,null,null,null,null,null,null,null
Fri Aug 14 21:00:00 UTC 2026,3.79064,-2763.2424300000002,null,null,null,null,null,null,null,null,null,null
Fri Aug 14 22:00:00 UTC 2026,3.79064,-2763.2424300000002,null,null,null,null,null,null,null,null,null,null
Fri Aug 14 23:00:00 UTC 2026,3.79064,-2763.2424300000002,null,null,null,null,null,null,null,null,null,null
Sat Aug 15 00:00:00 UTC 2026,3.79064,-2763.2424300000002,null,null,null,null,null,null,null,null,null,null
Sat Aug 15 01:00:00 UTC 2026,3.79064,-2763.2424300000002,null,null,null,null,null,null,null,null,null,null
Sat Aug 15 02:00:00 UTC 2026,3.79064,-2763.2424300000002,null,null,null,null,null,null,null,null,null,null
Sat Aug 15 03:00:00 UTC 2026,3.79064,-2763.2424300000002,null,null,null,null,null,null,null,null,null,null
Sat Aug 15 04:00:00 UTC 2026,3.79064,-2763.2424300000002,null,null,null,null,null,null,null,null,null,null
Sat Aug 15 05:00:00 UTC 2026,3.79064,-2763.2424300000002,null,null,null,null,null,null,null,null,null,null
Sat Aug 15 06:00:00 UTC 2026,3.79064,-2763.2424300000002,null,null,null,null,null,null,null,null,null,null
Sat Aug 15 07:00:00 UTC 2026,3.79064,-2763.2424300000002,null,null,null,null,null,null,null,null,null,null
Sat Aug 15 08:00:00 UTC 2026,3.79064,-2763.2424300000002,null,null,null,null,null,null,null,null,null,null
Sat Aug 15 09:00:00 UTC 2026,3.79064,-2763.2424300000002,null,null,null,null,null,null,null,null,null,null
Sat Aug 15 10:00:00 UTC 2026,3.79064,-2763.2424300000002,null,null,null,null,null,null,null,null,null,null
Sat Aug 15 11:00:00 UTC 2026,3.79064,-2763.2424300000002,null,null,null,null,null,null,null,null,null,null
Sat Aug 15 12:00:00 UTC 2026,3.79064,-2763.2424300000002,null,null,null,null,null,null,null,null,null,null
Sat Aug 15 13:00:00 UTC 2026,3.79064,-2763.2424300000002,null,null,null,null,null,null,null,null,null,null
Sat Aug 15 14:00:00 UTC 2026,3.79064,-2763.2424300000002,null,null,null,null,null,null,null,null,null,null
Sat Aug 15 15:00:00 UTC 2026,3.79064,-2763.2424300000002,null,null,null,null,null,null,null,null,null,null
Sat Aug 15 16:00:00 UTC 2026,3.79064,-2763.2424300000002,null,null,null,null,null,null,null,null,null,null
Sat Aug 15 17:00:00 UTC 2026,3.79064,-2763.2424300000002,null,null,null,null,null,null,null,null,null,null
Sat Aug 15 18:00:00 UTC 2026,3.79064,-2763.2424300000002,null,null,null,null,null,null,null,null,null,null
Sat Aug 15 19:00:00 UTC 2026,3.79064,-2763.2424300000002,null,null,null,null,null,null,null,null,null,null
Sat Aug 15 20:00:00 UTC 2026,3.79064,-2763.2424300000002,null,null,null,null,null,null,null,null,null,null
Sat Aug 15 21:00:00 UTC 2026,3.79064,-2763.2424300000002,null,null,null,null,null,null,null,null,null,null
Sat Aug 15 22:00:00 UTC 2026,3.79064,-2763.2424300000002,null,null,null,null,null,null,null,null,null,null
Sat Aug 15 23:00:00 UTC 2026,3.79064,-2763.2424300000002,null,null,null,null,null,null,null,null,null,null
Sun Aug 16 00:00:00 UTC 2026,3.79064,-2763.2424300000002,null,null,null,null,null,null,null,null,null,null
Sun Aug 16 01:00:00 UTC 2026,3.79064,-2763.2424300000002,null,null,null,null,null,null,null,null,null,null
Sun Aug 16 02:00:00 UTC 2026,3.79064,-2763.2424300000002,null,null,null,null,null,null,null,null,null,null
Sun Aug 16 03:00:00 UTC 2026,3.79064,-2763.2424300000002,null,null,null,null,null,null,null,null,null,null
Sun Aug 16 04:00:00 UTC 2026,3.79064,-2763.2424300000002,null,null,null,null,null,null,null,null,null,null
Sun Aug 16 05:00:00 UTC 2026,3.79064,-2763.2424300000002,null,null,null,null,null,null,null,null,null,null
Sun Aug 16 06:00:00 UTC 2026,3.79064,-2763.2424300000002,null,null,null,null,null,null,null,null,null,null
Sun Aug 16 07:00:00 UTC 2026,3.79064,-2763.2424300000002,null,null,null,null,null,null,null,null,null,null
Sun Aug 16 08:00:00 UTC 2026,3.79064,-2763.2424300000002,null,null,null,null,null,null,null,null,null,null
Sun Aug 16 09:00:00 UTC 2026,3.79064,-2763.2424300000002,null,null,null,null,null,null,null,null,null,null
Sun Aug 16 10:00:00 UTC 2026,3.79064,-2763.2424300000002,null,null,null,null,null,null,null,null,null,null
Sun Aug 16 11:00:00 UTC 2026,3.79064,-2763.2424300000002,null,null,null,null,null,null,null,null,null,null
Sun Aug 16 12:00:00 UTC 2026,3.79064,-2763.2424300000002,null,null,null,null,null,null,null,null,null,null
Sun Aug 16 13:00:00 UTC 2026,3.79064,-2763.2424300000002,null,null,null,null,null,null,null,null,null,null
Sun Aug 16 14:00:00 UTC 2026,3.79064,-2763.2424300000002,null,null,null,null,null,null,null,null,null,null
Sun Aug 16 15:00:00 UTC 2026,3.79064,-2763.2424300000002,null,null,null,null,null,null,null,null,null,null
Sun Aug 16 16:00:00 UTC 2026,3.79064,-2763.2424300000002,null,null,null,null,null,null,null,null,null,null
Sun Aug 16 17:00:00 UTC 2026,3.79064,-2763.2424300000002,null,null,null,null,null,null,null,null,null,null
Sun Aug 16 18:00:00 UTC 2026,3.79064,-2763.2424300000002,null,null,null,null,null,null,null,null,null,null
Sun Aug 16 19:00:00 UTC 2026,3.79064,-2763.2424300000002,null,null,null,null,null,null,null,null,null,null
Sun Aug 16 20:00:00 UTC 2026,3.79064,-2763.2424300000002,null,null,null,null,null,null,null,null,null,null
Sun Aug 16 21:00:00 UTC 2026,3.79064,-2766.2424300000002,null,null,null,null,null,null,null,null,null,null
Sun Aug 16 22:00:00 UTC 2026,3.79064,-2770.2424300000002,null,null,null,null,null,null,null,null,null,null
Sun Aug 16 23:00:00 UTC 2026,3.79064,-2767.2424300000002,null,null,null,null,null,null,null,null,null,null
Mon Aug 17 00:00:00 UTC 2026,3.79064,-2776.2424300000002,null,null,null,null,null,null,null,null,null,null
Mon Aug 17 01:00:00 UTC 2026,3.79064,-2773.2424300000002,null,null,null,null,null,null,null,null,null,null
Mon Aug 17 02:00:00 UTC 2026,3.79064,-2765.2424300000002,null,null,null,null,null,null,null,null,null,null
Mon Aug 17 03:00:00 UTC 2026,3.79064,-2769.2424300000002,null,null,null,null,null,null,null,null,null,null
Mon Aug 17 04:00:00 UTC 2026,3.79064,-2764.2424300000002,null,null,null,null,null,null,null,null,null,null
Mon Aug 17 05:00:00 UTC 2026,3.79064,-2764.2424300000002,null,null,null,null,null,null,null,null,null,null
Mon Aug 17 06:00:00 UTC 2026,3.79064,-2768.2424300000002,null,null,null,null,null,null,null,null,null,null
Mon Aug 17 07:00:00 UTC 2026,3.79064,-2772.2424300000002,null,null,null,null,null,null,null,null,null,null
Mon Aug 17 08:00:00 UTC 2026,3.79064,-2774.2424300000002,null,null,null,null,null,null,null,null,null,null
Mon Aug 17 09:00:00 UTC 2026,3.79064,-2775.2424300000002,null,null,null,null,null,null,null,null,null,null
Mon Aug 17 10:00:00 UTC 2026,3.79064,-2789.2424300000002,null,null,null,null,null,null,null,null,null,null
Mon Aug 17 11:00:00 UTC 2026,3.79064,-2796.2424300000002,null,null,null,null,null,null,null,null,null,null
Mon Aug 17 12:00:00 UTC 2026,3.79064,-2806.2424300000002,null,null,null,null,null,null,null,null,null,null
Mon Aug 17 13:00:00 UTC 2026,3.79064,-2815.2424300000002,null,null,null,null,null,null,null,null,null,null
Mon Aug 17 14:00:00 UTC 2026,3.79064,-2801.2424300000002,null,null,null,null,null,null,null,null,null,null
Mon Aug 17 15:00:00 UTC 2026,3.79064,-2815.2424300000002,null,null,null,null,null,null,null,null,null,null
Mon Aug 17 16:00:00 UTC 2026,3.79064,-2816.2424300000002,null,null,null,null,null,null,null,null,null,null
Mon Aug 17 17:00:00 UTC 2026,3.79064,-2828.2424300000002,null,null,null,null,null,null,null,null,null,null
Mon Aug 17 18:00:00 UTC 2026,3.79064,-2819.2424300000002,null,null,null,null,null,null,null,null,null,null
Mon Aug 17 19:00:00 UTC 2026,3.79064,-2810.2424300000002,null,null,null,null,null,null,null,null,null,null
Mon Aug 17 20:00:00 UTC 2026,3.79064,-2805.2424300000002,null,null,null,null,null,null,null,null,null,null
Mon Aug 17 21:00:00 UTC 2026,3.79064,-2814.2424300000002,null,null,null,null,null,null,null,null,null,null
Mon Aug 17 22:00:00 UTC 2026,3.79064,-2816.2424300000002,null,null,null,null,null,null,null,null,null,null
Mon Aug 17 23:00:00 UTC 2026,3.79064,-2809.2424300000002,null,null,null,null,null,null,null,null,null,null
Tue Aug 18 00:00:00 UTC 2026,3.79064,-2813.2424300000002,null,null,null,null,null,null,null,null,null,null
Tue Aug 18 01:00:00 UTC 2026,3.79064,-2813.2424300000002,null,null,null,null,null,null,null,null,null,null
Tue Aug 18 02:00:00 UTC 2026,3.79064,-2812.2424300000002,null,null,null,null,null,null,null,null,null,null
Tue Aug 18 03:00:00 UTC 2026,3.79064,-2804.2424300000002,null,null,null,null,null,null,null,null,null,null
Tue Aug 18 04:00:00 UTC 2026,3.79064,-2810.2424300000002,null,null,null,null,null,null,null,null,null,null
Tue Aug 18 05:00:00 UTC 2026,3.79064,-2831.2424300000002,null,null,null,null,null,null,null,null,null,null
Tue Aug 18 06:00:00 UTC 2026,3.79064,-2845.2424300000002,null,null,null,null,null,null,null,null,null,null
Tue Aug 18 07:00:00 UTC 2026,3.79064,-2925.2424300000002,null,null,null,null,null,null,null,null,null,null
Tue Aug 18 08:00:00 UTC 2026,3.79064,-2922.2424300000002,null,null,null,null,null,null,null,null,null,null
Tue Aug 18 09:00:00 UTC 2026,3.79064,-2931.2424300000002,null,null,null,null,null,null,null,null,null,null
Tue Aug 18 10:00:00 UTC 2026,3.79064,-2918.2424300000002,null,null,null,null,null,null,null,null,null,null
Tue Aug 18 11:00:00 UTC 2026,3.79064,-2894.2424300000002,null,null,null,null,null,null,null,null,null,null
Tue Aug 18 12:00:00 UTC 2026,3.79064,-2882.2424300000002,null,null,null,null,null,null,null,null,null,null
Tue Aug 18 13:00:00 UTC 2026,3.79064,-2892.2424300000002,null,null,null,null,null,null,null,null,null,null
Tue Aug 18 14:00:00 UTC 2026,3.79064,-2894.2424300000002,null,null,null,null,null,null,null,null,null,null
Tue Aug 18 15:00:00 UTC 2026,3.79064,-2896.2424300000002,null,null,null,null,null,null,null,null,null,null
Tue Aug 18 16:00:00 UTC 2026,3.79064,-2897.2424300000002,null,null,null,null,null,null,null,null,null,null
Tue Aug 18 17:00:00 UTC 2026,3.79064,-2902.2424300000002,null,null,null,null,null,null,null,null,null,null
Tue Aug 18 18:00:00 UTC 2026,3.79064,-2912.2424300000002,null,null,null,null,null,null,null,null,null,null
Tue Aug 18 19:00:00 UTC 2026,3.79064,-2923.2424300000002,null,null,null,null,null,null,null,null,null,null
Tue Aug 18 20:00:00 UTC 2026,3.79064,-2949.2424300000002,null,null,null,null,null,null,null,null,null,null
Tue Aug 18 21:00:00 UTC 2026,3.79064,-2952.2424300000002,null,null,null,null,null,null,null,null,null,null
Tue Aug 18 22:00:00 UTC 2026,3.79064,-2956.2424300000002,null,null,null,null,null,null,null,null,null,null
Tue Aug 18 23:00:00 UTC 2026,3.79064,-2954.2424300000002,null,null,null,null,null,null,null,null,null,null
Wed Aug 19 00:00:00 UTC 2026,3.79064,-2957.2424300000002,null,null,null,null,null,null,null,null,null,null
Wed Aug 19 01:00:00 UTC 2026,3.79064,-2953.2424300000002,null,null,null,null,null,null,null,null,null,null
Wed Aug 19 02:00:00 UTC 2026,3.79064,-2955.2424300000002,null,null,null,null,null,null,null,null,null,null
Wed Aug 19 03:00:00 UTC 2026,3.79064,-2960.2424300000002,null,null,null,null,null,null,null,null,null,null
Wed Aug 19 04:00:00 UTC 2026,3.79064,-2958.2424300000002,null,null,null,null,null,null,null,null,null,null
Wed Aug 19 05:00:00 UTC 2026,3.79064,-2953.2424300000002,null,null,null,null,null,null,null,null,null,null
Wed Aug 19 06:00:00 UTC 2026,3.79064,-2945.2424300000002,null,null,null,null,null,null,null,null,null,null
Wed Aug 19 07:00:00 UTC 2026,3.79064,-2946.2424300000002,null,null,null,null,null,null,null,null,null,null
Wed Aug 19 08:00:00 UTC 2026,3.79064,-2943.2424300000002,null,null,null,null,null,null,null,null,null,null
Wed Aug 19 09:00:00 UTC 2026,3.79064,-2950.2424300000002,null,null,null,null,null,null,null,null,null,null
Wed Aug 19 10:00:00 UTC 2026,3.79064,-2947.2424300000002,null,null,null,null,null,null,null,null,null,null
Wed Aug 19 11:00:00 UTC 2026,3.79064,-2944.2424300000002,null,null,null,null,null,null,null,null,null,null
Wed Aug 19 12:00:00 UTC 2026,3.79064,-2934.2424300000002,null,null,null,null,null,null,null,null,null,null
Wed Aug 19 13:00:00 UTC 2026,3.79064,-2939.2424300000002,null,null,null,null,null,null,null,null,null,null
Wed Aug 19 14:00:00 UTC 2026,3.79064,-2934.2424300000002,null,null,null,null,null,null,null,null,null,null
Wed Aug 19 15:00:00 UTC 2026,3.79064,-2940.2424300000002,null,null,null,null,null,null,null,null,null,null
Wed Aug 19 16:00:00 UTC 2026,3.79064,-2936.2424300000002,null,null,null,null,null,null,null,null,null,null
Wed Aug 19 17:00:00 UTC 2026,3.79064,-2937.2424300000002,null,null,null,null,null,null,null,null,null,null
Wed Aug 19 18:00:00 UTC 2026,3.79064,-3094.2424300000002,null,null,null,null,null,null,null,null,null,null
Wed Aug 19 19:00:00 UTC 2026,3.79064,-3090.2424300000002,null,null,null,null,null,null,null,null,null,null
Wed Aug 19 20:00:00 UTC 2026,3.79064,-3088.2424300000002,null,null,null,null,null,null,null,null,null,null
Wed Aug 19 21:00:00 UTC 2026,3.79064,-3085.2424300000002,null,null,null,null,null,null,null,null,null,null
Wed Aug 19 22:00:00 UTC 2026,3.79064,-3087.2424300000002,null,null,null,null,null,null,null,null,null,null
Wed Aug 19 23:00:00 UTC 2026,3.79064,-3086.2424300000002,null,null,null,null,null,null,null,null,null,null
Thu Aug 20 00:00:00 UTC 2026,3.79064,-3090.2424300000002,null,null,null,null,null,null,null,null,null,null
Thu Aug 20 01:00:00 UTC 2026,3.79064,-3090.2424300000002,null,null,null,null,null,null,null,null,null,null
Thu Aug 20 02:00:00 UTC 2026,3.79064,-3092.2424300000002,null,null,null,null,null,null,null,null,null,null
Thu Aug 20 03:00:00 UTC 2026,3.79064,-3089.2424300000002,null,null,null,null,null,null,null,null,null,null
Thu Aug 20 04:00:00 UTC 2026,3.79064,-3091.2424300000002,null,null,null,null,null,null,null,null,null,null
Thu Aug 20 05:00:00 UTC 2026,3.79064,-3097.2424300000002,null,null,null,null,null,null,null,null,null,null
Thu Aug 20 06:00:00 UTC 2026,3.79064,-3101.2424300000002,null,null,null,null,null,null,null,null,null,null
Thu Aug 20 07:00:00 UTC 2026,3.79064,-3105.2424300000002,null,null,null,null,null,null,null,null,null,null
Thu Aug 20 08:00:00 UTC 2026,3.79064,-3104.2424300000002,null,null,null,null,null,null,null,null,null,null
Thu Aug 20 09:00:00 UTC 2026,3.79064,-3103.2424300000002,null,null,null,null,null,null,null,null,null,null
Thu Aug 20 10:00:00 UTC 2026,3.79064,-3102.2424300000002,null,null,null,null,null,null,null,null,null,null
Thu Aug 20 11:00:00 UTC 2026,3.79064,-3101.2424300000002,null,null,null,null,null,null,null,null,null,null
Thu Aug 20 12:00:00 UTC 2026,3.79064,-3104.2424300000002,null,null,null,null,null,null,null,null,null,null
Thu Aug 20 13:00:00 UTC 2026,3.79064,-3108.2424300000002,null,null,null,null,null,null,null,null,null,null
Thu Aug 20 14:00:00 UTC 2026,3.79064,-3105.2424300000002,null,null,null,null,null,null,null,null,null,null
Thu Aug 20 15:00:00 UTC 2026,3.79064,-3101.2424300000002,null,null,null,null,null,null,null,null,null,null
Thu Aug 20 16:00:00 UTC 2026,3.79064,-3103.2424300000002,null,null,null,null,null,null,null,null,null,null
Thu Aug 20 17:00:00 UTC 2026,3.79064,-3102.2424300000002,null,null,null,null,null,null,null,null,null,null
Thu Aug 20 18:00:00 UTC 2026,3.79064,-3104.2424300000002,null,null,null,null,null,null,null,null,null,null
Thu Aug 20 19:00:00 UTC 2026,3.79064,-3108.2424300000002,null,null,null,null,null,null,null,null,null,null
Thu Aug 20 20:00:00 UTC 2026,3.79064,-3110.2424300000002,null,null,null,null,null,null,null,null,null,null
Thu Aug 20 21:00:00 UTC 2026,3.79064,-3113.2424300000002,null,null,null,null,null,null,null,null,null,null
Thu Aug 20 22:00:00 UTC 2026,3.79064,-3108.2424300000002,null,null,null,null,null,null,null,null,null,null
Thu Aug 20 23:00:00 UTC 2026,3.79064,-3107.2424300000002,null,null,null,null,null,null,null,null,null,null
Fri Aug 21 00:00:00 UTC 2026,3.79064,-3110.2424300000002,null,null,null,null,null,null,null,null,null,null
Fri Aug 21 01:00:00 UTC 2026,3.79064,-3111.2424300000002,null,null,null,null,null,null,null,null,null,null
Fri Aug 21 02:00:00 UTC 2026,3.79064,-3112.2424300000002,null,null,null,null,null,null,null,null,null,null
Fri Aug 21 03:00:00 UTC 2026,3.79064,-3111.2424300000002,null,null,null,null,null,null,null,null,null,null
Fri Aug 21 04:00:00 UTC 2026,3.79064,-3118.2424300000002,null,null,null,null,null,null,null,null,null,null
Fri Aug 21 05:00:00 UTC 2026,3.79064,-3120.2424300000002,null,null,null,null,null,null,null,null,null,null
Fri Aug 21 06:00:00 UTC 2026,3.79064,-3115.2424300000002,null,null,null,null,null,null,null,null,null,null
Fri Aug 21 07:00:00 UTC 2026,3.79064,-3117.2424300000002,null,null,null,null,null,null,null,null,null,null
Fri Aug 21 08:00:00 UTC 2026,3.79064,-3113.2424300000002,null,null,null,null,null,null,null,null,null,null
Fri Aug 21 09:00:00 UTC 2026,3.79064,-3111.2424300000002,null,null,null,null,null,null,null,null,null,null
Fri Aug 21 10:00:00 UTC 2026,3.79064,-3113.2424300000002,null,null,null,null,null,null,null,null,null,null
Fri Aug 21 11:00:00 UTC 2026,3.79064,-3112.2424300000002,null,null,null,null,null,null,null,null,null,null
Fri Aug 21 12:00:00 UTC 2026,3.79064,-3112.2424300000002,null,null,null,null,null,null,null,null,null,null
Fri Aug 21 13:00:00 UTC 2026,3.79064,-3112.2424300000002,null,null,null,null,null,null,null,null,null,null
Fri Aug 21 14:00:00 UTC 2026,3.79064,-3115.2424300000002,null,null,null,null,null,null,null,null,null,null
Fri Aug 21 15:00:00 UTC 2026,3.79064,-3129.2424300000002,null,null,null,null,null,null,null,null,null,null
Fri Aug 21 16:00:00 UTC 2026,3.79064,-3124.2424300000002,null,null,null,null,null,null,null,null,null,null
Fri Aug 21 17:00:00 UTC 2026,3.79064,-3122.2424300000002,null,null,null,null,null,null,null,null,null,null
Fri Aug 21 18:00:00 UTC 2026,3.79064,-3124.2424300000002,null,null,null,null,null,null,null,null,null,null
Fri Aug 21 19:00:00 UTC 2026,3.79064,-3124.2424300000002,null,null,null,null,null,null,null,null,null,null
Fri Aug 21 20:00:00 UTC 2026,3.79064,-3119.2424300000002,null,null,null,null,null,null,null,null,null,null
Fri Aug 21 21:00:00 UTC 2026,3.79064,-3119.2424300000002,null,null,null,null,null,null,null,null,null,null
Fri Aug 21 22:00:00 UTC 2026,3.79064,-3119.2424300000002,null,null,null,null,null,null,null,null,null,null
Fri Aug 21 23:00:00 UTC 2026,3.79064,-3119.2424300000002,null,null,null,null,null,null,null,null,null,null
Sat Aug 22 00:00:00 UTC 2026,3.79064,-3119.2424300000002,null,null,null,null,null,null,null,null,null,null
Sat Aug 22 01:00:00 UTC 2026,3.79064,-3119.2424300000002,null,null,null,null,null,null,null,null,null,null
Sat Aug 22 02:00:00 UTC 2026,3.79064,-3119.2424300000002,null,null,null,null,null,null,null,null,null,null
Sat Aug 22 03:00:00 UTC 2026,3.79064,-3119.2424300000002,null,null,null,null,null,null,null,null,null,null
