date,P_Kweek_32_Kday_0_ETE_61_ORD_54_EXT_63_E2Ekor_69_EXTkor_58_DIFF_27982,a,b,c,d,e,f,g,h,i,j
Tue Sep 29 11:00:00 UTC 2026,-1.1924449790524792E7,1.0522999987006187,null,null,null,-157644.6699222235,null,null,null,null
Tue Sep 29 12:00:00 UTC 2026,-1.2576568195991553E7,-942860.9477000013,null,null,null,-411877.3921444457,null,null,null,null
Tue Sep 29 13:00:00 UTC 2026,-1.2809467626515618E7,-28434.9477000013,null,null,null,-666110.1143666679,null,null,null,null
Tue Sep 29 14:00:00 UTC 2026,-1.159839058779124E7,-120932.9477000013,null,null,null,-920342.8365888901,null,null,null,null
Tue Sep 29 15:00:00 UTC 2026,-1.08220591527116E7,-2424531.9477000013,null,null,null,-1174575.5588111125,null,null,null,null
Tue Sep 29 16:00:00 UTC 2026,-1.0542579836082792E7,-2255013.9477000013,null,null,null,-1428808.2810333346,null,null,null,null
Tue Sep 29 17:00:00 UTC 2026,-1.1551810701686496E7,-785739.9477000013,null,null,null,-1683041.0032555568,null,null,null,null
Tue Sep 29 18:00:00 UTC 2026,-1.099285206842888E7,-442530.9477000013,null,null,null,-1937273.7254777788,null,null,null,-441630.9477000013
Tue Sep 29 19:00:00 UTC 2026,-1.0294153776857376E7,-2661235.9477000013,null,null,null,-2191506.4477000013,null,null,null,-1823063.947700001
Tue Sep 29 20:00:00 UTC 2026,-9315976.168656718,-3101725.9477000013,null,null,null,-2445739.169922224,null,null,null,-3204496.947700001
Tue Sep 29 21:00:00 UTC 2026,-1.0045727717631616E7,-4586829.947700001,null,null,null,-2699971.892144446,null,-4586129.947700001,null,-4585929.947700001
Tue Sep 29 22:00:00 UTC 2026,-1.1784710132210216E7,-4395120.947700001,null,null,null,-2954204.614366668,null,-4103104.804842858,null,null
Tue Sep 29 23:00:00 UTC 2026,-1.1924449790524792E7,-3210262.9477000013,null,null,null,-3208437.3365888903,null,-3620079.661985716,null,null
Wed Sep 30 00:00:00 UTC 2026,-1.069784612309872E7,-4553891.947700001,null,null,null,-3462670.0588111123,null,-3137054.5191285727,null,null
Wed Sep 30 01:00:00 UTC 2026,-1.0511526578679744E7,-2517136.9477000013,null,null,null,-3716902.781033335,null,-2654029.3762714295,null,null
Wed Sep 30 02:00:00 UTC 2026,-1.063573960829228E7,-1432412.9477000013,null,null,null,-3971135.5032555563,null,-2171004.2334142867,null,null
Wed Sep 30 03:00:00 UTC 2026,-9191763.139044184,-1266871.9477000013,null,null,null,-4225368.225477779,null,-1687979.090557144,null,null
Wed Sep 30 04:00:00 UTC 2026,-9331502.797358416,-1205653.9477000013,null,null,null,-4479600.947700001,null,-1204953.9477000013,null,-1204753.9477000013
Wed Sep 30 05:00:00 UTC 2026,-1.2498935052483762E7,-2043395.9477000013,null,null,null,-4733833.669922223,null,null,null,-1752393.1143666678
Wed Sep 30 06:00:00 UTC 2026,-1.1551810701686496E7,-2373543.9477000013,null,null,null,-4988066.392144446,null,null,null,-2300032.2810333343
Wed Sep 30 07:00:00 UTC 2026,-1.0775479266606856E7,-3384440.9477000013,null,null,null,-5242299.114366668,null,null,null,-2847671.4477000013
Wed Sep 30 08:00:00 UTC 2026,-1.1148118355445152E7,-3714513.9477000013,null,null,null,-5496531.83658889,null,null,null,-3395310.614366668
Wed Sep 30 09:00:00 UTC 2026,-1.0527053207381096E7,-4304344.947700001,null,null,null,-5750764.558811112,null,null,null,-3942949.781033335
Wed Sep 30 10:00:00 UTC 2026,-1.0511526578679744E7,-4491488.947700001,null,null,null,-6004997.281033334,null,null,null,-4490588.947700001
Wed Sep 30 11:00:00 UTC 2026,-1.0464946692574656E7,-4361353.947700001,null,null,null,-6259230.003255557,null,null,null,null
Wed Sep 30 12:00:00 UTC 2026,-9548875.599180784,-3549638.9477000013,null,null,null,-6513462.725477779,null,null,null,null
Wed Sep 30 13:00:00 UTC 2026,-1.0061254346333312E7,-3426648.9477000013,null,null,null,-6767695.447700001,null,null,null,null
Wed Sep 30 14:00:00 UTC 2026,-9548875.599180784,-3382447.9477000013,null,null,null,-7021928.169922222,null,null,null,null
Wed Sep 30 15:00:00 UTC 2026,-9284922.911253672,-4731188.947700001,null,null,null,-7276160.892144446,null,null,null,null
Wed Sep 30 16:00:00 UTC 2026,-1.0977325439727528E7,-4591580.947700001,null,null,null,-7530393.614366668,null,null,null,null
Wed Sep 30 17:00:00 UTC 2026,-1.1163644984146504E7,-6607553.947700001,null,null,null,-7784626.33658889,null,null,null,null
Wed Sep 30 18:00:00 UTC 2026,-1.141207104337192E7,-5523542.947700001,null,null,null,-8038859.058811111,null,null,null,null
Wed Sep 30 19:00:00 UTC 2026,-1.2390248651572578E7,-5705163.947700001,null,null,null,-8293091.781033335,null,null,null,null
Wed Sep 30 20:00:00 UTC 2026,-1.18933965331214E7,-4304517.947700001,null,null,null,-8547324.503255557,null,null,null,null
Wed Sep 30 21:00:00 UTC 2026,-1.2390248651572578E7,-3547072.9477000013,null,null,null,-8801557.22547778,null,-3546372.9477000013,null,null
Wed Sep 30 22:00:00 UTC 2026,-1.1613917216492936E7,-4991137.947700001,null,null,null,-9055789.947700001,null,-4344529.947700001,null,null
Wed Sep 30 23:00:00 UTC 2026,-1.3632378947700001E7,-5143386.947700001,null,null,null,-9310022.669922223,null,-5142686.947700001,null,null
Thu Oct 01 00:00:00 UTC 2026,-1.1831290018315304E7,-4507955.947700001,null,null,null,-9564255.392144445,null,null,null,null
Thu Oct 01 01:00:00 UTC 2026,-9657562.000091968,-1198473.9477000013,null,null,null,-9818488.114366667,null,null,null,null
Thu Oct 01 02:00:00 UTC 2026,-7437254.095763885,-1674224.9477000013,null,null,null,-1.0072720836588891E7,null,null,null,null
Thu Oct 01 03:00:00 UTC 2026,-6396969.972757134,-2842584.9477000013,null,null,null,-1.0326953558811111E7,null,null,null,null
Thu Oct 01 04:00:00 UTC 2026,-5465372.25066122,-3915915.9477000013,null,null,null,-1.0581186281033335E7,null,null,null,null
Thu Oct 01 05:00:00 UTC 2026,-4704567.444283277,-3403386.9477000013,null,null,null,-1.0835419003255557E7,null,null,null,null
Thu Oct 01 06:00:00 UTC 2026,-4254295.211937189,-4196935.947700001,null,null,null,-1.108965172547778E7,null,null,null,null
Thu Oct 01 07:00:00 UTC 2026,-4145608.811026005,-6370835.947700001,null,null,null,-1.1343884447700001E7,null,null,null,null
Thu Oct 01 08:00:00 UTC 2026,-4409561.498953117,-5759043.947700001,null,null,null,-1.1598117169922223E7,null,null,null,null
Thu Oct 01 09:00:00 UTC 2026,-3850602.865695499,-6408858.947700001,null,null,null,-1.1852349892144445E7,null,null,null,null
Thu Oct 01 10:00:00 UTC 2026,-3571123.5490666926,-7964147.947700001,null,null,null,-1.2106582614366667E7,null,null,null,null
Thu Oct 01 11:00:00 UTC 2026,-3804022.979590755,-8223201.947700001,null,null,null,-1.236081533658889E7,null,null,null,null
Thu Oct 01 12:00:00 UTC 2026,-2810318.742688747,-8134613.947700001,null,null,null,-1.2615048058811113E7,null,null,null,null
Thu Oct 01 13:00:00 UTC 2026,-2266886.738132827,-6454833.947700001,null,null,null,-1.2869280781033335E7,null,null,null,null
Thu Oct 01 14:00:00 UTC 2026,-2934531.7723016273,-7772915.947700001,null,null,null,-1.3123513503255557E7,null,null,null,null
Thu Oct 01 15:00:00 UTC 2026,-1894247.649294531,-9214919.947700001,null,null,null,-1.337774622547778E7,null,null,null,null
Thu Oct 01 16:00:00 UTC 2026,-1909774.2779962253,-1.3632378947700001E7,-1.3632278947700001E7,null,-1.3632078947700001E7,-1.3631978947700001E7,null,null,null,null
Thu Oct 01 17:00:00 UTC 2026,-3260590.975034835,-1.1874726947700001E7,-1.355303131478861E7,null,-1.3552831314788608E7,null,null,null,null,null
Thu Oct 01 18:00:00 UTC 2026,-2965585.029704675,-1.1540531947700001E7,-1.3473783681877214E7,null,-1.3473583681877216E7,null,null,null,null,null
Thu Oct 01 19:00:00 UTC 2026,-2049513.936310457,-1.2184682947700001E7,-1.3394536048965825E7,null,-1.3394336048965823E7,null,null,null,null,null
Thu Oct 01 20:00:00 UTC 2026,-496851.0661511775,-1.0663819947700001E7,-1.3315288416054431E7,null,-1.3315088416054431E7,null,null,null,null,null
Thu Oct 01 21:00:00 UTC 2026,-2313466.624237571,-1.1164805947700001E7,-1.3236040783143038E7,null,-1.323584078314304E7,null,null,null,null,null
Thu Oct 01 22:00:00 UTC 2026,-3167431.202825349,-1.2279289947700001E7,-1.3156793150231648E7,null,-1.3156593150231648E7,null,null,null,null,null
Thu Oct 01 23:00:00 UTC 2026,-2096093.8224155456,-1.0415304947700001E7,-1.3077545517320255E7,null,-1.3077345517320255E7,null,null,null,null,null
Fri Oct 02 00:00:00 UTC 2026,-3446910.519454155,-9643481.947700001,-1.2998297884408861E7,null,-1.2998097884408861E7,null,null,-9642781.947700001,null,null
Fri Oct 02 01:00:00 UTC 2026,-2173726.9659233373,-1.0511933947700001E7,-1.2919050251497468E7,null,-1.291885025149747E7,null,null,-9888330.038609093,null,null
Fri Oct 02 02:00:00 UTC 2026,-869490.1549894735,-1.1285465947700001E7,-1.2839802618586078E7,null,-1.2839602618586076E7,null,null,-1.0133878129518185E7,null,null
Fri Oct 02 03:00:00 UTC 2026,-1490555.3030531872,-1.1073817947700001E7,-1.2760554985674685E7,null,-1.2760354985674687E7,null,null,-1.0379426220427275E7,null,null
Fri Oct 02 04:00:00 UTC 2026,-2282413.366834523,-1.1922156947700001E7,-1.2681307352763291E7,null,-1.2681107352763291E7,null,null,-1.0624974311336365E7,null,null
Fri Oct 02 05:00:00 UTC 2026,-3804022.979590755,-1.1047398947700001E7,-1.26020597198519E7,null,-1.26018597198519E7,null,null,-1.0870522402245454E7,null,null
Fri Oct 02 06:00:00 UTC 2026,-5543005.394169357,-1.1561980947700001E7,-1.2522812086940508E7,null,-1.2522612086940508E7,null,null,-1.1116070493154546E7,null,null
Fri Oct 02 07:00:00 UTC 2026,-5667218.423782237,-1.1838996947700001E7,-1.2443564454029115E7,null,-1.2443364454029117E7,null,null,-1.1361618584063638E7,null,null
Fri Oct 02 08:00:00 UTC 2026,-6024330.883918838,-1.1471875947700001E7,-1.2364316821117723E7,null,-1.2364116821117723E7,null,null,-1.1607166674972728E7,null,null
Fri Oct 02 09:00:00 UTC 2026,-5589585.280274101,-1.1517943947700001E7,-1.228506918820633E7,null,-1.228486918820633E7,null,null,-1.185271476588182E7,null,null
Fri Oct 02 10:00:00 UTC 2026,-6008804.255217141,-1.1386713947700001E7,-1.2205821555294938E7,null,-1.2205621555294938E7,null,null,-1.209826285679091E7,null,null
Fri Oct 02 11:00:00 UTC 2026,-4968520.132210389,-1.2344510947700001E7,-1.2126573922383547E7,null,-1.2126373922383547E7,null,null,-1.2343810947700001E7,null,null
Fri Oct 02 12:00:00 UTC 2026,-4549301.157267349,-1.1842415947700001E7,-1.2047326289472153E7,null,-1.2047126289472153E7,null,null,null,null,null
Fri Oct 02 13:00:00 UTC 2026,-5869064.596902909,-9348124.947700001,-1.196807865656076E7,null,-1.1967878656560762E7,null,null,null,null,null
Fri Oct 02 14:00:00 UTC 2026,-7328567.694852702,-7886500.947700001,-1.1888831023649368E7,null,-1.1888631023649367E7,null,null,null,null,null
Fri Oct 02 15:00:00 UTC 2026,-7049088.378223893,-9405856.947700001,-1.1809583390737977E7,null,-1.1809383390737977E7,null,null,null,null,null
Fri Oct 02 16:00:00 UTC 2026,-6303810.200547647,-1.1096105947700001E7,-1.1730335757826583E7,null,-1.1730135757826583E7,null,null,null,null,null
Fri Oct 02 17:00:00 UTC 2026,-6055384.1413218845,-1.0878432947700001E7,-1.165108812491519E7,null,-1.1650888124915192E7,null,null,null,null,null
Fri Oct 02 18:00:00 UTC 2026,-6133017.284830021,-8237133.947700001,-1.1571840492003798E7,null,-1.1571640492003798E7,null,null,null,null,null
Fri Oct 02 19:00:00 UTC 2026,-3897182.7518002447,-7964898.947700001,-1.1492592859092407E7,null,-1.1492392859092407E7,null,null,null,null,null
Fri Oct 02 20:00:00 UTC 2026,-3586650.177768387,-7734247.947700001,-1.1413345226181014E7,null,-1.1413145226181014E7,null,null,null,null,null
Fri Oct 02 21:00:00 UTC 2026,-3151904.574123651,-7822604.947700001,-1.1334097593269624E7,null,-1.1333897593269624E7,null,null,null,null,null
Fri Oct 02 22:00:00 UTC 2026,-3058744.801914163,-7822604.947700001,-1.125484996035823E7,null,-1.1254649960358229E7,null,null,null,null,null
Fri Oct 02 23:00:00 UTC 2026,-6179597.170934765,-7822604.947700001,-1.1175602327446837E7,null,-1.1175402327446837E7,null,null,null,null,null
Sat Oct 03 00:00:00 UTC 2026,-4673514.186880229,-7822604.947700001,-1.1096354694535444E7,null,-1.1096154694535444E7,null,null,null,null,null
Sat Oct 03 01:00:00 UTC 2026,-4005869.152711427,-7822604.947700001,-1.1017107061624052E7,null,-1.1016907061624052E7,null,null,null,null,null
Sat Oct 03 02:00:00 UTC 2026,-636590.7244654093,-7822604.947700001,-1.093785942871266E7,null,-1.093765942871266E7,null,null,null,null,null
Sat Oct 03 03:00:00 UTC 2026,-388164.6652399935,-7822604.947700001,-1.0858611795801267E7,null,-1.0858411795801267E7,null,null,null,null,null
Sat Oct 03 04:00:00 UTC 2026,-341584.77913524956,-7822604.947700001,-1.0779364162889875E7,null,-1.0779164162889875E7,null,null,null,null,null
Sat Oct 03 05:00:00 UTC 2026,1.0522999987006187,-7822604.947700001,-1.0700116529978482E7,null,-1.0699916529978482E7,null,null,null,null,null
Sat Oct 03 06:00:00 UTC 2026,-1024756.4420054033,-7822604.947700001,-1.062086889706709E7,null,-1.062066889706709E7,null,null,null,null,null
Sat Oct 03 07:00:00 UTC 2026,-1164496.1003196351,-7822604.947700001,-1.0541621264155697E7,null,-1.0541421264155697E7,null,null,null,null,null
Sat Oct 03 08:00:00 UTC 2026,-1164496.1003196351,-7822604.947700001,-1.0462373631244306E7,null,-1.0462173631244306E7,null,null,null,null,null
Sat Oct 03 09:00:00 UTC 2026,-1164496.1003196351,-7822604.947700001,-1.0383125998332912E7,null,-1.0382925998332912E7,null,null,null,null,null
Sat Oct 03 10:00:00 UTC 2026,-1164496.1003196351,-7822604.947700001,-1.0303878365421519E7,null,-1.030367836542152E7,null,null,null,null,null
Sat Oct 03 11:00:00 UTC 2026,1.42517,-7822604.947700001,null,-1.0224630732510127E7,null,-1.0224430732510127E7,null,null,null,null,null,null
Sat Oct 03 12:00:00 UTC 2026,1.42517,-7822604.947700001,null,-1.0145383099598736E7,null,-1.0145183099598736E7,null,null,null,null,null,null
Sat Oct 03 13:00:00 UTC 2026,1.42517,-7822604.947700001,null,-1.0066135466687344E7,null,-1.0065935466687344E7,null,null,null,null,null,null
Sat Oct 03 14:00:00 UTC 2026,1.42517,-7822604.947700001,null,-9986887.83377595,null,-9986687.833775952,null,null,null,null,null,null
Sat Oct 03 15:00:00 UTC 2026,1.42517,-7822604.947700001,null,-9907640.200864557,null,-9907440.200864557,null,null,null,null,null,null
Sat Oct 03 16:00:00 UTC 2026,1.42517,-7822604.947700001,null,-9828392.567953166,null,-9828192.567953166,null,null,null,null,null,null
Sat Oct 03 17:00:00 UTC 2026,1.42517,-7822604.947700001,null,-9749144.935041774,null,-9748944.935041774,null,null,null,null,null,null
Sat Oct 03 18:00:00 UTC 2026,1.42517,-7822604.947700001,null,-9669897.302130383,null,-9669697.302130383,null,null,null,null,null,null
Sat Oct 03 19:00:00 UTC 2026,1.42517,-7822604.947700001,null,-9590649.66921899,null,-9590449.66921899,null,null,null,null,null,null
Sat Oct 03 20:00:00 UTC 2026,1.42517,-7822604.947700001,null,-9511402.036307596,null,-9511202.036307596,null,null,null,null,null,null
Sat Oct 03 21:00:00 UTC 2026,1.42517,-7822604.947700001,null,-9432154.403396204,null,-9431954.403396204,null,null,null,null,null,null
Sat Oct 03 22:00:00 UTC 2026,1.42517,-7822604.947700001,null,-9352906.770484813,null,-9352706.770484813,null,null,null,null,null,null
Sat Oct 03 23:00:00 UTC 2026,1.42517,-7822604.947700001,null,-9273659.13757342,null,-9273459.13757342,null,null,null,null,null,null
Sun Oct 04 00:00:00 UTC 2026,1.42517,-7822604.947700001,null,-9194411.504662026,null,-9194211.504662026,null,null,null,null,null,null
Sun Oct 04 01:00:00 UTC 2026,1.42517,-7822604.947700001,null,-9115163.871750634,null,-9114963.871750634,null,null,null,null,null,null
Sun Oct 04 02:00:00 UTC 2026,1.42517,-7822604.947700001,null,-9035916.238839243,null,-9035716.238839243,null,null,null,null,null,null
Sun Oct 04 03:00:00 UTC 2026,1.42517,-7822604.947700001,null,-8956668.60592785,null,-8956468.60592785,null,null,null,null,null,null
Sun Oct 04 04:00:00 UTC 2026,1.42517,-7822604.947700001,null,-8877420.973016458,null,-8877220.973016458,null,null,null,null,null,null
Sun Oct 04 05:00:00 UTC 2026,1.42517,-7822604.947700001,null,-8798173.340105064,null,-8797973.340105064,null,null,null,null,null,null
Sun Oct 04 06:00:00 UTC 2026,1.42517,-7822604.947700001,null,-8718925.707193673,null,-8718725.707193673,null,null,null,null,null,null
Sun Oct 04 07:00:00 UTC 2026,1.42517,-7822604.947700001,null,-8639678.07428228,null,-8639478.07428228,null,null,null,null,null,null
Sun Oct 04 08:00:00 UTC 2026,1.42517,-7822604.947700001,null,-8560430.441370888,null,-8560230.441370888,null,null,null,null,null,null
Sun Oct 04 09:00:00 UTC 2026,1.42517,-7822604.947700001,null,-8481182.808459494,null,-8480982.808459494,null,null,null,null,null,null
Sun Oct 04 10:00:00 UTC 2026,1.42517,-7822604.947700001,null,-8401935.175548103,null,-8401735.175548103,null,null,null,null,null,null
Sun Oct 04 11:00:00 UTC 2026,1.42517,-7822604.947700001,null,-8322687.54263671,null,-8322487.542636709,null,null,null,null,null,null
Sun Oct 04 12:00:00 UTC 2026,1.42517,-7822604.947700001,null,-8243439.909725318,null,-8243239.909725318,null,null,null,null,null,null
Sun Oct 04 13:00:00 UTC 2026,1.42517,-7822604.947700001,null,-8164192.276813925,null,-8163992.276813925,null,null,null,null,null,null
Sun Oct 04 14:00:00 UTC 2026,1.42517,-7822604.947700001,null,-8084944.643902533,null,-8084744.643902533,null,null,null,null,null,null
Sun Oct 04 15:00:00 UTC 2026,1.42517,-7822604.947700001,null,-8005697.01099114,null,-8005497.01099114,null,null,null,null,null,null
Sun Oct 04 16:00:00 UTC 2026,1.42517,-7822604.947700001,null,-7926449.378079748,null,-7926249.378079748,null,null,null,null,null,null
Sun Oct 04 17:00:00 UTC 2026,1.42517,-7822604.947700001,null,-7847201.745168356,null,-7847001.745168356,null,null,null,null,null,null
Sun Oct 04 18:00:00 UTC 2026,1.42517,-7822604.947700001,null,-7767954.112256963,null,-7767754.112256964,null,null,null,null,null,null
Sun Oct 04 19:00:00 UTC 2026,1.42517,-7822604.947700001,null,-7688706.479345571,null,-7688506.47934557,null,null,null,null,null,null
Sun Oct 04 20:00:00 UTC 2026,1.42517,-7822604.947700001,null,-7609458.846434179,null,-7609258.846434179,null,null,null,null,null,null
Sun Oct 04 21:00:00 UTC 2026,1.42517,-8236955.947700001,null,-7530211.213522786,null,-7530011.213522786,null,null,null,null,null,null
Sun Oct 04 22:00:00 UTC 2026,1.42517,-9348227.947700001,null,-7450963.580611394,null,-7450763.580611394,null,null,null,null,null,null
Sun Oct 04 23:00:00 UTC 2026,1.42517,-7371815.947700001,null,-7371715.947700001,null,-7371515.947700001,null,null,null,null,null,null
Mon Oct 05 00:00:00 UTC 2026,1.42517,-8480057.947700001,null,null,null,null,null,null,null,null,null,null
Mon Oct 05 01:00:00 UTC 2026,1.42517,-7417788.947700001,null,null,null,null,null,null,null,null,null,null
Mon Oct 05 02:00:00 UTC 2026,1.42517,-8489045.947700001,null,null,null,null,null,null,null,null,null,null
Mon Oct 05 03:00:00 UTC 2026,1.42517,-9823808.947700001,null,null,null,null,null,null,null,null,null,null
Mon Oct 05 04:00:00 UTC 2026,1.42517,-1.0101114947700001E7,null,null,null,null,null,null,null,null,null,null
Mon Oct 05 05:00:00 UTC 2026,1.42517,-1.0429280947700001E7,null,null,null,null,null,null,null,null,null,null
Mon Oct 05 06:00:00 UTC 2026,1.42517,-1.0286985947700001E7,null,null,null,null,null,null,null,null,null,null
Mon Oct 05 07:00:00 UTC 2026,1.42517,-1.1556670947700001E7,null,null,null,null,null,null,null,null,null,null
Mon Oct 05 08:00:00 UTC 2026,1.42517,-1.1309976947700001E7,null,null,null,null,null,null,null,null,null,null
Mon Oct 05 09:00:00 UTC 2026,1.42517,-1.1996209947700001E7,null,null,null,null,null,null,null,null,null,null
Mon Oct 05 10:00:00 UTC 2026,1.42517,-1.3189272947700001E7,null,null,null,null,null,null,null,null,null,null
Mon Oct 05 11:00:00 UTC 2026,1.42517,-1.3925237947700001E7,null,null,null,null,null,null,null,null,null,null
Mon Oct 05 12:00:00 UTC 2026,1.42517,-1.5092673947700001E7,null,null,null,null,null,null,null,null,null,null
Mon Oct 05 13:00:00 UTC 2026,1.42517,-1.77541489477E7,null,null,null,null,null,null,null,null,null,null
Mon Oct 05 14:00:00 UTC 2026,1.42517,-1.96796959477E7,null,null,null,null,null,null,null,null,null,null
Mon Oct 05 15:00:00 UTC 2026,1.42517,-1.96641689477E7,null,null,null,null,null,null,null,null,null,null
Mon Oct 05 16:00:00 UTC 2026,1.42517,-2.09919419477E7,null,-2.09918419477E7,null,null,null,null,null,null,null,null
Mon Oct 05 17:00:00 UTC 2026,1.42517,-1.94406969477E7,null,-2.02038899477E7,null,null,null,null,null,null,null,null
Mon Oct 05 18:00:00 UTC 2026,1.42517,-1.99441959477E7,null,-1.94159379477E7,null,null,null,null,null,null,null,null
Mon Oct 05 19:00:00 UTC 2026,1.42517,-1.96012119477E7,null,-1.86279859477E7,null,null,null,null,null,null,null,null
Mon Oct 05 20:00:00 UTC 2026,1.42517,-1.97109289477E7,null,-1.78400339477E7,null,null,null,null,null,null,null,null
Mon Oct 05 21:00:00 UTC 2026,1.42517,-1.97104909477E7,null,-1.70520819477E7,null,null,null,null,null,null,null,null
Mon Oct 05 22:00:00 UTC 2026,1.42517,-2.06160939477E7,null,-1.6264129947700001E7,null,null,null,null,null,null,null,null
Mon Oct 05 23:00:00 UTC 2026,1.42517,-1.2176594947700001E7,null,-1.5476177947700001E7,null,null,null,null,null,null,null,null
Tue Oct 06 00:00:00 UTC 2026,1.42517,-1.2055079947700001E7,null,-1.4688225947700001E7,null,null,null,null,null,-1.2054379947700001E7,null,null
Tue Oct 06 01:00:00 UTC 2026,1.42517,-1.2824021947700001E7,null,-1.3900273947700001E7,null,null,null,null,null,-1.2479844281033333E7,null,null
Tue Oct 06 02:00:00 UTC 2026,1.42517,-1.3285852947700001E7,null,-1.3112321947700001E7,null,null,null,null,null,-1.2905308614366667E7,null,null
Tue Oct 06 03:00:00 UTC 2026,1.42517,-1.3331472947700001E7,null,-1.2324369947700001E7,null,null,null,null,null,-1.3330772947700001E7,null,null
Tue Oct 06 04:00:00 UTC 2026,1.42517,-1.1536517947700001E7,null,-1.1536417947700001E7,null,null,null,null,null,null,null,null
Tue Oct 06 05:00:00 UTC 2026,1.42517,-1.6115137947700001E7,null,null,null,null,null,null,null,null,null,null
Tue Oct 06 06:00:00 UTC 2026,1.42517,-1.77037719477E7,null,null,null,null,null,null,null,null,null,null
Tue Oct 06 07:00:00 UTC 2026,1.42517,-2.76754319477E7,null,null,null,null,null,null,null,null,null,null
Tue Oct 06 08:00:00 UTC 2026,1.42517,-3.19387889477E7,null,null,null,null,null,null,null,null,null,null
Tue Oct 06 09:00:00 UTC 2026,1.42517,-3.08742509477E7,null,null,null,null,null,null,null,null,null,null
Tue Oct 06 10:00:00 UTC 2026,1.42517,-3.03555889477E7,null,null,null,null,null,null,null,null,null,null
Tue Oct 06 11:00:00 UTC 2026,1.42517,-3.11300549477E7,null,null,null,null,null,null,null,null,null,null
Tue Oct 06 12:00:00 UTC 2026,1.42517,-3.11162849477E7,null,null,null,null,null,null,null,null,null,null
Tue Oct 06 13:00:00 UTC 2026,1.42517,-3.13666409477E7,null,null,null,null,null,null,null,null,null,null
Tue Oct 06 14:00:00 UTC 2026,1.42517,-3.10632769477E7,null,null,null,null,null,null,null,null,null,null
Tue Oct 06 15:00:00 UTC 2026,1.42517,-3.11587239477E7,null,null,null,null,null,null,null,null,null,null
Tue Oct 06 16:00:00 UTC 2026,1.42517,-3.21601749477E7,null,null,null,null,null,null,null,null,null,null
Tue Oct 06 17:00:00 UTC 2026,1.42517,-3.25042039477E7,null,null,null,null,null,null,null,null,null,null
Tue Oct 06 18:00:00 UTC 2026,1.42517,-3.19999549477E7,null,null,null,null,null,null,null,null,null,null
Tue Oct 06 19:00:00 UTC 2026,1.42517,-3.14868559477E7,null,null,null,null,null,null,null,null,null,null
Tue Oct 06 20:00:00 UTC 2026,1.42517,-3.15696389477E7,null,null,null,null,null,null,null,null,null,null
Tue Oct 06 21:00:00 UTC 2026,1.42517,-3.21930189477E7,null,null,null,null,null,null,null,null,null,null
Tue Oct 06 22:00:00 UTC 2026,1.42517,-3.14365319477E7,null,null,null,null,null,null,null,null,null,null
Tue Oct 06 23:00:00 UTC 2026,1.42517,-3.25062359477E7,null,null,null,null,null,null,null,null,null,null
Wed Oct 07 00:00:00 UTC 2026,1.42517,-3.15500219477E7,null,null,null,null,null,null,null,null,null,null
Wed Oct 07 01:00:00 UTC 2026,1.42517,-3.18225589477E7,null,null,null,null,null,null,null,null,null,null
Wed Oct 07 02:00:00 UTC 2026,1.42517,-3.21724849477E7,null,null,null,null,null,null,null,null,null,null
Wed Oct 07 03:00:00 UTC 2026,1.42517,-3.20653049477E7,null,null,null,null,null,null,null,null,null,null
Wed Oct 07 04:00:00 UTC 2026,1.42517,-3.13923309477E7,null,null,null,null,null,null,null,null,null,null
Wed Oct 07 05:00:00 UTC 2026,1.42517,-3.11785679477E7,null,null,null,null,null,null,null,-3.11778679477E7,null,null
Wed Oct 07 06:00:00 UTC 2026,1.42517,-3.17884149477E7,null,null,null,null,null,null,null,-3.19034469477E7,null,null
Wed Oct 07 07:00:00 UTC 2026,1.42517,-3.26272639477E7,null,null,null,null,null,null,null,-3.26290259477E7,null,null
Wed Oct 07 08:00:00 UTC 2026,1.42517,-3.23199779477E7,null,null,null,null,null,null,null,-3.33546049477E7,null,null
Wed Oct 07 09:00:00 UTC 2026,1.42517,-3.27676459477E7,null,null,null,null,null,null,null,-3.40801839477E7,null,null
Wed Oct 07 10:00:00 UTC 2026,1.42517,-3.35752069477E7,null,null,null,null,null,null,null,-3.48057629477E7,null,null
Wed Oct 07 11:00:00 UTC 2026,1.42517,-3.35971209477E7,null,null,null,null,null,null,null,-3.55313419477E7,null,null
Wed Oct 07 12:00:00 UTC 2026,1.42517,-3.68562959477E7,null,null,null,null,null,null,null,-3.62569209477E7,null,null
Wed Oct 07 13:00:00 UTC 2026,1.42517,-3.63357089477E7,null,null,null,null,null,null,null,-3.69824999477E7,null,null
Wed Oct 07 14:00:00 UTC 2026,1.42517,-3.77087789477E7,null,null,null,null,null,null,null,-3.77080789477E7,null,null
Wed Oct 07 15:00:00 UTC 2026,1.42517,-3.48690179477E7,null,null,null,null,null,null,null,null,null,null
Wed Oct 07 16:00:00 UTC 2026,1.42517,-3.82588759477E7,null,-3.82587759477E7,null,null,null,null,null,null,null,null
Wed Oct 07 17:00:00 UTC 2026,1.42517,-3.47178299477E7,null,-3.7979805081033334E7,null,null,null,null,null,null,null,null
Wed Oct 07 18:00:00 UTC 2026,1.42517,-3.40700939477E7,null,-3.770083421436667E7,null,null,null,null,null,null,null,null
Wed Oct 07 19:00:00 UTC 2026,1.42517,-3.34432579477E7,null,-3.74218633477E7,null,null,null,null,null,null,null,null
Wed Oct 07 20:00:00 UTC 2026,1.42517,-3.31703819477E7,null,-3.714289248103333E7,null,null,null,null,null,-3.31696819477E7,null,null
Wed Oct 07 21:00:00 UTC 2026,1.42517,-3.37111339477E7,null,-3.6863921614366665E7,null,null,null,null,null,-3.42333616977E7,null,null
Wed Oct 07 22:00:00 UTC 2026,1.42517,-3.61994229477E7,null,-3.6584950747700006E7,null,null,null,null,null,-3.52970414477E7,null,null
Wed Oct 07 23:00:00 UTC 2026,1.42517,-3.71701759477E7,null,-3.630597988103334E7,null,null,null,null,null,-3.63607211977E7,null,null
Thu Oct 08 00:00:00 UTC 2026,1.42517,-3.74251009477E7,null,-3.6027009014366664E7,null,null,null,null,null,-3.74244009477E7,null,null
Thu Oct 08 01:00:00 UTC 2026,1.42517,-3.59937639477E7,null,-3.57480381477E7,null,null,null,null,null,null,null,null
Thu Oct 08 02:00:00 UTC 2026,1.42517,-3.50533509477E7,null,-3.546906728103334E7,null,null,null,null,null,null,null,null
Thu Oct 08 03:00:00 UTC 2026,1.42517,-3.45693369477E7,null,-3.519009641436666E7,null,null,null,null,null,null,null,null
Thu Oct 08 04:00:00 UTC 2026,1.42517,-3.54264589477E7,null,-3.49111255477E7,null,null,null,null,null,null,null,null
Thu Oct 08 05:00:00 UTC 2026,1.42517,-3.52171369477E7,null,-3.4632154681033336E7,null,null,null,null,null,null,null,null
Thu Oct 08 06:00:00 UTC 2026,1.42517,-3.55670519477E7,null,-3.435318381436667E7,null,null,null,null,null,null,null,null
Thu Oct 08 07:00:00 UTC 2026,1.42517,-3.42478849477E7,null,-3.40742129477E7,null,null,null,null,null,-3.42471849477E7,null,null
Thu Oct 08 08:00:00 UTC 2026,1.42517,-3.42923119477E7,null,-3.3795242081033334E7,null,null,null,null,null,-3.452480709055714E7,null,null
Thu Oct 08 09:00:00 UTC 2026,1.42517,-3.55916069477E7,null,-3.3516271214366667E7,null,null,null,null,null,-3.480242923341429E7,null,null
Thu Oct 08 10:00:00 UTC 2026,1.42517,-3.58363369477E7,null,-3.32373003477E7,null,null,null,null,null,-3.508005137627143E7,null,null
Thu Oct 08 11:00:00 UTC 2026,1.42517,-3.53268209477E7,null,-3.2958329481033333E7,null,null,null,null,null,-3.5357673519128576E7,null,null
Thu Oct 08 12:00:00 UTC 2026,1.42517,-3.50553559477E7,null,-3.2679358614366665E7,null,null,null,null,null,-3.563529566198572E7,null,null
Thu Oct 08 13:00:00 UTC 2026,1.42517,-3.55722609477E7,null,-3.24003877477E7,null,null,null,null,null,-3.591291780484286E7,null,null
Thu Oct 08 14:00:00 UTC 2026,1.42517,-3.61912399477E7,null,-3.212141688103333E7,null,null,null,null,null,-3.61905399477E7,null,null
Thu Oct 08 15:00:00 UTC 2026,1.42517,-3.51557319477E7,null,-3.184244601436667E7,null,null,null,null,null,null,null,null
Thu Oct 08 16:00:00 UTC 2026,1.42517,-3.50770829477E7,null,-3.1563475147700004E7,null,null,null,null,null,null,null,null
Thu Oct 08 17:00:00 UTC 2026,1.42517,-3.47981999477E7,null,-3.1284504281033333E7,null,null,null,null,null,null,null,null
Thu Oct 08 18:00:00 UTC 2026,1.42517,-3.15573089477E7,null,-3.1005533414366666E7,null,null,null,null,null,null,null,null
Thu Oct 08 19:00:00 UTC 2026,1.42517,-3.12866339477E7,null,-3.0726562547700003E7,null,null,null,null,null,null,null,null
Thu Oct 08 20:00:00 UTC 2026,1.42517,-2.99511659477E7,null,-3.0447591681033336E7,null,null,null,null,null,null,null,null
Thu Oct 08 21:00:00 UTC 2026,1.42517,-3.03715109477E7,null,-3.016862081436667E7,null,null,null,null,null,null,null,null
Thu Oct 08 22:00:00 UTC 2026,1.42517,-2.98897499477E7,null,-2.98896499477E7,null,null,null,null,null,null,null,null
Thu Oct 08 23:00:00 UTC 2026,1.42517,-3.04182049477E7,null,null,null,null,null,null,null,null,null,null
Fri Oct 09 00:00:00 UTC 2026,1.42517,-3.05680729477E7,null,null,null,null,null,null,null,null,null,null
Fri Oct 09 01:00:00 UTC 2026,1.42517,-3.12142859477E7,null,null,null,null,null,null,null,null,null,null
Fri Oct 09 02:00:00 UTC 2026,1.42517,-3.14921739477E7,null,null,null,null,null,null,null,null,null,null
Fri Oct 09 03:00:00 UTC 2026,1.42517,-3.31348299477E7,null,null,null,null,null,null,null,null,null,null
Fri Oct 09 04:00:00 UTC 2026,1.42517,-3.33385159477E7,null,null,null,null,null,null,null,null,null,null
Fri Oct 09 05:00:00 UTC 2026,1.42517,-3.36295249477E7,null,null,null,null,null,null,null,null,null,null
Fri Oct 09 06:00:00 UTC 2026,1.42517,-3.35751419477E7,null,null,null,null,null,null,null,null,null,null
Fri Oct 09 07:00:00 UTC 2026,1.42517,-3.29469649477E7,null,null,null,null,null,null,null,null,null,null
Fri Oct 09 08:00:00 UTC 2026,1.42517,-3.33307399477E7,null,null,null,null,null,null,null,null,null,null
Fri Oct 09 09:00:00 UTC 2026,1.42517,-3.37012919477E7,null,null,null,null,null,null,null,null,null,null
Fri Oct 09 10:00:00 UTC 2026,1.42517,-3.43508889477E7,null,null,null,null,null,null,null,null,null,null
Fri Oct 09 11:00:00 UTC 2026,1.42517,-3.41040269477E7,null,null,null,null,null,null,null,null,null,null
Fri Oct 09 12:00:00 UTC 2026,1.42517,-3.42776589477E7,null,null,null,null,null,null,null,null,null,null
Fri Oct 09 13:00:00 UTC 2026,1.42517,-3.37537009477E7,null,null,null,null,null,null,null,null,null,null
Fri Oct 09 14:00:00 UTC 2026,1.42517,-3.42040479477E7,null,null,null,null,null,null,null,null,null,null
Fri Oct 09 15:00:00 UTC 2026,1.42517,-3.35262559477E7,null,null,null,null,null,null,null,null,null,null
Fri Oct 09 16:00:00 UTC 2026,1.42517,-3.36692679477E7,null,null,null,null,null,null,null,null,null,null
Fri Oct 09 17:00:00 UTC 2026,1.42517,-3.28367989477E7,null,null,null,null,null,null,null,null,null,null
Fri Oct 09 18:00:00 UTC 2026,1.42517,-3.26389329477E7,null,null,null,null,null,null,null,null,null,null
Fri Oct 09 19:00:00 UTC 2026,1.42517,-3.24744449477E7,null,null,null,null,null,null,null,null,null,null
Fri Oct 09 20:00:00 UTC 2026,1.42517,-3.24084739477E7,null,null,null,null,null,null,null,null,null,null
Fri Oct 09 21:00:00 UTC 2026,1.42517,-3.28657069477E7,null,null,null,null,null,null,null,null,null,null
Fri Oct 09 22:00:00 UTC 2026,1.42517,-3.28657069477E7,null,null,null,null,null,null,null,null,null,null
Fri Oct 09 23:00:00 UTC 2026,1.42517,-3.28657069477E7,null,null,null,null,null,null,null,null,null,null
Sat Oct 10 00:00:00 UTC 2026,1.42517,-3.28657069477E7,null,null,null,null,null,null,null,null,null,null
Sat Oct 10 01:00:00 UTC 2026,1.42517,-3.28657069477E7,null,null,null,null,null,null,null,null,null,null
Sat Oct 10 02:00:00 UTC 2026,1.42517,-3.28657069477E7,null,null,null,null,null,null,null,null,null,null
Sat Oct 10 03:00:00 UTC 2026,1.42517,-3.28657069477E7,null,null,null,null,null,null,null,null,null,null
Sat Oct 10 04:00:00 UTC 2026,1.42517,-3.28657069477E7,null,null,null,null,null,null,null,null,null,null
Sat Oct 10 05:00:00 UTC 2026,1.42517,-3.28657069477E7,null,null,null,null,null,null,null,null,null,null
Sat Oct 10 06:00:00 UTC 2026,1.42517,-3.28657069477E7,null,null,null,null,null,null,null,null,null,null
Sat Oct 10 07:00:00 UTC 2026,1.42517,-3.28657069477E7,null,null,null,null,null,null,null,null,null,null
Sat Oct 10 08:00:00 UTC 2026,1.42517,-3.28657069477E7,null,null,null,null,null,null,null,null,null,null
Sat Oct 10 09:00:00 UTC 2026,1.42517,-3.28657069477E7,null,null,null,null,null,null,null,null,null,null
Sat Oct 10 10:00:00 UTC 2026,1.42517,-3.28657069477E7,null,null,null,null,null,null,null,null,null,null
Sat Oct 10 11:00:00 UTC 2026,1.42517,-3.28657069477E7,null,null,null,null,null,null,null,null,null,null
Sat Oct 10 12:00:00 UTC 2026,1.42517,-3.28657069477E7,null,null,null,null,null,null,null,null,null,null
Sat Oct 10 13:00:00 UTC 2026,1.42517,-3.28657069477E7,null,null,null,null,null,null,null,null,null,null
Sat Oct 10 14:00:00 UTC 2026,1.42517,-3.28657069477E7,null,null,null,null,null,null,null,null,null,null
Sat Oct 10 15:00:00 UTC 2026,1.42517,-3.28657069477E7,null,null,null,null,null,null,null,null,null,null
Sat Oct 10 16:00:00 UTC 2026,1.42517,-3.28657069477E7,null,null,null,null,null,null,null,null,null,null
Sat Oct 10 17:00:00 UTC 2026,1.42517,-3.28657069477E7,null,null,null,null,null,null,null,null,null,null
Sat Oct 10 18:00:00 UTC 2026,1.42517,-3.28657069477E7,null,null,null,null,null,null,null,null,null,null
Sat Oct 10 19:00:00 UTC 2026,1.42517,-3.28657069477E7,null,null,null,null,null,null,null,null,null,null
Sat Oct 10 20:00:00 UTC 2026,1.42517,-3.28657069477E7,null,null,null,null,null,null,null,null,null,null
Sat Oct 10 21:00:00 UTC 2026,1.42517,-3.28657069477E7,null,null,null,null,null,null,null,null,null,null
Sat Oct 10 22:00:00 UTC 2026,1.42517,-3.28657069477E7,null,null,null,null,null,null,null,null,null,null
Sat Oct 10 23:00:00 UTC 2026,1.42517,-3.28657069477E7,null,null,null,null,null,null,null,null,null,null
Sun Oct 11 00:00:00 UTC 2026,1.42517,-3.28657069477E7,null,null,null,null,null,null,null,null,null,null
Sun Oct 11 01:00:00 UTC 2026,1.42517,-3.28657069477E7,null,null,null,null,null,null,null,null,null,null
Sun Oct 11 02:00:00 UTC 2026,1.42517,-3.28657069477E7,null,null,null,null,null,null,null,null,null,null
Sun Oct 11 03:00:00 UTC 2026,1.42517,-3.28657069477E7,null,null,null,null,null,null,null,null,null,null
Sun Oct 11 04:00:00 UTC 2026,1.42517,-3.28657069477E7,null,null,null,null,null,null,null,null,null,null
Sun Oct 11 05:00:00 UTC 2026,1.42517,-3.28657069477E7,null,null,null,null,null,null,null,null,null,null
Sun Oct 11 06:00:00 UTC 2026,1.42517,-3.28657069477E7,null,null,null,null,null,null,null,null,null,null
Sun Oct 11 07:00:00 UTC 2026,1.42517,-3.28657069477E7,null,null,null,null,null,null,null,null,null,null
Sun Oct 11 08:00:00 UTC 2026,1.42517,-3.28657069477E7,null,null,null,null,null,null,null,null,null,null
Sun Oct 11 09:00:00 UTC 2026,1.42517,-3.28657069477E7,null,null,null,null,null,null,null,null,null,null
Sun Oct 11 10:00:00 UTC 2026,1.42517,-3.28657069477E7,null,null,null,null,null,null,null,null,null,null
Sun Oct 11 11:00:00 UTC 2026,1.42517,-3.28657069477E7,null,null,null,null,null,null,null,null,null,null
Sun Oct 11 12:00:00 UTC 2026,1.42517,-3.28657069477E7,null,null,null,null,null,null,null,null,null,null
Sun Oct 11 13:00:00 UTC 2026,1.42517,-3.28657069477E7,null,null,null,null,null,null,null,null,null,null
Sun Oct 11 14:00:00 UTC 2026,1.42517,-3.28657069477E7,null,null,null,null,null,null,null,null,null,null
Sun Oct 11 15:00:00 UTC 2026,1.42517,-3.28657069477E7,null,null,null,null,null,null,null,null,null,null
Sun Oct 11 16:00:00 UTC 2026,1.42517,-3.28657069477E7,null,null,null,null,null,null,null,null,null,null
Sun Oct 11 17:00:00 UTC 2026,1.42517,-3.28657069477E7,null,null,null,null,null,null,null,null,null,null
Sun Oct 11 18:00:00 UTC 2026,1.42517,-3.28657069477E7,null,null,null,null,null,null,null,null,null,null
Sun Oct 11 19:00:00 UTC 2026,1.42517,-3.28657069477E7,null,null,null,null,null,null,null,null,null,null
Sun Oct 11 20:00:00 UTC 2026,1.42517,-3.28657069477E7,null,null,null,null,null,null,null,null,null,null
Sun Oct 11 21:00:00 UTC 2026,1.42517,-3.31864139477E7,null,null,null,null,null,null,null,null,null,null
Sun Oct 11 22:00:00 UTC 2026,1.42517,-3.30460839477E7,null,null,null,null,null,null,null,null,null,null
Sun Oct 11 23:00:00 UTC 2026,1.42517,-3.30583829477E7,null,null,null,null,null,null,null,null,null,null
Mon Oct 12 00:00:00 UTC 2026,1.42517,-3.34801339477E7,null,null,null,null,null,null,null,null,null,null
Mon Oct 12 01:00:00 UTC 2026,1.42517,-3.32707429477E7,null,null,null,null,null,null,null,null,null,null
Mon Oct 12 02:00:00 UTC 2026,1.42517,-3.29482769477E7,null,null,null,null,null,null,null,null,null,null
Mon Oct 12 03:00:00 UTC 2026,1.42517,-3.33600729477E7,null,null,null,null,null,null,null,null,null,null
Mon Oct 12 04:00:00 UTC 2026,1.42517,-3.31159629477E7,null,null,null,null,null,null,null,null,null,null
Mon Oct 12 05:00:00 UTC 2026,1.42517,-3.30507099477E7,null,null,null,null,null,null,null,null,null,null
Mon Oct 12 06:00:00 UTC 2026,1.42517,-3.31291259477E7,null,null,null,null,null,null,null,null,null,null
Mon Oct 12 07:00:00 UTC 2026,1.42517,-3.26828049477E7,null,null,null,null,null,null,null,null,null,null
Mon Oct 12 08:00:00 UTC 2026,1.42517,-3.22707039477E7,null,null,null,null,null,null,null,null,null,null
Mon Oct 12 09:00:00 UTC 2026,1.42517,-3.24442559477E7,null,null,null,null,null,null,null,null,null,null
Mon Oct 12 10:00:00 UTC 2026,1.42517,-3.33365639477E7,null,null,null,null,null,null,null,null,null,null
Mon Oct 12 11:00:00 UTC 2026,1.42517,-3.39769699477E7,null,null,null,null,null,null,null,null,null,null
Mon Oct 12 12:00:00 UTC 2026,1.42517,-3.37821469477E7,null,null,null,null,null,null,null,null,null,null
Mon Oct 12 13:00:00 UTC 2026,1.42517,-3.52709129477E7,null,null,null,null,null,null,null,null,null,null
Mon Oct 12 14:00:00 UTC 2026,1.42517,-3.51240639477E7,null,null,null,null,null,null,null,null,null,null
Mon Oct 12 15:00:00 UTC 2026,1.42517,-3.49451629477E7,null,null,null,null,null,null,null,null,null,null
Mon Oct 12 16:00:00 UTC 2026,1.42517,-3.51250309477E7,null,null,null,null,null,null,null,null,null,null
Mon Oct 12 17:00:00 UTC 2026,1.42517,-3.41389019477E7,null,null,null,null,null,null,null,null,null,null
Mon Oct 12 18:00:00 UTC 2026,1.42517,-3.34591329477E7,null,null,null,null,null,null,null,null,null,null
Mon Oct 12 19:00:00 UTC 2026,1.42517,-3.35778949477E7,null,null,null,null,null,null,null,null,null,null
Mon Oct 12 20:00:00 UTC 2026,1.42517,-3.31431549477E7,null,null,null,null,null,null,null,null,null,null
Mon Oct 12 21:00:00 UTC 2026,1.42517,-3.30735559477E7,null,null,null,null,null,null,null,null,null,null
Mon Oct 12 22:00:00 UTC 2026,1.42517,-3.34827119477E7,null,null,null,null,null,null,null,null,null,null
Mon Oct 12 23:00:00 UTC 2026,1.42517,-3.34089719477E7,null,null,null,null,null,null,null,null,null,null
Tue Oct 13 00:00:00 UTC 2026,1.42517,-3.30900429477E7,null,null,null,null,null,null,null,null,null,null
Tue Oct 13 01:00:00 UTC 2026,1.42517,-3.34098499477E7,null,null,null,null,null,null,null,null,null,null
Tue Oct 13 02:00:00 UTC 2026,1.42517,-3.34327399477E7,null,null,null,null,null,null,null,null,null,null
Tue Oct 13 03:00:00 UTC 2026,1.42517,-3.32629589477E7,null,null,null,null,null,null,null,null,null,null
Tue Oct 13 04:00:00 UTC 2026,1.42517,-3.36061819477E7,null,null,null,null,null,null,null,null,null,null
Tue Oct 13 05:00:00 UTC 2026,1.42517,-3.28557899477E7,null,null,null,null,null,null,null,null,null,null
Tue Oct 13 06:00:00 UTC 2026,1.42517,-3.39967759477E7,null,null,null,null,null,null,null,null,null,null
Tue Oct 13 07:00:00 UTC 2026,1.42517,-3.38934239477E7,null,null,null,null,null,null,null,null,null,null
Tue Oct 13 08:00:00 UTC 2026,1.42517,-3.73882319477E7,null,null,null,null,null,null,null,null,null,null
Tue Oct 13 09:00:00 UTC 2026,1.42517,-3.70991519477E7,null,null,null,null,null,null,null,null,null,null
Tue Oct 13 10:00:00 UTC 2026,1.42517,-3.73323389477E7,null,null,null,null,null,null,null,null,null,null
Tue Oct 13 11:00:00 UTC 2026,1.42517,-3.73587569477E7,null,null,null,null,null,null,null,null,null,null
Tue Oct 13 12:00:00 UTC 2026,1.42517,-3.73710989477E7,null,null,null,null,null,null,null,null,null,null
Tue Oct 13 13:00:00 UTC 2026,1.42517,-3.76806189477E7,null,null,null,null,null,null,null,null,null,null
Tue Oct 13 14:00:00 UTC 2026,1.42517,-3.74950609477E7,null,null,null,null,null,null,null,null,null,null
Tue Oct 13 15:00:00 UTC 2026,1.42517,-3.75945079477E7,null,null,null,null,null,null,null,null,null,null
Tue Oct 13 16:00:00 UTC 2026,1.42517,-3.74674029477E7,null,null,null,null,null,null,null,null,null,null
Tue Oct 13 17:00:00 UTC 2026,1.42517,-3.69875549477E7,null,null,null,null,null,null,null,null,null,null
Tue Oct 13 18:00:00 UTC 2026,1.42517,-3.71772509477E7,null,null,null,null,null,null,null,null,null,null
Tue Oct 13 19:00:00 UTC 2026,1.42517,-3.77234069477E7,null,null,null,null,null,null,null,null,null,null
Tue Oct 13 20:00:00 UTC 2026,1.42517,-3.78809059477E7,null,null,null,null,null,null,null,null,null,null
Tue Oct 13 21:00:00 UTC 2026,1.42517,-3.80245039477E7,null,null,null,null,null,null,null,null,null,null
Tue Oct 13 22:00:00 UTC 2026,1.42517,-3.80383929477E7,null,null,null,null,null,null,null,null,null,null
Tue Oct 13 23:00:00 UTC 2026,1.42517,-3.82171799477E7,null,null,null,null,null,null,null,null,null,null
Wed Oct 14 00:00:00 UTC 2026,1.42517,-3.79965079477E7,null,null,null,null,null,null,null,null,null,null
Wed Oct 14 01:00:00 UTC 2026,1.42517,-3.86827809477E7,null,null,null,null,null,null,null,null,null,null
Wed Oct 14 02:00:00 UTC 2026,1.42517,-3.80778599477E7,null,null,null,null,null,null,null,null,null,null
Wed Oct 14 03:00:00 UTC 2026,1.42517,-3.82531729477E7,null,null,null,null,null,null,null,null,null,null
Wed Oct 14 04:00:00 UTC 2026,1.42517,-3.78257589477E7,null,null,null,null,null,null,null,null,null,null
Wed Oct 14 05:00:00 UTC 2026,1.42517,-3.80703329477E7,null,null,null,null,null,null,null,null,null,null
Wed Oct 14 06:00:00 UTC 2026,1.42517,-3.78493239477E7,null,null,null,null,null,null,null,null,null,null
Wed Oct 14 07:00:00 UTC 2026,1.42517,-3.77748429477E7,null,null,null,null,null,null,null,null,null,null
Wed Oct 14 08:00:00 UTC 2026,1.42517,-3.75773519477E7,null,null,null,null,null,null,null,null,null,null
Wed Oct 14 09:00:00 UTC 2026,1.42517,-3.76331129477E7,null,null,null,null,null,null,null,null,null,null
Wed Oct 14 10:00:00 UTC 2026,1.42517,-3.76192569477E7,null,null,null,null,null,null,null,null,null,null
Wed Oct 14 11:00:00 UTC 2026,1.42517,-3.75103099477E7,null,null,null,null,null,null,null,null,null,null
Wed Oct 14 12:00:00 UTC 2026,1.42517,-3.74564919477E7,null,null,null,null,null,null,null,null,null,null
Wed Oct 14 13:00:00 UTC 2026,1.42517,-3.73139319477E7,null,null,null,null,null,null,null,-3.73132319477E7,null,null
Wed Oct 14 14:00:00 UTC 2026,1.42517,-3.74706209477E7,null,null,null,null,null,null,null,-3.7501976947699994E7,null,null
Wed Oct 14 15:00:00 UTC 2026,1.42517,-3.80227999477E7,null,null,null,null,null,null,null,-3.76907219477E7,null,null
Wed Oct 14 16:00:00 UTC 2026,1.42517,-3.83399899477E7,null,null,null,null,null,null,null,-3.7879466947699994E7,null,null
Wed Oct 14 17:00:00 UTC 2026,1.42517,-3.83480189477E7,null,null,null,null,null,null,null,-3.8068211947699994E7,null,null
Wed Oct 14 18:00:00 UTC 2026,1.42517,-3.84546549477E7,null,null,null,null,null,null,null,-3.82569569477E7,null,null
Wed Oct 14 19:00:00 UTC 2026,1.42517,-3.85415899477E7,null,null,null,null,null,null,null,-3.8445701947699994E7,null,null
Wed Oct 14 20:00:00 UTC 2026,1.42517,-3.86351469477E7,null,null,null,null,null,null,null,-3.86344469477E7,null,null
Wed Oct 14 21:00:00 UTC 2026,1.42517,-3.85313089477E7,null,null,null,null,null,null,null,null,null,null
Wed Oct 14 22:00:00 UTC 2026,1.42517,-3.76558509477E7,null,null,null,null,null,null,null,null,null,null
Wed Oct 14 23:00:00 UTC 2026,1.42517,-3.78531039477E7,null,null,null,null,null,null,null,null,null,null
Thu Oct 15 00:00:00 UTC 2026,1.42517,-3.78082329477E7,null,null,null,null,null,null,null,null,null,null
Thu Oct 15 01:00:00 UTC 2026,1.42517,-3.73503969477E7,null,null,null,null,null,null,null,null,null,null
Thu Oct 15 02:00:00 UTC 2026,1.42517,-3.74685659477E7,null,null,null,null,null,null,null,null,null,null
Thu Oct 15 03:00:00 UTC 2026,1.42517,-3.74221989477E7,null,null,null,null,null,null,null,null,null,null
Thu Oct 15 04:00:00 UTC 2026,1.42517,-3.73641849477E7,null,null,null,null,null,null,null,null,null,null
Thu Oct 15 05:00:00 UTC 2026,1.42517,-3.76104769477E7,null,null,null,null,null,null,null,null,null,null
Thu Oct 15 06:00:00 UTC 2026,1.42517,-3.74767509477E7,null,null,null,null,null,null,null,null,null,null
Thu Oct 15 07:00:00 UTC 2026,1.42517,-3.80161439477E7,null,null,null,null,null,null,null,null,null,null
Thu Oct 15 08:00:00 UTC 2026,1.42517,-3.78571069477E7,null,null,null,null,null,null,null,null,null,null
Thu Oct 15 09:00:00 UTC 2026,1.42517,-3.76131369477E7,null,null,null,null,null,null,null,null,null,null
Thu Oct 15 10:00:00 UTC 2026,1.42517,-3.73194029477E7,null,null,null,null,null,null,null,null,null,null
Thu Oct 15 11:00:00 UTC 2026,1.42517,-3.76509799477E7,null,null,null,null,null,null,null,null,null,null
Thu Oct 15 12:00:00 UTC 2026,1.42517,-3.71689449477E7,null,null,null,null,null,null,null,null,null,null
Thu Oct 15 13:00:00 UTC 2026,1.42517,-3.74455999477E7,null,null,null,null,null,null,null,null,null,null
Thu Oct 15 14:00:00 UTC 2026,1.42517,-3.83661989477E7,null,null,null,null,null,null,null,null,null,null
Thu Oct 15 15:00:00 UTC 2026,1.42517,-3.84731509477E7,null,null,null,null,null,null,null,null,null,null
Thu Oct 15 16:00:00 UTC 2026,1.42517,-3.84033509477E7,null,null,null,null,null,null,null,null,null,null
Thu Oct 15 17:00:00 UTC 2026,1.42517,-3.85051869477E7,null,null,null,null,null,null,null,null,null,null
Thu Oct 15 18:00:00 UTC 2026,1.42517,-3.82669669477E7,null,null,null,null,null,null,null,null,null,null
Thu Oct 15 19:00:00 UTC 2026,1.42517,-3.79445809477E7,null,null,null,null,null,null,null,null,null,null
Thu Oct 15 20:00:00 UTC 2026,1.42517,-3.85390079477E7,null,null,null,null,null,null,null,null,null,null
Thu Oct 15 21:00:00 UTC 2026,1.42517,-3.84245669477E7,null,null,null,null,null,null,null,null,null,null
Thu Oct 15 22:00:00 UTC 2026,1.42517,-3.87552569477E7,null,null,null,null,null,null,null,null,null,null
Thu Oct 15 23:00:00 UTC 2026,1.42517,-3.86785009477E7,null,null,null,null,null,null,null,null,null,null
Fri Oct 16 00:00:00 UTC 2026,1.42517,-3.87503619477E7,null,null,null,null,null,null,null,null,null,null
Fri Oct 16 01:00:00 UTC 2026,1.42517,-3.84665819477E7,null,null,null,null,null,null,null,null,null,null
Fri Oct 16 02:00:00 UTC 2026,1.42517,-3.87382139477E7,null,null,null,null,null,null,null,null,null,null
Fri Oct 16 03:00:00 UTC 2026,1.42517,-3.85740099477E7,null,null,null,null,null,null,null,null,null,null
Fri Oct 16 04:00:00 UTC 2026,1.42517,-3.82136629477E7,null,null,null,null,null,null,null,null,null,null
Fri Oct 16 05:00:00 UTC 2026,1.42517,-3.84058779477E7,null,null,null,null,null,null,null,null,null,null
Fri Oct 16 06:00:00 UTC 2026,1.42517,-3.85937579477E7,null,null,null,null,null,null,null,null,null,null
Fri Oct 16 07:00:00 UTC 2026,1.42517,-3.87481069477E7,null,null,null,null,null,null,null,null,null,null
Fri Oct 16 08:00:00 UTC 2026,1.42517,-3.88831849477E7,null,null,null,null,null,null,null,null,null,null
Fri Oct 16 09:00:00 UTC 2026,1.42517,-3.87118099477E7,null,null,null,null,null,null,null,null,null,null
Fri Oct 16 10:00:00 UTC 2026,1.42517,-3.85359119477E7,null,null,null,null,null,null,null,null,null,null
Fri Oct 16 11:00:00 UTC 2026,1.42517,-3.86468639477E7,null,null,null,null,null,null,null,null,null,null
Fri Oct 16 12:00:00 UTC 2026,1.42517,-3.89086399477E7,null,null,null,null,null,null,null,null,null,null
Fri Oct 16 13:00:00 UTC 2026,1.42517,-3.88227899477E7,null,null,null,null,null,null,null,null,null,null
Fri Oct 16 14:00:00 UTC 2026,1.42517,-3.86839109477E7,null,null,null,null,null,null,null,null,null,null
Fri Oct 16 15:00:00 UTC 2026,1.42517,-3.88003789477E7,null,null,null,null,null,null,null,null,null,null
Fri Oct 16 16:00:00 UTC 2026,1.42517,-3.88697469477E7,null,null,null,null,null,null,null,null,null,null
Fri Oct 16 17:00:00 UTC 2026,1.42517,-3.94535049477E7,null,null,null,null,null,null,null,null,null,null
Fri Oct 16 18:00:00 UTC 2026,1.42517,-3.96492089477E7,null,null,null,null,null,null,null,null,null,null
Fri Oct 16 19:00:00 UTC 2026,1.42517,-3.96430309477E7,null,null,null,null,null,null,null,null,null,null
Fri Oct 16 20:00:00 UTC 2026,1.42517,-3.93208039477E7,null,null,null,null,null,null,null,null,null,null
Fri Oct 16 21:00:00 UTC 2026,1.42517,-3.93208039477E7,null,null,null,null,null,null,null,null,null,null
Fri Oct 16 22:00:00 UTC 2026,1.42517,-3.93208039477E7,null,null,null,null,null,null,null,null,null,null
Fri Oct 16 23:00:00 UTC 2026,1.42517,-3.93208039477E7,null,null,null,null,null,null,null,null,null,null
Sat Oct 17 00:00:00 UTC 2026,1.42517,-3.93208039477E7,null,null,null,null,null,null,null,null,null,null
Sat Oct 17 01:00:00 UTC 2026,1.42517,-3.93208039477E7,null,null,null,null,null,null,null,null,null,null
Sat Oct 17 02:00:00 UTC 2026,1.42517,-3.93208039477E7,null,null,null,null,null,null,null,null,null,null
Sat Oct 17 03:00:00 UTC 2026,1.42517,-3.93208039477E7,null,null,null,null,null,null,null,null,null,null
Sat Oct 17 04:00:00 UTC 2026,1.42517,-3.93208039477E7,null,null,null,null,null,null,null,null,null,null
Sat Oct 17 05:00:00 UTC 2026,1.42517,-3.93208039477E7,null,null,null,null,null,null,null,null,null,null
Sat Oct 17 06:00:00 UTC 2026,1.42517,-3.93208039477E7,null,null,null,null,null,null,null,null,null,null
Sat Oct 17 07:00:00 UTC 2026,1.42517,-3.93208039477E7,null,null,null,null,null,null,null,null,null,null
Sat Oct 17 08:00:00 UTC 2026,1.42517,-3.93208039477E7,null,null,null,null,null,null,null,null,null,null
Sat Oct 17 09:00:00 UTC 2026,1.42517,-3.93208039477E7,null,null,null,null,null,null,null,null,null,null
Sat Oct 17 10:00:00 UTC 2026,1.42517,-3.93208039477E7,null,null,null,null,null,null,null,null,null,null
Sat Oct 17 11:00:00 UTC 2026,1.42517,-3.93208039477E7,null,null,null,null,null,null,null,null,null,null
Sat Oct 17 12:00:00 UTC 2026,1.42517,-3.93208039477E7,null,null,null,null,null,null,null,null,null,null
Sat Oct 17 13:00:00 UTC 2026,1.42517,-3.93208039477E7,null,null,null,null,null,null,null,null,null,null
Sat Oct 17 14:00:00 UTC 2026,1.42517,-3.93208039477E7,null,null,null,null,null,null,null,null,null,null
Sat Oct 17 15:00:00 UTC 2026,1.42517,-3.93208039477E7,null,null,null,null,null,null,null,null,null,null
Sat Oct 17 16:00:00 UTC 2026,1.42517,-3.93208039477E7,null,null,null,null,null,null,null,null,null,null
Sat Oct 17 17:00:00 UTC 2026,1.42517,-3.93208039477E7,null,null,null,null,null,null,null,null,null,null
Sat Oct 17 18:00:00 UTC 2026,1.42517,-3.93208039477E7,null,null,null,null,null,null,null,null,null,null
Sat Oct 17 19:00:00 UTC 2026,1.42517,-3.93208039477E7,null,null,null,null,null,null,null,null,null,null
Sat Oct 17 20:00:00 UTC 2026,1.42517,-3.93208039477E7,null,null,null,null,null,null,null,null,null,null
Sat Oct 17 21:00:00 UTC 2026,1.42517,-3.93208039477E7,null,null,null,null,null,null,null,null,null,null
Sat Oct 17 22:00:00 UTC 2026,1.42517,-3.93208039477E7,null,null,null,null,null,null,null,null,null,null
Sat Oct 17 23:00:00 UTC 2026,1.42517,-3.93208039477E7,null,null,null,null,null,null,null,null,null,null
Sun Oct 18 00:00:00 UTC 2026,1.42517,-3.93208039477E7,null,null,null,null,null,null,null,null,null,null
Sun Oct 18 01:00:00 UTC 2026,1.42517,-3.93208039477E7,null,null,null,null,null,null,null,null,null,null
Sun Oct 18 02:00:00 UTC 2026,1.42517,-3.93208039477E7,null,null,null,null,null,null,null,null,null,null
Sun Oct 18 03:00:00 UTC 2026,1.42517,-3.93208039477E7,null,null,null,null,null,null,null,null,null,null
Sun Oct 18 04:00:00 UTC 2026,1.42517,-3.93208039477E7,null,null,null,null,null,null,null,null,null,null
Sun Oct 18 05:00:00 UTC 2026,1.42517,-3.93208039477E7,null,null,null,null,null,null,null,null,null,null
Sun Oct 18 06:00:00 UTC 2026,1.42517,-3.93208039477E7,null,null,null,null,null,null,null,null,null,null
Sun Oct 18 07:00:00 UTC 2026,1.42517,-3.93208039477E7,null,null,null,null,null,null,null,null,null,null
Sun Oct 18 08:00:00 UTC 2026,1.42517,-3.93208039477E7,null,null,null,null,null,null,null,null,null,null
Sun Oct 18 09:00:00 UTC 2026,1.42517,-3.93208039477E7,null,null,null,null,null,null,null,null,null,null
Sun Oct 18 10:00:00 UTC 2026,1.42517,-3.93208039477E7,null,null,null,null,null,null,null,null,null,null
Sun Oct 18 11:00:00 UTC 2026,1.42517,-3.93208039477E7,null,null,null,null,null,null,null,null,null,null
Sun Oct 18 12:00:00 UTC 2026,1.42517,-3.93208039477E7,null,null,null,null,null,null,null,null,null,null
Sun Oct 18 13:00:00 UTC 2026,1.42517,-3.93208039477E7,null,null,null,null,null,null,null,null,null,null
Sun Oct 18 14:00:00 UTC 2026,1.42517,-3.93208039477E7,null,null,null,null,null,null,null,null,null,null
Sun Oct 18 15:00:00 UTC 2026,1.42517,-3.93208039477E7,null,null,null,null,null,null,null,null,null,null
Sun Oct 18 16:00:00 UTC 2026,1.42517,-3.93208039477E7,null,null,null,null,null,null,null,null,null,null
Sun Oct 18 17:00:00 UTC 2026,1.42517,-3.93208039477E7,null,null,null,null,null,null,null,null,null,null
Sun Oct 18 18:00:00 UTC 2026,1.42517,-3.93208039477E7,null,null,null,null,null,null,null,null,null,null
Sun Oct 18 19:00:00 UTC 2026,1.42517,-3.93208039477E7,null,null,null,null,null,null,null,null,null,null
Sun Oct 18 20:00:00 UTC 2026,1.42517,-3.93208039477E7,null,null,null,null,null,null,null,null,null,null
Sun Oct 18 21:00:00 UTC 2026,1.42517,-3.89272809477E7,null,null,null,null,null,null,null,null,null,null
Sun Oct 18 22:00:00 UTC 2026,1.42517,-3.95955299477E7,null,null,null,null,null,null,null,null,null,null
Sun Oct 18 23:00:00 UTC 2026,1.42517,-3.95547709477E7,null,null,null,null,null,null,null,null,null,null
Mon Oct 19 00:00:00 UTC 2026,1.42517,-3.93162199477E7,null,null,null,null,null,null,null,null,null,null
Mon Oct 19 01:00:00 UTC 2026,1.42517,-3.89240919477E7,null,null,null,null,null,null,null,null,null,null
Mon Oct 19 02:00:00 UTC 2026,1.42517,-3.89223309477E7,null,null,null,null,null,null,null,null,null,null
Mon Oct 19 03:00:00 UTC 2026,1.42517,-3.87589219477E7,null,null,null,null,null,null,null,null,null,null
Mon Oct 19 04:00:00 UTC 2026,1.42517,-3.87159599477E7,null,null,null,null,null,null,null,null,null,null
Mon Oct 19 05:00:00 UTC 2026,1.42517,-3.87737449477E7,null,null,null,null,null,null,null,null,null,null
Mon Oct 19 06:00:00 UTC 2026,1.42517,-3.89344119477E7,null,null,null,null,null,null,null,null,null,null
Mon Oct 19 07:00:00 UTC 2026,1.42517,-3.86621559477E7,null,null,null,null,null,null,null,null,null,null
Mon Oct 19 08:00:00 UTC 2026,1.42517,-3.85126379477E7,null,null,null,null,null,null,null,null,null,null
Mon Oct 19 09:00:00 UTC 2026,1.42517,-3.85028179477E7,null,null,null,null,null,null,null,null,null,null
Mon Oct 19 10:00:00 UTC 2026,1.42517,-3.86088459477E7,null,null,null,null,null,null,null,null,null,null
Mon Oct 19 11:00:00 UTC 2026,1.42517,-3.73255719477E7,null,null,null,null,null,null,null,null,null,null
Mon Oct 19 12:00:00 UTC 2026,1.42517,-3.70713959477E7,null,null,null,null,null,null,null,null,null,null
Mon Oct 19 13:00:00 UTC 2026,1.42517,-3.70650449477E7,null,null,null,null,null,null,null,null,null,null
Mon Oct 19 14:00:00 UTC 2026,1.42517,-3.72353309477E7,null,null,null,null,null,null,null,null,null,null
Mon Oct 19 15:00:00 UTC 2026,1.42517,-3.72032469477E7,null,null,null,null,null,null,null,null,null,null
Mon Oct 19 16:00:00 UTC 2026,1.42517,-3.69694249477E7,null,null,null,null,null,null,null,null,null,null
Mon Oct 19 17:00:00 UTC 2026,1.42517,-3.71675999477E7,null,null,null,null,null,null,null,null,null,null
Mon Oct 19 18:00:00 UTC 2026,1.42517,-3.72526439477E7,null,null,null,null,null,null,null,null,null,null
Mon Oct 19 19:00:00 UTC 2026,1.42517,-3.73009149477E7,null,null,null,null,null,null,null,null,null,null
Mon Oct 19 20:00:00 UTC 2026,1.42517,-3.73260089477E7,null,null,null,null,null,null,null,null,null,null
Mon Oct 19 21:00:00 UTC 2026,1.42517,-3.70026179477E7,null,null,null,null,null,null,null,null,null,null
Mon Oct 19 22:00:00 UTC 2026,1.42517,-3.70424839477E7,null,null,null,null,null,null,null,null,null,null
Mon Oct 19 23:00:00 UTC 2026,1.42517,-3.68185629477E7,null,null,null,null,null,null,null,null,null,null
Tue Oct 20 00:00:00 UTC 2026,1.42517,-3.67555979477E7,null,null,null,null,null,null,null,null,null,null
Tue Oct 20 01:00:00 UTC 2026,1.42517,-3.70393049477E7,null,null,null,null,null,null,null,null,null,null
Tue Oct 20 02:00:00 UTC 2026,1.42517,-3.69738399477E7,null,null,null,null,null,null,null,null,null,null
Tue Oct 20 03:00:00 UTC 2026,1.42517,-3.70291099477E7,null,null,null,null,null,null,null,null,null,null
Tue Oct 20 04:00:00 UTC 2026,1.42517,-3.73438069477E7,null,null,null,null,null,null,null,null,null,null
Tue Oct 20 05:00:00 UTC 2026,1.42517,-3.71060249477E7,null,null,null,null,null,null,null,null,null,null
Tue Oct 20 06:00:00 UTC 2026,1.42517,-3.71569929477E7,null,null,null,null,null,null,null,null,null,null
Tue Oct 20 07:00:00 UTC 2026,1.42517,-3.72835889477E7,null,null,null,null,null,null,null,null,null,null
Tue Oct 20 08:00:00 UTC 2026,1.42517,-3.65350589477E7,null,null,null,null,null,null,null,null,null,null
Tue Oct 20 09:00:00 UTC 2026,1.42517,-3.66081969477E7,null,null,null,null,null,null,null,null,null,null
Tue Oct 20 10:00:00 UTC 2026,1.42517,-3.64654749477E7,null,null,null,null,null,null,null,null,null,null
Tue Oct 20 11:00:00 UTC 2026,1.42517,-3.64170389477E7,null,null,null,null,null,null,null,null,null,null
Tue Oct 20 12:00:00 UTC 2026,1.42517,-3.64166509477E7,null,null,null,null,null,null,null,null,null,null
Tue Oct 20 13:00:00 UTC 2026,1.42517,-3.64385299477E7,null,null,null,null,null,null,null,null,null,null
Tue Oct 20 14:00:00 UTC 2026,1.42517,-3.64490709477E7,null,null,null,null,null,null,null,null,null,null
Tue Oct 20 15:00:00 UTC 2026,1.42517,-3.63862119477E7,null,null,null,null,null,null,null,null,null,null
Tue Oct 20 16:00:00 UTC 2026,1.42517,-3.64254729477E7,null,null,null,null,null,null,null,null,null,null
Tue Oct 20 17:00:00 UTC 2026,1.42517,-3.64451149477E7,null,null,null,null,null,null,null,null,null,null
Tue Oct 20 18:00:00 UTC 2026,1.42517,-3.64588379477E7,null,null,null,null,null,null,null,null,null,null
Tue Oct 20 19:00:00 UTC 2026,1.42517,-3.64105319477E7,null,null,null,null,null,null,null,null,null,null
Tue Oct 20 20:00:00 UTC 2026,1.42517,-3.63863679477E7,null,null,null,null,null,null,null,null,null,null
Tue Oct 20 21:00:00 UTC 2026,1.42517,-3.63349219477E7,null,null,null,null,null,null,null,null,null,null
Tue Oct 20 22:00:00 UTC 2026,1.42517,-3.64124799477E7,null,null,null,null,null,null,null,null,null,null
Tue Oct 20 23:00:00 UTC 2026,1.42517,-3.63872499477E7,null,null,null,null,null,null,null,null,null,null
Wed Oct 21 00:00:00 UTC 2026,1.42517,-3.63673659477E7,null,null,null,null,null,null,null,null,null,null
Wed Oct 21 01:00:00 UTC 2026,1.42517,-3.64262549477E7,null,null,null,null,null,null,null,null,null,null
Wed Oct 21 02:00:00 UTC 2026,1.42517,-3.64781919477E7,null,null,null,null,null,null,null,null,null,null
Wed Oct 21 03:00:00 UTC 2026,1.42517,-3.65827209477E7,null,null,null,null,null,null,null,null,null,null
Wed Oct 21 04:00:00 UTC 2026,1.42517,-3.65509839477E7,null,null,null,null,null,null,null,null,null,null
Wed Oct 21 05:00:00 UTC 2026,1.42517,-3.65875739477E7,null,null,null,null,null,null,null,null,null,null
Wed Oct 21 06:00:00 UTC 2026,1.42517,-3.66219829477E7,null,null,null,null,null,null,null,null,null,null
Wed Oct 21 07:00:00 UTC 2026,1.42517,-3.66628519477E7,null,null,null,null,null,null,null,null,null,null
Wed Oct 21 08:00:00 UTC 2026,1.42517,-3.67083739477E7,null,null,null,null,null,null,null,null,null,null
Wed Oct 21 09:00:00 UTC 2026,1.42517,-3.66871649477E7,null,null,null,null,null,null,null,null,null,null
Wed Oct 21 10:00:00 UTC 2026,1.42517,-3.66710709477E7,null,null,null,null,null,null,null,null,null,null
Wed Oct 21 11:00:00 UTC 2026,1.42517,-3.66566609477E7,null,null,null,null,null,null,null,null,null,null
Wed Oct 21 12:00:00 UTC 2026,1.42517,-3.65403359477E7,null,null,null,null,null,null,null,null,null,null
Wed Oct 21 13:00:00 UTC 2026,1.42517,-3.68323989477E7,null,null,null,null,null,null,null,null,null,null
Wed Oct 21 14:00:00 UTC 2026,1.42517,-3.67995789477E7,null,null,null,null,null,null,null,null,null,null
Wed Oct 21 15:00:00 UTC 2026,1.42517,-3.67056579477E7,null,null,null,null,null,null,null,null,null,null
Wed Oct 21 16:00:00 UTC 2026,1.42517,-3.66888149477E7,null,null,null,null,null,null,null,null,null,null
Wed Oct 21 17:00:00 UTC 2026,1.42517,-3.66973239477E7,null,null,null,null,null,null,null,null,null,null
Wed Oct 21 18:00:00 UTC 2026,1.42517,-3.66392299477E7,null,null,null,null,null,null,null,null,null,null
Wed Oct 21 19:00:00 UTC 2026,1.42517,-3.65384879477E7,null,null,null,null,null,null,null,null,null,null
Wed Oct 21 20:00:00 UTC 2026,1.42517,-3.66550149477E7,null,null,null,null,null,null,null,null,null,null
Wed Oct 21 21:00:00 UTC 2026,1.42517,-3.65449349477E7,null,null,null,null,null,null,null,null,null,null
Wed Oct 21 22:00:00 UTC 2026,1.42517,-3.65493449477E7,null,null,null,null,null,null,null,null,null,null
Wed Oct 21 23:00:00 UTC 2026,1.42517,-3.65257679477E7,null,null,null,null,null,null,null,null,null,null
Thu Oct 22 00:00:00 UTC 2026,1.42517,-3.65912179477E7,null,null,null,null,null,null,null,null,null,null
Thu Oct 22 01:00:00 UTC 2026,1.42517,-3.65940269477E7,null,null,null,null,null,null,null,null,null,null
Thu Oct 22 02:00:00 UTC 2026,1.42517,-3.63953839477E7,null,null,null,null,null,null,null,null,null,null
Thu Oct 22 03:00:00 UTC 2026,1.42517,-3.64390099477E7,null,null,null,null,null,null,null,null,null,null
Thu Oct 22 04:00:00 UTC 2026,1.42517,-3.64678659477E7,null,null,null,null,null,null,null,null,null,null
Thu Oct 22 05:00:00 UTC 2026,1.42517,-3.65520789477E7,null,null,null,null,null,null,null,null,null,null
Thu Oct 22 06:00:00 UTC 2026,1.42517,-3.66124389477E7,null,null,null,null,null,null,null,null,null,null
Thu Oct 22 07:00:00 UTC 2026,1.42517,-3.66239349477E7,null,null,null,null,null,null,null,null,null,null
Thu Oct 22 08:00:00 UTC 2026,1.42517,-3.66437939477E7,null,null,null,null,null,null,null,null,null,null
Thu Oct 22 09:00:00 UTC 2026,1.42517,-3.67019629477E7,null,null,null,null,null,null,null,null,null,null
Thu Oct 22 10:00:00 UTC 2026,1.42517,-3.67312089477E7,null,null,null,null,null,null,null,null,null,null
Thu Oct 22 11:00:00 UTC 2026,1.42517,-3.67119439477E7,null,null,null,null,null,null,null,null,null,null
Thu Oct 22 12:00:00 UTC 2026,1.42517,-3.66762449477E7,null,null,null,null,null,null,null,null,null,null
Thu Oct 22 13:00:00 UTC 2026,1.42517,-3.66859479477E7,null,null,null,null,null,null,null,null,null,null
Thu Oct 22 14:00:00 UTC 2026,1.42517,-3.66712019477E7,null,null,null,null,null,null,null,null,null,null
Thu Oct 22 15:00:00 UTC 2026,1.42517,-3.65820859477E7,null,null,null,null,null,null,null,null,null,null
Thu Oct 22 16:00:00 UTC 2026,1.42517,-3.65368559477E7,null,null,null,null,null,null,null,null,null,null
Thu Oct 22 17:00:00 UTC 2026,1.42517,-3.64955769477E7,null,null,null,null,null,null,null,null,null,null
Thu Oct 22 18:00:00 UTC 2026,1.42517,-3.64519779477E7,null,null,null,null,null,null,null,null,null,null
Thu Oct 22 19:00:00 UTC 2026,1.42517,-3.63768459477E7,null,null,null,null,null,null,null,null,null,null
Thu Oct 22 20:00:00 UTC 2026,1.42517,-3.62940869477E7,null,null,null,null,null,null,null,null,null,null
Thu Oct 22 21:00:00 UTC 2026,1.42517,-3.63262479477E7,null,null,null,null,null,null,null,null,null,null
Thu Oct 22 22:00:00 UTC 2026,1.42517,-3.63675309477E7,null,null,null,null,null,null,null,null,null,null
Thu Oct 22 23:00:00 UTC 2026,1.42517,-3.63098329477E7,null,null,null,null,null,null,null,null,null,null
Fri Oct 23 00:00:00 UTC 2026,1.42517,-3.62559129477E7,null,null,null,null,null,null,null,null,null,null
Fri Oct 23 01:00:00 UTC 2026,1.42517,-3.61865109477E7,null,null,null,null,null,null,null,null,null,null
Fri Oct 23 02:00:00 UTC 2026,1.42517,-3.60527129477E7,null,null,null,null,null,null,null,null,null,null
Fri Oct 23 03:00:00 UTC 2026,1.42517,-3.61657139477E7,null,null,null,null,null,null,null,null,null,null
Fri Oct 23 04:00:00 UTC 2026,1.42517,-3.60879999477E7,null,null,null,null,null,null,null,null,null,null
Fri Oct 23 05:00:00 UTC 2026,1.42517,-3.60743819477E7,null,null,null,null,null,null,null,null,null,null
Fri Oct 23 06:00:00 UTC 2026,1.42517,-3.60825209477E7,null,null,null,null,null,null,null,null,null,null
Fri Oct 23 07:00:00 UTC 2026,1.42517,-3.59780039477E7,null,null,null,null,null,null,null,null,null,null
Fri Oct 23 08:00:00 UTC 2026,1.42517,-3.59161499477E7,null,null,null,null,null,null,null,null,null,null
Fri Oct 23 09:00:00 UTC 2026,1.42517,-3.59377459477E7,null,null,null,null,null,null,null,null,null,null
Fri Oct 23 10:00:00 UTC 2026,1.42517,-3.59244969477E7,null,null,null,null,null,null,null,null,null,null
Fri Oct 23 11:00:00 UTC 2026,1.42517,-3.59237739477E7,null,null,null,null,null,null,null,null,null,null
Fri Oct 23 12:00:00 UTC 2026,1.42517,-3.59813269477E7,null,null,null,null,null,null,null,null,null,null
Fri Oct 23 13:00:00 UTC 2026,1.42517,-3.60497759477E7,null,null,null,null,null,null,null,null,null,null
Fri Oct 23 14:00:00 UTC 2026,1.42517,-3.60592389477E7,null,null,null,null,null,null,null,null,null,null
Fri Oct 23 15:00:00 UTC 2026,1.42517,-3.59067219477E7,null,null,null,null,null,null,null,null,null,null
Fri Oct 23 16:00:00 UTC 2026,1.42517,-3.60178689477E7,null,null,null,null,null,null,null,null,null,null
Fri Oct 23 17:00:00 UTC 2026,1.42517,-3.59738479477E7,null,null,null,null,null,null,null,null,null,null
Fri Oct 23 18:00:00 UTC 2026,1.42517,-3.58655249477E7,null,null,null,null,null,null,null,null,null,null
Fri Oct 23 19:00:00 UTC 2026,1.42517,-3.58554079477E7,null,null,null,null,null,null,null,null,null,null
Fri Oct 23 20:00:00 UTC 2026,1.42517,-3.58538959477E7,null,null,null,null,null,null,null,null,null,null
Fri Oct 23 21:00:00 UTC 2026,1.42517,-3.58538959477E7,null,null,null,null,null,null,null,null,null,null
Fri Oct 23 22:00:00 UTC 2026,1.42517,-3.58538959477E7,null,null,null,null,null,null,null,null,null,null
Fri Oct 23 23:00:00 UTC 2026,1.42517,-3.58538959477E7,null,null,null,null,null,null,null,null,null,null
Sat Oct 24 00:00:00 UTC 2026,1.42517,-3.58538959477E7,null,null,null,null,null,null,null,null,null,null
Sat Oct 24 01:00:00 UTC 2026,1.42517,-3.58538959477E7,null,null,null,null,null,null,null,null,null,null
Sat Oct 24 02:00:00 UTC 2026,1.42517,-3.58538959477E7,null,null,null,null,null,null,null,null,null,null
Sat Oct 24 03:00:00 UTC 2026,1.42517,-3.58538959477E7,null,null,null,null,null,null,null,null,null,null
Sat Oct 24 04:00:00 UTC 2026,1.42517,-3.58538959477E7,null,null,null,null,null,null,null,null,null,null
Sat Oct 24 05:00:00 UTC 2026,1.42517,-3.58538959477E7,null,null,null,null,null,null,null,null,null,null
Sat Oct 24 06:00:00 UTC 2026,1.42517,-3.58538959477E7,null,null,null,null,null,null,null,null,null,null
Sat Oct 24 07:00:00 UTC 2026,1.42517,-3.58538959477E7,null,null,null,null,null,null,null,null,null,null
Sat Oct 24 08:00:00 UTC 2026,1.42517,-3.58538959477E7,null,null,null,null,null,null,null,null,null,null
Sat Oct 24 09:00:00 UTC 2026,1.42517,-3.58538959477E7,null,null,null,null,null,null,null,null,null,null
Sat Oct 24 10:00:00 UTC 2026,1.42517,-3.58538959477E7,null,null,null,null,null,null,null,null,null,null
Sat Oct 24 11:00:00 UTC 2026,1.42517,-3.58538959477E7,null,null,null,null,null,null,null,null,null,null
Sat Oct 24 12:00:00 UTC 2026,1.42517,-3.58538959477E7,null,null,null,null,null,null,null,null,null,null
Sat Oct 24 13:00:00 UTC 2026,1.42517,-3.58538959477E7,null,null,null,null,null,null,null,null,null,null
Sat Oct 24 14:00:00 UTC 2026,1.42517,-3.58538959477E7,null,null,null,null,null,null,null,null,null,null
Sat Oct 24 15:00:00 UTC 2026,1.42517,-3.58538959477E7,null,null,null,null,null,null,null,null,null,null
Sat Oct 24 16:00:00 UTC 2026,1.42517,-3.58538959477E7,null,null,null,null,null,null,null,null,null,null
Sat Oct 24 17:00:00 UTC 2026,1.42517,-3.58538959477E7,null,null,null,null,null,null,null,null,null,null
Sat Oct 24 18:00:00 UTC 2026,1.42517,-3.58538959477E7,null,null,null,null,null,null,null,null,null,null
Sat Oct 24 19:00:00 UTC 2026,1.42517,-3.58538959477E7,null,null,null,null,null,null,null,null,null,null
Sat Oct 24 20:00:00 UTC 2026,1.42517,-3.58538959477E7,null,null,null,null,null,null,null,null,null,null
Sat Oct 24 21:00:00 UTC 2026,1.42517,-3.58538959477E7,null,null,null,null,null,null,null,null,null,null
Sat Oct 24 22:00:00 UTC 2026,1.42517,-3.58538959477E7,null,null,null,null,null,null,null,null,null,null
Sat Oct 24 23:00:00 UTC 2026,1.42517,-3.58538959477E7,null,null,null,null,null,null,null,null,null,null
Sun Oct 25 00:00:00 UTC 2026,1.42517,-3.58538959477E7,null,null,null,null,null,null,null,null,null,null
Sun Oct 25 01:00:00 UTC 2026,1.42517,-3.58538959477E7,null,null,null,null,null,null,null,null,null,null
Sun Oct 25 02:00:00 UTC 2026,1.42517,-3.58538959477E7,null,null,null,null,null,null,null,null,null,null
Sun Oct 25 03:00:00 UTC 2026,1.42517,-3.58538959477E7,null,null,null,null,null,null,null,null,null,null
Sun Oct 25 04:00:00 UTC 2026,1.42517,-3.58538959477E7,null,null,null,null,null,null,null,null,null,null
Sun Oct 25 05:00:00 UTC 2026,1.42517,-3.58538959477E7,null,null,null,null,null,null,null,null,null,null
Sun Oct 25 06:00:00 UTC 2026,1.42517,-3.58538959477E7,null,null,null,null,null,null,null,null,null,null
Sun Oct 25 07:00:00 UTC 2026,1.42517,-3.58538959477E7,null,null,null,null,null,null,null,null,null,null
Sun Oct 25 08:00:00 UTC 2026,1.42517,-3.58538959477E7,null,null,null,null,null,null,null,null,null,null
Sun Oct 25 09:00:00 UTC 2026,1.42517,-3.58538959477E7,null,null,null,null,null,null,null,null,null,null
Sun Oct 25 10:00:00 UTC 2026,1.42517,-3.58538959477E7,null,null,null,null,null,null,null,null,null,null
Sun Oct 25 11:00:00 UTC 2026,1.42517,-3.58538959477E7,null,null,null,null,null,null,null,null,null,null
Sun Oct 25 12:00:00 UTC 2026,1.42517,-3.58538959477E7,null,null,null,null,null,null,null,null,null,null
Sun Oct 25 13:00:00 UTC 2026,1.42517,-3.58538959477E7,null,null,null,null,null,null,null,null,null,null
Sun Oct 25 14:00:00 UTC 2026,1.42517,-3.58538959477E7,null,null,null,null,null,null,null,null,null,null
Sun Oct 25 15:00:00 UTC 2026,1.42517,-3.58538959477E7,null,null,null,null,null,null,null,null,null,null
Sun Oct 25 16:00:00 UTC 2026,1.42517,-3.58538959477E7,null,null,null,null,null,null,null,null,null,null
Sun Oct 25 17:00:00 UTC 2026,1.42517,-3.58538959477E7,null,null,null,null,null,null,null,null,null,null
Sun Oct 25 18:00:00 UTC 2026,1.42517,-3.58538959477E7,null,null,null,null,null,null,null,null,null,null
Sun Oct 25 19:00:00 UTC 2026,1.42517,-3.58538959477E7,null,null,null,null,null,null,null,null,null,null
Sun Oct 25 20:00:00 UTC 2026,1.42517,-3.58538959477E7,null,null,null,null,null,null,null,null,null,null
Sun Oct 25 21:00:00 UTC 2026,1.42517,-3.57593589477E7,null,null,null,null,null,null,null,null,null,null
Sun Oct 25 22:00:00 UTC 2026,1.42517,-3.57884399477E7,null,null,null,null,null,null,null,null,null,null
Sun Oct 25 23:00:00 UTC 2026,1.42517,-3.58246159477E7,null,null,null,null,null,null,null,null,null,null
Mon Oct 26 00:00:00 UTC 2026,1.42517,-3.58986189477E7,null,null,null,null,null,null,null,null,null,null
Mon Oct 26 01:00:00 UTC 2026,1.42517,-3.57384409477E7,null,null,null,null,null,null,null,null,null,null
Mon Oct 26 02:00:00 UTC 2026,1.42517,-3.57519249477E7,null,null,null,null,null,null,null,null,null,null
Mon Oct 26 03:00:00 UTC 2026,1.42517,-3.57102689477E7,null,null,null,null,null,null,null,null,null,null
Mon Oct 26 04:00:00 UTC 2026,1.42517,-3.57739489477E7,null,null,null,null,null,null,null,null,null,null
Mon Oct 26 05:00:00 UTC 2026,1.42517,-3.57591049477E7,null,null,null,null,null,null,null,null,null,null
Mon Oct 26 06:00:00 UTC 2026,1.42517,-3.57466989477E7,null,null,null,null,null,null,null,null,null,null
Mon Oct 26 07:00:00 UTC 2026,1.42517,-3.58698449477E7,null,null,null,null,null,null,null,null,null,null
Mon Oct 26 08:00:00 UTC 2026,1.42517,-3.58713669477E7,null,null,null,null,null,null,null,null,null,null
Mon Oct 26 09:00:00 UTC 2026,1.42517,-3.58609509477E7,null,null,null,null,null,null,null,null,null,null
Mon Oct 26 10:00:00 UTC 2026,1.42517,-3.58285889477E7,null,null,null,null,null,null,null,null,null,null
Mon Oct 26 11:00:00 UTC 2026,1.42517,-3.59970819477E7,null,null,null,null,null,null,null,null,null,null
Mon Oct 26 12:00:00 UTC 2026,1.42517,-3.58659699477E7,null,null,null,null,null,null,null,null,null,null
Mon Oct 26 13:00:00 UTC 2026,1.42517,-3.58551319477E7,null,null,null,null,null,null,null,null,null,null
Mon Oct 26 14:00:00 UTC 2026,1.42517,-3.59337529477E7,null,null,null,null,null,null,null,null,null,null
Mon Oct 26 15:00:00 UTC 2026,1.42517,-3.59647399477E7,null,null,null,null,null,null,null,null,null,null
Mon Oct 26 16:00:00 UTC 2026,1.42517,-3.59693279477E7,null,null,null,null,null,null,null,null,null,null
Mon Oct 26 17:00:00 UTC 2026,1.42517,-3.60879809477E7,null,null,null,null,null,null,null,null,null,null
Mon Oct 26 18:00:00 UTC 2026,1.42517,-3.61194819477E7,null,null,null,null,null,null,null,null,null,null
Mon Oct 26 19:00:00 UTC 2026,1.42517,-3.61259759477E7,null,null,null,null,null,null,null,null,null,null
Mon Oct 26 20:00:00 UTC 2026,1.42517,-3.61345439477E7,null,null,null,null,null,null,null,null,null,null
Mon Oct 26 21:00:00 UTC 2026,1.42517,-3.61540949477E7,null,null,null,null,null,null,null,null,null,null
Mon Oct 26 22:00:00 UTC 2026,1.42517,-3.61360779477E7,null,null,null,null,null,null,null,null,null,null
Mon Oct 26 23:00:00 UTC 2026,1.42517,-3.61404549477E7,null,null,null,null,null,null,null,null,null,null
Tue Oct 27 00:00:00 UTC 2026,1.42517,-3.61633429477E7,null,null,null,null,null,null,null,null,null,null
Tue Oct 27 01:00:00 UTC 2026,1.42517,-3.64620579477E7,null,null,null,null,null,null,null,null,null,null
Tue Oct 27 02:00:00 UTC 2026,1.42517,-3.64401069477E7,null,null,null,null,null,null,null,null,null,null
Tue Oct 27 03:00:00 UTC 2026,1.42517,-3.64688549477E7,null,null,null,null,null,null,null,null,null,null
Tue Oct 27 04:00:00 UTC 2026,1.42517,-3.63843899477E7,null,null,null,null,null,null,null,null,null,null
Tue Oct 27 05:00:00 UTC 2026,1.42517,-3.63476949477E7,null,null,null,null,null,null,null,null,null,null
Tue Oct 27 06:00:00 UTC 2026,1.42517,-3.63527499477E7,null,null,null,null,null,null,null,null,null,null
Tue Oct 27 07:00:00 UTC 2026,1.42517,-3.63123169477E7,null,null,null,null,null,null,null,null,null,null
Tue Oct 27 08:00:00 UTC 2026,1.42517,-3.52834779477E7,null,null,null,null,null,null,null,null,null,null
Tue Oct 27 09:00:00 UTC 2026,1.42517,-3.52847919477E7,null,null,null,null,null,null,null,null,null,null
Tue Oct 27 10:00:00 UTC 2026,1.42517,-3.52783289477E7,null,null,null,null,null,null,null,null,null,null
Tue Oct 27 11:00:00 UTC 2026,1.42517,-3.52850099477E7,null,null,null,null,null,null,null,null,null,null
Tue Oct 27 12:00:00 UTC 2026,1.42517,-3.52780739477E7,null,null,null,null,null,null,null,null,null,null
Tue Oct 27 13:00:00 UTC 2026,1.42517,-3.52650839477E7,null,null,null,null,null,null,null,null,null,null
Tue Oct 27 14:00:00 UTC 2026,1.42517,-3.52769189477E7,null,null,null,null,null,null,null,null,null,null
Tue Oct 27 15:00:00 UTC 2026,1.42517,-3.52765079477E7,null,null,null,null,null,null,null,null,null,null
Tue Oct 27 16:00:00 UTC 2026,1.42517,-3.52742049477E7,null,null,null,null,null,null,null,null,null,null
Tue Oct 27 17:00:00 UTC 2026,1.42517,-3.52657899477E7,null,null,null,null,null,null,null,null,null,null
Tue Oct 27 18:00:00 UTC 2026,1.42517,-3.52634029477E7,null,null,null,null,null,null,null,null,null,null
Tue Oct 27 19:00:00 UTC 2026,1.42517,-3.52666899477E7,null,null,null,null,null,null,null,null,null,null
Tue Oct 27 20:00:00 UTC 2026,1.42517,-3.52616399477E7,null,null,null,null,null,null,null,null,null,null
Tue Oct 27 21:00:00 UTC 2026,1.42517,-3.52553789477E7,null,null,null,null,null,null,null,null,null,null
Tue Oct 27 22:00:00 UTC 2026,1.42517,-3.52532259477E7,null,null,null,null,null,null,null,null,null,null
Tue Oct 27 23:00:00 UTC 2026,1.42517,-3.52622569477E7,null,null,null,null,null,null,null,null,null,null
Wed Oct 28 00:00:00 UTC 2026,1.42517,-3.52652239477E7,null,null,null,null,null,null,null,null,null,null
Wed Oct 28 01:00:00 UTC 2026,1.42517,-3.52508079477E7,null,null,null,null,null,null,null,null,null,null
Wed Oct 28 02:00:00 UTC 2026,1.42517,-3.52521429477E7,null,null,null,null,null,null,null,null,null,null
Wed Oct 28 03:00:00 UTC 2026,1.42517,-3.52532489477E7,null,null,null,null,null,null,null,null,null,null
Wed Oct 28 04:00:00 UTC 2026,1.42517,-3.52545429477E7,null,null,null,null,null,null,null,null,null,null
Wed Oct 28 05:00:00 UTC 2026,1.42517,-3.52529649477E7,null,null,null,null,null,null,null,null,null,null
Wed Oct 28 06:00:00 UTC 2026,1.42517,-3.52523659477E7,null,null,null,null,null,null,null,null,null,null
Wed Oct 28 07:00:00 UTC 2026,1.42517,-3.52559489477E7,null,null,null,null,null,null,null,null,null,null
Wed Oct 28 08:00:00 UTC 2026,1.42517,-3.52593909477E7,null,null,null,null,null,null,null,null,null,null
Wed Oct 28 09:00:00 UTC 2026,1.42517,-3.52538059477E7,null,null,null,null,null,null,null,null,null,null
Wed Oct 28 10:00:00 UTC 2026,1.42517,-3.52486499477E7,null,null,null,null,null,null,null,null,null,null
Wed Oct 28 11:00:00 UTC 2026,1.42517,-3.52504359477E7,null,null,null,null,null,null,null,null,null,null
Wed Oct 28 12:00:00 UTC 2026,1.42517,-3.52521049477E7,null,null,null,null,null,null,null,null,null,null
Wed Oct 28 13:00:00 UTC 2026,1.42517,-3.52536759477E7,null,null,null,null,null,null,null,null,null,null
Wed Oct 28 14:00:00 UTC 2026,1.42517,-3.52536709477E7,null,null,null,null,null,null,null,null,null,null
Wed Oct 28 15:00:00 UTC 2026,1.42517,-3.52653809477E7,null,null,null,null,null,null,null,null,null,null
Wed Oct 28 16:00:00 UTC 2026,1.42517,-3.52525459477E7,null,null,null,null,null,null,null,null,null,null
Wed Oct 28 17:00:00 UTC 2026,1.42517,-3.52356849477E7,null,null,null,null,null,null,null,null,null,null
Wed Oct 28 18:00:00 UTC 2026,1.42517,-3.52347459477E7,null,null,null,null,null,null,null,null,null,null
Wed Oct 28 19:00:00 UTC 2026,1.42517,-3.52192919477E7,null,null,null,null,null,null,null,null,null,null
Wed Oct 28 20:00:00 UTC 2026,1.42517,-3.52146169477E7,null,null,null,null,null,null,null,null,null,null
Wed Oct 28 21:00:00 UTC 2026,1.42517,-3.52092429477E7,null,null,null,null,null,null,null,null,null,null
Wed Oct 28 22:00:00 UTC 2026,1.42517,-3.51976289477E7,null,null,null,null,null,null,null,null,null,null
Wed Oct 28 23:00:00 UTC 2026,1.42517,-3.51953769477E7,null,null,null,null,null,null,null,null,null,null
Thu Oct 29 00:00:00 UTC 2026,1.42517,-3.52005839477E7,null,null,null,null,null,null,null,null,null,null
Thu Oct 29 01:00:00 UTC 2026,1.42517,-3.51918919477E7,null,null,null,null,null,null,null,null,null,null
Thu Oct 29 02:00:00 UTC 2026,1.42517,-3.51922329477E7,null,null,null,null,null,null,null,null,null,null
Thu Oct 29 03:00:00 UTC 2026,1.42517,-3.51906839477E7,null,null,null,null,null,null,null,null,null,null
Thu Oct 29 04:00:00 UTC 2026,1.42517,-3.51900509477E7,null,null,null,null,null,null,null,null,null,null
Thu Oct 29 05:00:00 UTC 2026,1.42517,-3.51971959477E7,null,null,null,null,null,null,null,null,null,null
Thu Oct 29 06:00:00 UTC 2026,1.42517,-3.51911469477E7,null,null,null,null,null,null,null,null,null,null
Thu Oct 29 07:00:00 UTC 2026,1.42517,-3.51970439477E7,null,null,null,null,null,null,null,null,null,null
Thu Oct 29 08:00:00 UTC 2026,1.42517,-3.52001259477E7,null,null,null,null,null,null,null,null,null,null
Thu Oct 29 09:00:00 UTC 2026,1.42517,-3.51992549477E7,null,null,null,null,null,null,null,null,null,null
Thu Oct 29 10:00:00 UTC 2026,1.42517,-3.51996459477E7,null,null,null,null,null,null,null,null,null,null
Thu Oct 29 11:00:00 UTC 2026,1.42517,-3.52064489477E7,null,null,null,null,null,null,null,null,null,null
Thu Oct 29 12:00:00 UTC 2026,1.42517,-3.52021229477E7,null,null,null,null,null,null,null,null,null,null
Thu Oct 29 13:00:00 UTC 2026,1.42517,-3.52052729477E7,null,null,null,null,null,null,null,null,null,null
Thu Oct 29 14:00:00 UTC 2026,1.42517,-3.51891289477E7,null,null,null,null,null,null,null,null,null,null
Thu Oct 29 15:00:00 UTC 2026,1.42517,-3.51861209477E7,null,null,null,null,null,null,null,null,null,null
Thu Oct 29 16:00:00 UTC 2026,1.42517,-3.51934399477E7,null,null,null,null,null,null,null,null,null,null
Thu Oct 29 17:00:00 UTC 2026,1.42517,-3.51967099477E7,null,null,null,null,null,null,null,null,null,null
Thu Oct 29 18:00:00 UTC 2026,1.42517,-3.51930149477E7,null,null,null,null,null,null,null,null,null,null
Thu Oct 29 19:00:00 UTC 2026,1.42517,-3.51866279477E7,null,null,null,null,null,null,null,null,null,null
Thu Oct 29 20:00:00 UTC 2026,1.42517,-3.51863749477E7,null,null,null,null,null,null,null,null,null,null
Thu Oct 29 21:00:00 UTC 2026,1.42517,-3.51815049477E7,null,null,null,null,null,null,null,null,null,null
Thu Oct 29 22:00:00 UTC 2026,1.42517,-3.51732079477E7,null,null,null,null,null,null,null,null,null,null
Thu Oct 29 23:00:00 UTC 2026,1.42517,-3.51718019477E7,null,null,null,null,null,null,null,null,null,null
Fri Oct 30 00:00:00 UTC 2026,1.42517,-3.51716519477E7,null,null,null,null,null,null,null,null,null,null
Fri Oct 30 01:00:00 UTC 2026,1.42517,-3.51825789477E7,null,null,null,null,null,null,null,null,null,null
Fri Oct 30 02:00:00 UTC 2026,1.42517,-3.51818029477E7,null,null,null,null,null,null,null,null,null,null
Fri Oct 30 03:00:00 UTC 2026,1.42517,-3.51855139477E7,null,null,null,null,null,null,null,null,null,null
Fri Oct 30 04:00:00 UTC 2026,1.42517,-3.51799669477E7,null,null,null,null,null,null,null,null,null,null
Fri Oct 30 05:00:00 UTC 2026,1.42517,-3.51731249477E7,null,null,null,null,null,null,null,null,null,null
Fri Oct 30 06:00:00 UTC 2026,1.42517,-3.51762779477E7,null,null,null,null,null,null,null,null,null,null
Fri Oct 30 07:00:00 UTC 2026,1.42517,-3.51688269477E7,null,null,null,null,null,null,null,null,null,null
Fri Oct 30 08:00:00 UTC 2026,1.42517,-3.51628049477E7,null,null,null,null,null,null,null,null,null,null
Fri Oct 30 09:00:00 UTC 2026,1.42517,-3.51651029477E7,null,null,null,null,null,null,null,null,null,null
Fri Oct 30 10:00:00 UTC 2026,1.42517,-3.51616569477E7,null,null,null,null,null,null,null,null,null,null
Fri Oct 30 11:00:00 UTC 2026,1.42517,-3.51711629477E7,null,null,null,null,null,null,null,null,null,null
Fri Oct 30 12:00:00 UTC 2026,1.42517,-3.51760619477E7,null,null,null,null,null,null,null,null,null,null
Fri Oct 30 13:00:00 UTC 2026,1.42517,-3.51675209477E7,null,null,null,null,null,null,null,null,null,null
Fri Oct 30 14:00:00 UTC 2026,1.42517,-3.51754929477E7,null,null,null,null,null,null,null,null,null,null
Fri Oct 30 15:00:00 UTC 2026,1.42517,-3.51709539477E7,null,null,null,null,null,null,null,null,null,null
Fri Oct 30 16:00:00 UTC 2026,1.42517,-3.51598949477E7,null,null,null,null,null,null,null,null,null,null
Fri Oct 30 17:00:00 UTC 2026,1.42517,-3.51556809477E7,null,null,null,null,null,null,null,null,null,null
Fri Oct 30 18:00:00 UTC 2026,1.42517,-3.51441759477E7,null,null,null,null,null,null,null,null,null,null
Fri Oct 30 19:00:00 UTC 2026,1.42517,-3.51554279477E7,null,null,null,null,null,null,null,null,null,null
Fri Oct 30 20:00:00 UTC 2026,1.42517,-3.51531849477E7,null,null,null,null,null,null,null,null,null,null
Fri Oct 30 21:00:00 UTC 2026,1.42517,-3.51531849477E7,null,null,null,null,null,null,null,null,null,null
Fri Oct 30 22:00:00 UTC 2026,1.42517,-3.51531849477E7,null,null,null,null,null,null,null,null,null,null
Fri Oct 30 23:00:00 UTC 2026,1.42517,-3.51531849477E7,null,null,null,null,null,null,null,null,null,null
Sat Oct 31 00:00:00 UTC 2026,1.42517,-3.51531849477E7,null,null,null,null,null,null,null,null,null,null
Sat Oct 31 01:00:00 UTC 2026,1.42517,-3.51531849477E7,null,null,null,null,null,null,null,null,null,null
Sat Oct 31 02:00:00 UTC 2026,1.42517,-3.51531849477E7,null,null,null,null,null,null,null,null,null,null
Sat Oct 31 03:00:00 UTC 2026,1.42517,-3.51531849477E7,null,null,null,null,null,null,null,null,null,null
Sat Oct 31 04:00:00 UTC 2026,1.42517,-3.51531849477E7,null,null,null,null,null,null,null,null,null,null
Sat Oct 31 05:00:00 UTC 2026,1.42517,-3.51531849477E7,null,null,null,null,null,null,null,null,null,null
Sat Oct 31 06:00:00 UTC 2026,1.42517,-3.51531849477E7,null,null,null,null,null,null,null,null,null,null
Sat Oct 31 07:00:00 UTC 2026,1.42517,-3.51531849477E7,null,null,null,null,null,null,null,null,null,null
Sat Oct 31 08:00:00 UTC 2026,1.42517,-3.51531849477E7,null,null,null,null,null,null,null,null,null,null
Sat Oct 31 09:00:00 UTC 2026,1.42517,-3.51531849477E7,null,null,null,null,null,null,null,null,null,null
Sat Oct 31 10:00:00 UTC 2026,1.42517,-3.51531849477E7,null,null,null,null,null,null,null,null,null,null
