date,P_Kweek_31_Kday_-59_ETE_58_ORD_58_EXT_61_E2Ekor_65_EXTkor_56_DIFF_6979,a,b,c,d,e,f,g,h,i,j
Tue Jul 21 05:00:00 UTC 2026,378730.8151603259,182.0460000000894,null,null,null,null,null,null,null,null
Tue Jul 21 06:00:00 UTC 2026,239696.17473219387,207470.04599999997,null,null,null,null,null,null,null,null
Tue Jul 21 07:00:00 UTC 2026,255694.39962178236,471052.046,null,null,null,null,null,null,null,null
Tue Jul 21 08:00:00 UTC 2026,300647.7139468687,382944.046,null,null,null,null,null,null,null,null
Tue Jul 21 09:00:00 UTC 2026,313910.62733238196,329743.046,null,null,null,null,null,null,null,null
Tue Jul 21 10:00:00 UTC 2026,318671.12139234744,500593.046,null,null,null,null,null,null,null,null
Tue Jul 21 11:00:00 UTC 2026,307921.15590085334,306769.046,null,null,null,null,null,null,null,null
Tue Jul 21 12:00:00 UTC 2026,275986.8722922293,357131.046,null,null,null,null,null,null,null,null
Tue Jul 21 13:00:00 UTC 2026,296331.9471069748,196832.04599999997,null,null,null,null,null,null,null,null
Tue Jul 21 14:00:00 UTC 2026,290210.970314666,281510.046,null,null,null,null,null,null,null,null
Tue Jul 21 15:00:00 UTC 2026,262135.77129307005,249105.04599999997,null,null,null,null,null,null,null,null
Tue Jul 21 16:00:00 UTC 2026,258159.5273846236,169742.04599999997,null,null,null,null,null,null,null,null
Tue Jul 21 17:00:00 UTC 2026,78944.0217241651,119977.04599999997,null,null,null,null,null,null,null,null
Tue Jul 21 18:00:00 UTC 2026,-74223.85847712749,59745.04600000009,null,null,null,null,null,null,null,null
Tue Jul 21 19:00:00 UTC 2026,-119005.02032992989,-32433.95399999991,null,null,null,null,null,null,null,null
Tue Jul 21 20:00:00 UTC 2026,-142577.9539999999,-56890.95399999991,null,null,null,null,null,null,null,null
Tue Jul 21 21:00:00 UTC 2026,-91520.39992853341,-9038.95399999991,null,null,null,null,null,null,null,null
Tue Jul 21 22:00:00 UTC 2026,-50988.05673195145,902.0460000000894,null,null,null,null,null,null,null,null
Tue Jul 21 23:00:00 UTC 2026,16313.995904735057,-124799.95399999991,null,null,null,null,null,null,null,null
Wed Jul 22 00:00:00 UTC 2026,347382.3281587673,-10717.95399999991,null,null,null,null,null,null,null,null
Wed Jul 22 01:00:00 UTC 2026,341213.5312352671,-142577.9539999999,null,null,null,null,null,null,null,null
Wed Jul 22 02:00:00 UTC 2026,355781.9342022853,-104913.95399999991,null,null,null,null,null,null,null,null
Wed Jul 22 03:00:00 UTC 2026,323998.28400689625,-72058.95399999991,null,null,null,null,null,null,null,null
Wed Jul 22 04:00:00 UTC 2026,356331.8657109672,-67717.95399999991,null,null,null,null,null,null,null,null
Wed Jul 22 05:00:00 UTC 2026,413742.32421101246,-105655.95399999991,null,null,null,null,null,null,null,null
Wed Jul 22 06:00:00 UTC 2026,388156.16301786026,-27154.95399999991,null,null,null,null,null,null,null,null
Wed Jul 22 07:00:00 UTC 2026,416573.27597745706,-42662.95399999991,null,null,null,null,null,null,null,null
Wed Jul 22 08:00:00 UTC 2026,372614.620381124,57663.04600000009,null,null,null,null,null,null,null,null
Wed Jul 22 09:00:00 UTC 2026,392739.7225924076,94630.04600000009,null,null,null,null,null,null,null,null
Wed Jul 22 10:00:00 UTC 2026,418741.9189269218,227083.04599999997,null,null,null,null,null,null,null,null
Wed Jul 22 11:00:00 UTC 2026,438661.3945740778,435960.046,null,null,null,null,null,null,null,null
Wed Jul 22 12:00:00 UTC 2026,461488.3341975929,1051963.046,null,null,null,null,null,null,null,null
Wed Jul 22 13:00:00 UTC 2026,429243.219736231,847693.046,null,null,null,null,null,null,null,null
Wed Jul 22 14:00:00 UTC 2026,442826.5280007232,796547.046,null,null,null,null,null,null,null,null
Wed Jul 22 15:00:00 UTC 2026,434599.0744295028,897335.046,null,null,null,null,null,null,null,null
Wed Jul 22 16:00:00 UTC 2026,436334.9451916906,745768.046,null,null,null,null,null,null,null,null
Wed Jul 22 17:00:00 UTC 2026,575345.67555422,745616.046,null,null,null,null,null,null,null,null
Wed Jul 22 18:00:00 UTC 2026,697660.0071117977,809655.046,null,null,null,null,null,null,null,null
Wed Jul 22 19:00:00 UTC 2026,737649.5918193581,754233.046,null,null,null,null,null,null,null,null
Wed Jul 22 20:00:00 UTC 2026,860989.665190952,752798.046,null,null,null,null,null,null,null,null
Wed Jul 22 21:00:00 UTC 2026,750429.521879863,825408.046,null,null,null,null,null,null,null,null
Wed Jul 22 22:00:00 UTC 2026,792645.1336943207,712041.046,null,null,null,null,null,null,null,null
Wed Jul 22 23:00:00 UTC 2026,750917.2872180054,771784.046,null,null,null,null,null,null,null,null
Thu Jul 23 00:00:00 UTC 2026,500913.6413571235,684234.046,null,null,null,null,null,null,null,null
Thu Jul 23 01:00:00 UTC 2026,606799.366844389,791643.046,null,null,null,null,null,null,null,null
Thu Jul 23 02:00:00 UTC 2026,580579.5889129664,785389.046,null,null,null,null,null,null,null,null
Thu Jul 23 03:00:00 UTC 2026,706451.7382310615,719665.046,null,null,null,null,null,null,null,null
Thu Jul 23 04:00:00 UTC 2026,739242.0021879849,779999.046,null,null,null,null,null,null,null,null
Thu Jul 23 05:00:00 UTC 2026,712833.3347383497,823741.046,null,null,null,null,null,null,null,null
Thu Jul 23 06:00:00 UTC 2026,665701.8134375712,787597.046,null,null,null,null,null,null,null,null
Thu Jul 23 07:00:00 UTC 2026,667081.4242223965,793185.046,null,null,null,null,null,null,null,null
Thu Jul 23 08:00:00 UTC 2026,693451.8355670811,814697.046,null,null,null,null,null,null,null,null
Thu Jul 23 09:00:00 UTC 2026,708450.6197147957,937401.046,null,null,null,null,null,null,null,null
Thu Jul 23 10:00:00 UTC 2026,692490.6509301714,953320.046,null,null,null,null,null,null,null,null
Thu Jul 23 11:00:00 UTC 2026,715527.9991309074,996318.046,null,null,null,null,null,null,null,null
Thu Jul 23 12:00:00 UTC 2026,682319.3090260685,1179865.046,null,null,null,null,null,null,null,null
Thu Jul 23 13:00:00 UTC 2026,591071.3256960347,1102431.046,null,null,null,null,null,null,null,null
Thu Jul 23 14:00:00 UTC 2026,555617.48043183,839601.046,null,null,null,null,null,null,null,null
Thu Jul 23 15:00:00 UTC 2026,564500.0698003565,932062.046,null,null,null,null,null,null,null,null
Thu Jul 23 16:00:00 UTC 2026,598906.6541914956,913618.046,null,null,null,null,null,null,null,null
Thu Jul 23 17:00:00 UTC 2026,735734.3955652125,860379.046,null,null,null,null,null,null,null,null
Thu Jul 23 18:00:00 UTC 2026,717866.4035460892,867928.046,null,null,null,null,null,null,null,null
Thu Jul 23 19:00:00 UTC 2026,790349.7673972099,829383.046,null,null,null,null,null,null,null,null
Thu Jul 23 20:00:00 UTC 2026,763682.8712391489,745055.046,null,null,null,null,null,null,null,null
Thu Jul 23 21:00:00 UTC 2026,816000.4857674822,823398.046,null,null,null,null,null,null,null,null
Thu Jul 23 22:00:00 UTC 2026,916040.2002167937,864986.046,null,null,null,null,null,null,null,null
Thu Jul 23 23:00:00 UTC 2026,1067783.0405086365,847976.046,null,null,null,null,null,null,null,null
Fri Jul 24 00:00:00 UTC 2026,1183098.895866557,913931.046,null,null,null,null,null,null,null,null
Fri Jul 24 01:00:00 UTC 2026,1285575.046,885003.046,null,null,null,null,null,null,null,null
Fri Jul 24 02:00:00 UTC 2026,1126721.352200202,875342.046,null,null,null,null,null,null,null,null
Fri Jul 24 03:00:00 UTC 2026,1070487.2689274217,907831.046,null,null,null,null,null,null,null,null
Fri Jul 24 04:00:00 UTC 2026,1159887.00418697,891843.046,null,null,null,null,null,null,null,null
Fri Jul 24 05:00:00 UTC 2026,1177886.5015668597,880254.046,null,null,null,null,null,null,null,null
Fri Jul 24 06:00:00 UTC 2026,1038392.7878793082,779271.046,null,null,null,null,null,null,null,null
Fri Jul 24 07:00:00 UTC 2026,1098983.2851035001,889446.046,null,null,null,null,null,null,null,null
Fri Jul 24 08:00:00 UTC 2026,1053716.7489191222,816877.046,null,null,null,null,null,null,null,null
Fri Jul 24 09:00:00 UTC 2026,1046677.6256079611,888400.046,null,null,null,null,null,null,null,null
Fri Jul 24 10:00:00 UTC 2026,1087779.0283656935,914271.046,null,null,null,null,null,null,null,null
Fri Jul 24 11:00:00 UTC 2026,983932.8314736795,929602.046,null,null,null,null,null,null,null,null
Fri Jul 24 12:00:00 UTC 2026,938436.7586595854,989876.046,null,null,null,null,null,null,null,null
Fri Jul 24 13:00:00 UTC 2026,962126.8516510739,1240219.046,null,null,null,null,null,null,null,null
Fri Jul 24 14:00:00 UTC 2026,951396.0142120481,1285575.046,null,null,null,null,null,null,null,null
Fri Jul 24 15:00:00 UTC 2026,995462.2651035585,1180830.046,null,null,null,null,null,null,null,null
Fri Jul 24 16:00:00 UTC 2026,950898.6848476783,1147057.046,null,null,null,null,null,null,null,null
Fri Jul 24 17:00:00 UTC 2026,843920.2693627228,1022390.046,null,null,null,null,null,null,null,null
Fri Jul 24 18:00:00 UTC 2026,800772.1649900512,1091474.046,null,null,null,null,null,null,null,null
Fri Jul 24 19:00:00 UTC 2026,654248.8920175931,1070338.046,null,null,null,null,null,null,null,null
Fri Jul 24 20:00:00 UTC 2026,602533.8111422537,1080006.046,null,null,null,null,null,null,null,null
Fri Jul 24 21:00:00 UTC 2026,599241.3951098225,1117325.046,null,null,null,null,null,null,null,null
Fri Jul 24 22:00:00 UTC 2026,600429.7253698953,1117325.046,null,null,null,null,null,null,null,null
Fri Jul 24 23:00:00 UTC 2026,601931.2774892597,1117325.046,null,null,null,null,null,null,null,null
Sat Jul 25 00:00:00 UTC 2026,493570.86021291185,1117325.046,null,null,null,null,null,null,null,null
Sat Jul 25 01:00:00 UTC 2026,313339.1767646646,1117325.046,null,null,null,null,null,null,null,null
Sat Jul 25 02:00:00 UTC 2026,325504.61813938105,1117325.046,null,null,null,null,null,null,null,null
Sat Jul 25 03:00:00 UTC 2026,321970.71044445253,1117325.046,null,null,null,null,null,null,null,null
Sat Jul 25 04:00:00 UTC 2026,439232.84514180874,1117325.046,null,null,null,null,null,null,null,null
Sat Jul 25 05:00:00 UTC 2026,317.69598,1117325.046,null,null,null,null,null,null,null,null,null,null
Sat Jul 25 06:00:00 UTC 2026,317.69598,1117325.046,null,null,null,null,null,null,null,null,null,null
Sat Jul 25 07:00:00 UTC 2026,317.69598,1117325.046,null,null,null,null,null,null,null,null,null,null
Sat Jul 25 08:00:00 UTC 2026,317.69598,1117325.046,null,null,null,null,null,null,null,null,null,null
Sat Jul 25 09:00:00 UTC 2026,317.69598,1117325.046,null,null,null,null,null,null,null,null,null,null
Sat Jul 25 10:00:00 UTC 2026,317.69598,1117325.046,null,null,null,null,null,null,null,null,null,null
Sat Jul 25 11:00:00 UTC 2026,317.69598,1117325.046,null,null,null,null,null,null,null,null,null,null
Sat Jul 25 12:00:00 UTC 2026,317.69598,1117325.046,null,null,null,null,null,null,null,null,null,null
Sat Jul 25 13:00:00 UTC 2026,317.69598,1117325.046,null,null,null,null,null,null,null,null,null,null
Sat Jul 25 14:00:00 UTC 2026,317.69598,1117325.046,null,null,null,null,null,null,null,null,null,null
Sat Jul 25 15:00:00 UTC 2026,317.69598,1117325.046,null,null,null,null,null,null,null,null,null,null
Sat Jul 25 16:00:00 UTC 2026,317.69598,1117325.046,null,null,null,null,null,null,null,null,null,null
Sat Jul 25 17:00:00 UTC 2026,317.69598,1117325.046,null,null,null,null,null,null,null,null,null,null
Sat Jul 25 18:00:00 UTC 2026,317.69598,1117325.046,null,null,null,null,null,null,null,null,null,null
Sat Jul 25 19:00:00 UTC 2026,317.69598,1117325.046,null,null,null,null,null,null,null,null,null,null
Sat Jul 25 20:00:00 UTC 2026,317.69598,1117325.046,null,null,null,null,null,null,null,null,null,null
Sat Jul 25 21:00:00 UTC 2026,317.69598,1117325.046,null,null,null,null,null,null,null,null,null,null
Sat Jul 25 22:00:00 UTC 2026,317.69598,1117325.046,null,null,null,null,null,null,null,null,null,null
Sat Jul 25 23:00:00 UTC 2026,317.69598,1117325.046,null,null,null,null,null,null,null,null,null,null
Sun Jul 26 00:00:00 UTC 2026,317.69598,1117325.046,null,null,null,null,null,null,null,null,null,null
Sun Jul 26 01:00:00 UTC 2026,317.69598,1117325.046,null,null,null,null,null,null,null,null,null,null
Sun Jul 26 02:00:00 UTC 2026,317.69598,1117325.046,null,null,null,null,null,null,null,null,null,null
Sun Jul 26 03:00:00 UTC 2026,317.69598,1117325.046,null,null,null,null,null,null,null,null,null,null
Sun Jul 26 04:00:00 UTC 2026,317.69598,1117325.046,null,null,null,null,null,null,null,null,null,null
Sun Jul 26 05:00:00 UTC 2026,317.69598,1117325.046,null,null,null,null,null,null,null,null,null,null
Sun Jul 26 06:00:00 UTC 2026,317.69598,1117325.046,null,null,null,null,null,null,null,null,null,null
Sun Jul 26 07:00:00 UTC 2026,317.69598,1117325.046,null,null,null,null,null,null,null,null,null,null
Sun Jul 26 08:00:00 UTC 2026,317.69598,1117325.046,null,null,null,null,null,null,null,null,null,null
Sun Jul 26 09:00:00 UTC 2026,317.69598,1117325.046,null,null,null,null,null,null,null,null,null,null
Sun Jul 26 10:00:00 UTC 2026,317.69598,1117325.046,null,null,null,null,null,null,null,null,null,null
Sun Jul 26 11:00:00 UTC 2026,317.69598,1117325.046,null,null,null,null,null,null,null,null,null,null
Sun Jul 26 12:00:00 UTC 2026,317.69598,1117325.046,null,null,null,null,null,null,null,null,null,null
Sun Jul 26 13:00:00 UTC 2026,317.69598,1117325.046,null,null,null,null,null,null,null,null,null,null
Sun Jul 26 14:00:00 UTC 2026,317.69598,1117325.046,null,null,null,null,null,null,null,null,null,null
Sun Jul 26 15:00:00 UTC 2026,317.69598,1117325.046,null,null,null,null,null,null,null,null,null,null
Sun Jul 26 16:00:00 UTC 2026,317.69598,1117325.046,null,null,null,null,null,null,null,null,null,null
Sun Jul 26 17:00:00 UTC 2026,317.69598,1117325.046,null,null,null,null,null,null,null,null,null,null
Sun Jul 26 18:00:00 UTC 2026,317.69598,1117325.046,null,null,null,null,null,null,null,null,null,null
Sun Jul 26 19:00:00 UTC 2026,317.69598,1117325.046,null,null,null,null,null,null,null,null,null,null
Sun Jul 26 20:00:00 UTC 2026,317.69598,1117325.046,null,null,null,null,null,null,null,null,null,null
Sun Jul 26 21:00:00 UTC 2026,317.69598,1232095.046,null,null,null,null,null,null,null,null,null,null
Sun Jul 26 22:00:00 UTC 2026,317.69598,1355019.046,null,null,null,null,null,null,null,null,null,null
Sun Jul 26 23:00:00 UTC 2026,317.69598,1344744.046,null,null,null,null,null,null,null,null,null,null
Mon Jul 27 00:00:00 UTC 2026,317.69598,1110469.046,null,null,null,null,null,null,null,null,null,null
Mon Jul 27 01:00:00 UTC 2026,317.69598,1123821.046,null,null,null,null,null,null,null,null,null,null
Mon Jul 27 02:00:00 UTC 2026,317.69598,1106369.046,null,null,null,null,null,null,null,null,null,null
Mon Jul 27 03:00:00 UTC 2026,317.69598,1075775.046,null,null,null,null,null,null,null,null,null,null
Mon Jul 27 04:00:00 UTC 2026,317.69598,1104543.046,null,null,null,null,null,null,null,null,null,null
Mon Jul 27 05:00:00 UTC 2026,317.69598,1180004.046,null,null,null,null,null,null,null,null,null,null
Mon Jul 27 06:00:00 UTC 2026,317.69598,1077762.046,null,null,null,null,null,null,null,null,null,null
Mon Jul 27 07:00:00 UTC 2026,317.69598,1048176.046,null,null,null,null,null,null,null,null,null,null
Mon Jul 27 08:00:00 UTC 2026,317.69598,1073555.046,null,null,null,null,null,null,null,null,null,null
Mon Jul 27 09:00:00 UTC 2026,317.69598,1127954.046,null,null,null,null,null,null,null,null,null,null
Mon Jul 27 10:00:00 UTC 2026,317.69598,1057378.046,null,null,null,null,null,null,null,null,null,null
Mon Jul 27 11:00:00 UTC 2026,317.69598,1111720.046,null,null,null,null,null,null,null,null,null,null
Mon Jul 27 12:00:00 UTC 2026,317.69598,1323917.046,null,null,null,null,null,null,null,null,null,null
Mon Jul 27 13:00:00 UTC 2026,317.69598,1228768.046,null,null,null,null,null,null,null,null,null,null
Mon Jul 27 14:00:00 UTC 2026,317.69598,958927.046,null,null,null,null,null,null,null,null,null,null
Mon Jul 27 15:00:00 UTC 2026,317.69598,977183.046,null,null,null,null,null,null,null,null,null,null
Mon Jul 27 16:00:00 UTC 2026,317.69598,697697.046,null,null,null,null,null,null,null,null,null,null
Mon Jul 27 17:00:00 UTC 2026,317.69598,395678.046,null,null,null,null,null,null,null,null,null,null
Mon Jul 27 18:00:00 UTC 2026,317.69598,340773.046,null,null,null,null,null,null,null,null,null,null
Mon Jul 27 19:00:00 UTC 2026,317.69598,422114.046,null,null,null,null,null,null,null,null,null,null
Mon Jul 27 20:00:00 UTC 2026,317.69598,603231.046,null,null,null,null,null,null,null,null,null,null
Mon Jul 27 21:00:00 UTC 2026,317.69598,688587.046,null,null,null,null,null,null,null,null,null,null
Mon Jul 27 22:00:00 UTC 2026,317.69598,595244.046,null,null,null,null,null,null,null,null,null,null
Mon Jul 27 23:00:00 UTC 2026,317.69598,614803.046,null,null,null,null,null,null,null,null,null,null
Tue Jul 28 00:00:00 UTC 2026,317.69598,590046.046,null,null,null,null,null,null,null,null,null,null
Tue Jul 28 01:00:00 UTC 2026,317.69598,651929.046,null,null,null,null,null,null,null,null,null,null
Tue Jul 28 02:00:00 UTC 2026,317.69598,636830.046,null,null,null,null,null,null,null,null,null,null
Tue Jul 28 03:00:00 UTC 2026,317.69598,649944.046,null,null,null,null,null,null,null,null,null,null
Tue Jul 28 04:00:00 UTC 2026,317.69598,682315.046,null,null,null,null,null,null,null,null,null,null
Tue Jul 28 05:00:00 UTC 2026,317.69598,721964.046,null,null,null,null,null,null,null,null,null,null
Tue Jul 28 06:00:00 UTC 2026,317.69598,766394.046,null,null,null,null,null,null,null,null,null,null
Tue Jul 28 07:00:00 UTC 2026,317.69598,889131.046,null,null,889331.046,null,null,null,null,889831.046,null,null
Tue Jul 28 08:00:00 UTC 2026,317.69598,802246.046,null,null,742644.0459999999,null,null,null,null,743144.046,null,null
Tue Jul 28 09:00:00 UTC 2026,317.69598,689210.046,null,null,595957.0459999999,null,null,null,null,596457.046,null,null
Tue Jul 28 10:00:00 UTC 2026,317.69598,449070.046,null,null,449270.046,null,null,null,null,449770.046,null,null
Tue Jul 28 11:00:00 UTC 2026,317.69598,1090657.046,null,null,null,null,null,null,null,null,null,null
Tue Jul 28 12:00:00 UTC 2026,317.69598,1440059.046,null,null,null,null,null,null,null,null,null,null
Tue Jul 28 13:00:00 UTC 2026,317.69598,1841571.046,null,null,null,null,null,null,null,null,null,null
Tue Jul 28 14:00:00 UTC 2026,317.69598,1834074.046,null,null,null,null,null,null,null,null,null,null
Tue Jul 28 15:00:00 UTC 2026,317.69598,1546820.046,null,null,null,null,null,null,null,null,null,null
Tue Jul 28 16:00:00 UTC 2026,317.69598,1587146.046,null,null,null,null,null,null,null,null,null,null
Tue Jul 28 17:00:00 UTC 2026,317.69598,1625150.046,null,null,null,null,null,null,null,null,null,null
Tue Jul 28 18:00:00 UTC 2026,317.69598,1666028.046,null,null,null,null,null,null,null,null,null,null
Tue Jul 28 19:00:00 UTC 2026,317.69598,2234832.046,null,null,null,null,null,null,null,null,null,null
Tue Jul 28 20:00:00 UTC 2026,317.69598,2252413.046,null,null,null,null,null,null,null,null,null,null
Tue Jul 28 21:00:00 UTC 2026,317.69598,2469089.046,null,null,null,null,null,null,null,null,null,null
Tue Jul 28 22:00:00 UTC 2026,317.69598,2337241.046,null,null,null,null,null,null,null,null,null,null
Tue Jul 28 23:00:00 UTC 2026,317.69598,2275637.046,null,null,null,null,null,null,null,null,null,null
Wed Jul 29 00:00:00 UTC 2026,317.69598,2358567.046,null,null,null,null,null,null,null,null,null,null
Wed Jul 29 01:00:00 UTC 2026,317.69598,2302987.046,null,null,null,null,null,null,null,null,null,null
Wed Jul 29 02:00:00 UTC 2026,317.69598,2353727.046,null,null,null,null,null,null,null,null,null,null
Wed Jul 29 03:00:00 UTC 2026,317.69598,2397822.046,null,null,null,null,null,null,null,null,null,null
Wed Jul 29 04:00:00 UTC 2026,317.69598,2445415.046,null,null,null,null,null,null,null,null,null,null
Wed Jul 29 05:00:00 UTC 2026,317.69598,2370659.046,null,null,null,null,null,null,null,null,null,null
Wed Jul 29 06:00:00 UTC 2026,317.69598,2407158.046,null,null,null,null,null,null,null,null,null,null
Wed Jul 29 07:00:00 UTC 2026,317.69598,2313573.046,null,null,null,null,null,null,null,null,null,null
Wed Jul 29 08:00:00 UTC 2026,317.69598,2213656.046,null,null,null,null,null,null,null,null,null,null
Wed Jul 29 09:00:00 UTC 2026,317.69598,2222184.046,null,null,null,null,null,null,null,null,null,null
Wed Jul 29 10:00:00 UTC 2026,317.69598,2263634.046,null,null,null,null,null,null,null,null,null,null
Wed Jul 29 11:00:00 UTC 2026,317.69598,2342731.046,null,null,null,null,null,null,null,null,null,null
Wed Jul 29 12:00:00 UTC 2026,317.69598,2124033.046,null,null,null,null,null,null,null,null,null,null
Wed Jul 29 13:00:00 UTC 2026,317.69598,2028671.046,null,null,null,null,null,null,null,null,null,null
Wed Jul 29 14:00:00 UTC 2026,317.69598,2072043.046,null,null,null,null,null,null,null,null,null,null
Wed Jul 29 15:00:00 UTC 2026,317.69598,1997369.046,null,null,null,null,null,null,null,null,null,null
Wed Jul 29 16:00:00 UTC 2026,317.69598,2214029.046,null,null,null,null,null,null,null,null,null,null
Wed Jul 29 17:00:00 UTC 2026,317.69598,2088349.046,null,null,null,null,null,null,null,null,null,null
Wed Jul 29 18:00:00 UTC 2026,317.69598,1894852.046,null,null,null,null,null,null,null,null,null,null
Wed Jul 29 19:00:00 UTC 2026,317.69598,2051701.046,null,null,null,null,null,null,null,null,null,null
Wed Jul 29 20:00:00 UTC 2026,317.69598,2114085.046,null,null,null,null,null,null,null,null,null,null
Wed Jul 29 21:00:00 UTC 2026,317.69598,2040753.046,null,null,null,null,null,null,null,null,null,null
Wed Jul 29 22:00:00 UTC 2026,317.69598,1982729.046,null,null,null,null,null,null,null,null,null,null
Wed Jul 29 23:00:00 UTC 2026,317.69598,2190745.046,null,null,null,null,null,null,null,null,null,null
Thu Jul 30 00:00:00 UTC 2026,317.69598,2191424.046,null,null,null,null,null,null,null,null,null,null
Thu Jul 30 01:00:00 UTC 2026,317.69598,2312830.046,null,null,null,null,null,null,null,null,null,null
Thu Jul 30 02:00:00 UTC 2026,317.69598,2298795.046,null,null,null,null,null,null,null,null,null,null
Thu Jul 30 03:00:00 UTC 2026,317.69598,2306821.046,null,null,null,null,null,null,null,null,null,null
Thu Jul 30 04:00:00 UTC 2026,317.69598,2367509.046,null,null,null,null,null,null,null,null,null,null
Thu Jul 30 05:00:00 UTC 2026,317.69598,2433761.046,null,null,null,null,null,null,null,null,null,null
Thu Jul 30 06:00:00 UTC 2026,317.69598,2408153.046,null,null,null,null,null,null,null,null,null,null
Thu Jul 30 07:00:00 UTC 2026,317.69598,2316810.046,null,null,null,null,null,null,null,null,null,null
Thu Jul 30 08:00:00 UTC 2026,317.69598,2250903.046,null,null,null,null,null,null,null,null,null,null
Thu Jul 30 09:00:00 UTC 2026,317.69598,2362762.046,null,null,null,null,null,null,null,null,null,null
Thu Jul 30 10:00:00 UTC 2026,317.69598,2441823.046,null,null,null,null,null,null,null,null,null,null
Thu Jul 30 11:00:00 UTC 2026,317.69598,2551171.046,null,null,null,null,null,null,null,null,null,null
Thu Jul 30 12:00:00 UTC 2026,317.69598,2529075.046,null,null,null,null,null,null,null,null,null,null
Thu Jul 30 13:00:00 UTC 2026,317.69598,2487875.046,null,null,null,null,null,null,null,null,null,null
Thu Jul 30 14:00:00 UTC 2026,317.69598,2386044.046,null,null,null,null,null,null,null,null,null,null
Thu Jul 30 15:00:00 UTC 2026,317.69598,2463463.046,null,null,null,null,null,null,null,null,null,null
Thu Jul 30 16:00:00 UTC 2026,317.69598,2416389.046,null,null,null,null,null,null,null,null,null,null
Thu Jul 30 17:00:00 UTC 2026,317.69598,2535833.046,null,null,null,null,null,null,null,null,null,null
Thu Jul 30 18:00:00 UTC 2026,317.69598,2631925.046,null,null,null,null,null,null,null,null,null,null
Thu Jul 30 19:00:00 UTC 2026,317.69598,2423882.046,null,null,null,null,null,null,null,null,null,null
Thu Jul 30 20:00:00 UTC 2026,317.69598,2472329.046,null,null,null,null,null,null,null,null,null,null
Thu Jul 30 21:00:00 UTC 2026,317.69598,2562908.046,null,null,null,null,null,null,null,null,null,null
Thu Jul 30 22:00:00 UTC 2026,317.69598,2530230.046,null,null,null,null,null,null,null,null,null,null
Thu Jul 30 23:00:00 UTC 2026,317.69598,2199147.046,null,null,null,null,null,null,null,null,null,null
Fri Jul 31 00:00:00 UTC 2026,317.69598,2143252.046,null,null,null,null,null,null,null,null,null,null
Fri Jul 31 01:00:00 UTC 2026,317.69598,2117241.046,null,null,null,null,null,null,null,null,null,null
Fri Jul 31 02:00:00 UTC 2026,317.69598,2096514.046,null,null,null,null,null,null,null,null,null,null
Fri Jul 31 03:00:00 UTC 2026,317.69598,2184381.046,null,null,null,null,null,null,null,null,null,null
Fri Jul 31 04:00:00 UTC 2026,317.69598,2198979.046,null,null,null,null,null,null,null,null,null,null
Fri Jul 31 05:00:00 UTC 2026,317.69598,2312713.046,null,null,null,null,null,null,null,null,null,null
Fri Jul 31 06:00:00 UTC 2026,317.69598,2316498.046,null,null,null,null,null,null,null,null,null,null
Fri Jul 31 07:00:00 UTC 2026,317.69598,2508564.046,null,null,null,null,null,null,null,null,null,null
Fri Jul 31 08:00:00 UTC 2026,317.69598,2477645.046,null,null,null,null,null,null,null,null,null,null
Fri Jul 31 09:00:00 UTC 2026,317.69598,2420156.046,null,null,null,null,null,null,null,null,null,null
Fri Jul 31 10:00:00 UTC 2026,317.69598,2432685.046,null,null,null,null,null,null,null,null,null,null
Fri Jul 31 11:00:00 UTC 2026,317.69598,2231168.046,null,null,null,null,null,null,null,null,null,null
Fri Jul 31 12:00:00 UTC 2026,317.69598,2000843.046,null,null,null,null,null,null,null,null,null,null
Fri Jul 31 13:00:00 UTC 2026,317.69598,1931401.046,null,null,null,null,null,null,null,null,null,null
Fri Jul 31 14:00:00 UTC 2026,317.69598,1979485.046,null,null,null,null,null,null,null,null,null,null
Fri Jul 31 15:00:00 UTC 2026,317.69598,1962466.046,null,null,null,null,null,null,null,null,null,null
Fri Jul 31 16:00:00 UTC 2026,317.69598,1951426.046,null,null,null,null,null,null,null,null,null,null
Fri Jul 31 17:00:00 UTC 2026,317.69598,1948389.046,null,null,null,null,null,null,null,null,null,null
Fri Jul 31 18:00:00 UTC 2026,317.69598,1764661.046,null,null,null,null,null,null,null,null,null,null
Fri Jul 31 19:00:00 UTC 2026,317.69598,1773748.046,null,null,null,null,null,null,null,null,null,null
Fri Jul 31 20:00:00 UTC 2026,317.69598,1836025.046,null,null,null,null,null,null,null,null,null,null
Fri Jul 31 21:00:00 UTC 2026,317.69598,1912405.046,null,null,null,null,null,null,null,null,null,null
Fri Jul 31 22:00:00 UTC 2026,317.69598,1912405.046,null,null,null,null,null,null,null,null,null,null
Fri Jul 31 23:00:00 UTC 2026,317.69598,1912405.046,null,null,null,null,null,null,null,null,null,null
Sat Aug 01 00:00:00 UTC 2026,317.69598,1912405.046,null,null,null,null,null,null,null,null,null,null
Sat Aug 01 01:00:00 UTC 2026,317.69598,1912405.046,null,null,null,null,null,null,null,null,null,null
Sat Aug 01 02:00:00 UTC 2026,317.69598,1912405.046,null,null,null,null,null,null,null,null,null,null
Sat Aug 01 03:00:00 UTC 2026,317.69598,1912405.046,null,null,null,null,null,null,null,null,null,null
Sat Aug 01 04:00:00 UTC 2026,317.69598,1912405.046,null,null,null,null,null,null,null,null,null,null
Sat Aug 01 05:00:00 UTC 2026,317.69598,1912405.046,null,null,null,null,null,null,null,null,null,null
Sat Aug 01 06:00:00 UTC 2026,317.69598,1912405.046,null,null,null,null,null,null,null,null,null,null
Sat Aug 01 07:00:00 UTC 2026,317.69598,1912405.046,null,null,null,null,null,null,null,null,null,null
Sat Aug 01 08:00:00 UTC 2026,317.69598,1912405.046,null,null,null,null,null,null,null,null,null,null
Sat Aug 01 09:00:00 UTC 2026,317.69598,1912405.046,null,null,null,null,null,null,null,null,null,null
Sat Aug 01 10:00:00 UTC 2026,317.69598,1912405.046,null,null,null,null,null,null,null,null,null,null
Sat Aug 01 11:00:00 UTC 2026,317.69598,1912405.046,null,null,null,null,null,null,null,null,null,null
Sat Aug 01 12:00:00 UTC 2026,317.69598,1912405.046,null,null,null,null,null,null,null,null,null,null
Sat Aug 01 13:00:00 UTC 2026,317.69598,1912405.046,null,null,null,null,null,null,null,null,null,null
Sat Aug 01 14:00:00 UTC 2026,317.69598,1912405.046,null,null,null,null,null,null,null,null,null,null
Sat Aug 01 15:00:00 UTC 2026,317.69598,1912405.046,null,null,null,null,null,null,null,null,null,null
Sat Aug 01 16:00:00 UTC 2026,317.69598,1912405.046,null,null,null,null,null,null,null,null,null,null
Sat Aug 01 17:00:00 UTC 2026,317.69598,1912405.046,null,null,null,null,null,null,null,null,null,null
Sat Aug 01 18:00:00 UTC 2026,317.69598,1912405.046,null,null,null,null,null,null,null,null,null,null
Sat Aug 01 19:00:00 UTC 2026,317.69598,1912405.046,null,null,null,null,null,null,null,null,null,null
Sat Aug 01 20:00:00 UTC 2026,317.69598,1912405.046,null,null,null,null,null,null,null,null,null,null
Sat Aug 01 21:00:00 UTC 2026,317.69598,1912405.046,null,null,null,null,null,null,null,null,null,null
Sat Aug 01 22:00:00 UTC 2026,317.69598,1912405.046,null,null,null,null,null,null,null,null,null,null
Sat Aug 01 23:00:00 UTC 2026,317.69598,1912405.046,null,null,null,null,null,null,null,null,null,null
Sun Aug 02 00:00:00 UTC 2026,317.69598,1912405.046,null,null,null,null,null,null,null,null,null,null
Sun Aug 02 01:00:00 UTC 2026,317.69598,1912405.046,null,null,null,null,null,null,null,null,null,null
Sun Aug 02 02:00:00 UTC 2026,317.69598,1912405.046,null,null,null,null,null,null,null,null,null,null
Sun Aug 02 03:00:00 UTC 2026,317.69598,1912405.046,null,null,null,null,null,null,null,null,null,null
Sun Aug 02 04:00:00 UTC 2026,317.69598,1912405.046,null,null,null,null,null,null,null,null,null,null
Sun Aug 02 05:00:00 UTC 2026,317.69598,1912405.046,null,null,null,null,null,null,null,null,null,null
Sun Aug 02 06:00:00 UTC 2026,317.69598,1912405.046,null,null,null,null,null,null,null,null,null,null
Sun Aug 02 07:00:00 UTC 2026,317.69598,1912405.046,null,null,null,null,null,null,null,null,null,null
Sun Aug 02 08:00:00 UTC 2026,317.69598,1912405.046,null,null,null,null,null,null,null,null,null,null
Sun Aug 02 09:00:00 UTC 2026,317.69598,1912405.046,null,null,null,null,null,null,null,null,null,null
Sun Aug 02 10:00:00 UTC 2026,317.69598,1912405.046,null,null,null,null,null,null,null,null,null,null
Sun Aug 02 11:00:00 UTC 2026,317.69598,1912405.046,null,null,null,null,null,null,null,null,null,null
Sun Aug 02 12:00:00 UTC 2026,317.69598,1912405.046,null,null,null,null,null,null,null,null,null,null
Sun Aug 02 13:00:00 UTC 2026,317.69598,1912405.046,null,null,null,null,null,null,null,null,null,null
Sun Aug 02 14:00:00 UTC 2026,317.69598,1912405.046,null,null,null,null,null,null,null,null,null,null
Sun Aug 02 15:00:00 UTC 2026,317.69598,1912405.046,null,null,null,null,null,null,null,null,null,null
Sun Aug 02 16:00:00 UTC 2026,317.69598,1912405.046,null,null,null,null,null,null,null,null,null,null
Sun Aug 02 17:00:00 UTC 2026,317.69598,1912405.046,null,null,null,null,null,null,null,null,null,null
Sun Aug 02 18:00:00 UTC 2026,317.69598,1912405.046,null,null,null,null,null,null,null,null,null,null
Sun Aug 02 19:00:00 UTC 2026,317.69598,1912405.046,null,null,null,null,null,null,null,null,null,null
Sun Aug 02 20:00:00 UTC 2026,317.69598,1912405.046,null,null,null,null,null,null,null,null,null,null
Sun Aug 02 21:00:00 UTC 2026,317.69598,2128886.046,null,null,null,null,null,null,null,null,null,null
Sun Aug 02 22:00:00 UTC 2026,317.69598,2222591.046,null,null,null,null,null,null,null,null,null,null
Sun Aug 02 23:00:00 UTC 2026,317.69598,2173583.046,null,null,null,null,null,null,null,null,null,null
Mon Aug 03 00:00:00 UTC 2026,317.69598,1712792.046,null,null,null,null,null,null,null,null,null,null
Mon Aug 03 01:00:00 UTC 2026,317.69598,1647018.046,null,null,null,null,null,null,null,null,null,null
Mon Aug 03 02:00:00 UTC 2026,317.69598,1710692.046,null,null,null,null,null,null,null,null,null,null
Mon Aug 03 03:00:00 UTC 2026,317.69598,1706631.046,null,null,null,null,null,null,null,null,null,null
Mon Aug 03 04:00:00 UTC 2026,317.69598,1530732.046,null,null,null,null,null,null,null,null,null,null
Mon Aug 03 05:00:00 UTC 2026,317.69598,1690960.046,null,null,null,null,null,null,null,null,null,null
Mon Aug 03 06:00:00 UTC 2026,317.69598,1850495.046,null,null,null,null,null,null,null,null,null,null
Mon Aug 03 07:00:00 UTC 2026,317.69598,1748625.046,null,null,null,null,null,null,null,null,null,null
Mon Aug 03 08:00:00 UTC 2026,317.69598,1808255.046,null,null,null,null,null,null,null,null,null,null
Mon Aug 03 09:00:00 UTC 2026,317.69598,1714860.046,null,null,null,null,null,null,null,null,null,null
Mon Aug 03 10:00:00 UTC 2026,317.69598,1794294.046,null,null,null,null,null,null,null,null,null,null
Mon Aug 03 11:00:00 UTC 2026,317.69598,1754259.046,null,null,null,null,null,null,null,null,null,null
Mon Aug 03 12:00:00 UTC 2026,317.69598,1529740.046,null,null,null,null,null,null,null,null,null,null
Mon Aug 03 13:00:00 UTC 2026,317.69598,1601288.046,null,null,null,null,null,null,null,null,null,null
Mon Aug 03 14:00:00 UTC 2026,317.69598,1494805.046,null,null,null,null,null,null,null,null,null,null
Mon Aug 03 15:00:00 UTC 2026,317.69598,1338760.046,null,null,null,null,null,null,null,null,null,null
Mon Aug 03 16:00:00 UTC 2026,317.69598,1368247.046,null,null,null,null,null,null,null,null,null,null
Mon Aug 03 17:00:00 UTC 2026,317.69598,1313809.046,null,null,null,null,null,null,null,null,null,null
Mon Aug 03 18:00:00 UTC 2026,317.69598,930612.046,null,null,null,null,null,null,null,null,null,null
Mon Aug 03 19:00:00 UTC 2026,317.69598,956943.046,null,null,null,null,null,null,null,null,null,null
Mon Aug 03 20:00:00 UTC 2026,317.69598,1288820.046,null,null,null,null,null,null,null,null,null,null
Mon Aug 03 21:00:00 UTC 2026,317.69598,1303147.046,null,null,null,null,null,null,null,null,null,null
Mon Aug 03 22:00:00 UTC 2026,317.69598,1300111.046,null,null,null,null,null,null,null,null,null,null
Mon Aug 03 23:00:00 UTC 2026,317.69598,1234411.046,null,null,null,null,null,null,null,null,null,null
Tue Aug 04 00:00:00 UTC 2026,317.69598,1216003.046,null,null,null,null,null,null,null,null,null,null
Tue Aug 04 01:00:00 UTC 2026,317.69598,1249136.046,null,null,null,null,null,null,null,null,null,null
Tue Aug 04 02:00:00 UTC 2026,317.69598,1233322.046,null,null,null,null,null,null,null,null,null,null
Tue Aug 04 03:00:00 UTC 2026,317.69598,1158531.046,null,null,null,null,null,null,null,null,null,null
Tue Aug 04 04:00:00 UTC 2026,317.69598,1095990.046,null,null,null,null,null,null,null,null,null,null
Tue Aug 04 05:00:00 UTC 2026,317.69598,997539.046,null,null,null,null,null,null,null,null,null,null
Tue Aug 04 06:00:00 UTC 2026,317.69598,959407.046,null,null,null,null,null,null,null,null,null,null
Tue Aug 04 07:00:00 UTC 2026,317.69598,957836.046,null,null,null,null,null,null,null,null,null,null
Tue Aug 04 08:00:00 UTC 2026,317.69598,1010401.046,null,null,null,null,null,null,null,null,null,null
Tue Aug 04 09:00:00 UTC 2026,317.69598,1046050.046,null,null,null,null,null,null,null,null,null,null
Tue Aug 04 10:00:00 UTC 2026,317.69598,1019736.046,null,null,null,null,null,null,null,null,null,null
Tue Aug 04 11:00:00 UTC 2026,317.69598,1035795.046,null,null,null,null,null,null,null,null,null,null
Tue Aug 04 12:00:00 UTC 2026,317.69598,922144.046,null,null,null,null,null,null,null,null,null,null
Tue Aug 04 13:00:00 UTC 2026,317.69598,853213.046,null,null,null,null,null,null,null,null,null,null
Tue Aug 04 14:00:00 UTC 2026,317.69598,932107.046,null,null,null,null,null,null,null,null,null,null
Tue Aug 04 15:00:00 UTC 2026,317.69598,958218.046,null,null,null,null,null,null,null,null,null,null
Tue Aug 04 16:00:00 UTC 2026,317.69598,1017411.046,null,null,null,null,null,null,null,null,null,null
Tue Aug 04 17:00:00 UTC 2026,317.69598,1083026.046,null,null,null,null,null,null,null,null,null,null
Tue Aug 04 18:00:00 UTC 2026,317.69598,1353242.046,null,null,null,null,null,null,null,null,null,null
Tue Aug 04 19:00:00 UTC 2026,317.69598,1259156.046,null,null,null,null,null,null,null,null,null,null
Tue Aug 04 20:00:00 UTC 2026,317.69598,1203088.046,null,null,null,null,null,null,null,null,null,null
Tue Aug 04 21:00:00 UTC 2026,317.69598,1141331.046,null,null,null,null,null,null,null,null,null,null
Tue Aug 04 22:00:00 UTC 2026,317.69598,999631.046,null,null,null,null,null,null,null,null,null,null
Tue Aug 04 23:00:00 UTC 2026,317.69598,1052934.046,null,null,null,null,null,null,null,null,null,null
Wed Aug 05 00:00:00 UTC 2026,317.69598,1053275.046,null,null,null,null,null,null,null,null,null,null
Wed Aug 05 01:00:00 UTC 2026,317.69598,1021552.046,null,null,null,null,null,null,null,null,null,null
Wed Aug 05 02:00:00 UTC 2026,317.69598,1086008.046,null,null,null,null,null,null,null,null,null,null
Wed Aug 05 03:00:00 UTC 2026,317.69598,1084253.046,null,null,null,null,null,null,null,null,null,null
Wed Aug 05 04:00:00 UTC 2026,317.69598,1105393.046,null,null,null,null,null,null,null,null,null,null
Wed Aug 05 05:00:00 UTC 2026,317.69598,1286124.046,null,null,null,null,null,null,null,null,null,null
Wed Aug 05 06:00:00 UTC 2026,317.69598,1403100.046,null,null,null,null,null,null,null,null,null,null
Wed Aug 05 07:00:00 UTC 2026,317.69598,1500387.046,null,null,null,null,null,null,null,null,null,null
Wed Aug 05 08:00:00 UTC 2026,317.69598,1523178.046,null,null,null,null,null,null,null,null,null,null
Wed Aug 05 09:00:00 UTC 2026,317.69598,1379318.046,null,null,null,null,null,null,null,null,null,null
Wed Aug 05 10:00:00 UTC 2026,317.69598,1319946.046,null,null,null,null,null,null,null,null,null,null
Wed Aug 05 11:00:00 UTC 2026,317.69598,1450032.046,null,null,null,null,null,null,null,null,null,null
Wed Aug 05 12:00:00 UTC 2026,317.69598,1416308.046,null,null,null,null,null,null,null,null,null,null
Wed Aug 05 13:00:00 UTC 2026,317.69598,1322701.046,null,null,null,null,null,null,null,null,null,null
Wed Aug 05 14:00:00 UTC 2026,317.69598,1449546.046,null,null,null,null,null,null,null,null,null,null
Wed Aug 05 15:00:00 UTC 2026,317.69598,1676833.046,null,null,null,null,null,null,null,null,null,null
Wed Aug 05 16:00:00 UTC 2026,317.69598,1619881.046,null,null,null,null,null,null,null,null,null,null
Wed Aug 05 17:00:00 UTC 2026,317.69598,1670230.046,null,null,null,null,null,null,null,null,null,null
Wed Aug 05 18:00:00 UTC 2026,317.69598,1647918.046,null,null,null,null,null,null,null,null,null,null
Wed Aug 05 19:00:00 UTC 2026,317.69598,1870219.046,null,null,null,null,null,null,null,null,null,null
Wed Aug 05 20:00:00 UTC 2026,317.69598,1930320.046,null,null,null,null,null,null,null,null,null,null
Wed Aug 05 21:00:00 UTC 2026,317.69598,1890076.046,null,null,null,null,null,null,null,null,null,null
Wed Aug 05 22:00:00 UTC 2026,317.69598,1950494.046,null,null,null,null,null,null,null,null,null,null
Wed Aug 05 23:00:00 UTC 2026,317.69598,1924793.046,null,null,null,null,null,null,null,null,null,null
Thu Aug 06 00:00:00 UTC 2026,317.69598,1900246.046,null,null,null,null,null,null,null,null,null,null
Thu Aug 06 01:00:00 UTC 2026,317.69598,2008628.046,null,null,null,null,null,null,null,null,null,null
Thu Aug 06 02:00:00 UTC 2026,317.69598,2179154.046,null,null,null,null,null,null,null,null,null,null
Thu Aug 06 03:00:00 UTC 2026,317.69598,1973161.046,null,null,null,null,null,null,null,null,null,null
Thu Aug 06 04:00:00 UTC 2026,317.69598,1898933.046,null,null,null,null,null,null,null,null,null,null
Thu Aug 06 05:00:00 UTC 2026,317.69598,1876028.046,null,null,null,null,null,null,null,null,null,null
Thu Aug 06 06:00:00 UTC 2026,317.69598,1867842.046,null,null,null,null,null,null,null,null,null,null
Thu Aug 06 07:00:00 UTC 2026,317.69598,2081313.046,null,null,null,null,null,null,null,null,null,null
Thu Aug 06 08:00:00 UTC 2026,317.69598,2051902.046,null,null,null,null,null,null,null,null,null,null
Thu Aug 06 09:00:00 UTC 2026,317.69598,2092882.046,null,null,null,null,null,null,null,null,null,null
Thu Aug 06 10:00:00 UTC 2026,317.69598,2112299.046,null,null,null,null,null,null,null,null,null,null
Thu Aug 06 11:00:00 UTC 2026,317.69598,2111128.046,null,null,null,null,null,null,null,null,null,null
Thu Aug 06 12:00:00 UTC 2026,317.69598,2190491.046,null,null,null,null,null,null,null,null,null,null
Thu Aug 06 13:00:00 UTC 2026,317.69598,2169520.046,null,null,null,null,null,null,null,null,null,null
Thu Aug 06 14:00:00 UTC 2026,317.69598,2078866.046,null,null,null,null,null,null,null,null,null,null
Thu Aug 06 15:00:00 UTC 2026,317.69598,2079758.046,null,null,null,null,null,null,null,null,null,null
Thu Aug 06 16:00:00 UTC 2026,317.69598,1995300.046,null,null,null,null,null,null,null,null,null,null
Thu Aug 06 17:00:00 UTC 2026,317.69598,1898432.046,null,null,null,null,null,null,null,null,null,null
Thu Aug 06 18:00:00 UTC 2026,317.69598,1904956.046,null,null,null,null,null,null,null,null,null,null
Thu Aug 06 19:00:00 UTC 2026,317.69598,1817469.046,null,null,null,null,null,null,null,null,null,null
Thu Aug 06 20:00:00 UTC 2026,317.69598,842104.046,null,null,null,null,null,null,null,null,null,null
Thu Aug 06 21:00:00 UTC 2026,317.69598,1053250.046,null,null,null,null,null,null,null,null,null,null
Thu Aug 06 22:00:00 UTC 2026,317.69598,1025512.046,null,null,null,null,null,null,null,null,null,null
Thu Aug 06 23:00:00 UTC 2026,317.69598,1067197.046,null,null,null,null,null,null,null,null,null,null
Fri Aug 07 00:00:00 UTC 2026,317.69598,918204.046,null,null,null,null,null,null,null,null,null,null
Fri Aug 07 01:00:00 UTC 2026,317.69598,952075.046,null,null,null,null,null,null,null,null,null,null
Fri Aug 07 02:00:00 UTC 2026,317.69598,951546.046,null,null,null,null,null,null,null,null,null,null
Fri Aug 07 03:00:00 UTC 2026,317.69598,991474.046,null,null,null,null,null,null,null,null,null,null
Fri Aug 07 04:00:00 UTC 2026,317.69598,990980.046,null,null,null,null,null,null,null,null,null,null
Fri Aug 07 05:00:00 UTC 2026,317.69598,1008717.046,null,null,null,null,null,null,null,null,null,null
Fri Aug 07 06:00:00 UTC 2026,317.69598,1054643.046,null,null,null,null,null,null,null,null,null,null
Fri Aug 07 07:00:00 UTC 2026,317.69598,975885.046,null,null,null,null,null,null,null,null,null,null
Fri Aug 07 08:00:00 UTC 2026,317.69598,965553.046,null,null,null,null,null,null,null,null,null,null
Fri Aug 07 09:00:00 UTC 2026,317.69598,1032848.046,null,null,null,null,null,null,null,null,null,null
Fri Aug 07 10:00:00 UTC 2026,317.69598,1078913.046,null,null,null,null,null,null,null,null,null,null
Fri Aug 07 11:00:00 UTC 2026,317.69598,1130092.046,null,null,null,null,null,null,null,null,null,null
Fri Aug 07 12:00:00 UTC 2026,317.69598,997278.046,null,null,null,null,null,null,null,null,null,null
Fri Aug 07 13:00:00 UTC 2026,317.69598,1046611.046,null,null,null,null,null,null,null,null,null,null
Fri Aug 07 14:00:00 UTC 2026,317.69598,1138840.046,null,null,null,null,null,null,null,null,null,null
Fri Aug 07 15:00:00 UTC 2026,317.69598,1087589.046,null,null,null,null,null,null,null,null,null,null
Fri Aug 07 16:00:00 UTC 2026,317.69598,1075238.046,null,null,null,null,null,null,null,null,null,null
Fri Aug 07 17:00:00 UTC 2026,317.69598,1020355.046,null,null,null,null,null,null,null,null,null,null
Fri Aug 07 18:00:00 UTC 2026,317.69598,1140627.046,null,null,null,null,null,null,null,null,null,null
Fri Aug 07 19:00:00 UTC 2026,317.69598,1153437.046,null,null,null,null,null,null,null,null,null,null
Fri Aug 07 20:00:00 UTC 2026,317.69598,1110464.046,null,null,null,null,null,null,null,null,null,null
Fri Aug 07 21:00:00 UTC 2026,317.69598,1110464.046,null,null,null,null,null,null,null,null,null,null
Fri Aug 07 22:00:00 UTC 2026,317.69598,1110464.046,null,null,null,null,null,null,null,null,null,null
Fri Aug 07 23:00:00 UTC 2026,317.69598,1110464.046,null,null,null,null,null,null,null,null,null,null
Sat Aug 08 00:00:00 UTC 2026,317.69598,1110464.046,null,null,null,null,null,null,null,null,null,null
Sat Aug 08 01:00:00 UTC 2026,317.69598,1110464.046,null,null,null,null,null,null,null,null,null,null
Sat Aug 08 02:00:00 UTC 2026,317.69598,1110464.046,null,null,null,null,null,null,null,null,null,null
Sat Aug 08 03:00:00 UTC 2026,317.69598,1110464.046,null,null,null,null,null,null,null,null,null,null
Sat Aug 08 04:00:00 UTC 2026,317.69598,1110464.046,null,null,null,null,null,null,null,null,null,null
Sat Aug 08 05:00:00 UTC 2026,317.69598,1110464.046,null,null,null,null,null,null,null,null,null,null
Sat Aug 08 06:00:00 UTC 2026,317.69598,1110464.046,null,null,null,null,null,null,null,null,null,null
Sat Aug 08 07:00:00 UTC 2026,317.69598,1110464.046,null,null,null,null,null,null,null,null,null,null
Sat Aug 08 08:00:00 UTC 2026,317.69598,1110464.046,null,null,null,null,null,null,null,null,null,null
Sat Aug 08 09:00:00 UTC 2026,317.69598,1110464.046,null,null,null,null,null,null,null,null,null,null
Sat Aug 08 10:00:00 UTC 2026,317.69598,1110464.046,null,null,null,null,null,null,null,null,null,null
Sat Aug 08 11:00:00 UTC 2026,317.69598,1110464.046,null,null,null,null,null,null,null,null,null,null
Sat Aug 08 12:00:00 UTC 2026,317.69598,1110464.046,null,null,null,null,null,null,null,null,null,null
Sat Aug 08 13:00:00 UTC 2026,317.69598,1110464.046,null,null,null,null,null,null,null,null,null,null
Sat Aug 08 14:00:00 UTC 2026,317.69598,1110464.046,null,null,null,null,null,null,null,null,null,null
Sat Aug 08 15:00:00 UTC 2026,317.69598,1110464.046,null,null,null,null,null,null,null,null,null,null
Sat Aug 08 16:00:00 UTC 2026,317.69598,1110464.046,null,null,null,null,null,null,null,null,null,null
Sat Aug 08 17:00:00 UTC 2026,317.69598,1110464.046,null,null,null,null,null,null,null,null,null,null
Sat Aug 08 18:00:00 UTC 2026,317.69598,1110464.046,null,null,null,null,null,null,null,null,null,null
Sat Aug 08 19:00:00 UTC 2026,317.69598,1110464.046,null,null,null,null,null,null,null,null,null,null
Sat Aug 08 20:00:00 UTC 2026,317.69598,1110464.046,null,null,null,null,null,null,null,null,null,null
Sat Aug 08 21:00:00 UTC 2026,317.69598,1110464.046,null,null,null,null,null,null,null,null,null,null
Sat Aug 08 22:00:00 UTC 2026,317.69598,1110464.046,null,null,null,null,null,null,null,null,null,null
Sat Aug 08 23:00:00 UTC 2026,317.69598,1110464.046,null,null,null,null,null,null,null,null,null,null
Sun Aug 09 00:00:00 UTC 2026,317.69598,1110464.046,null,null,null,null,null,null,null,null,null,null
Sun Aug 09 01:00:00 UTC 2026,317.69598,1110464.046,null,null,null,null,null,null,null,null,null,null
Sun Aug 09 02:00:00 UTC 2026,317.69598,1110464.046,null,null,null,null,null,null,null,null,null,null
Sun Aug 09 03:00:00 UTC 2026,317.69598,1110464.046,null,null,null,null,null,null,null,null,null,null
Sun Aug 09 04:00:00 UTC 2026,317.69598,1110464.046,null,null,null,null,null,null,null,null,null,null
Sun Aug 09 05:00:00 UTC 2026,317.69598,1110464.046,null,null,null,null,null,null,null,null,null,null
Sun Aug 09 06:00:00 UTC 2026,317.69598,1110464.046,null,null,null,null,null,null,null,null,null,null
Sun Aug 09 07:00:00 UTC 2026,317.69598,1110464.046,null,null,null,null,null,null,null,null,null,null
Sun Aug 09 08:00:00 UTC 2026,317.69598,1110464.046,null,null,null,null,null,null,null,null,null,null
Sun Aug 09 09:00:00 UTC 2026,317.69598,1110464.046,null,null,null,null,null,null,null,null,null,null
Sun Aug 09 10:00:00 UTC 2026,317.69598,1110464.046,null,null,null,null,null,null,null,null,null,null
Sun Aug 09 11:00:00 UTC 2026,317.69598,1110464.046,null,null,null,null,null,null,null,null,null,null
Sun Aug 09 12:00:00 UTC 2026,317.69598,1110464.046,null,null,null,null,null,null,null,null,null,null
Sun Aug 09 13:00:00 UTC 2026,317.69598,1110464.046,null,null,null,null,null,null,null,null,null,null
Sun Aug 09 14:00:00 UTC 2026,317.69598,1110464.046,null,null,null,null,null,null,null,null,null,null
Sun Aug 09 15:00:00 UTC 2026,317.69598,1110464.046,null,null,null,null,null,null,null,null,null,null
Sun Aug 09 16:00:00 UTC 2026,317.69598,1110464.046,null,null,null,null,null,null,null,null,null,null
Sun Aug 09 17:00:00 UTC 2026,317.69598,1110464.046,null,null,null,null,null,null,null,null,null,null
Sun Aug 09 18:00:00 UTC 2026,317.69598,1110464.046,null,null,null,null,null,null,null,null,null,null
Sun Aug 09 19:00:00 UTC 2026,317.69598,1110464.046,null,null,null,null,null,null,null,null,null,null
Sun Aug 09 20:00:00 UTC 2026,317.69598,1110464.046,null,null,null,null,null,null,null,null,null,null
Sun Aug 09 21:00:00 UTC 2026,317.69598,1052862.046,null,null,null,null,null,null,null,null,null,null
Sun Aug 09 22:00:00 UTC 2026,317.69598,1033240.046,null,null,null,null,null,null,null,null,null,null
Sun Aug 09 23:00:00 UTC 2026,317.69598,1045179.046,null,null,null,null,null,null,null,null,null,null
Mon Aug 10 00:00:00 UTC 2026,317.69598,1029079.046,null,null,null,null,null,null,null,null,null,null
Mon Aug 10 01:00:00 UTC 2026,317.69598,1063715.046,null,null,null,null,null,null,null,null,null,null
Mon Aug 10 02:00:00 UTC 2026,317.69598,1080903.046,null,null,null,null,null,null,null,null,null,null
Mon Aug 10 03:00:00 UTC 2026,317.69598,1003774.046,null,null,null,null,null,null,null,null,null,null
Mon Aug 10 04:00:00 UTC 2026,317.69598,1031282.046,null,null,null,null,null,null,null,null,null,null
Mon Aug 10 05:00:00 UTC 2026,317.69598,1034324.046,null,null,null,null,null,null,null,null,null,null
Mon Aug 10 06:00:00 UTC 2026,317.69598,1021462.046,null,null,null,null,null,null,null,null,null,null
Mon Aug 10 07:00:00 UTC 2026,317.69598,1035301.046,null,null,null,null,null,null,null,null,null,null
Mon Aug 10 08:00:00 UTC 2026,317.69598,1081915.046,null,null,null,null,null,null,null,null,null,null
Mon Aug 10 09:00:00 UTC 2026,317.69598,1162833.046,null,null,null,null,null,null,null,null,null,null
Mon Aug 10 10:00:00 UTC 2026,317.69598,1153342.046,null,null,null,null,null,null,null,null,null,null
Mon Aug 10 11:00:00 UTC 2026,317.69598,1230199.046,null,null,null,null,null,null,null,null,null,null
Mon Aug 10 12:00:00 UTC 2026,317.69598,1243785.046,null,null,null,null,null,null,null,null,null,null
Mon Aug 10 13:00:00 UTC 2026,317.69598,1220514.046,null,null,null,null,null,null,null,null,null,null
Mon Aug 10 14:00:00 UTC 2026,317.69598,1345403.046,null,null,null,null,null,null,null,null,null,null
Mon Aug 10 15:00:00 UTC 2026,317.69598,1253711.046,null,null,null,null,null,null,null,null,null,null
Mon Aug 10 16:00:00 UTC 2026,317.69598,1268433.046,null,null,null,null,null,null,null,null,null,null
Mon Aug 10 17:00:00 UTC 2026,317.69598,1292571.046,null,null,null,null,null,null,null,null,null,null
Mon Aug 10 18:00:00 UTC 2026,317.69598,1188099.046,null,null,null,null,null,null,null,null,null,null
Mon Aug 10 19:00:00 UTC 2026,317.69598,1185999.046,null,null,null,null,null,null,null,null,null,null
Mon Aug 10 20:00:00 UTC 2026,317.69598,1228825.046,null,null,null,null,null,null,null,null,null,null
Mon Aug 10 21:00:00 UTC 2026,317.69598,1216121.046,null,null,null,null,null,null,null,null,null,null
Mon Aug 10 22:00:00 UTC 2026,317.69598,1261118.046,null,null,null,null,null,null,null,null,null,null
Mon Aug 10 23:00:00 UTC 2026,317.69598,1245813.046,null,null,null,null,null,null,null,null,null,null
Tue Aug 11 00:00:00 UTC 2026,317.69598,1262544.046,null,null,null,null,null,null,null,null,null,null
Tue Aug 11 01:00:00 UTC 2026,317.69598,1330007.046,null,null,null,null,null,null,null,null,null,null
Tue Aug 11 02:00:00 UTC 2026,317.69598,1387060.046,null,null,null,null,null,null,null,null,null,null
Tue Aug 11 03:00:00 UTC 2026,317.69598,1442920.046,null,null,null,null,null,null,null,null,null,null
Tue Aug 11 04:00:00 UTC 2026,317.69598,1477888.046,null,null,null,null,null,null,null,null,null,null
Tue Aug 11 05:00:00 UTC 2026,317.69598,1476124.046,null,null,null,null,null,null,null,null,null,null
Tue Aug 11 06:00:00 UTC 2026,317.69598,1429251.046,null,null,null,null,null,null,null,null,null,null
Tue Aug 11 07:00:00 UTC 2026,317.69598,1595787.046,null,null,null,null,null,null,null,null,null,null
Tue Aug 11 08:00:00 UTC 2026,317.69598,1577103.046,null,null,null,null,null,null,null,null,null,null
Tue Aug 11 09:00:00 UTC 2026,317.69598,1600499.046,null,null,null,null,null,null,null,null,null,null
Tue Aug 11 10:00:00 UTC 2026,317.69598,1608575.046,null,null,null,null,null,null,null,null,null,null
Tue Aug 11 11:00:00 UTC 2026,317.69598,1606790.046,null,null,null,null,null,null,null,null,null,null
Tue Aug 11 12:00:00 UTC 2026,317.69598,1749278.046,null,null,null,null,null,null,null,null,null,null
Tue Aug 11 13:00:00 UTC 2026,317.69598,1810557.046,null,null,null,null,null,null,null,null,null,null
Tue Aug 11 14:00:00 UTC 2026,317.69598,1806520.046,null,null,null,null,null,null,null,null,null,null
Tue Aug 11 15:00:00 UTC 2026,317.69598,1795119.046,null,null,null,null,null,null,null,null,null,null
Tue Aug 11 16:00:00 UTC 2026,317.69598,1792341.046,null,null,null,null,null,null,null,null,null,null
Tue Aug 11 17:00:00 UTC 2026,317.69598,1858988.046,null,null,null,null,null,null,null,null,null,null
Tue Aug 11 18:00:00 UTC 2026,317.69598,1862946.046,null,null,null,null,null,null,null,null,null,null
Tue Aug 11 19:00:00 UTC 2026,317.69598,1847441.046,null,null,null,null,null,null,null,null,null,null
Tue Aug 11 20:00:00 UTC 2026,317.69598,1860636.046,null,null,null,null,null,null,null,null,null,null
Tue Aug 11 21:00:00 UTC 2026,317.69598,1999120.046,null,null,null,null,null,null,null,null,null,null
Tue Aug 11 22:00:00 UTC 2026,317.69598,1965028.046,null,null,null,null,null,null,null,null,null,null
Tue Aug 11 23:00:00 UTC 2026,317.69598,1868787.046,null,null,null,null,null,null,null,null,null,null
Wed Aug 12 00:00:00 UTC 2026,317.69598,1806598.046,null,null,null,null,null,null,null,null,null,null
Wed Aug 12 01:00:00 UTC 2026,317.69598,1778733.046,null,null,null,null,null,null,null,null,null,null
Wed Aug 12 02:00:00 UTC 2026,317.69598,1842431.046,null,null,null,null,null,null,null,null,null,null
Wed Aug 12 03:00:00 UTC 2026,317.69598,1812580.046,null,null,null,null,null,null,null,null,null,null
Wed Aug 12 04:00:00 UTC 2026,317.69598,1832458.046,null,null,null,null,null,null,null,null,null,null
Wed Aug 12 05:00:00 UTC 2026,317.69598,1866710.046,null,null,null,null,null,null,null,null,null,null
Wed Aug 12 06:00:00 UTC 2026,317.69598,1884625.046,null,null,null,null,null,null,null,null,null,null
Wed Aug 12 07:00:00 UTC 2026,317.69598,1831003.046,null,null,null,null,null,null,null,null,null,null
Wed Aug 12 08:00:00 UTC 2026,317.69598,1839753.046,null,null,null,null,null,null,null,null,null,null
Wed Aug 12 09:00:00 UTC 2026,317.69598,1855700.046,null,null,null,null,null,null,null,null,null,null
Wed Aug 12 10:00:00 UTC 2026,317.69598,1843855.046,null,null,null,null,null,null,null,null,null,null
Wed Aug 12 11:00:00 UTC 2026,317.69598,1938698.046,null,null,null,null,null,null,null,null,null,null
Wed Aug 12 12:00:00 UTC 2026,317.69598,1929578.046,null,null,null,null,null,null,null,null,null,null
Wed Aug 12 13:00:00 UTC 2026,317.69598,1837661.046,null,null,null,null,null,null,null,null,null,null
Wed Aug 12 14:00:00 UTC 2026,317.69598,1868879.046,null,null,null,null,null,null,null,null,null,null
Wed Aug 12 15:00:00 UTC 2026,317.69598,1901708.046,null,null,null,null,null,null,null,null,null,null
Wed Aug 12 16:00:00 UTC 2026,317.69598,1865747.046,null,null,null,null,null,null,null,null,null,null
Wed Aug 12 17:00:00 UTC 2026,317.69598,1938909.046,null,null,null,null,null,null,null,null,null,null
Wed Aug 12 18:00:00 UTC 2026,317.69598,2008508.046,null,null,null,null,null,null,null,null,null,null
Wed Aug 12 19:00:00 UTC 2026,317.69598,2026731.046,null,null,null,null,null,null,null,null,null,null
Wed Aug 12 20:00:00 UTC 2026,317.69598,2014881.046,null,null,null,null,null,null,null,null,null,null
Wed Aug 12 21:00:00 UTC 2026,317.69598,2042235.046,null,null,null,null,null,null,null,null,null,null
Wed Aug 12 22:00:00 UTC 2026,317.69598,2023373.046,null,null,null,null,null,null,null,null,null,null
Wed Aug 12 23:00:00 UTC 2026,317.69598,1982931.046,null,null,null,null,null,null,null,null,null,null
Thu Aug 13 00:00:00 UTC 2026,317.69598,2111154.046,null,null,null,null,null,null,null,null,null,null
Thu Aug 13 01:00:00 UTC 2026,317.69598,2089144.046,null,null,null,null,null,null,null,null,null,null
Thu Aug 13 02:00:00 UTC 2026,317.69598,2105123.046,null,null,null,null,null,null,null,null,null,null
Thu Aug 13 03:00:00 UTC 2026,317.69598,2139316.046,null,null,null,null,null,null,null,null,null,null
Thu Aug 13 04:00:00 UTC 2026,317.69598,2056939.046,null,null,null,null,null,null,null,null,null,null
Thu Aug 13 05:00:00 UTC 2026,317.69598,2097746.046,null,null,null,null,null,null,null,null,null,null
Thu Aug 13 06:00:00 UTC 2026,317.69598,2143367.046,null,null,null,null,null,null,null,null,null,null
Thu Aug 13 07:00:00 UTC 2026,317.69598,2098393.046,null,null,null,null,null,null,null,null,null,null
Thu Aug 13 08:00:00 UTC 2026,317.69598,2078957.046,null,null,null,null,null,null,null,null,null,null
Thu Aug 13 09:00:00 UTC 2026,317.69598,2102528.046,null,null,null,null,null,null,null,null,null,null
Thu Aug 13 10:00:00 UTC 2026,317.69598,2131243.046,null,null,null,null,null,null,null,null,null,null
Thu Aug 13 11:00:00 UTC 2026,317.69598,2125998.046,null,null,null,null,null,null,null,null,null,null
Thu Aug 13 12:00:00 UTC 2026,317.69598,2152566.046,null,null,null,null,null,null,null,null,null,null
Thu Aug 13 13:00:00 UTC 2026,317.69598,2233368.046,null,null,null,null,null,null,null,null,null,null
Thu Aug 13 14:00:00 UTC 2026,317.69598,2219395.046,null,null,null,null,null,null,null,null,null,null
Thu Aug 13 15:00:00 UTC 2026,317.69598,2222797.046,null,null,null,null,null,null,null,null,null,null
Thu Aug 13 16:00:00 UTC 2026,317.69598,2221828.046,null,null,null,null,null,null,null,null,null,null
Thu Aug 13 17:00:00 UTC 2026,317.69598,2207517.046,null,null,null,null,null,null,null,null,null,null
Thu Aug 13 18:00:00 UTC 2026,317.69598,2192902.046,null,null,null,null,null,null,null,null,null,null
Thu Aug 13 19:00:00 UTC 2026,317.69598,2190408.046,null,null,null,null,null,null,null,null,null,null
Thu Aug 13 20:00:00 UTC 2026,317.69598,2192545.046,null,null,null,null,null,null,null,null,null,null
Thu Aug 13 21:00:00 UTC 2026,317.69598,2200681.046,null,null,null,null,null,null,null,null,null,null
Thu Aug 13 22:00:00 UTC 2026,317.69598,2197737.046,null,null,null,null,null,null,null,null,null,null
Thu Aug 13 23:00:00 UTC 2026,317.69598,2183991.046,null,null,null,null,null,null,null,null,null,null
Fri Aug 14 00:00:00 UTC 2026,317.69598,2169438.046,null,null,null,null,null,null,null,null,null,null
Fri Aug 14 01:00:00 UTC 2026,317.69598,2154629.046,null,null,null,null,null,null,null,null,null,null
Fri Aug 14 02:00:00 UTC 2026,317.69598,2169162.046,null,null,null,null,null,null,null,null,null,null
Fri Aug 14 03:00:00 UTC 2026,317.69598,2159239.046,null,null,null,null,null,null,null,null,null,null
Fri Aug 14 04:00:00 UTC 2026,317.69598,2162132.046,null,null,null,null,null,null,null,null,null,null
Fri Aug 14 05:00:00 UTC 2026,317.69598,2152730.046,null,null,null,null,null,null,null,null,null,null
Fri Aug 14 06:00:00 UTC 2026,317.69598,2152456.046,null,null,null,null,null,null,null,null,null,null
Fri Aug 14 07:00:00 UTC 2026,317.69598,2151940.046,null,null,null,null,null,null,null,null,null,null
Fri Aug 14 08:00:00 UTC 2026,317.69598,2146646.046,null,null,null,null,null,null,null,null,null,null
Fri Aug 14 09:00:00 UTC 2026,317.69598,2148274.046,null,null,null,null,null,null,null,null,null,null
Fri Aug 14 10:00:00 UTC 2026,317.69598,2132750.046,null,null,null,null,null,null,null,null,null,null
Fri Aug 14 11:00:00 UTC 2026,317.69598,2127748.046,null,null,null,null,null,null,null,null,null,null
Fri Aug 14 12:00:00 UTC 2026,317.69598,2117793.046,null,null,null,null,null,null,null,null,null,null
Fri Aug 14 13:00:00 UTC 2026,317.69598,2122180.046,null,null,null,null,null,null,null,null,null,null
Fri Aug 14 14:00:00 UTC 2026,317.69598,2114446.046,null,null,null,null,null,null,null,null,null,null
Fri Aug 14 15:00:00 UTC 2026,317.69598,2140838.046,null,null,null,null,null,null,null,null,null,null
Fri Aug 14 16:00:00 UTC 2026,317.69598,2091616.046,null,null,null,null,null,null,null,null,null,null
Fri Aug 14 17:00:00 UTC 2026,317.69598,2097994.046,null,null,null,null,null,null,null,null,null,null
Fri Aug 14 18:00:00 UTC 2026,317.69598,2087267.046,null,null,null,null,null,null,null,null,null,null
Fri Aug 14 19:00:00 UTC 2026,317.69598,2083232.046,null,null,null,null,null,null,null,null,null,null
Fri Aug 14 20:00:00 UTC 2026,317.69598,2083040.046,null,null,null,null,null,null,null,null,null,null
Fri Aug 14 21:00:00 UTC 2026,317.69598,2083040.046,null,null,null,null,null,null,null,null,null,null
Fri Aug 14 22:00:00 UTC 2026,317.69598,2083040.046,null,null,null,null,null,null,null,null,null,null
Fri Aug 14 23:00:00 UTC 2026,317.69598,2083040.046,null,null,null,null,null,null,null,null,null,null
Sat Aug 15 00:00:00 UTC 2026,317.69598,2083040.046,null,null,null,null,null,null,null,null,null,null
Sat Aug 15 01:00:00 UTC 2026,317.69598,2083040.046,null,null,null,null,null,null,null,null,null,null
Sat Aug 15 02:00:00 UTC 2026,317.69598,2083040.046,null,null,null,null,null,null,null,null,null,null
Sat Aug 15 03:00:00 UTC 2026,317.69598,2083040.046,null,null,null,null,null,null,null,null,null,null
Sat Aug 15 04:00:00 UTC 2026,317.69598,2083040.046,null,null,null,null,null,null,null,null,null,null
Sat Aug 15 05:00:00 UTC 2026,317.69598,2083040.046,null,null,null,null,null,null,null,null,null,null
Sat Aug 15 06:00:00 UTC 2026,317.69598,2083040.046,null,null,null,null,null,null,null,null,null,null
Sat Aug 15 07:00:00 UTC 2026,317.69598,2083040.046,null,null,null,null,null,null,null,null,null,null
Sat Aug 15 08:00:00 UTC 2026,317.69598,2083040.046,null,null,null,null,null,null,null,null,null,null
Sat Aug 15 09:00:00 UTC 2026,317.69598,2083040.046,null,null,null,null,null,null,null,null,null,null
Sat Aug 15 10:00:00 UTC 2026,317.69598,2083040.046,null,null,null,null,null,null,null,null,null,null
Sat Aug 15 11:00:00 UTC 2026,317.69598,2083040.046,null,null,null,null,null,null,null,null,null,null
Sat Aug 15 12:00:00 UTC 2026,317.69598,2083040.046,null,null,null,null,null,null,null,null,null,null
Sat Aug 15 13:00:00 UTC 2026,317.69598,2083040.046,null,null,null,null,null,null,null,null,null,null
Sat Aug 15 14:00:00 UTC 2026,317.69598,2083040.046,null,null,null,null,null,null,null,null,null,null
Sat Aug 15 15:00:00 UTC 2026,317.69598,2083040.046,null,null,null,null,null,null,null,null,null,null
Sat Aug 15 16:00:00 UTC 2026,317.69598,2083040.046,null,null,null,null,null,null,null,null,null,null
Sat Aug 15 17:00:00 UTC 2026,317.69598,2083040.046,null,null,null,null,null,null,null,null,null,null
Sat Aug 15 18:00:00 UTC 2026,317.69598,2083040.046,null,null,null,null,null,null,null,null,null,null
Sat Aug 15 19:00:00 UTC 2026,317.69598,2083040.046,null,null,null,null,null,null,null,null,null,null
Sat Aug 15 20:00:00 UTC 2026,317.69598,2083040.046,null,null,null,null,null,null,null,null,null,null
Sat Aug 15 21:00:00 UTC 2026,317.69598,2083040.046,null,null,null,null,null,null,null,null,null,null
Sat Aug 15 22:00:00 UTC 2026,317.69598,2083040.046,null,null,null,null,null,null,null,null,null,null
Sat Aug 15 23:00:00 UTC 2026,317.69598,2083040.046,null,null,null,null,null,null,null,null,null,null
Sun Aug 16 00:00:00 UTC 2026,317.69598,2083040.046,null,null,null,null,null,null,null,null,null,null
Sun Aug 16 01:00:00 UTC 2026,317.69598,2083040.046,null,null,null,null,null,null,null,null,null,null
Sun Aug 16 02:00:00 UTC 2026,317.69598,2083040.046,null,null,null,null,null,null,null,null,null,null
Sun Aug 16 03:00:00 UTC 2026,317.69598,2083040.046,null,null,null,null,null,null,null,null,null,null
Sun Aug 16 04:00:00 UTC 2026,317.69598,2083040.046,null,null,null,null,null,null,null,null,null,null
Sun Aug 16 05:00:00 UTC 2026,317.69598,2083040.046,null,null,null,null,null,null,null,null,null,null
Sun Aug 16 06:00:00 UTC 2026,317.69598,2083040.046,null,null,null,null,null,null,null,null,null,null
Sun Aug 16 07:00:00 UTC 2026,317.69598,2083040.046,null,null,null,null,null,null,null,null,null,null
Sun Aug 16 08:00:00 UTC 2026,317.69598,2083040.046,null,null,null,null,null,null,null,null,null,null
Sun Aug 16 09:00:00 UTC 2026,317.69598,2083040.046,null,null,null,null,null,null,null,null,null,null
Sun Aug 16 10:00:00 UTC 2026,317.69598,2083040.046,null,null,null,null,null,null,null,null,null,null
Sun Aug 16 11:00:00 UTC 2026,317.69598,2083040.046,null,null,null,null,null,null,null,null,null,null
Sun Aug 16 12:00:00 UTC 2026,317.69598,2083040.046,null,null,null,null,null,null,null,null,null,null
Sun Aug 16 13:00:00 UTC 2026,317.69598,2083040.046,null,null,null,null,null,null,null,null,null,null
Sun Aug 16 14:00:00 UTC 2026,317.69598,2083040.046,null,null,null,null,null,null,null,null,null,null
Sun Aug 16 15:00:00 UTC 2026,317.69598,2083040.046,null,null,null,null,null,null,null,null,null,null
Sun Aug 16 16:00:00 UTC 2026,317.69598,2083040.046,null,null,null,null,null,null,null,null,null,null
Sun Aug 16 17:00:00 UTC 2026,317.69598,2083040.046,null,null,null,null,null,null,null,null,null,null
Sun Aug 16 18:00:00 UTC 2026,317.69598,2083040.046,null,null,null,null,null,null,null,null,null,null
Sun Aug 16 19:00:00 UTC 2026,317.69598,2083040.046,null,null,null,null,null,null,null,null,null,null
Sun Aug 16 20:00:00 UTC 2026,317.69598,2083040.046,null,null,null,null,null,null,null,null,null,null
Sun Aug 16 21:00:00 UTC 2026,317.69598,2082751.046,null,null,null,null,null,null,null,null,null,null
Sun Aug 16 22:00:00 UTC 2026,317.69598,2090268.046,null,null,null,null,null,null,null,null,null,null
Sun Aug 16 23:00:00 UTC 2026,317.69598,2083069.046,null,null,null,null,null,null,null,null,null,null
Mon Aug 17 00:00:00 UTC 2026,317.69598,2061512.046,null,null,null,null,null,null,null,null,null,null
Mon Aug 17 01:00:00 UTC 2026,317.69598,2062990.046,null,null,null,null,null,null,null,null,null,null
Mon Aug 17 02:00:00 UTC 2026,317.69598,2068854.046,null,null,null,null,null,null,null,null,null,null
Mon Aug 17 03:00:00 UTC 2026,317.69598,2067648.046,null,null,null,null,null,null,null,null,null,null
Mon Aug 17 04:00:00 UTC 2026,317.69598,2062561.046,null,null,null,null,null,null,null,null,null,null
Mon Aug 17 05:00:00 UTC 2026,317.69598,2068436.046,null,null,null,null,null,null,null,null,null,null
Mon Aug 17 06:00:00 UTC 2026,317.69598,2057634.046,null,null,null,null,null,null,null,null,null,null
Mon Aug 17 07:00:00 UTC 2026,317.69598,2053448.046,null,null,null,null,null,null,null,null,null,null
Mon Aug 17 08:00:00 UTC 2026,317.69598,2051802.046,null,null,null,null,null,null,null,null,null,null
Mon Aug 17 09:00:00 UTC 2026,317.69598,2046432.046,null,null,null,null,null,null,null,null,null,null
Mon Aug 17 10:00:00 UTC 2026,317.69598,2020355.046,null,null,null,null,null,null,null,null,null,null
Mon Aug 17 11:00:00 UTC 2026,317.69598,1968009.046,null,null,null,null,null,null,null,null,null,null
Mon Aug 17 12:00:00 UTC 2026,317.69598,1973595.046,null,null,null,null,null,null,null,null,null,null
Mon Aug 17 13:00:00 UTC 2026,317.69598,1954949.046,null,null,null,null,null,null,null,null,null,null
Mon Aug 17 14:00:00 UTC 2026,317.69598,1981368.046,null,null,null,null,null,null,null,null,null,null
Mon Aug 17 15:00:00 UTC 2026,317.69598,1951879.046,null,null,null,null,null,null,null,null,null,null
Mon Aug 17 16:00:00 UTC 2026,317.69598,1957474.046,null,null,null,null,null,null,null,null,null,null
Mon Aug 17 17:00:00 UTC 2026,317.69598,1955520.046,null,null,null,null,null,null,null,null,null,null
Mon Aug 17 18:00:00 UTC 2026,317.69598,1973503.046,null,null,null,null,null,null,null,null,null,null
Mon Aug 17 19:00:00 UTC 2026,317.69598,1780474.046,null,null,null,null,null,null,null,null,null,null
Mon Aug 17 20:00:00 UTC 2026,317.69598,1785428.046,null,null,null,null,null,null,null,null,null,null
Mon Aug 17 21:00:00 UTC 2026,317.69598,1786780.046,null,null,null,null,null,null,null,null,null,null
Mon Aug 17 22:00:00 UTC 2026,317.69598,1799562.046,null,null,null,null,null,null,null,null,null,null
Mon Aug 17 23:00:00 UTC 2026,317.69598,1823427.046,null,null,null,null,null,null,null,null,null,null
Tue Aug 18 00:00:00 UTC 2026,317.69598,1827649.046,null,null,null,null,null,null,null,null,null,null
Tue Aug 18 01:00:00 UTC 2026,317.69598,1821876.046,null,null,null,null,null,null,null,null,null,null
Tue Aug 18 02:00:00 UTC 2026,317.69598,1824978.046,null,null,null,null,null,null,null,null,null,null
Tue Aug 18 03:00:00 UTC 2026,317.69598,1823407.046,null,null,null,null,null,null,null,null,null,null
Tue Aug 18 04:00:00 UTC 2026,317.69598,1816620.046,null,null,null,null,null,null,null,null,null,null
Tue Aug 18 05:00:00 UTC 2026,317.69598,1790328.046,null,null,null,null,null,null,null,null,null,null
Tue Aug 18 06:00:00 UTC 2026,317.69598,1787752.046,null,null,null,null,null,null,null,null,null,null
Tue Aug 18 07:00:00 UTC 2026,317.69598,1559071.046,null,null,null,null,null,null,null,null,null,null
Tue Aug 18 08:00:00 UTC 2026,317.69598,1561455.046,null,null,null,null,null,null,null,null,null,null
Tue Aug 18 09:00:00 UTC 2026,317.69598,1560340.046,null,null,null,null,null,null,null,null,null,null
Tue Aug 18 10:00:00 UTC 2026,317.69598,1559647.046,null,null,null,null,null,null,null,null,null,null
Tue Aug 18 11:00:00 UTC 2026,317.69598,1583740.046,null,null,null,null,null,null,null,null,null,null
Tue Aug 18 12:00:00 UTC 2026,317.69598,1595547.046,null,null,null,null,null,null,null,null,null,null
Tue Aug 18 13:00:00 UTC 2026,317.69598,1587316.046,null,null,null,null,null,null,null,null,null,null
Tue Aug 18 14:00:00 UTC 2026,317.69598,1584588.046,null,null,null,null,null,null,null,null,null,null
Tue Aug 18 15:00:00 UTC 2026,317.69598,1592092.046,null,null,null,null,null,null,null,null,null,null
Tue Aug 18 16:00:00 UTC 2026,317.69598,1584246.046,null,null,null,null,null,null,null,null,null,null
Tue Aug 18 17:00:00 UTC 2026,317.69598,1578786.046,null,null,null,null,null,null,null,null,null,null
Tue Aug 18 18:00:00 UTC 2026,317.69598,1580804.046,null,null,null,null,null,null,null,null,null,null
Tue Aug 18 19:00:00 UTC 2026,317.69598,1578693.046,null,null,null,null,null,null,null,null,null,null
Tue Aug 18 20:00:00 UTC 2026,317.69598,1580007.046,null,null,null,null,null,null,null,null,null,null
Tue Aug 18 21:00:00 UTC 2026,317.69598,1556679.046,null,null,null,null,null,null,null,null,null,null
Tue Aug 18 22:00:00 UTC 2026,317.69598,1561320.046,null,null,null,null,null,null,null,null,null,null
Tue Aug 18 23:00:00 UTC 2026,317.69598,1560513.046,null,null,null,null,null,null,null,null,null,null
Wed Aug 19 00:00:00 UTC 2026,317.69598,1562667.046,null,null,null,null,null,null,null,null,null,null
Wed Aug 19 01:00:00 UTC 2026,317.69598,1566410.046,null,null,null,null,null,null,null,null,null,null
Wed Aug 19 02:00:00 UTC 2026,317.69598,1560863.046,null,null,null,null,null,null,null,null,null,null
Wed Aug 19 03:00:00 UTC 2026,317.69598,1559852.046,null,null,null,null,null,null,null,null,null,null
Wed Aug 19 04:00:00 UTC 2026,317.69598,1556537.046,null,null,null,null,null,null,null,null,null,null
Wed Aug 19 05:00:00 UTC 2026,317.69598,1552863.046,null,null,null,null,null,null,null,null,null,null
Wed Aug 19 06:00:00 UTC 2026,317.69598,1553435.046,null,null,null,null,null,null,null,null,null,null
Wed Aug 19 07:00:00 UTC 2026,317.69598,1552954.046,null,null,null,null,null,null,null,null,null,null
Wed Aug 19 08:00:00 UTC 2026,317.69598,1550273.046,null,null,null,null,null,null,null,null,null,null
Wed Aug 19 09:00:00 UTC 2026,317.69598,1548597.046,null,null,null,null,null,null,null,null,null,null
Wed Aug 19 10:00:00 UTC 2026,317.69598,1550360.046,null,null,null,null,null,null,null,null,null,null
Wed Aug 19 11:00:00 UTC 2026,317.69598,1558822.046,null,null,null,null,null,null,null,null,null,null
Wed Aug 19 12:00:00 UTC 2026,317.69598,1567868.046,null,null,null,null,null,null,null,null,null,null
Wed Aug 19 13:00:00 UTC 2026,317.69598,1545423.046,null,null,null,null,null,null,null,null,null,null
Wed Aug 19 14:00:00 UTC 2026,317.69598,1554359.046,null,null,null,null,null,null,null,null,null,null
Wed Aug 19 15:00:00 UTC 2026,317.69598,1547993.046,null,null,null,null,null,null,null,null,null,null
Wed Aug 19 16:00:00 UTC 2026,317.69598,1550562.046,null,null,null,null,null,null,null,null,null,null
Wed Aug 19 17:00:00 UTC 2026,317.69598,1557540.046,null,null,null,null,null,null,null,null,null,null
Wed Aug 19 18:00:00 UTC 2026,317.69598,1289981.046,null,null,null,null,null,null,null,null,null,null
Wed Aug 19 19:00:00 UTC 2026,317.69598,1291333.046,null,null,null,null,null,null,null,null,null,null
Wed Aug 19 20:00:00 UTC 2026,317.69598,1291185.046,null,null,null,null,null,null,null,null,null,null
Wed Aug 19 21:00:00 UTC 2026,317.69598,1293877.046,null,null,null,null,null,null,null,null,null,null
Wed Aug 19 22:00:00 UTC 2026,317.69598,1296359.046,null,null,null,null,null,null,null,null,null,null
Wed Aug 19 23:00:00 UTC 2026,317.69598,1295119.046,null,null,null,null,null,null,null,null,null,null
Thu Aug 20 00:00:00 UTC 2026,317.69598,1289436.046,null,null,null,null,null,null,null,null,null,null
Thu Aug 20 01:00:00 UTC 2026,317.69598,1288062.046,null,null,null,null,null,null,null,null,null,null
Thu Aug 20 02:00:00 UTC 2026,317.69598,1287147.046,null,null,null,null,null,null,null,null,null,null
Thu Aug 20 03:00:00 UTC 2026,317.69598,1287552.046,null,null,null,null,null,null,null,null,null,null
Thu Aug 20 04:00:00 UTC 2026,317.69598,1287198.046,null,null,null,null,null,null,null,null,null,null
Thu Aug 20 05:00:00 UTC 2026,317.69598,1287539.046,null,null,null,null,null,null,null,null,null,null
Thu Aug 20 06:00:00 UTC 2026,317.69598,1285426.046,null,null,null,null,null,null,null,null,null,null
Thu Aug 20 07:00:00 UTC 2026,317.69598,1286939.046,null,null,null,null,null,null,null,null,null,null
Thu Aug 20 08:00:00 UTC 2026,317.69598,1284856.046,null,null,null,null,null,null,null,null,null,null
Thu Aug 20 09:00:00 UTC 2026,317.69598,1284131.046,null,null,null,null,null,null,null,null,null,null
Thu Aug 20 10:00:00 UTC 2026,317.69598,1285188.046,null,null,null,null,null,null,null,null,null,null
Thu Aug 20 11:00:00 UTC 2026,317.69598,1283599.046,null,null,null,null,null,null,null,null,null,null
Thu Aug 20 12:00:00 UTC 2026,317.69598,1283305.046,null,null,null,null,null,null,null,null,null,null
Thu Aug 20 13:00:00 UTC 2026,317.69598,1281320.046,null,null,null,null,null,null,null,null,null,null
Thu Aug 20 14:00:00 UTC 2026,317.69598,1289672.046,null,null,null,null,null,null,null,null,null,null
Thu Aug 20 15:00:00 UTC 2026,317.69598,1287009.046,null,null,null,null,null,null,null,null,null,null
Thu Aug 20 16:00:00 UTC 2026,317.69598,1289081.046,null,null,null,null,null,null,null,null,null,null
Thu Aug 20 17:00:00 UTC 2026,317.69598,1288974.046,null,null,null,null,null,null,null,null,null,null
Thu Aug 20 18:00:00 UTC 2026,317.69598,1284725.046,null,null,null,null,null,null,null,null,null,null
Thu Aug 20 19:00:00 UTC 2026,317.69598,1284588.046,null,null,null,null,null,null,null,null,null,null
Thu Aug 20 20:00:00 UTC 2026,317.69598,1283670.046,null,null,null,null,null,null,null,null,null,null
Thu Aug 20 21:00:00 UTC 2026,317.69598,1282529.046,null,null,null,null,null,null,null,null,null,null
Thu Aug 20 22:00:00 UTC 2026,317.69598,1284379.046,null,null,null,null,null,null,null,null,null,null
Thu Aug 20 23:00:00 UTC 2026,317.69598,1283043.046,null,null,null,null,null,null,null,null,null,null
Fri Aug 21 00:00:00 UTC 2026,317.69598,1280370.046,null,null,null,null,null,null,null,null,null,null
Fri Aug 21 01:00:00 UTC 2026,317.69598,1280613.046,null,null,null,null,null,null,null,null,null,null
Fri Aug 21 02:00:00 UTC 2026,317.69598,1278927.046,null,null,null,null,null,null,null,null,null,null
Fri Aug 21 03:00:00 UTC 2026,317.69598,1279883.046,null,null,null,null,null,null,null,null,null,null
Fri Aug 21 04:00:00 UTC 2026,317.69598,1278397.046,null,null,null,null,null,null,null,null,null,null
Fri Aug 21 05:00:00 UTC 2026,317.69598,1274079.046,null,null,null,null,null,null,null,null,null,null
Fri Aug 21 06:00:00 UTC 2026,317.69598,1274471.046,null,null,null,null,null,null,null,null,null,null
Fri Aug 21 07:00:00 UTC 2026,317.69598,1274446.046,null,null,null,null,null,null,null,null,null,null
Fri Aug 21 08:00:00 UTC 2026,317.69598,1278005.046,null,null,null,null,null,null,null,null,null,null
Fri Aug 21 09:00:00 UTC 2026,317.69598,1276748.046,null,null,null,null,null,null,null,null,null,null
Fri Aug 21 10:00:00 UTC 2026,317.69598,1270929.046,null,null,null,null,null,null,null,null,null,null
Fri Aug 21 11:00:00 UTC 2026,317.69598,1268772.046,null,null,null,null,null,null,null,null,null,null
Fri Aug 21 12:00:00 UTC 2026,317.69598,1270679.046,null,null,null,null,null,null,null,null,null,null
Fri Aug 21 13:00:00 UTC 2026,317.69598,1270481.046,null,null,null,null,null,null,null,null,null,null
Fri Aug 21 14:00:00 UTC 2026,317.69598,1274099.046,null,null,null,null,null,null,null,null,null,null
Fri Aug 21 15:00:00 UTC 2026,317.69598,1274007.046,null,null,null,null,null,null,null,null,null,null
Fri Aug 21 16:00:00 UTC 2026,317.69598,1273859.046,null,null,null,null,null,null,null,null,null,null
Fri Aug 21 17:00:00 UTC 2026,317.69598,1277893.046,null,null,null,null,null,null,null,null,null,null
Fri Aug 21 18:00:00 UTC 2026,317.69598,1270772.046,null,null,null,null,null,null,null,null,null,null
Fri Aug 21 19:00:00 UTC 2026,317.69598,1269871.046,null,null,null,null,null,null,null,null,null,null
Fri Aug 21 20:00:00 UTC 2026,317.69598,1270868.046,null,null,null,null,null,null,null,null,null,null
Fri Aug 21 21:00:00 UTC 2026,317.69598,1270868.046,null,null,null,null,null,null,null,null,null,null
Fri Aug 21 22:00:00 UTC 2026,317.69598,1270868.046,null,null,null,null,null,null,null,null,null,null
Fri Aug 21 23:00:00 UTC 2026,317.69598,1270868.046,null,null,null,null,null,null,null,null,null,null
Sat Aug 22 00:00:00 UTC 2026,317.69598,1270868.046,null,null,null,null,null,null,null,null,null,null
Sat Aug 22 01:00:00 UTC 2026,317.69598,1270868.046,null,null,null,null,null,null,null,null,null,null
Sat Aug 22 02:00:00 UTC 2026,317.69598,1270868.046,null,null,null,null,null,null,null,null,null,null
Sat Aug 22 03:00:00 UTC 2026,317.69598,1270868.046,null,null,null,null,null,null,null,null,null,null
Sat Aug 22 04:00:00 UTC 2026,317.69598,1270868.046,null,null,null,null,null,null,null,null,null,null
