date,P_Kweek_56_Kday_12_ETE_60_ORD_51_EXT_67_E2Ekor_70_EXTkor_60_DIFF_26280,a,b,c,d,e,f,g,h,i,j
Mon Oct 05 05:00:00 UTC 2026,1107150.2372162184,1.0034500006586313,-2179529.2798833326,null,-2179329.279883333,null,-1828971.8715499993,null,-1828771.8715499993,null
Mon Oct 05 06:00:00 UTC 2026,517285.5294239905,-606212.9965499993,-2097658.4215499996,null,-2097458.4215499996,null,-1572072.3090499993,null,-1571872.3090499993,null
Mon Oct 05 07:00:00 UTC 2026,354564.2307227561,-186554.99654999934,-2015787.563216666,null,-2015587.5632166662,null,-1315172.7465499993,null,-1314972.7465499993,null
Mon Oct 05 08:00:00 UTC 2026,354564.2307227561,-769494.9965499993,-1933916.7048833328,null,-1933716.7048833328,null,-1058273.1840499993,null,-1058073.1840499993,null
Mon Oct 05 09:00:00 UTC 2026,496945.36708642077,37419.00345000066,-1852045.8465499992,null,-1851845.8465499992,null,-801373.6215499993,null,-801173.6215499993,null
Mon Oct 05 10:00:00 UTC 2026,-926865.9965499993,-2441.9965499993414,-1770174.988216666,null,-1769974.9882166658,null,-544474.0590499995,null,-544274.0590499995,null
Mon Oct 05 11:00:00 UTC 2026,-825165.1848616997,71812.00345000066,-1688304.1298833326,null,-1688104.1298833329,null,-287574.49654999934,null,-287374.49654999934,null
Mon Oct 05 12:00:00 UTC 2026,191842.93202152196,207306.00345000066,-1606433.2715499995,null,-1606233.2715499995,null,-30674.93404999934,null,-30474.93404999934,null
Mon Oct 05 13:00:00 UTC 2026,1188510.8865669486,-279243.99654999934,-1524562.4132166663,null,-1524362.413216666,null,226224.62845000066,null,226424.62845000066,null
Mon Oct 05 14:00:00 UTC 2026,5826067.899553816,-676815.9965499993,-1442691.554883333,null,-1442491.5548833332,null,483124.1909500008,null,483324.1909500008,null
Mon Oct 05 15:00:00 UTC 2026,5602326.113839647,-475603.99654999934,-1360820.696549999,null,-1360620.696549999,null,740023.7534500007,null,740223.7534500007,null
Mon Oct 05 16:00:00 UTC 2026,3466609.0683851307,-926865.9965499993,-1278949.8382166661,null,-1278749.8382166661,null,996923.3159500005,null,997123.3159500005,null
Mon Oct 05 17:00:00 UTC 2026,3364908.2566968305,-344488.99654999934,-1197078.9798833327,null,-1196878.9798833327,null,1253822.8784500007,null,1254022.8784500007,null
Mon Oct 05 18:00:00 UTC 2026,3120826.308644866,1590891.0034500007,-1115208.1215499993,null,-1115008.1215499993,null,1510722.4409500007,null,1510922.4409500007,null
Mon Oct 05 19:00:00 UTC 2026,944428.938514984,1767022.0034500007,-1033337.2632166662,null,-1033137.2632166664,null,1767622.0034500007,null,1767822.0034500007,null
Mon Oct 05 20:00:00 UTC 2026,1839396.0813721106,1758706.0034500007,-951466.4048833328,null,-951266.404883333,null,null,null,null,null
Mon Oct 05 21:00:00 UTC 2026,1086810.0748786489,1637036.0034500007,-869595.5465499996,null,-869395.5465499996,null,null,null,null,null
Mon Oct 05 22:00:00 UTC 2026,2754703.386566807,-99171.99654999934,-787724.688216666,null,-787524.6882166662,null,null,null,null,null
Mon Oct 05 23:00:00 UTC 2026,5358244.165787683,1880144.0034500007,-705853.8298833328,null,-705653.8298833328,null,null,null,null,null
Tue Oct 06 00:00:00 UTC 2026,4524297.509943491,2198178.0034500007,-623982.9715499994,null,-623782.9715499994,null,null,null,null,null
Tue Oct 06 01:00:00 UTC 2026,6700694.880073372,1502332.0034500007,-542112.1132166663,null,-541912.1132166665,null,null,null,null,null
Tue Oct 06 02:00:00 UTC 2026,5724367.087865517,651229.0034500007,-460241.2548833329,null,-460041.25488333264,null,null,null,null,null
Tue Oct 06 03:00:00 UTC 2026,5358244.165787683,830871.0034500007,-378370.39654999925,null,-378170.39654999925,null,null,null,null,null
Tue Oct 06 04:00:00 UTC 2026,6619334.230722643,1735034.0034500007,-296499.5382166663,null,-296299.5382166663,null,null,null,null,null
Tue Oct 06 05:00:00 UTC 2026,5500625.302151348,2175393.0034500007,-214628.67988333292,null,-214428.67988333292,null,null,null,null,null
Tue Oct 06 06:00:00 UTC 2026,4605658.159294221,1696567.0034500007,-132757.8215499993,null,-132557.8215499993,null,null,null,null,null
Tue Oct 06 07:00:00 UTC 2026,4341236.048904462,1865859.0034500007,-50886.96321666613,null,-50686.96321666613,null,null,null,null,null
Tue Oct 06 08:00:00 UTC 2026,4137834.4255278623,6981544.00345,30983.89511666703,null,31183.895116667263,null,null,null,null,null
Tue Oct 06 09:00:00 UTC 2026,5114162.217735719,7428565.003450001,112854.75345000043,null,113054.75345000043,null,null,null,null,null
Tue Oct 06 10:00:00 UTC 2026,4768379.457995455,8019067.003450001,194725.61178333405,null,194925.61178333405,null,null,null,null,null
Tue Oct 06 11:00:00 UTC 2026,5744707.250203312,7923837.003450001,276596.4701166672,null,276796.470116667,null,null,null,null,null
Tue Oct 06 12:00:00 UTC 2026,5317563.8411123175,8187459.003450001,358467.3284500006,null,358667.3284500006,null,null,null,null,null
Tue Oct 06 13:00:00 UTC 2026,4931100.756696689,8132347.003450001,440338.18678333354,null,440538.1867833338,null,null,null,null,null
Tue Oct 06 14:00:00 UTC 2026,6517633.419034343,8376657.003450001,522209.04511666717,null,522409.0451166674,null,null,null,null,null
Tue Oct 06 15:00:00 UTC 2026,5459944.977475983,8936043.00345,604079.9034500003,null,604279.9034500003,null,null,null,null,null
Tue Oct 06 16:00:00 UTC 2026,6192190.821631875,8580112.00345,685950.7617833337,null,686150.761783334,null,null,null,null,null
Tue Oct 06 17:00:00 UTC 2026,6537973.581372139,8254329.003450001,767821.6201166669,null,768021.6201166667,null,null,null,null,null
Tue Oct 06 18:00:00 UTC 2026,7493961.211242199,8485726.00345,849692.4784500005,null,849892.4784500005,null,null,null,null,null
Tue Oct 06 19:00:00 UTC 2026,7005797.315138271,9099860.00345,931563.3367833337,null,931763.3367833332,null,null,null,null,null
Tue Oct 06 20:00:00 UTC 2026,7087157.964489003,8664421.00345,1013434.1951166671,null,1013634.1951166671,null,null,null,null,null
Tue Oct 06 21:00:00 UTC 2026,5887088.386566751,9128918.00345,1095305.05345,null,1095505.05345,null,null,null,null,null
Tue Oct 06 22:00:00 UTC 2026,5805727.737216247,8768568.00345,1177175.9117833336,null,1177375.9117833339,null,null,null,null,null
Tue Oct 06 23:00:00 UTC 2026,4036133.613839563,9279246.00345,1259046.7701166668,null,1259246.7701166666,null,null,null,null,null
Wed Oct 07 00:00:00 UTC 2026,4524297.509943491,7833974.003450001,1340917.6284500002,null,1341117.6284500002,null,null,null,null,null
Wed Oct 07 01:00:00 UTC 2026,7738043.159294164,8730250.00345,1422788.4867833338,null,1422988.486783334,null,null,null,null,null
Wed Oct 07 02:00:00 UTC 2026,5337904.003449888,9896203.00345,1504659.345116667,null,1504859.3451166668,null,null,null,null,null
Wed Oct 07 03:00:00 UTC 2026,4239535.2372161625,9712977.00345,1586530.2034500006,null,1586730.2034500006,null,null,null,null,null
Wed Oct 07 04:00:00 UTC 2026,5988789.19825505,6272238.00345,1668401.0617833335,null,1668601.0617833335,null,null,null,null,null
Wed Oct 07 05:00:00 UTC 2026,5297223.678774749,9114795.00345,1750271.920116667,null,1750471.9201166674,null,null,null,null,null
Wed Oct 07 06:00:00 UTC 2026,5602326.113839647,8680357.00345,1832142.77845,null,1832342.77845,null,null,null,null,null
Wed Oct 07 07:00:00 UTC 2026,6151510.49695651,8730828.00345,1914013.6367833337,null,1914213.636783334,null,null,null,null,null
Wed Oct 07 08:00:00 UTC 2026,6395592.4450084735,8938344.00345,1995884.495116667,null,1996084.4951166667,null,null,null,null,null
Wed Oct 07 09:00:00 UTC 2026,6070149.847605781,8869372.00345,2077755.3534500003,null,2077955.3534500003,null,null,null,null,null
Wed Oct 07 10:00:00 UTC 2026,7168518.613839506,9766172.00345,2159626.2117833337,null,2159826.211783333,null,null,null,null,null
Wed Oct 07 11:00:00 UTC 2026,7941444.782670764,9489773.00345,2241497.070116667,null,2241697.070116667,null,null,null,null,null
Wed Oct 07 12:00:00 UTC 2026,8063485.756696634,9901508.00345,2323367.92845,null,2323567.92845,null,null,null,null,null
Wed Oct 07 13:00:00 UTC 2026,8877092.250203256,1.001891500345E7,2405238.7867833334,null,2405438.786783334,null,null,null,null,null
Wed Oct 07 14:00:00 UTC 2026,9711038.906047223,9980708.00345,2487109.6451166663,null,2487309.6451166673,null,null,null,null,null
Wed Oct 07 15:00:00 UTC 2026,9487297.120333053,9033187.00345,2568980.50345,null,2569180.50345,null,null,null,null,null
Wed Oct 07 16:00:00 UTC 2026,9914440.529424047,8714880.00345,2650851.361783333,null,2651051.361783333,null,null,null,null,null
Wed Oct 07 17:00:00 UTC 2026,9772059.393060382,8221517.003450001,2732722.2201166674,null,2732922.2201166674,null,null,null,null,null
Wed Oct 07 18:00:00 UTC 2026,7860084.133320034,1.009978300345E7,2814593.07845,null,2814793.07845,null,null,null,null,null
Wed Oct 07 19:00:00 UTC 2026,9161854.52293036,1.160267400345E7,2896463.936783334,null,2896663.9367833333,null,null,null,null,1.160357400345E7
Wed Oct 07 20:00:00 UTC 2026,9527977.445008418,1.100393000345E7,2978334.7951166667,null,2978534.7951166667,null,null,null,null,1.0328681003449999E7
Wed Oct 07 21:00:00 UTC 2026,9324575.821631819,7874549.003450001,3060205.653450001,null,3060405.653450001,null,null,null,null,9053788.003449999
Wed Oct 07 22:00:00 UTC 2026,8368588.191761533,7777995.003450001,3142076.5117833335,null,3142276.5117833335,null,null,null,null,7778895.003450001
Wed Oct 07 23:00:00 UTC 2026,8144846.406047363,1.092619700345E7,3223947.370116666,null,3224147.3701166664,null,null,null,null,null
Thu Oct 08 00:00:00 UTC 2026,1.0158522477475785E7,8407952.00345,3305818.22845,null,3306018.22845,null,null,null,null,null
Thu Oct 08 01:00:00 UTC 2026,1.0016141341112347E7,6934578.00345,3387689.0867833337,null,3387889.0867833337,null,6935178.00345,null,6935378.00345,null
Thu Oct 08 02:00:00 UTC 2026,8063485.756696634,7603292.003450001,3469559.945116667,null,3469759.945116666,null,6996184.221097059,null,6996384.221097059,null
Thu Oct 08 03:00:00 UTC 2026,1.0422944587865544E7,7406965.003450001,3551430.8034499995,null,3551630.8034499995,null,7057190.4387441175,null,7057390.4387441175,null
Thu Oct 08 04:00:00 UTC 2026,1.036192410085261E7,7394496.003450001,3633301.6617833334,null,3633501.661783333,null,7118196.656391175,null,7118396.656391175,null
Thu Oct 08 05:00:00 UTC 2026,9344915.983969389,7468476.003450001,3715172.5201166673,null,3715372.5201166673,null,7179202.874038234,null,7179402.874038235,null
Thu Oct 08 06:00:00 UTC 2026,8958452.899553759,7425445.003450001,3797043.3784500007,null,3797243.3784500007,null,7240209.091685293,null,7240409.091685294,null
Thu Oct 08 07:00:00 UTC 2026,1.030090361383945E7,8772197.00345,3878914.236783333,null,3879114.236783333,null,7301215.309332353,null,7301415.309332352,null
Thu Oct 08 08:00:00 UTC 2026,1.0036481503449915E7,8715113.00345,3960785.0951166665,null,3960985.095116667,null,7362221.526979412,null,7362421.526979412,null
Thu Oct 08 09:00:00 UTC 2026,9812739.717735747,9168950.00345,4042655.9534500004,null,4042855.9534500004,null,7423227.74462647,null,7423427.74462647,null
Thu Oct 08 10:00:00 UTC 2026,8795731.600852527,9747722.00345,4124526.8117833333,null,4124726.811783334,null,7484233.962273529,null,7484433.962273529,null
Thu Oct 08 11:00:00 UTC 2026,9283895.496956455,9548058.00345,4206397.670116667,null,4206597.670116667,null,7545240.179920588,null,7545440.179920588,null
Thu Oct 08 12:00:00 UTC 2026,9080493.873579856,9656510.00345,4288268.52845,null,4288468.52845,null,7606246.397567647,null,7606446.397567647,null
Thu Oct 08 13:00:00 UTC 2026,7595662.022930499,1.031749700345E7,4370139.3867833335,null,4370339.3867833335,null,7667252.6152147055,null,7667452.6152147055,null
Thu Oct 08 14:00:00 UTC 2026,9121174.198255219,1.047328600345E7,4452010.245116667,null,4452210.245116667,null,7728258.832861764,null,7728458.832861764,null
Thu Oct 08 15:00:00 UTC 2026,8592329.977475926,1.054654300345E7,4533881.103449999,null,4534081.103449999,null,7789265.050508823,null,7789465.050508823,null
Thu Oct 08 16:00:00 UTC 2026,8856752.08786546,9983528.00345,4615751.961783334,null,4615951.961783334,null,7850271.268155882,null,7850471.268155882,null
Thu Oct 08 17:00:00 UTC 2026,1.0016141341112347E7,1.001136100345E7,4697622.820116666,null,4697822.820116667,null,7911277.485802941,null,7911477.485802941,null
Thu Oct 08 18:00:00 UTC 2026,8978793.061891556,9932429.00345,4779493.6784500005,null,4779693.6784500005,null,7972283.70345,null,7972483.70345,null
Thu Oct 08 19:00:00 UTC 2026,9731379.068385016,1.040140100345E7,4861364.536783333,null,4861564.536783332,null,8033289.921097059,null,8033489.921097059,null
Thu Oct 08 20:00:00 UTC 2026,1.0809407672281174E7,1.018252900345E7,4943235.395116667,null,4943435.395116666,null,8094296.138744117,null,8094496.138744118,null
Thu Oct 08 21:00:00 UTC 2026,1.160267400345E7,1.041732100345E7,5025106.25345,null,5025306.25345,null,8155302.356391176,null,8155502.356391176,null
Thu Oct 08 22:00:00 UTC 2026,1.066702653591751E7,1.013148200345E7,5106977.111783333,null,5107177.111783333,null,8216308.5740382355,null,8216508.5740382355,null
Thu Oct 08 23:00:00 UTC 2026,1.0483965074878478E7,1.026938400345E7,5188847.970116667,null,5189047.970116667,null,8277314.791685294,null,8277514.791685294,null
Fri Oct 09 00:00:00 UTC 2026,1.1277231406047307E7,1.031113800345E7,5270718.82845,null,5270918.82845,null,8338321.009332353,null,8338521.009332352,null
Fri Oct 09 01:00:00 UTC 2026,9975461.016436981,9904425.00345,5352589.686783333,null,5352789.686783333,null,8399327.22697941,null,8399527.22697941,null
Fri Oct 09 02:00:00 UTC 2026,8592329.977475926,9624839.00345,5434460.545116667,null,5434660.545116667,null,8460333.44462647,null,8460533.44462647,null
Fri Oct 09 03:00:00 UTC 2026,1.0138182315138215E7,1.003852700345E7,5516331.403450001,null,5516531.403450001,null,8521339.66227353,null,8521539.66227353,null
Fri Oct 09 04:00:00 UTC 2026,1.0138182315138215E7,1.029089600345E7,5598202.2617833335,null,5598402.2617833335,null,8582345.879920587,null,8582545.879920587,null
Fri Oct 09 05:00:00 UTC 2026,0.83353,1.047361700345E7,null,5680073.120116666,null,5680273.120116666,null,null,8643352.097567648,null,8643552.097567648,null
Fri Oct 09 06:00:00 UTC 2026,0.83353,1.056737400345E7,null,5761943.978449999,null,5762143.978449999,null,null,8704358.315214705,null,8704558.315214707,null
Fri Oct 09 07:00:00 UTC 2026,0.83353,1.103640000345E7,null,5843814.836783333,null,5844014.836783334,null,null,8765364.532861764,null,8765564.532861764,null
Fri Oct 09 08:00:00 UTC 2026,0.83353,1.032281800345E7,null,5925685.695116667,null,5925885.695116666,null,null,8826370.750508823,null,8826570.750508823,null
Fri Oct 09 09:00:00 UTC 2026,0.83353,1.066609800345E7,null,6007556.55345,null,6007756.55345,null,null,8887376.968155881,null,8887576.968155883,null
Fri Oct 09 10:00:00 UTC 2026,0.83353,1.102245000345E7,null,6089427.411783333,null,6089627.411783333,null,null,8948383.18580294,null,8948583.18580294,null
Fri Oct 09 11:00:00 UTC 2026,0.83353,1.092857900345E7,null,6171298.270116666,null,6171498.270116667,null,null,9009389.403450001,null,9009589.403450001,null
Fri Oct 09 12:00:00 UTC 2026,0.83353,1.131214900345E7,null,6253169.128449999,null,6253369.128449999,null,null,9070395.621097058,null,9070595.621097058,null
Fri Oct 09 13:00:00 UTC 2026,0.83353,1.132031400345E7,null,6335039.986783333,null,6335239.986783333,null,null,9131401.838744117,null,9131601.838744117,null
Fri Oct 09 14:00:00 UTC 2026,0.83353,1.059807900345E7,null,6416910.8451166665,null,6417110.8451166665,null,null,9192408.056391176,null,9192608.056391176,null
Fri Oct 09 15:00:00 UTC 2026,0.83353,1.107848500345E7,null,6498781.70345,null,6498981.70345,null,null,9253414.274038235,null,9253614.274038235,null
Fri Oct 09 16:00:00 UTC 2026,0.83353,1.138062500345E7,null,6580652.561783333,null,6580852.561783333,null,null,9314420.491685294,null,9314620.491685294,null
Fri Oct 09 17:00:00 UTC 2026,0.83353,1.162326200345E7,null,6662523.420116667,null,6662723.420116666,null,null,9375426.70933235,null,9375626.709332353,null
Fri Oct 09 18:00:00 UTC 2026,0.83353,1.160439800345E7,null,6744394.27845,null,6744594.27845,null,null,9436432.926979411,null,9436632.926979411,null
Fri Oct 09 19:00:00 UTC 2026,0.83353,1.221336200345E7,null,6826265.1367833335,null,6826465.1367833335,null,null,9497439.14462647,null,9497639.14462647,null
Fri Oct 09 20:00:00 UTC 2026,0.83353,1.291654000345E7,null,6908135.995116666,null,6908335.995116667,null,null,9558445.36227353,null,9558645.36227353,null
Fri Oct 09 21:00:00 UTC 2026,0.83353,1.291654000345E7,null,6990006.853449998,null,6990206.853449998,null,null,9619451.579920588,null,9619651.579920588,null
Fri Oct 09 22:00:00 UTC 2026,0.83353,1.291654000345E7,null,7071877.711783334,null,7072077.711783333,null,null,9680457.797567647,null,9680657.797567647,null
Fri Oct 09 23:00:00 UTC 2026,0.83353,1.291654000345E7,null,7153748.570116666,null,7153948.570116666,null,null,9741464.015214704,null,9741664.015214704,null
Sat Oct 10 00:00:00 UTC 2026,0.83353,1.291654000345E7,null,7235619.42845,null,7235819.42845,null,null,9802470.232861765,null,9802670.232861765,null
Sat Oct 10 01:00:00 UTC 2026,0.83353,1.291654000345E7,null,7317490.286783332,null,7317690.286783333,null,null,9863476.450508822,null,9863676.450508822,null
Sat Oct 10 02:00:00 UTC 2026,0.83353,1.291654000345E7,null,7399361.145116666,null,7399561.145116667,null,null,9924482.668155883,null,9924682.668155883,null
Sat Oct 10 03:00:00 UTC 2026,0.83353,1.291654000345E7,null,7481232.00345,null,7481432.00345,null,null,9985488.88580294,null,9985688.885802941,null
Sat Oct 10 04:00:00 UTC 2026,0.83353,1.291654000345E7,null,7563102.861783333,null,7563302.861783332,null,null,1.0046495103449998E7,null,1.0046695103449998E7,null
Sat Oct 10 05:00:00 UTC 2026,0.83353,1.291654000345E7,null,7644973.720116666,null,7645173.7201166665,null,null,1.0107501321097057E7,null,1.0107701321097057E7,null
Sat Oct 10 06:00:00 UTC 2026,0.83353,1.291654000345E7,null,7726844.578449999,null,7727044.578449999,null,null,1.0168507538744118E7,null,1.0168707538744118E7,null
Sat Oct 10 07:00:00 UTC 2026,0.83353,1.291654000345E7,null,7808715.436783334,null,7808915.436783334,null,null,1.0229513756391175E7,null,1.0229713756391175E7,null
Sat Oct 10 08:00:00 UTC 2026,0.83353,1.291654000345E7,null,7890586.295116668,null,7890786.295116667,null,null,1.0290519974038236E7,null,1.0290719974038236E7,null
Sat Oct 10 09:00:00 UTC 2026,0.83353,1.291654000345E7,null,7972457.153449999,null,7972657.153449999,null,null,1.0351526191685293E7,null,1.0351726191685293E7,null
Sat Oct 10 10:00:00 UTC 2026,0.83353,1.291654000345E7,null,8054328.0117833335,null,8054528.0117833335,null,null,1.0412532409332352E7,null,1.0412732409332352E7,null
Sat Oct 10 11:00:00 UTC 2026,0.83353,1.291654000345E7,null,8136198.870116667,null,8136398.870116666,null,null,1.047353862697941E7,null,1.047373862697941E7,null
Sat Oct 10 12:00:00 UTC 2026,0.83353,1.291654000345E7,null,8218069.728449998,null,8218269.728449998,null,null,1.053454484462647E7,null,1.053474484462647E7,null
Sat Oct 10 13:00:00 UTC 2026,0.83353,1.291654000345E7,null,8299940.586783332,null,8300140.586783333,null,null,1.0595551062273528E7,null,1.0595751062273528E7,null
Sat Oct 10 14:00:00 UTC 2026,0.83353,1.291654000345E7,null,8381811.445116665,null,8382011.445116665,null,null,1.0656557279920587E7,null,1.0656757279920587E7,null
Sat Oct 10 15:00:00 UTC 2026,0.83353,1.291654000345E7,null,8463682.303450001,null,8463882.303450001,null,null,1.0717563497567646E7,null,1.0717763497567646E7,null
Sat Oct 10 16:00:00 UTC 2026,0.83353,1.291654000345E7,null,8545553.161783332,null,8545753.161783334,null,null,1.0778569715214705E7,null,1.0778769715214705E7,null
Sat Oct 10 17:00:00 UTC 2026,0.83353,1.291654000345E7,null,8627424.020116666,null,8627624.020116666,null,null,1.0839575932861764E7,null,1.0839775932861764E7,null
Sat Oct 10 18:00:00 UTC 2026,0.83353,1.291654000345E7,null,8709294.87845,null,8709494.87845,null,null,1.0900582150508821E7,null,1.0900782150508823E7,null
Sat Oct 10 19:00:00 UTC 2026,0.83353,1.291654000345E7,null,8791165.736783331,null,8791365.736783333,null,null,1.0961588368155882E7,null,1.0961788368155882E7,null
Sat Oct 10 20:00:00 UTC 2026,0.83353,1.291654000345E7,null,8873036.595116666,null,8873236.595116667,null,null,1.1022594585802939E7,null,1.102279458580294E7,null
Sat Oct 10 21:00:00 UTC 2026,0.83353,1.291654000345E7,null,8954907.45345,null,8955107.45345,null,null,1.108360080345E7,null,1.108380080345E7,null
Sat Oct 10 22:00:00 UTC 2026,0.83353,1.291654000345E7,null,9036778.311783334,null,9036978.311783332,null,null,1.1144607021097058E7,null,1.1144807021097058E7,null
Sat Oct 10 23:00:00 UTC 2026,0.83353,1.291654000345E7,null,9118649.170116667,null,9118849.170116667,null,null,1.1205613238744117E7,null,1.1205813238744117E7,null
Sun Oct 11 00:00:00 UTC 2026,0.83353,1.291654000345E7,null,9200520.02845,null,9200720.02845,null,null,1.1266619456391176E7,null,1.1266819456391176E7,null
Sun Oct 11 01:00:00 UTC 2026,0.83353,1.291654000345E7,null,9282390.886783333,null,9282590.886783332,null,null,1.1327625674038235E7,null,1.1327825674038235E7,null
Sun Oct 11 02:00:00 UTC 2026,0.83353,1.291654000345E7,null,9364261.745116666,null,9364461.745116666,null,null,1.1388631891685292E7,null,1.1388831891685292E7,null
Sun Oct 11 03:00:00 UTC 2026,0.83353,1.291654000345E7,null,9446132.603449998,null,9446332.603449998,null,null,1.1449638109332353E7,null,1.1449838109332353E7,null
Sun Oct 11 04:00:00 UTC 2026,0.83353,1.291654000345E7,null,9528003.461783333,null,9528203.461783333,null,null,1.1510644326979412E7,null,1.1510844326979412E7,null
Sun Oct 11 05:00:00 UTC 2026,0.83353,1.291654000345E7,null,9609874.320116665,null,9610074.320116665,null,null,1.157165054462647E7,null,1.157185054462647E7,null
Sun Oct 11 06:00:00 UTC 2026,0.83353,1.291654000345E7,null,9691745.17845,null,9691945.17845,null,null,1.163265676227353E7,null,1.163285676227353E7,null
Sun Oct 11 07:00:00 UTC 2026,0.83353,1.291654000345E7,null,9773616.036783334,null,9773816.036783334,null,null,1.1693662979920587E7,null,1.1693862979920587E7,null
Sun Oct 11 08:00:00 UTC 2026,0.83353,1.291654000345E7,null,9855486.895116666,null,9855686.895116666,null,null,1.1754669197567647E7,null,1.1754869197567647E7,null
Sun Oct 11 09:00:00 UTC 2026,0.83353,1.291654000345E7,null,9937357.75345,null,9937557.75345,null,null,1.1815675415214704E7,null,1.1815875415214706E7,null
Sun Oct 11 10:00:00 UTC 2026,0.83353,1.291654000345E7,null,1.0019228611783333E7,null,1.0019428611783333E7,null,null,1.1876681632861763E7,null,1.1876881632861763E7,null
Sun Oct 11 11:00:00 UTC 2026,0.83353,1.291654000345E7,null,1.0101099470116666E7,null,1.0101299470116666E7,null,null,1.1937687850508824E7,null,1.1937887850508824E7,null
Sun Oct 11 12:00:00 UTC 2026,0.83353,1.291654000345E7,null,1.018297032845E7,null,1.018317032845E7,null,null,1.1998694068155881E7,null,1.1998894068155881E7,null
Sun Oct 11 13:00:00 UTC 2026,0.83353,1.291654000345E7,null,1.0264841186783332E7,null,1.0265041186783334E7,null,null,1.2059700285802942E7,null,1.2059900285802942E7,null
Sun Oct 11 14:00:00 UTC 2026,0.83353,1.291654000345E7,null,1.0346712045116667E7,null,1.0346912045116667E7,null,null,1.2120706503449999E7,null,1.2120906503449999E7,null
Sun Oct 11 15:00:00 UTC 2026,0.83353,1.291654000345E7,null,1.0428582903450001E7,null,1.0428782903450001E7,null,null,1.2181712721097058E7,null,1.2181912721097058E7,null
Sun Oct 11 16:00:00 UTC 2026,0.83353,1.291654000345E7,null,1.0510453761783333E7,null,1.0510653761783332E7,null,null,1.2242718938744117E7,null,1.2242918938744117E7,null
Sun Oct 11 17:00:00 UTC 2026,0.83353,1.291654000345E7,null,1.0592324620116666E7,null,1.0592524620116666E7,null,null,1.2303725156391177E7,null,1.2303925156391177E7,null
Sun Oct 11 18:00:00 UTC 2026,0.83353,1.291654000345E7,null,1.0674195478449998E7,null,1.0674395478449998E7,null,null,1.2364731374038234E7,null,1.2364931374038234E7,null
Sun Oct 11 19:00:00 UTC 2026,0.83353,1.291654000345E7,null,1.0756066336783333E7,null,1.075626633678333E7,null,null,1.2425737591685293E7,null,1.2425937591685293E7,null
Sun Oct 11 20:00:00 UTC 2026,0.83353,1.291654000345E7,null,1.0837937195116665E7,null,1.0838137195116665E7,null,null,1.2486743809332352E7,null,1.2486943809332352E7,null
Sun Oct 11 21:00:00 UTC 2026,0.83353,1.160533800345E7,null,1.091980805345E7,null,1.092000805345E7,null,null,1.2547750026979411E7,null,1.254795002697941E7,null
Sun Oct 11 22:00:00 UTC 2026,0.83353,1.235663300345E7,null,1.1001678911783334E7,null,1.1001878911783332E7,null,null,1.260875624462647E7,null,1.260895624462647E7,null
Sun Oct 11 23:00:00 UTC 2026,0.83353,1.274019300345E7,null,1.1083549770116666E7,null,1.1083749770116666E7,null,null,1.2669762462273529E7,null,1.2669962462273529E7,null
Mon Oct 12 00:00:00 UTC 2026,0.83353,1.288725500345E7,null,1.1165420628449999E7,null,1.1165620628449999E7,null,null,1.2730768679920588E7,null,1.2730968679920588E7,null
Mon Oct 12 01:00:00 UTC 2026,0.83353,1.246163700345E7,null,1.1247291486783333E7,null,1.1247491486783333E7,null,null,1.2791774897567647E7,null,1.2791974897567647E7,null
Mon Oct 12 02:00:00 UTC 2026,0.83353,1.223908600345E7,null,1.1329162345116666E7,null,1.1329362345116666E7,null,null,1.2852781115214704E7,null,1.2852981115214704E7,null
Mon Oct 12 03:00:00 UTC 2026,0.83353,1.189390600345E7,null,1.1411033203449998E7,null,1.1411233203449998E7,null,null,1.2913787332861762E7,null,1.2913987332861762E7,null
Mon Oct 12 04:00:00 UTC 2026,0.83353,1.196118300345E7,null,1.1492904061783332E7,null,1.1493104061783334E7,null,null,1.2974793550508823E7,null,1.2974993550508823E7,null
Mon Oct 12 05:00:00 UTC 2026,0.83353,1.170985300345E7,null,1.1574774920116667E7,null,1.1574974920116667E7,null,null,1.303579976815588E7,null,1.303599976815588E7,null
Mon Oct 12 06:00:00 UTC 2026,0.83353,1.158658500345E7,null,1.1656645778450001E7,null,1.1656845778450001E7,null,null,1.3096805985802941E7,null,1.3097005985802941E7,null
Mon Oct 12 07:00:00 UTC 2026,0.83353,1.174168600345E7,null,1.1738516636783332E7,null,1.1738716636783333E7,null,null,1.3157812203449998E7,null,1.3158012203449998E7,null
Mon Oct 12 08:00:00 UTC 2026,0.83353,1.252210100345E7,null,1.1820387495116666E7,null,1.1820587495116666E7,null,null,1.3218818421097059E7,null,1.3219018421097057E7,null
Mon Oct 12 09:00:00 UTC 2026,0.83353,1.304691900345E7,null,1.190225835345E7,null,1.190245835345E7,null,null,1.3279824638744118E7,null,1.3280024638744118E7,null
Mon Oct 12 10:00:00 UTC 2026,0.83353,1.268350100345E7,null,1.198412921178333E7,null,1.1984329211783333E7,null,null,1.3340830856391175E7,null,1.3341030856391177E7,null
Mon Oct 12 11:00:00 UTC 2026,0.83353,1.227172200345E7,null,1.2066000070116665E7,null,1.2066200070116665E7,null,null,1.3401837074038235E7,null,1.3402037074038234E7,null
Mon Oct 12 12:00:00 UTC 2026,0.83353,1.198683000345E7,null,1.214787092845E7,null,1.214807092845E7,null,null,1.3462843291685292E7,null,1.3463043291685292E7,null
Mon Oct 12 13:00:00 UTC 2026,0.83353,1.208829500345E7,null,1.2229741786783334E7,null,1.2229941786783332E7,null,null,1.3523849509332351E7,null,1.3524049509332351E7,null
Mon Oct 12 14:00:00 UTC 2026,0.83353,1.218287000345E7,null,1.2311612645116666E7,null,1.2311812645116666E7,null,null,1.3584855726979412E7,null,1.3585055726979412E7,null
Mon Oct 12 15:00:00 UTC 2026,0.83353,1.237037900345E7,null,1.2393483503449999E7,null,1.2393683503449999E7,null,null,1.364586194462647E7,null,1.364606194462647E7,null
Mon Oct 12 16:00:00 UTC 2026,0.83353,1.241025300345E7,null,1.2475354361783333E7,null,1.2475554361783331E7,null,null,1.3706868162273528E7,null,1.3707068162273528E7,null
Mon Oct 12 17:00:00 UTC 2026,0.83353,1.226613100345E7,null,1.2557225220116664E7,null,1.2557425220116666E7,null,null,1.3767874379920587E7,null,1.3768074379920587E7,null
Mon Oct 12 18:00:00 UTC 2026,0.83353,1.215804800345E7,null,1.2639096078449998E7,null,1.2639296078449998E7,null,null,1.3828880597567644E7,null,1.3829080597567644E7,null
Mon Oct 12 19:00:00 UTC 2026,0.83353,1.278246100345E7,null,1.2720966936783334E7,null,1.2721166936783334E7,null,null,1.3889886815214705E7,null,1.3890086815214703E7,null
Mon Oct 12 20:00:00 UTC 2026,0.83353,1.312481400345E7,null,1.2802837795116667E7,null,1.2803037795116667E7,null,null,1.3950893032861765E7,null,1.3951093032861764E7,null
Mon Oct 12 21:00:00 UTC 2026,0.83353,1.304813800345E7,null,1.288470865345E7,null,1.288490865345E7,null,null,1.4011899250508823E7,null,1.4012099250508823E7,null
Mon Oct 12 22:00:00 UTC 2026,0.83353,1.306899000345E7,null,1.2966579511783333E7,null,1.2966779511783333E7,null,null,1.4072905468155881E7,null,1.4073105468155881E7,null
Mon Oct 12 23:00:00 UTC 2026,0.83353,1.338813000345E7,null,1.3048450370116666E7,null,1.3048650370116666E7,null,null,1.413391168580294E7,null,1.413411168580294E7,null
Tue Oct 13 00:00:00 UTC 2026,0.83353,1.292744100345E7,null,1.3130321228449998E7,null,1.3130521228449998E7,null,null,1.4194917903449997E7,null,1.4195117903449997E7,null
Tue Oct 13 01:00:00 UTC 2026,0.83353,1.280495800345E7,null,1.321219208678333E7,null,1.3212392086783333E7,null,null,1.425592412109706E7,null,1.4256124121097058E7,null
Tue Oct 13 02:00:00 UTC 2026,0.83353,1.265100900345E7,null,1.3294062945116665E7,null,1.3294262945116665E7,null,null,1.4316930338744117E7,null,1.4317130338744117E7,null
Tue Oct 13 03:00:00 UTC 2026,0.83353,1.273403000345E7,null,1.3375933803450001E7,null,1.3376133803450001E7,null,null,1.4377936556391174E7,null,1.4378136556391174E7,null
Tue Oct 13 04:00:00 UTC 2026,0.83353,1.256925500345E7,null,1.3457804661783332E7,null,1.3458004661783334E7,null,null,1.4438942774038235E7,null,1.4439142774038233E7,null
Tue Oct 13 05:00:00 UTC 2026,0.83353,1.268750700345E7,null,1.3539675520116666E7,null,1.3539875520116664E7,null,null,1.4499948991685292E7,null,1.4500148991685292E7,null
Tue Oct 13 06:00:00 UTC 2026,0.83353,1.292660000345E7,null,1.3621546378449999E7,null,1.3621746378449999E7,null,null,1.4560955209332354E7,null,1.4561155209332353E7,null
Tue Oct 13 07:00:00 UTC 2026,0.83353,1.197171500345E7,null,1.3703417236783331E7,null,1.3703617236783331E7,null,null,1.4621961426979411E7,null,1.4622161426979411E7,null
Tue Oct 13 08:00:00 UTC 2026,0.83353,1.6366377003449999E7,null,1.3785288095116666E7,null,1.3785488095116666E7,null,null,1.4682967644626468E7,null,1.4683167644626468E7,null
Tue Oct 13 09:00:00 UTC 2026,0.83353,1.6190898003449999E7,null,1.3867158953449998E7,null,1.3867358953449998E7,null,null,1.474397386227353E7,null,1.474417386227353E7,null
Tue Oct 13 10:00:00 UTC 2026,0.83353,1.6342030003449999E7,null,1.3949029811783334E7,null,1.3949229811783332E7,null,null,1.4804980079920586E7,null,1.4805180079920588E7,null
Tue Oct 13 11:00:00 UTC 2026,0.83353,1.6276963003449999E7,null,1.4030900670116667E7,null,1.4031100670116667E7,null,null,1.4865986297567645E7,null,1.4866186297567647E7,null
Tue Oct 13 12:00:00 UTC 2026,0.83353,1.6183013003449999E7,null,1.411277152845E7,null,1.411297152845E7,null,null,1.4926992515214706E7,null,1.4927192515214706E7,null
Tue Oct 13 13:00:00 UTC 2026,0.83353,1.6256817003449999E7,null,1.4194642386783333E7,null,1.4194842386783332E7,null,null,1.4987998732861765E7,null,1.4988198732861765E7,null
Tue Oct 13 14:00:00 UTC 2026,0.83353,1.5952111003449999E7,null,1.4276513245116664E7,null,1.4276713245116666E7,null,null,1.5049004950508824E7,null,1.5049204950508824E7,null
Tue Oct 13 15:00:00 UTC 2026,0.83353,1.6066952003449999E7,null,1.4358384103449998E7,null,1.4358584103449998E7,null,null,1.511001116815588E7,null,1.5110211168155883E7,null
Tue Oct 13 16:00:00 UTC 2026,0.83353,1.6091254003449999E7,null,1.4440254961783333E7,null,1.4440454961783333E7,null,null,1.517101738580294E7,null,1.517121738580294E7,null
Tue Oct 13 17:00:00 UTC 2026,0.83353,1.6085030003449999E7,null,1.4522125820116665E7,null,1.4522325820116665E7,null,null,1.523202360345E7,null,1.523222360345E7,null
Tue Oct 13 18:00:00 UTC 2026,0.83353,1.6321228003449999E7,null,1.460399667845E7,null,1.460419667845E7,null,null,1.5293029821097057E7,null,1.529322982109706E7,null
Tue Oct 13 19:00:00 UTC 2026,0.83353,1.6369130003449999E7,null,1.4685867536783332E7,null,1.4686067536783334E7,null,null,1.5354036038744116E7,null,1.5354236038744118E7,null
Tue Oct 13 20:00:00 UTC 2026,0.83353,1.5953326003449999E7,null,1.4767738395116666E7,null,1.4767938395116666E7,null,null,1.5415042256391175E7,null,1.5415242256391175E7,null
Tue Oct 13 21:00:00 UTC 2026,0.83353,1.5946788003449999E7,null,1.4849609253449999E7,null,1.4849809253449999E7,null,null,1.5476048474038234E7,null,1.5476248474038234E7,null
Tue Oct 13 22:00:00 UTC 2026,0.83353,1.5981504003449999E7,null,1.4931480111783331E7,null,1.4931680111783333E7,null,null,1.5537054691685293E7,null,1.5537254691685295E7,null
Tue Oct 13 23:00:00 UTC 2026,0.83353,1.6087465003449999E7,null,1.5013350970116666E7,null,1.5013550970116664E7,null,null,1.5598060909332354E7,null,1.5598260909332354E7,null
Wed Oct 14 00:00:00 UTC 2026,0.83353,1.6244254003449999E7,null,1.5095221828449998E7,null,1.5095421828449998E7,null,null,1.565906712697941E7,null,1.565926712697941E7,null
Wed Oct 14 01:00:00 UTC 2026,0.83353,1.6345712003449999E7,null,1.5177092686783332E7,null,1.5177292686783332E7,null,null,1.572007334462647E7,null,1.572027334462647E7,null
Wed Oct 14 02:00:00 UTC 2026,0.83353,1.6427046003449999E7,null,1.5258963545116667E7,null,1.5259163545116665E7,null,null,1.5781079562273528E7,null,1.5781279562273528E7,null
Wed Oct 14 03:00:00 UTC 2026,0.83353,1.6273927003449999E7,null,1.534083440345E7,null,1.534103440345E7,null,null,1.5842085779920585E7,null,1.5842285779920587E7,null
Wed Oct 14 04:00:00 UTC 2026,0.83353,1.6245524003449999E7,null,1.5422705261783333E7,null,1.5422905261783332E7,null,null,1.5903091997567648E7,null,1.5903291997567646E7,null
Wed Oct 14 05:00:00 UTC 2026,0.83353,1.6040718003449999E7,null,1.5504576120116666E7,null,1.5504776120116666E7,null,null,1.5964098215214705E7,null,1.5964298215214705E7,null
Wed Oct 14 06:00:00 UTC 2026,0.83353,1.5919789003449999E7,null,1.5586446978449998E7,null,1.5586646978449998E7,null,null,1.6025104432861762E7,null,1.6025304432861764E7,null
Wed Oct 14 07:00:00 UTC 2026,0.83353,1.5714960003449999E7,null,1.5668317836783333E7,null,1.566851783678333E7,null,null,1.6086110650508823E7,null,1.6086310650508823E7,null
Wed Oct 14 08:00:00 UTC 2026,0.83353,1.5901300003449999E7,null,1.5750188695116663E7,null,1.5750388695116665E7,null,null,1.614711686815588E7,null,1.6147316868155882E7,null
Wed Oct 14 09:00:00 UTC 2026,0.83353,1.5546281003449999E7,null,1.583205955345E7,null,1.583225955345E7,null,null,1.620812308580294E7,null,1.620832308580294E7,null
Wed Oct 14 10:00:00 UTC 2026,0.83353,1.5555475003449999E7,null,1.5913930411783334E7,null,1.5914130411783332E7,null,null,1.626912930345E7,null,1.626932930345E7,null
Wed Oct 14 11:00:00 UTC 2026,0.83353,1.541538300345E7,null,1.5995801270116666E7,null,1.5996001270116666E7,null,null,1.6330135521097057E7,null,1.6330335521097058E7,null
Wed Oct 14 12:00:00 UTC 2026,0.83353,1.537116200345E7,null,1.6077672128449999E7,null,1.6077872128449999E7,null,null,1.6391141738744117E7,null,1.6391341738744117E7,null
Wed Oct 14 13:00:00 UTC 2026,0.83353,1.6367873003449999E7,null,1.6159542986783331E7,null,1.6159742986783333E7,null,null,1.6452147956391174E7,null,1.6452347956391174E7,null
Wed Oct 14 14:00:00 UTC 2026,0.83353,1.6078733003449999E7,null,1.6241413845116666E7,null,1.6241613845116666E7,null,null,1.6513154174038235E7,null,1.6513354174038235E7,null
Wed Oct 14 15:00:00 UTC 2026,0.83353,1.6111183003449999E7,null,1.6323284703449998E7,null,1.6323484703449998E7,null,null,1.6574160391685294E7,null,1.6574360391685294E7,null
Wed Oct 14 16:00:00 UTC 2026,0.83353,1.6452959003449999E7,null,1.6405155561783332E7,null,1.6405355561783334E7,null,null,1.6635166609332353E7,null,1.6635366609332353E7,null
Wed Oct 14 17:00:00 UTC 2026,0.83353,1.6316381003449999E7,null,1.6487026420116667E7,null,1.6487226420116667E7,null,null,1.669617282697941E7,null,1.669637282697941E7,null
Wed Oct 14 18:00:00 UTC 2026,0.83353,1.6342823003449999E7,null,1.656889727845E7,null,1.656909727845E7,null,null,1.6757179044626469E7,null,1.6757379044626469E7,null
Wed Oct 14 19:00:00 UTC 2026,0.83353,1.6591418003449999E7,null,1.6650768136783332E7,null,1.6650968136783332E7,null,null,1.6818185262273528E7,null,1.6818385262273528E7,null
Wed Oct 14 20:00:00 UTC 2026,0.83353,1.679593000345E7,null,1.6732638995116666E7,null,1.6732838995116666E7,null,null,1.687919147992059E7,null,1.687939147992059E7,null
Wed Oct 14 21:00:00 UTC 2026,0.83353,1.6627923003449999E7,null,1.6814509853449997E7,null,1.6814709853449997E7,null,null,1.6940197697567645E7,null,1.6940397697567645E7,null
Wed Oct 14 22:00:00 UTC 2026,0.83353,1.6540820003449999E7,null,1.689638071178333E7,null,1.689658071178333E7,null,null,1.7001203915214702E7,null,1.7001403915214706E7,null
Wed Oct 14 23:00:00 UTC 2026,0.83353,1.6135060003449999E7,null,1.6978251570116665E7,null,1.6978451570116665E7,null,null,1.7062210132861763E7,null,1.706241013286176E7,null
Thu Oct 15 00:00:00 UTC 2026,0.83353,1.5811704003449999E7,null,1.706012242845E7,null,1.706032242845E7,null,null,1.712321635050882E7,null,1.712341635050882E7,null
Thu Oct 15 01:00:00 UTC 2026,0.83353,1.6612461003449999E7,null,1.714199328678333E7,null,1.7142193286783334E7,null,null,1.7184222568155885E7,null,1.718442256815588E7,null
Thu Oct 15 02:00:00 UTC 2026,0.83353,1.685484300345E7,null,1.722386414511667E7,null,1.7224064145116664E7,null,null,1.7245228785802938E7,null,1.7245428785802938E7,null
Thu Oct 15 03:00:00 UTC 2026,0.83353,1.730563500345E7,null,1.730573500345E7,null,1.730593500345E7,null,null,1.730623500345E7,null,1.730643500345E7,null
Thu Oct 15 04:00:00 UTC 2026,0.83353,1.713735600345E7,null,null,null,null,null,null,null,null,null,null
Thu Oct 15 05:00:00 UTC 2026,0.83353,1.700198700345E7,null,null,null,null,null,null,null,null,null,null
Thu Oct 15 06:00:00 UTC 2026,0.83353,1.681809000345E7,null,null,null,null,null,null,null,null,null,null
Thu Oct 15 07:00:00 UTC 2026,0.83353,1.684421700345E7,null,null,null,null,null,null,null,null,null,null
Thu Oct 15 08:00:00 UTC 2026,0.83353,1.686326500345E7,null,null,null,null,null,null,null,null,null,null
Thu Oct 15 09:00:00 UTC 2026,0.83353,1.6766540003449999E7,null,null,null,null,null,null,null,null,null,null
Thu Oct 15 10:00:00 UTC 2026,0.83353,1.6523487003449999E7,null,null,null,null,null,null,null,null,null,null
Thu Oct 15 11:00:00 UTC 2026,0.83353,1.6528071003449999E7,null,null,null,null,null,null,null,null,null,null
Thu Oct 15 12:00:00 UTC 2026,0.83353,1.6597231003449999E7,null,null,null,null,null,null,null,null,null,null
Thu Oct 15 13:00:00 UTC 2026,0.83353,1.6355115003449999E7,null,null,null,null,null,null,null,null,null,null
Thu Oct 15 14:00:00 UTC 2026,0.83353,1.6437705003449999E7,null,null,null,null,null,null,null,null,null,null
Thu Oct 15 15:00:00 UTC 2026,0.83353,1.6088048003449999E7,null,null,null,null,null,null,null,null,null,null
Thu Oct 15 16:00:00 UTC 2026,0.83353,1.5867612003449999E7,null,null,null,null,null,null,null,null,null,null
Thu Oct 15 17:00:00 UTC 2026,0.83353,1.6041819003449999E7,null,null,null,null,null,null,null,null,null,null
Thu Oct 15 18:00:00 UTC 2026,0.83353,1.6144655003449999E7,null,null,null,null,null,null,null,null,null,null
Thu Oct 15 19:00:00 UTC 2026,0.83353,1.5942193003449999E7,null,null,null,null,null,null,null,null,null,null
Thu Oct 15 20:00:00 UTC 2026,0.83353,1.5749149003449999E7,null,null,null,null,null,null,null,null,null,null
Thu Oct 15 21:00:00 UTC 2026,0.83353,1.5619473003449999E7,null,null,null,null,null,null,null,null,null,null
Thu Oct 15 22:00:00 UTC 2026,0.83353,1.5615844003449999E7,null,null,null,null,null,null,null,null,null,null
Thu Oct 15 23:00:00 UTC 2026,0.83353,1.5620229003449999E7,null,null,null,null,null,null,null,null,null,null
Fri Oct 16 00:00:00 UTC 2026,0.83353,1.546753100345E7,null,null,null,null,null,null,null,null,null,null
Fri Oct 16 01:00:00 UTC 2026,0.83353,1.551466200345E7,null,null,null,null,null,null,null,null,null,null
Fri Oct 16 02:00:00 UTC 2026,0.83353,1.5566218003449999E7,null,null,null,null,null,null,null,null,null,null
Fri Oct 16 03:00:00 UTC 2026,0.83353,1.5629095003449999E7,null,null,null,null,null,null,null,null,null,null
Fri Oct 16 04:00:00 UTC 2026,0.83353,1.5640609003449999E7,null,null,null,null,null,null,null,null,null,null
Fri Oct 16 05:00:00 UTC 2026,0.83353,1.5649946003449999E7,null,null,null,null,null,null,null,null,null,null
Fri Oct 16 06:00:00 UTC 2026,0.83353,1.5541926003449999E7,null,null,null,null,null,null,null,null,null,null
Fri Oct 16 07:00:00 UTC 2026,0.83353,1.551506300345E7,null,null,null,null,null,null,null,null,null,null
Fri Oct 16 08:00:00 UTC 2026,0.83353,1.5656385003449999E7,null,null,null,null,null,null,null,null,null,null
Fri Oct 16 09:00:00 UTC 2026,0.83353,1.5547092003449999E7,null,null,null,null,null,null,null,null,null,null
Fri Oct 16 10:00:00 UTC 2026,0.83353,1.5572966003449999E7,null,null,null,null,null,null,null,null,null,null
Fri Oct 16 11:00:00 UTC 2026,0.83353,1.5799795003449999E7,null,null,null,null,null,null,null,null,null,null
Fri Oct 16 12:00:00 UTC 2026,0.83353,1.5885944003449999E7,null,null,null,null,null,null,null,null,null,null
Fri Oct 16 13:00:00 UTC 2026,0.83353,1.5836109003449999E7,null,null,null,null,null,null,null,null,null,null
Fri Oct 16 14:00:00 UTC 2026,0.83353,1.5575343003449999E7,null,null,null,null,null,null,null,null,null,null
Fri Oct 16 15:00:00 UTC 2026,0.83353,1.5613856003449999E7,null,null,null,null,null,null,null,null,null,null
Fri Oct 16 16:00:00 UTC 2026,0.83353,1.5799105003449999E7,null,null,null,null,null,null,null,null,null,null
Fri Oct 16 17:00:00 UTC 2026,0.83353,1.5890297003449999E7,null,null,null,null,null,null,null,null,null,null
Fri Oct 16 18:00:00 UTC 2026,0.83353,1.5835766003449999E7,null,null,null,null,null,null,null,null,null,null
Fri Oct 16 19:00:00 UTC 2026,0.83353,1.5865139003449999E7,null,null,null,null,null,null,null,null,null,null
Fri Oct 16 20:00:00 UTC 2026,0.83353,1.5601927003449999E7,null,null,null,null,null,null,null,null,null,null
Fri Oct 16 21:00:00 UTC 2026,0.83353,1.5601927003449999E7,null,null,null,null,null,null,null,null,null,null
Fri Oct 16 22:00:00 UTC 2026,0.83353,1.5601927003449999E7,null,null,null,null,null,null,null,null,null,null
Fri Oct 16 23:00:00 UTC 2026,0.83353,1.5601927003449999E7,null,null,null,null,null,null,null,null,null,null
Sat Oct 17 00:00:00 UTC 2026,0.83353,1.5601927003449999E7,null,null,null,null,null,null,null,null,null,null
Sat Oct 17 01:00:00 UTC 2026,0.83353,1.5601927003449999E7,null,null,null,null,null,null,null,null,null,null
Sat Oct 17 02:00:00 UTC 2026,0.83353,1.5601927003449999E7,null,null,null,null,null,null,null,null,null,null
Sat Oct 17 03:00:00 UTC 2026,0.83353,1.5601927003449999E7,null,null,null,null,null,null,null,null,null,null
Sat Oct 17 04:00:00 UTC 2026,0.83353,1.5601927003449999E7,null,null,null,null,null,null,null,null,null,null
Sat Oct 17 05:00:00 UTC 2026,0.83353,1.5601927003449999E7,null,null,null,null,null,null,null,null,null,null
Sat Oct 17 06:00:00 UTC 2026,0.83353,1.5601927003449999E7,null,null,null,null,null,null,null,null,null,null
Sat Oct 17 07:00:00 UTC 2026,0.83353,1.5601927003449999E7,null,null,null,null,null,null,null,null,null,null
Sat Oct 17 08:00:00 UTC 2026,0.83353,1.5601927003449999E7,null,null,null,null,null,null,null,null,null,null
Sat Oct 17 09:00:00 UTC 2026,0.83353,1.5601927003449999E7,null,null,null,null,null,null,null,null,null,null
Sat Oct 17 10:00:00 UTC 2026,0.83353,1.5601927003449999E7,null,null,null,null,null,null,null,null,null,null
Sat Oct 17 11:00:00 UTC 2026,0.83353,1.5601927003449999E7,null,null,null,null,null,null,null,null,null,null
Sat Oct 17 12:00:00 UTC 2026,0.83353,1.5601927003449999E7,null,null,null,null,null,null,null,null,null,null
Sat Oct 17 13:00:00 UTC 2026,0.83353,1.5601927003449999E7,null,null,null,null,null,null,null,null,null,null
Sat Oct 17 14:00:00 UTC 2026,0.83353,1.5601927003449999E7,null,null,null,null,null,null,null,null,null,null
Sat Oct 17 15:00:00 UTC 2026,0.83353,1.5601927003449999E7,null,null,null,null,null,null,null,null,null,null
Sat Oct 17 16:00:00 UTC 2026,0.83353,1.5601927003449999E7,null,null,null,null,null,null,null,null,null,null
Sat Oct 17 17:00:00 UTC 2026,0.83353,1.5601927003449999E7,null,null,null,null,null,null,null,null,null,null
Sat Oct 17 18:00:00 UTC 2026,0.83353,1.5601927003449999E7,null,null,null,null,null,null,null,null,null,null
Sat Oct 17 19:00:00 UTC 2026,0.83353,1.5601927003449999E7,null,null,null,null,null,null,null,null,null,null
Sat Oct 17 20:00:00 UTC 2026,0.83353,1.5601927003449999E7,null,null,null,null,null,null,null,null,null,null
Sat Oct 17 21:00:00 UTC 2026,0.83353,1.5601927003449999E7,null,null,null,null,null,null,null,null,null,null
Sat Oct 17 22:00:00 UTC 2026,0.83353,1.5601927003449999E7,null,null,null,null,null,null,null,null,null,null
Sat Oct 17 23:00:00 UTC 2026,0.83353,1.5601927003449999E7,null,null,null,null,null,null,null,null,null,null
Sun Oct 18 00:00:00 UTC 2026,0.83353,1.5601927003449999E7,null,null,null,null,null,null,null,null,null,null
Sun Oct 18 01:00:00 UTC 2026,0.83353,1.5601927003449999E7,null,null,null,null,null,null,null,null,null,null
Sun Oct 18 02:00:00 UTC 2026,0.83353,1.5601927003449999E7,null,null,null,null,null,null,null,null,null,null
Sun Oct 18 03:00:00 UTC 2026,0.83353,1.5601927003449999E7,null,null,null,null,null,null,null,null,null,null
Sun Oct 18 04:00:00 UTC 2026,0.83353,1.5601927003449999E7,null,null,null,null,null,null,null,null,null,null
Sun Oct 18 05:00:00 UTC 2026,0.83353,1.5601927003449999E7,null,null,null,null,null,null,null,null,null,null
Sun Oct 18 06:00:00 UTC 2026,0.83353,1.5601927003449999E7,null,null,null,null,null,null,null,null,null,null
Sun Oct 18 07:00:00 UTC 2026,0.83353,1.5601927003449999E7,null,null,null,null,null,null,null,null,null,null
Sun Oct 18 08:00:00 UTC 2026,0.83353,1.5601927003449999E7,null,null,null,null,null,null,null,null,null,null
Sun Oct 18 09:00:00 UTC 2026,0.83353,1.5601927003449999E7,null,null,null,null,null,null,null,null,null,null
Sun Oct 18 10:00:00 UTC 2026,0.83353,1.5601927003449999E7,null,null,null,null,null,null,null,null,null,null
Sun Oct 18 11:00:00 UTC 2026,0.83353,1.5601927003449999E7,null,null,null,null,null,null,null,null,null,null
Sun Oct 18 12:00:00 UTC 2026,0.83353,1.5601927003449999E7,null,null,null,null,null,null,null,null,null,null
Sun Oct 18 13:00:00 UTC 2026,0.83353,1.5601927003449999E7,null,null,null,null,null,null,null,null,null,null
Sun Oct 18 14:00:00 UTC 2026,0.83353,1.5601927003449999E7,null,null,null,null,null,null,null,null,null,null
Sun Oct 18 15:00:00 UTC 2026,0.83353,1.5601927003449999E7,null,null,null,null,null,null,null,null,null,null
Sun Oct 18 16:00:00 UTC 2026,0.83353,1.5601927003449999E7,null,null,null,null,null,null,null,null,null,null
Sun Oct 18 17:00:00 UTC 2026,0.83353,1.5601927003449999E7,null,null,null,null,null,null,null,null,null,null
Sun Oct 18 18:00:00 UTC 2026,0.83353,1.5601927003449999E7,null,null,null,null,null,null,null,null,null,null
Sun Oct 18 19:00:00 UTC 2026,0.83353,1.5601927003449999E7,null,null,null,null,null,null,null,null,null,null
Sun Oct 18 20:00:00 UTC 2026,0.83353,1.5601927003449999E7,null,null,null,null,null,null,null,null,null,null
Sun Oct 18 21:00:00 UTC 2026,0.83353,1.533613500345E7,null,null,null,null,null,null,null,null,null,null
Sun Oct 18 22:00:00 UTC 2026,0.83353,1.531551800345E7,null,null,null,null,null,null,null,null,null,null
Sun Oct 18 23:00:00 UTC 2026,0.83353,1.5682525003449999E7,null,null,null,null,null,null,null,null,null,null
Mon Oct 19 00:00:00 UTC 2026,0.83353,1.542488500345E7,null,null,null,null,null,null,null,null,null,null
Mon Oct 19 01:00:00 UTC 2026,0.83353,1.520582500345E7,null,null,null,null,null,null,null,null,null,null
Mon Oct 19 02:00:00 UTC 2026,0.83353,1.5535167003449999E7,null,null,null,null,null,null,null,null,null,null
Mon Oct 19 03:00:00 UTC 2026,0.83353,1.6148498003449999E7,null,null,null,null,null,null,null,null,null,null
Mon Oct 19 04:00:00 UTC 2026,0.83353,1.5834491003449999E7,null,null,null,null,null,null,null,null,null,null
Mon Oct 19 05:00:00 UTC 2026,0.83353,1.5850290003449999E7,null,null,null,null,null,null,null,null,null,null
Mon Oct 19 06:00:00 UTC 2026,0.83353,1.6048914003449999E7,null,null,null,null,null,null,null,null,null,null
Mon Oct 19 07:00:00 UTC 2026,0.83353,1.6091279003449999E7,null,null,null,null,null,null,null,null,null,null
Mon Oct 19 08:00:00 UTC 2026,0.83353,1.5906828003449999E7,null,null,null,null,null,null,null,null,null,null
Mon Oct 19 09:00:00 UTC 2026,0.83353,1.5875783003449999E7,null,null,null,null,null,null,null,null,null,null
Mon Oct 19 10:00:00 UTC 2026,0.83353,1.5629242003449999E7,null,null,null,null,null,null,null,null,null,null
Mon Oct 19 11:00:00 UTC 2026,0.83353,1.5920284003449999E7,null,null,null,null,null,null,null,null,null,null
Mon Oct 19 12:00:00 UTC 2026,0.83353,1.6062476003449999E7,null,null,null,null,null,null,null,null,null,null
Mon Oct 19 13:00:00 UTC 2026,0.83353,1.5935668003449999E7,null,null,null,null,null,null,null,null,null,null
Mon Oct 19 14:00:00 UTC 2026,0.83353,1.5898796003449999E7,null,null,null,null,null,null,null,null,null,null
Mon Oct 19 15:00:00 UTC 2026,0.83353,1.5760523003449999E7,null,null,null,null,null,null,null,null,null,null
Mon Oct 19 16:00:00 UTC 2026,0.83353,1.6064008003449999E7,null,null,null,null,null,null,null,null,null,null
Mon Oct 19 17:00:00 UTC 2026,0.83353,1.6021842003449999E7,null,null,null,null,null,null,null,null,null,null
Mon Oct 19 18:00:00 UTC 2026,0.83353,1.6380973003449999E7,null,null,null,null,null,null,null,null,null,null
Mon Oct 19 19:00:00 UTC 2026,0.83353,1.6113435003449999E7,null,null,null,null,null,null,null,null,null,null
Mon Oct 19 20:00:00 UTC 2026,0.83353,1.6142666003449999E7,null,null,null,null,null,null,null,null,null,null
Mon Oct 19 21:00:00 UTC 2026,0.83353,1.6087026003449999E7,null,null,null,null,null,null,null,null,null,null
Mon Oct 19 22:00:00 UTC 2026,0.83353,1.6146408003449999E7,null,null,null,null,null,null,null,null,null,null
Mon Oct 19 23:00:00 UTC 2026,0.83353,1.6252723003449999E7,null,null,null,null,null,null,null,null,null,null
Tue Oct 20 00:00:00 UTC 2026,0.83353,1.543410200345E7,null,null,null,null,null,null,null,null,null,null
Tue Oct 20 01:00:00 UTC 2026,0.83353,1.503920200345E7,null,null,null,null,null,null,null,null,null,null
Tue Oct 20 02:00:00 UTC 2026,0.83353,1.334317100345E7,null,null,null,null,null,null,null,null,null,null
Tue Oct 20 03:00:00 UTC 2026,0.83353,1.356142600345E7,null,null,null,null,null,null,null,null,null,null
Tue Oct 20 04:00:00 UTC 2026,0.83353,1.347092200345E7,null,null,null,null,null,null,null,null,null,null
Tue Oct 20 05:00:00 UTC 2026,0.83353,1.333116600345E7,null,null,null,null,null,null,null,null,null,null
Tue Oct 20 06:00:00 UTC 2026,0.83353,1.328671300345E7,null,null,null,null,null,null,null,null,null,null
Tue Oct 20 07:00:00 UTC 2026,0.83353,8236746.003450001,null,null,null,null,null,null,null,null,null,null
Tue Oct 20 08:00:00 UTC 2026,0.83353,8191873.003450001,null,null,null,null,null,null,null,null,null,null
Tue Oct 20 09:00:00 UTC 2026,0.83353,8239542.003450001,null,null,null,null,null,null,null,null,null,null
Tue Oct 20 10:00:00 UTC 2026,0.83353,8269347.003450001,null,null,null,null,null,null,null,null,null,null
Tue Oct 20 11:00:00 UTC 2026,0.83353,8207507.003450001,null,null,null,null,null,null,null,null,null,null
Tue Oct 20 12:00:00 UTC 2026,0.83353,8226969.003450001,null,null,null,null,null,null,null,null,null,null
Tue Oct 20 13:00:00 UTC 2026,0.83353,8235576.003450001,null,null,null,null,null,null,null,null,null,null
Tue Oct 20 14:00:00 UTC 2026,0.83353,8142167.003450001,null,null,null,null,null,null,null,null,null,null
Tue Oct 20 15:00:00 UTC 2026,0.83353,8014093.003450001,null,null,null,null,null,null,null,null,null,null
Tue Oct 20 16:00:00 UTC 2026,0.83353,8053589.003450001,null,null,null,null,null,null,null,null,null,null
Tue Oct 20 17:00:00 UTC 2026,0.83353,7951866.003450001,null,null,null,null,null,null,7952466.003450001,null,null,null
Tue Oct 20 18:00:00 UTC 2026,0.83353,8010246.003450001,null,null,null,null,null,null,7959513.707231514,null,null,null
Tue Oct 20 19:00:00 UTC 2026,0.83353,8098291.003450001,null,null,null,null,null,null,7966561.411013026,null,null,null
Tue Oct 20 20:00:00 UTC 2026,0.83353,7963671.003450001,null,null,null,null,null,null,7973609.114794539,null,null,null
Tue Oct 20 21:00:00 UTC 2026,0.83353,8031991.003450001,null,null,null,null,null,null,7980656.818576051,null,null,null
Tue Oct 20 22:00:00 UTC 2026,0.83353,7990516.003450001,null,null,null,null,null,null,7987704.522357564,null,null,null
Tue Oct 20 23:00:00 UTC 2026,0.83353,8027610.003450001,null,null,null,null,null,null,7994752.226139076,null,null,null
Wed Oct 21 00:00:00 UTC 2026,0.83353,8040706.003450001,null,null,null,null,null,null,8001799.92992059,null,null,null
Wed Oct 21 01:00:00 UTC 2026,0.83353,8189033.003450001,null,null,null,null,null,null,8008847.633702101,null,null,null
Wed Oct 21 02:00:00 UTC 2026,0.83353,8203391.003450001,null,null,null,null,null,null,8015895.337483614,null,null,null
Wed Oct 21 03:00:00 UTC 2026,0.83353,8182431.003450001,null,null,null,null,null,null,8022943.041265126,null,null,null
Wed Oct 21 04:00:00 UTC 2026,0.83353,8090981.003450001,null,null,null,null,null,null,8029990.745046639,null,null,null
Wed Oct 21 05:00:00 UTC 2026,0.83353,8066391.003450001,null,null,null,null,null,null,8037038.448828151,null,null,null
Wed Oct 21 06:00:00 UTC 2026,0.83353,8198098.003450001,null,null,null,null,null,null,8044086.152609664,null,null,null
Wed Oct 21 07:00:00 UTC 2026,0.83353,8140686.003450001,null,null,null,null,null,null,8051133.8563911775,null,null,null
Wed Oct 21 08:00:00 UTC 2026,0.83353,8178380.003450001,null,null,null,null,null,null,8058181.56017269,null,null,null
Wed Oct 21 09:00:00 UTC 2026,0.83353,8233831.003450001,null,null,null,null,null,null,8065229.263954203,null,null,null
Wed Oct 21 10:00:00 UTC 2026,0.83353,8159716.003450001,null,null,null,null,null,null,8072276.967735715,null,null,null
Wed Oct 21 11:00:00 UTC 2026,0.83353,8212910.003450001,null,null,null,null,null,null,8079324.671517228,null,null,null
Wed Oct 21 12:00:00 UTC 2026,0.83353,8246444.003450001,null,null,null,null,null,null,8086372.37529874,null,null,null
Wed Oct 21 13:00:00 UTC 2026,0.83353,8344353.003450001,null,null,null,null,null,null,8093420.079080253,null,null,null
Wed Oct 21 14:00:00 UTC 2026,0.83353,8286888.003450001,null,null,null,null,null,null,8100467.7828617655,null,null,null
Wed Oct 21 15:00:00 UTC 2026,0.83353,8209183.003450001,null,null,null,null,null,null,8107515.486643278,null,null,null
Wed Oct 21 16:00:00 UTC 2026,0.83353,8273396.003450001,null,null,null,null,null,null,8114563.190424791,null,null,null
Wed Oct 21 17:00:00 UTC 2026,0.83353,8131583.003450001,null,null,null,null,null,null,8121610.894206303,null,null,null
Wed Oct 21 18:00:00 UTC 2026,0.83353,8189524.003450001,null,null,null,null,null,null,8128658.597987816,null,null,null
Wed Oct 21 19:00:00 UTC 2026,0.83353,8263007.003450001,null,null,null,null,null,null,8135706.301769328,null,null,null
Wed Oct 21 20:00:00 UTC 2026,0.83353,8270440.003450001,null,null,null,null,null,null,8142754.005550841,null,null,null
Wed Oct 21 21:00:00 UTC 2026,0.83353,8117696.003450001,null,null,null,null,null,null,8149801.709332353,null,null,null
Wed Oct 21 22:00:00 UTC 2026,0.83353,8118124.003450001,null,null,null,null,null,null,8156849.413113866,null,null,null
Wed Oct 21 23:00:00 UTC 2026,0.83353,8111176.003450001,null,null,null,null,null,null,8163897.116895379,null,null,null
Thu Oct 22 00:00:00 UTC 2026,0.83353,9717316.00345,null,null,null,null,null,null,8170944.820676892,null,null,null
Thu Oct 22 01:00:00 UTC 2026,0.83353,9642014.00345,null,null,null,null,null,null,8177992.524458404,null,null,null
Thu Oct 22 02:00:00 UTC 2026,0.83353,9720647.00345,null,null,null,null,null,null,8185040.228239917,null,null,null
Thu Oct 22 03:00:00 UTC 2026,0.83353,9373236.00345,null,null,null,null,null,null,8192087.932021429,null,null,null
Thu Oct 22 04:00:00 UTC 2026,0.83353,9435495.00345,null,null,null,null,null,null,8199135.635802942,null,null,null
Thu Oct 22 05:00:00 UTC 2026,0.83353,9431782.00345,null,null,null,null,null,null,8206183.339584455,null,null,null
Thu Oct 22 06:00:00 UTC 2026,0.83353,9371457.00345,null,null,null,null,null,null,8213231.043365967,null,null,null
Thu Oct 22 07:00:00 UTC 2026,0.83353,9347886.00345,null,null,null,null,null,null,8220278.74714748,null,null,null
Thu Oct 22 08:00:00 UTC 2026,0.83353,9246090.00345,null,null,null,null,null,null,8227326.450928992,null,null,null
Thu Oct 22 09:00:00 UTC 2026,0.83353,9165498.00345,null,null,null,null,null,null,8234374.154710505,null,null,null
Thu Oct 22 10:00:00 UTC 2026,0.83353,9037351.00345,null,null,null,null,null,null,8241421.858492017,null,null,null
Thu Oct 22 11:00:00 UTC 2026,0.83353,9046849.00345,null,null,null,null,null,null,8248469.56227353,null,null,null
Thu Oct 22 12:00:00 UTC 2026,0.83353,8979971.00345,null,null,null,null,null,null,8255517.266055042,null,null,null
Thu Oct 22 13:00:00 UTC 2026,0.83353,8936305.00345,null,null,null,null,null,null,8262564.969836555,null,null,null
Thu Oct 22 14:00:00 UTC 2026,0.83353,8965386.00345,null,null,null,null,null,null,8269612.673618068,null,null,null
Thu Oct 22 15:00:00 UTC 2026,0.83353,8876276.00345,null,null,null,null,null,null,8276660.377399581,null,null,null
Thu Oct 22 16:00:00 UTC 2026,0.83353,8836047.00345,null,null,null,null,null,null,8283708.081181094,null,null,null
Thu Oct 22 17:00:00 UTC 2026,0.83353,8853490.00345,null,null,null,null,null,null,8290755.784962606,null,null,null
Thu Oct 22 18:00:00 UTC 2026,0.83353,8790151.00345,null,null,null,null,null,null,8297803.488744119,null,null,null
Thu Oct 22 19:00:00 UTC 2026,0.83353,8774825.00345,null,null,null,null,null,null,8304851.192525631,null,null,null
Thu Oct 22 20:00:00 UTC 2026,0.83353,8756140.00345,null,null,null,null,null,null,8311898.896307144,null,null,null
Thu Oct 22 21:00:00 UTC 2026,0.83353,8714498.00345,null,null,null,null,null,null,8318946.600088656,null,null,null
Thu Oct 22 22:00:00 UTC 2026,0.83353,8800501.00345,null,null,null,null,null,null,8325994.3038701685,null,null,null
Thu Oct 22 23:00:00 UTC 2026,0.83353,8763863.00345,null,null,null,null,null,null,8333042.007651681,null,null,null
Fri Oct 23 00:00:00 UTC 2026,0.83353,8797789.00345,null,null,null,null,null,null,8340089.711433194,null,null,null
Fri Oct 23 01:00:00 UTC 2026,0.83353,8864612.00345,null,null,null,null,null,null,8347137.415214706,null,null,null
Fri Oct 23 02:00:00 UTC 2026,0.83353,8909140.00345,null,null,null,null,null,null,8354185.118996219,null,null,null
Fri Oct 23 03:00:00 UTC 2026,0.83353,8757789.00345,null,null,null,null,null,null,8361232.822777731,null,null,null
Fri Oct 23 04:00:00 UTC 2026,0.83353,8818563.00345,null,null,null,null,null,null,8368280.526559244,null,null,null
Fri Oct 23 05:00:00 UTC 2026,0.83353,8899147.00345,null,null,null,null,null,null,8375328.2303407565,null,null,null
Fri Oct 23 06:00:00 UTC 2026,0.83353,8954171.00345,null,null,null,null,null,null,8382375.93412227,null,null,null
Fri Oct 23 07:00:00 UTC 2026,0.83353,8925140.00345,null,null,null,null,null,null,8389423.637903782,null,null,null
Fri Oct 23 08:00:00 UTC 2026,0.83353,8927074.00345,null,null,null,null,null,null,8396471.341685295,null,null,null
Fri Oct 23 09:00:00 UTC 2026,0.83353,9084048.00345,null,null,null,null,null,null,8403519.045466807,null,null,null
Fri Oct 23 10:00:00 UTC 2026,0.83353,9107456.00345,null,null,null,null,null,null,8410566.74924832,null,null,null
Fri Oct 23 11:00:00 UTC 2026,0.83353,9135132.00345,null,null,null,null,null,null,8417614.453029832,null,null,null
Fri Oct 23 12:00:00 UTC 2026,0.83353,9091043.00345,null,null,null,null,null,null,8424662.156811345,null,null,null
Fri Oct 23 13:00:00 UTC 2026,0.83353,8852901.00345,null,null,null,null,null,null,8431709.860592857,null,null,null
Fri Oct 23 14:00:00 UTC 2026,0.83353,8896930.00345,null,null,null,null,null,null,8438757.56437437,null,null,null
Fri Oct 23 15:00:00 UTC 2026,0.83353,8885193.00345,null,null,null,null,null,null,8445805.268155884,null,null,null
Fri Oct 23 16:00:00 UTC 2026,0.83353,8890306.00345,null,null,null,null,null,null,8452852.971937396,null,null,null
Fri Oct 23 17:00:00 UTC 2026,0.83353,8895336.00345,null,null,null,null,null,null,8459900.675718907,null,null,null
Fri Oct 23 18:00:00 UTC 2026,0.83353,8996059.00345,null,null,null,null,null,null,8466948.37950042,null,null,null
Fri Oct 23 19:00:00 UTC 2026,0.83353,9063701.00345,null,null,null,null,null,null,8473996.083281934,null,null,null
Fri Oct 23 20:00:00 UTC 2026,0.83353,8933401.00345,null,null,null,null,null,null,8481043.787063446,null,null,null
Fri Oct 23 21:00:00 UTC 2026,0.83353,8933401.00345,null,null,null,null,null,null,8488091.490844958,null,null,null
Fri Oct 23 22:00:00 UTC 2026,0.83353,8933401.00345,null,null,null,null,null,null,8495139.194626471,null,null,null
Fri Oct 23 23:00:00 UTC 2026,0.83353,8933401.00345,null,null,null,null,null,null,8502186.898407985,null,null,null
Sat Oct 24 00:00:00 UTC 2026,0.83353,8933401.00345,null,null,null,null,null,null,8509234.602189496,null,null,null
Sat Oct 24 01:00:00 UTC 2026,0.83353,8933401.00345,null,null,null,null,null,null,8516282.30597101,null,null,null
Sat Oct 24 02:00:00 UTC 2026,0.83353,8933401.00345,null,null,null,null,null,null,8523330.009752523,null,null,null
Sat Oct 24 03:00:00 UTC 2026,0.83353,8933401.00345,null,null,null,null,null,null,8530377.713534035,null,null,null
Sat Oct 24 04:00:00 UTC 2026,0.83353,8933401.00345,null,null,null,null,null,null,8537425.417315546,null,null,null
Sat Oct 24 05:00:00 UTC 2026,0.83353,8933401.00345,null,null,null,null,null,null,8544473.12109706,null,null,null
Sat Oct 24 06:00:00 UTC 2026,0.83353,8933401.00345,null,null,null,null,null,null,8551520.824878572,null,null,null
Sat Oct 24 07:00:00 UTC 2026,0.83353,8933401.00345,null,null,null,null,null,null,8558568.528660085,null,null,null
Sat Oct 24 08:00:00 UTC 2026,0.83353,8933401.00345,null,null,null,null,null,null,8565616.232441597,null,null,null
Sat Oct 24 09:00:00 UTC 2026,0.83353,8933401.00345,null,null,null,null,null,null,8572663.93622311,null,null,null
Sat Oct 24 10:00:00 UTC 2026,0.83353,8933401.00345,null,null,null,null,null,null,8579711.640004622,null,null,null
Sat Oct 24 11:00:00 UTC 2026,0.83353,8933401.00345,null,null,null,null,null,null,8586759.343786135,null,null,null
Sat Oct 24 12:00:00 UTC 2026,0.83353,8933401.00345,null,null,null,null,null,null,8593807.047567647,null,null,null
Sat Oct 24 13:00:00 UTC 2026,0.83353,8933401.00345,null,null,null,null,null,null,8600854.75134916,null,null,null
Sat Oct 24 14:00:00 UTC 2026,0.83353,8933401.00345,null,null,null,null,null,null,8607902.455130674,null,null,null
Sat Oct 24 15:00:00 UTC 2026,0.83353,8933401.00345,null,null,null,null,null,null,8614950.158912186,null,null,null
Sat Oct 24 16:00:00 UTC 2026,0.83353,8933401.00345,null,null,null,null,null,null,8621997.8626937,null,null,null
Sat Oct 24 17:00:00 UTC 2026,0.83353,8933401.00345,null,null,null,null,null,null,8629045.56647521,null,null,null
Sat Oct 24 18:00:00 UTC 2026,0.83353,8933401.00345,null,null,null,null,null,null,8636093.270256722,null,null,null
Sat Oct 24 19:00:00 UTC 2026,0.83353,8933401.00345,null,null,null,null,null,null,8643140.974038236,null,null,null
Sat Oct 24 20:00:00 UTC 2026,0.83353,8933401.00345,null,null,null,null,null,null,8650188.677819747,null,null,null
Sat Oct 24 21:00:00 UTC 2026,0.83353,8933401.00345,null,null,null,null,null,null,8657236.381601261,null,null,null
Sat Oct 24 22:00:00 UTC 2026,0.83353,8933401.00345,null,null,null,null,null,null,8664284.085382773,null,null,null
Sat Oct 24 23:00:00 UTC 2026,0.83353,8933401.00345,null,null,null,null,null,null,8671331.789164286,null,null,null
Sun Oct 25 00:00:00 UTC 2026,0.83353,8933401.00345,null,null,null,null,null,null,8678379.492945798,null,null,null
Sun Oct 25 01:00:00 UTC 2026,0.83353,8933401.00345,null,null,null,null,null,null,8685427.196727311,null,null,null
Sun Oct 25 02:00:00 UTC 2026,0.83353,8933401.00345,null,null,null,null,null,null,8692474.900508825,null,null,null
Sun Oct 25 03:00:00 UTC 2026,0.83353,8933401.00345,null,null,null,null,null,null,8699522.604290336,null,null,null
Sun Oct 25 04:00:00 UTC 2026,0.83353,8933401.00345,null,null,null,null,null,null,8706570.30807185,null,null,null
Sun Oct 25 05:00:00 UTC 2026,0.83353,8933401.00345,null,null,null,null,null,null,8713618.011853362,null,null,null
Sun Oct 25 06:00:00 UTC 2026,0.83353,8933401.00345,null,null,null,null,null,null,8720665.715634875,null,null,null
Sun Oct 25 07:00:00 UTC 2026,0.83353,8933401.00345,null,null,null,null,null,null,8727713.419416387,null,null,null
Sun Oct 25 08:00:00 UTC 2026,0.83353,8933401.00345,null,null,null,null,null,null,8734761.1231979,null,null,null
Sun Oct 25 09:00:00 UTC 2026,0.83353,8933401.00345,null,null,null,null,null,null,8741808.826979412,null,null,null
Sun Oct 25 10:00:00 UTC 2026,0.83353,8933401.00345,null,null,null,null,null,null,8748856.530760925,null,null,null
Sun Oct 25 11:00:00 UTC 2026,0.83353,8933401.00345,null,null,null,null,null,null,8755904.234542437,null,null,null
Sun Oct 25 12:00:00 UTC 2026,0.83353,8933401.00345,null,null,null,null,null,null,8762951.93832395,null,null,null
Sun Oct 25 13:00:00 UTC 2026,0.83353,8933401.00345,null,null,null,null,null,null,8769999.642105464,null,null,null
Sun Oct 25 14:00:00 UTC 2026,0.83353,8933401.00345,null,null,null,null,null,null,8777047.345886976,null,null,null
Sun Oct 25 15:00:00 UTC 2026,0.83353,8933401.00345,null,null,null,null,null,null,8784095.049668487,null,null,null
Sun Oct 25 16:00:00 UTC 2026,0.83353,8933401.00345,null,null,null,null,null,null,8791142.75345,null,null,null
Sun Oct 25 17:00:00 UTC 2026,0.83353,8933401.00345,null,null,null,null,null,null,8798190.457231514,null,null,null
Sun Oct 25 18:00:00 UTC 2026,0.83353,8933401.00345,null,null,null,null,null,null,8805238.161013026,null,null,null
Sun Oct 25 19:00:00 UTC 2026,0.83353,8933401.00345,null,null,null,null,null,null,8812285.864794537,null,null,null
Sun Oct 25 20:00:00 UTC 2026,0.83353,8933401.00345,null,null,null,null,null,null,8819333.568576053,null,null,null
Sun Oct 25 21:00:00 UTC 2026,0.83353,8733088.00345,null,null,null,null,null,null,8826381.272357564,null,null,null
Sun Oct 25 22:00:00 UTC 2026,0.83353,8649938.00345,null,null,null,null,null,null,8833428.976139076,null,null,null
Sun Oct 25 23:00:00 UTC 2026,0.83353,8794122.00345,null,null,null,null,null,null,8840476.67992059,null,null,null
Mon Oct 26 00:00:00 UTC 2026,0.83353,8856412.00345,null,null,null,null,null,null,8847524.383702101,null,null,null
Mon Oct 26 01:00:00 UTC 2026,0.83353,8758143.00345,null,null,null,null,null,null,8854572.087483615,null,null,null
Mon Oct 26 02:00:00 UTC 2026,0.83353,8849982.00345,null,null,null,null,null,null,8861619.791265126,null,null,null
Mon Oct 26 03:00:00 UTC 2026,0.83353,8818756.00345,null,null,null,null,null,null,8868667.495046638,null,null,null
Mon Oct 26 04:00:00 UTC 2026,0.83353,8762588.00345,null,null,null,null,null,null,8875715.198828151,null,null,null
Mon Oct 26 05:00:00 UTC 2026,0.83353,8860504.00345,null,null,null,null,null,null,8882762.902609665,null,null,null
Mon Oct 26 06:00:00 UTC 2026,0.83353,8901126.00345,null,null,null,null,null,null,8889810.606391177,null,null,null
Mon Oct 26 07:00:00 UTC 2026,0.83353,8881907.00345,null,null,null,null,null,null,8896858.31017269,null,null,null
Mon Oct 26 08:00:00 UTC 2026,0.83353,8893693.00345,null,null,null,null,null,null,8903906.013954204,null,null,null
Mon Oct 26 09:00:00 UTC 2026,0.83353,8938676.00345,null,null,null,null,null,null,8910953.717735715,null,null,null
Mon Oct 26 10:00:00 UTC 2026,0.83353,8997642.00345,null,null,null,null,null,null,8918001.421517227,null,null,null
Mon Oct 26 11:00:00 UTC 2026,0.83353,8985453.00345,null,null,null,null,null,null,8925049.12529874,null,null,null
Mon Oct 26 12:00:00 UTC 2026,0.83353,8975109.00345,null,null,null,null,null,null,8932096.829080254,null,null,null
Mon Oct 26 13:00:00 UTC 2026,0.83353,8962400.00345,null,null,null,null,null,null,8939144.532861765,null,null,null
Mon Oct 26 14:00:00 UTC 2026,0.83353,8917395.00345,null,null,null,null,null,null,8946192.236643279,null,null,null
Mon Oct 26 15:00:00 UTC 2026,0.83353,8898474.00345,null,null,null,null,null,null,8953239.94042479,null,null,null
Mon Oct 26 16:00:00 UTC 2026,0.83353,8879701.00345,null,null,null,null,null,null,8960287.644206302,null,null,null
Mon Oct 26 17:00:00 UTC 2026,0.83353,8903057.00345,null,null,null,null,null,null,8967335.347987816,null,null,null
Mon Oct 26 18:00:00 UTC 2026,0.83353,9008355.00345,null,null,null,null,null,null,8974383.051769327,null,null,null
Mon Oct 26 19:00:00 UTC 2026,0.83353,9038280.00345,null,null,null,null,null,null,8981430.75555084,null,null,null
Mon Oct 26 20:00:00 UTC 2026,0.83353,9012430.00345,null,null,null,null,null,null,8988478.459332354,null,null,null
Mon Oct 26 21:00:00 UTC 2026,0.83353,8986950.00345,null,null,null,null,null,null,8995526.163113866,null,null,null
Mon Oct 26 22:00:00 UTC 2026,0.83353,9036273.00345,null,null,null,null,null,null,9002573.86689538,null,null,null
Mon Oct 26 23:00:00 UTC 2026,0.83353,8931916.00345,null,null,null,null,null,null,9009621.570676891,null,null,null
Tue Oct 27 00:00:00 UTC 2026,0.83353,8854687.00345,null,null,null,null,null,null,9016669.274458405,null,null,null
Tue Oct 27 01:00:00 UTC 2026,0.83353,8873700.00345,null,null,null,null,null,null,9023716.978239916,null,null,null
Tue Oct 27 02:00:00 UTC 2026,0.83353,8923131.00345,null,null,null,null,null,null,9030764.68202143,null,null,null
Tue Oct 27 03:00:00 UTC 2026,0.83353,8945293.00345,null,null,null,null,null,null,9037812.385802941,null,null,null
Tue Oct 27 04:00:00 UTC 2026,0.83353,8913378.00345,null,null,null,null,null,null,9044860.089584455,null,null,null
Tue Oct 27 05:00:00 UTC 2026,0.83353,8930237.00345,null,null,null,null,null,null,9051907.793365967,null,null,null
Tue Oct 27 06:00:00 UTC 2026,0.83353,8996032.00345,null,null,null,null,null,null,9058955.497147478,null,null,null
Tue Oct 27 07:00:00 UTC 2026,0.83353,8988445.00345,null,null,null,null,null,null,9066003.200928992,null,null,null
Tue Oct 27 08:00:00 UTC 2026,0.83353,1.118406700345E7,null,null,null,null,null,null,9073050.904710505,null,null,null
Tue Oct 27 09:00:00 UTC 2026,0.83353,1.117840700345E7,null,null,null,null,null,null,9080098.608492017,null,null,null
Tue Oct 27 10:00:00 UTC 2026,0.83353,1.117136200345E7,null,null,null,null,null,null,9087146.31227353,null,null,null
Tue Oct 27 11:00:00 UTC 2026,0.83353,1.117142600345E7,null,null,null,null,null,null,9094194.016055044,null,null,null
Tue Oct 27 12:00:00 UTC 2026,0.83353,1.117352000345E7,null,null,null,null,null,null,9101241.719836555,null,null,null
Tue Oct 27 13:00:00 UTC 2026,0.83353,1.118335900345E7,null,null,null,null,null,null,9108289.423618067,null,null,null
Tue Oct 27 14:00:00 UTC 2026,0.83353,1.118813900345E7,null,null,null,null,null,null,9115337.12739958,null,null,null
Tue Oct 27 15:00:00 UTC 2026,0.83353,1.118709900345E7,null,null,null,null,null,null,9122384.831181094,null,null,null
Tue Oct 27 16:00:00 UTC 2026,0.83353,1.118877200345E7,null,null,null,null,null,null,9129432.534962606,null,null,null
Tue Oct 27 17:00:00 UTC 2026,0.83353,1.119050300345E7,null,null,null,null,null,null,9136480.23874412,null,null,null
Tue Oct 27 18:00:00 UTC 2026,0.83353,1.119037000345E7,null,null,null,null,null,null,9143527.942525633,null,null,null
Tue Oct 27 19:00:00 UTC 2026,0.83353,1.119211600345E7,null,null,null,null,null,null,9150575.646307144,null,null,null
Tue Oct 27 20:00:00 UTC 2026,0.83353,1.119747100345E7,null,null,null,null,null,null,9157623.350088656,null,null,null
Tue Oct 27 21:00:00 UTC 2026,0.83353,1.120086500345E7,null,null,null,null,null,null,9164671.053870168,null,null,null
Tue Oct 27 22:00:00 UTC 2026,0.83353,1.120268600345E7,null,null,null,null,null,null,9171718.757651681,null,null,null
Tue Oct 27 23:00:00 UTC 2026,0.83353,1.120101500345E7,null,null,null,null,null,null,9178766.461433195,null,null,null
Wed Oct 28 00:00:00 UTC 2026,0.83353,1.120514800345E7,null,null,null,null,null,null,9185814.165214706,null,null,null
Wed Oct 28 01:00:00 UTC 2026,0.83353,1.120534500345E7,null,null,null,null,null,null,9192861.86899622,null,null,null
Wed Oct 28 02:00:00 UTC 2026,0.83353,1.120342300345E7,null,null,null,null,null,null,9199909.572777731,null,null,null
Wed Oct 28 03:00:00 UTC 2026,0.83353,1.120625100345E7,null,null,null,null,null,null,9206957.276559245,null,null,null
Wed Oct 28 04:00:00 UTC 2026,0.83353,1.120226400345E7,null,null,null,null,null,null,9214004.980340756,null,null,null
Wed Oct 28 05:00:00 UTC 2026,0.83353,1.120452700345E7,null,null,null,null,null,null,9221052.684122268,null,null,null
Wed Oct 28 06:00:00 UTC 2026,0.83353,1.120984800345E7,null,null,null,null,null,null,9228100.387903783,null,null,null
Wed Oct 28 07:00:00 UTC 2026,0.83353,1.121118800345E7,null,null,null,null,null,null,9235148.091685295,null,null,null
Wed Oct 28 08:00:00 UTC 2026,0.83353,1.121136600345E7,null,null,null,null,null,null,9242195.795466807,null,null,null
Wed Oct 28 09:00:00 UTC 2026,0.83353,1.120556900345E7,null,null,null,null,null,null,9249243.49924832,null,null,null
Wed Oct 28 10:00:00 UTC 2026,0.83353,1.120202000345E7,null,null,null,null,null,null,9256291.203029834,null,null,null
Wed Oct 28 11:00:00 UTC 2026,0.83353,1.120816000345E7,null,null,null,null,null,null,9263338.906811345,null,null,null
Wed Oct 28 12:00:00 UTC 2026,0.83353,1.121270400345E7,null,null,null,null,null,null,9270386.610592857,null,null,null
Wed Oct 28 13:00:00 UTC 2026,0.83353,1.121067900345E7,null,null,null,null,null,null,9277434.31437437,null,null,null
Wed Oct 28 14:00:00 UTC 2026,0.83353,1.121037900345E7,null,null,null,null,null,null,9284482.018155882,null,null,null
Wed Oct 28 15:00:00 UTC 2026,0.83353,1.121737600345E7,null,null,null,null,null,null,9291529.721937396,null,null,null
Wed Oct 28 16:00:00 UTC 2026,0.83353,1.122248400345E7,null,null,null,null,null,null,9298577.425718907,null,null,null
Wed Oct 28 17:00:00 UTC 2026,0.83353,1.122817700345E7,null,null,null,null,null,null,9305625.12950042,null,null,null
Wed Oct 28 18:00:00 UTC 2026,0.83353,1.123285800345E7,null,null,null,null,null,null,9312672.833281934,null,null,null
Wed Oct 28 19:00:00 UTC 2026,0.83353,1.122906000345E7,null,null,null,null,null,null,9319720.537063446,null,null,null
Wed Oct 28 20:00:00 UTC 2026,0.83353,1.122782500345E7,null,null,null,null,null,null,9326768.24084496,null,null,null
Wed Oct 28 21:00:00 UTC 2026,0.83353,1.123348500345E7,null,null,null,null,null,null,9333815.944626471,null,null,null
Wed Oct 28 22:00:00 UTC 2026,0.83353,1.123625300345E7,null,null,null,null,null,null,9340863.648407985,null,null,null
Wed Oct 28 23:00:00 UTC 2026,0.83353,1.123486500345E7,null,null,null,null,null,null,9347911.352189496,null,null,null
Thu Oct 29 00:00:00 UTC 2026,0.83353,1.123782700345E7,null,null,null,null,null,null,9354959.05597101,null,null,null
Thu Oct 29 01:00:00 UTC 2026,0.83353,1.123695700345E7,null,null,null,null,null,null,9362006.759752521,null,null,null
Thu Oct 29 02:00:00 UTC 2026,0.83353,1.124377300345E7,null,null,null,null,null,null,9369054.463534035,null,null,null
Thu Oct 29 03:00:00 UTC 2026,0.83353,1.124231200345E7,null,null,null,null,null,null,9376102.167315546,null,null,null
Thu Oct 29 04:00:00 UTC 2026,0.83353,1.124774200345E7,null,null,null,null,null,null,9383149.871097058,null,null,null
Thu Oct 29 05:00:00 UTC 2026,0.83353,1.124584000345E7,null,null,null,null,null,null,9390197.574878572,null,null,null
Thu Oct 29 06:00:00 UTC 2026,0.83353,1.123887900345E7,null,null,null,null,null,null,9397245.278660085,null,null,null
Thu Oct 29 07:00:00 UTC 2026,0.83353,1.123904200345E7,null,null,null,null,null,null,9404292.982441597,null,null,null
Thu Oct 29 08:00:00 UTC 2026,0.83353,1.124252100345E7,null,null,null,null,null,null,9411340.686223108,null,null,null
Thu Oct 29 09:00:00 UTC 2026,0.83353,1.124938400345E7,null,null,null,null,null,null,9418388.390004624,null,null,null
Thu Oct 29 10:00:00 UTC 2026,0.83353,1.125133300345E7,null,null,null,null,null,null,9425436.093786135,null,null,null
Thu Oct 29 11:00:00 UTC 2026,0.83353,1.123952300345E7,null,null,null,null,null,null,9432483.797567647,null,null,null
Thu Oct 29 12:00:00 UTC 2026,0.83353,1.123896200345E7,null,null,null,null,null,null,9439531.50134916,null,null,null
Thu Oct 29 13:00:00 UTC 2026,0.83353,1.123977300345E7,null,null,null,null,null,null,9446579.205130674,null,null,null
Thu Oct 29 14:00:00 UTC 2026,0.83353,1.123497900345E7,null,null,null,null,null,null,9453626.908912186,null,null,null
Thu Oct 29 15:00:00 UTC 2026,0.83353,1.124206600345E7,null,null,null,null,null,null,9460674.612693697,null,null,null
Thu Oct 29 16:00:00 UTC 2026,0.83353,1.123649400345E7,null,null,null,null,null,null,9467722.316475213,null,null,null
Thu Oct 29 17:00:00 UTC 2026,0.83353,1.123958500345E7,null,null,null,null,null,null,9474770.020256724,null,null,null
Thu Oct 29 18:00:00 UTC 2026,0.83353,1.122841000345E7,null,null,null,null,null,null,9481817.724038236,null,null,null
Thu Oct 29 19:00:00 UTC 2026,0.83353,1.122909700345E7,null,null,null,null,null,null,9488865.427819747,null,null,null
Thu Oct 29 20:00:00 UTC 2026,0.83353,1.123139200345E7,null,null,null,null,null,null,9495913.13160126,null,null,null
Thu Oct 29 21:00:00 UTC 2026,0.83353,1.123006900345E7,null,null,null,null,null,null,9502960.835382774,null,null,null
Thu Oct 29 22:00:00 UTC 2026,0.83353,1.122559500345E7,null,null,null,null,null,null,9510008.539164286,null,null,null
Thu Oct 29 23:00:00 UTC 2026,0.83353,1.121216800345E7,null,null,null,null,null,null,9517056.242945798,null,null,null
Fri Oct 30 00:00:00 UTC 2026,0.83353,1.121537400345E7,null,null,null,null,null,null,9524103.946727311,null,null,null
Fri Oct 30 01:00:00 UTC 2026,0.83353,1.121873300345E7,null,null,null,null,null,null,9531151.650508825,null,null,null
Fri Oct 30 02:00:00 UTC 2026,0.83353,1.122846900345E7,null,null,null,null,null,null,9538199.354290336,null,null,null
Fri Oct 30 03:00:00 UTC 2026,0.83353,1.122690500345E7,null,null,null,null,null,null,9545247.058071848,null,null,null
Fri Oct 30 04:00:00 UTC 2026,0.83353,1.121909300345E7,null,null,null,null,null,null,9552294.761853362,null,null,null
Fri Oct 30 05:00:00 UTC 2026,0.83353,1.122327700345E7,null,null,null,null,null,null,9559342.465634875,null,null,null
Fri Oct 30 06:00:00 UTC 2026,0.83353,1.122978400345E7,null,null,null,null,null,null,9566390.169416387,null,null,null
Fri Oct 30 07:00:00 UTC 2026,0.83353,1.124255000345E7,null,null,null,null,null,null,9573437.8731979,null,null,null
Fri Oct 30 08:00:00 UTC 2026,0.83353,1.122850000345E7,null,null,null,null,null,null,9580485.576979412,null,null,null
Fri Oct 30 09:00:00 UTC 2026,0.83353,1.123681700345E7,null,null,null,null,null,null,9587533.280760925,null,null,null
Fri Oct 30 10:00:00 UTC 2026,0.83353,1.123396100345E7,null,null,null,null,null,null,9594580.984542437,null,null,null
Fri Oct 30 11:00:00 UTC 2026,0.83353,1.123650100345E7,null,null,null,null,null,null,9601628.68832395,null,null,null
Fri Oct 30 12:00:00 UTC 2026,0.83353,1.123768800345E7,null,null,null,null,null,null,9608676.392105464,null,null,null
Fri Oct 30 13:00:00 UTC 2026,0.83353,1.123848300345E7,null,null,null,null,null,null,9615724.095886976,null,null,null
Fri Oct 30 14:00:00 UTC 2026,0.83353,1.124383200345E7,null,null,null,null,null,null,9622771.799668489,null,null,null
Fri Oct 30 15:00:00 UTC 2026,0.83353,1.124240500345E7,null,null,null,null,null,null,9629819.50345,null,null,null
Fri Oct 30 16:00:00 UTC 2026,0.83353,1.123261800345E7,null,null,null,null,null,null,9636867.207231512,null,null,null
Fri Oct 30 17:00:00 UTC 2026,0.83353,1.123341000345E7,null,null,null,null,null,null,9643914.911013026,null,null,null
Fri Oct 30 18:00:00 UTC 2026,0.83353,1.123420200345E7,null,null,null,null,null,null,9650962.614794537,null,null,null
Fri Oct 30 19:00:00 UTC 2026,0.83353,1.122646200345E7,null,null,null,null,null,null,9658010.31857605,null,null,null
Fri Oct 30 20:00:00 UTC 2026,0.83353,1.122905000345E7,null,null,null,null,null,null,9665058.022357563,null,null,null
Fri Oct 30 21:00:00 UTC 2026,0.83353,1.122905000345E7,null,null,null,null,null,null,9672105.726139076,null,null,null
Fri Oct 30 22:00:00 UTC 2026,0.83353,1.122905000345E7,null,null,null,null,null,null,9679153.429920588,null,null,null
Fri Oct 30 23:00:00 UTC 2026,0.83353,1.122905000345E7,null,null,null,null,null,null,9686201.133702103,null,null,null
Sat Oct 31 00:00:00 UTC 2026,0.83353,1.122905000345E7,null,null,null,null,null,null,9693248.837483615,null,null,null
Sat Oct 31 01:00:00 UTC 2026,0.83353,1.122905000345E7,null,null,null,null,null,null,9700296.541265126,null,null,null
Sat Oct 31 02:00:00 UTC 2026,0.83353,1.122905000345E7,null,null,null,null,null,null,9707344.24504664,null,null,null
Sat Oct 31 03:00:00 UTC 2026,0.83353,1.122905000345E7,null,null,null,null,null,null,9714391.948828153,null,null,null
Sat Oct 31 04:00:00 UTC 2026,0.83353,1.122905000345E7,null,null,null,null,null,null,9721439.652609665,null,null,null
Sat Oct 31 05:00:00 UTC 2026,0.83353,1.122905000345E7,null,null,null,null,null,null,9728487.356391177,null,null,null
Sat Oct 31 06:00:00 UTC 2026,0.83353,1.122905000345E7,null,null,null,null,null,null,9735535.06017269,null,null,null
Sat Oct 31 07:00:00 UTC 2026,0.83353,1.122905000345E7,null,null,null,null,null,null,9742582.763954204,null,null,null
Sat Oct 31 08:00:00 UTC 2026,0.83353,1.122905000345E7,null,null,null,null,null,null,9749630.467735715,null,null,null
Sat Oct 31 09:00:00 UTC 2026,0.83353,1.122905000345E7,null,null,null,null,null,null,9756678.171517227,null,null,null
Sat Oct 31 10:00:00 UTC 2026,0.83353,1.122905000345E7,null,null,null,null,null,null,9763725.87529874,null,null,null
Sat Oct 31 11:00:00 UTC 2026,0.83353,1.122905000345E7,null,null,null,null,null,null,9770773.579080252,null,null,null
Sat Oct 31 12:00:00 UTC 2026,0.83353,1.122905000345E7,null,null,null,null,null,null,9777821.282861765,null,null,null
Sat Oct 31 13:00:00 UTC 2026,0.83353,1.122905000345E7,null,null,null,null,null,null,9784868.986643277,null,null,null
Sat Oct 31 14:00:00 UTC 2026,0.83353,1.122905000345E7,null,null,null,null,null,null,9791916.69042479,null,null,null
Sat Oct 31 15:00:00 UTC 2026,0.83353,1.122905000345E7,null,null,null,null,null,null,9798964.394206304,null,null,null
Sat Oct 31 16:00:00 UTC 2026,0.83353,1.122905000345E7,null,null,null,null,null,null,9806012.097987816,null,null,null
Sat Oct 31 17:00:00 UTC 2026,0.83353,1.122905000345E7,null,null,null,null,null,null,9813059.801769327,null,null,null
Sat Oct 31 18:00:00 UTC 2026,0.83353,1.122905000345E7,null,null,null,null,null,null,9820107.50555084,null,null,null
Sat Oct 31 19:00:00 UTC 2026,0.83353,1.122905000345E7,null,null,null,null,null,null,9827155.209332354,null,null,null
Sat Oct 31 20:00:00 UTC 2026,0.83353,1.122905000345E7,null,null,null,null,null,null,9834202.913113866,null,null,null
Sat Oct 31 21:00:00 UTC 2026,0.83353,1.122905000345E7,null,null,null,null,null,null,9841250.616895378,null,null,null
Sat Oct 31 22:00:00 UTC 2026,0.83353,1.122905000345E7,null,null,null,null,null,null,9848298.320676891,null,null,null
Sat Oct 31 23:00:00 UTC 2026,0.83353,1.122905000345E7,null,null,null,null,null,null,9855346.024458405,null,null,null
Sun Nov 01 00:00:00 UTC 2026,0.83353,1.122905000345E7,null,null,null,null,null,null,9862393.728239916,null,null,null
Sun Nov 01 01:00:00 UTC 2026,0.83353,1.122905000345E7,null,null,null,null,null,null,9869441.432021428,null,null,null
Sun Nov 01 02:00:00 UTC 2026,0.83353,1.122905000345E7,null,null,null,null,null,null,9876489.135802941,null,null,null
Sun Nov 01 03:00:00 UTC 2026,0.83353,1.122905000345E7,null,null,null,null,null,null,9883536.839584455,null,null,null
Sun Nov 01 04:00:00 UTC 2026,0.83353,1.122905000345E7,null,null,null,null,null,null,9890584.543365967,null,null,null
Sun Nov 01 05:00:00 UTC 2026,0.83353,1.122905000345E7,null,null,null,null,null,null,9897632.24714748,null,null,null
Sun Nov 01 06:00:00 UTC 2026,0.83353,1.122905000345E7,null,null,null,null,null,null,9904679.950928994,null,null,null
Sun Nov 01 07:00:00 UTC 2026,0.83353,1.122905000345E7,null,null,null,null,null,null,9911727.654710505,null,null,null
Sun Nov 01 08:00:00 UTC 2026,0.83353,1.122905000345E7,null,null,null,null,null,null,9918775.358492019,null,null,null
Sun Nov 01 09:00:00 UTC 2026,0.83353,1.122905000345E7,null,null,null,null,null,null,9925823.06227353,null,null,null
Sun Nov 01 10:00:00 UTC 2026,0.83353,1.122905000345E7,null,null,null,null,null,null,9932870.766055042,null,null,null
Sun Nov 01 11:00:00 UTC 2026,0.83353,1.122905000345E7,null,null,null,null,null,null,9939918.469836555,null,null,null
Sun Nov 01 12:00:00 UTC 2026,0.83353,1.122905000345E7,null,null,null,null,null,null,9946966.173618067,null,null,null
Sun Nov 01 13:00:00 UTC 2026,0.83353,1.122905000345E7,null,null,null,null,null,null,9954013.87739958,null,null,null
Sun Nov 01 14:00:00 UTC 2026,0.83353,1.122905000345E7,null,null,null,null,null,null,9961061.581181092,null,null,null
Sun Nov 01 15:00:00 UTC 2026,0.83353,1.122905000345E7,null,null,null,null,null,null,9968109.284962606,null,null,null
Sun Nov 01 16:00:00 UTC 2026,0.83353,1.122905000345E7,null,null,null,null,null,null,9975156.988744117,null,null,null
Sun Nov 01 17:00:00 UTC 2026,0.83353,1.122905000345E7,null,null,null,null,null,null,9982204.69252563,null,null,null
Sun Nov 01 18:00:00 UTC 2026,0.83353,1.122905000345E7,null,null,null,null,null,null,9989252.396307142,null,null,null
Sun Nov 01 19:00:00 UTC 2026,0.83353,1.122905000345E7,null,null,null,null,null,null,9996300.100088656,null,null,null
Sun Nov 01 20:00:00 UTC 2026,0.83353,1.122905000345E7,null,null,null,null,null,null,1.000334780387017E7,null,null,null
Sun Nov 01 21:00:00 UTC 2026,0.83353,1.123107300345E7,null,null,null,null,null,null,1.0010395507651683E7,null,null,null
Sun Nov 01 22:00:00 UTC 2026,0.83353,1.122043800345E7,null,null,null,null,null,null,1.0017443211433195E7,null,null,null
Sun Nov 01 23:00:00 UTC 2026,0.83353,1.121297200345E7,null,null,null,null,null,null,1.0024490915214706E7,null,null,null
Mon Nov 02 00:00:00 UTC 2026,0.83353,1.120258300345E7,null,null,null,null,null,null,1.003153861899622E7,null,null,null
Mon Nov 02 01:00:00 UTC 2026,0.83353,1.120695000345E7,null,null,null,null,null,null,1.0038586322777733E7,null,null,null
Mon Nov 02 02:00:00 UTC 2026,0.83353,1.121028200345E7,null,null,null,null,null,null,1.0045634026559245E7,null,null,null
Mon Nov 02 03:00:00 UTC 2026,0.83353,1.121558400345E7,null,null,null,null,null,null,1.0052681730340756E7,null,null,null
Mon Nov 02 04:00:00 UTC 2026,0.83353,1.121259700345E7,null,null,null,null,null,null,1.005972943412227E7,null,null,null
Mon Nov 02 05:00:00 UTC 2026,0.83353,1.121031600345E7,null,null,null,null,null,null,1.0066777137903782E7,null,null,null
Mon Nov 02 06:00:00 UTC 2026,0.83353,1.121290300345E7,null,null,null,null,null,null,1.0073824841685295E7,null,null,null
Mon Nov 02 07:00:00 UTC 2026,0.83353,1.122498200345E7,null,null,null,null,null,null,1.0080872545466807E7,null,null,null
Mon Nov 02 08:00:00 UTC 2026,0.83353,1.121726200345E7,null,null,null,null,null,null,1.008792024924832E7,null,null,null
Mon Nov 02 09:00:00 UTC 2026,0.83353,1.122491900345E7,null,null,null,null,null,null,1.0094967953029832E7,null,null,null
Mon Nov 02 10:00:00 UTC 2026,0.83353,1.122737800345E7,null,null,null,null,null,null,1.0102015656811345E7,null,null,null
Mon Nov 02 11:00:00 UTC 2026,0.83353,1.122935600345E7,null,null,null,null,null,null,1.0109063360592857E7,null,null,null
Mon Nov 02 12:00:00 UTC 2026,0.83353,1.121772300345E7,null,null,null,null,null,null,1.011611106437437E7,null,null,null
Mon Nov 02 13:00:00 UTC 2026,0.83353,1.122193100345E7,null,null,null,null,null,null,1.0123158768155884E7,null,null,null
Mon Nov 02 14:00:00 UTC 2026,0.83353,1.122378800345E7,null,null,null,null,null,null,1.0130206471937396E7,null,null,null
Mon Nov 02 15:00:00 UTC 2026,0.83353,1.121923400345E7,null,null,null,null,null,null,1.0137254175718907E7,null,null,null
Mon Nov 02 16:00:00 UTC 2026,0.83353,1.121527100345E7,null,null,null,null,null,null,1.014430187950042E7,null,null,null
Mon Nov 02 17:00:00 UTC 2026,0.83353,1.121183200345E7,null,null,null,null,null,null,1.0151349583281934E7,null,null,null
Mon Nov 02 18:00:00 UTC 2026,0.83353,1.121094500345E7,null,null,null,null,null,null,1.0158397287063446E7,null,null,null
Mon Nov 02 19:00:00 UTC 2026,0.83353,1.120842800345E7,null,null,null,null,null,null,1.0165444990844958E7,null,null,null
Mon Nov 02 20:00:00 UTC 2026,0.83353,1.121032200345E7,null,null,null,null,null,null,1.0172492694626471E7,null,null,null
Mon Nov 02 21:00:00 UTC 2026,0.83353,1.121475600345E7,null,null,null,null,null,null,1.0179540398407985E7,null,null,null
Mon Nov 02 22:00:00 UTC 2026,0.83353,1.120740100345E7,null,null,null,null,null,null,1.0186588102189496E7,null,null,null
Mon Nov 02 23:00:00 UTC 2026,0.83353,1.121125700345E7,null,null,null,null,null,null,1.0193635805971008E7,null,null,null
Tue Nov 03 00:00:00 UTC 2026,0.83353,1.121141800345E7,null,null,null,null,null,null,1.0200683509752521E7,null,null,null
Tue Nov 03 01:00:00 UTC 2026,0.83353,1.121606700345E7,null,null,null,null,null,null,1.0207731213534035E7,null,null,null
Tue Nov 03 02:00:00 UTC 2026,0.83353,1.120801500345E7,null,null,null,null,null,null,1.0214778917315548E7,null,null,null
Tue Nov 03 03:00:00 UTC 2026,0.83353,1.121845500345E7,null,null,null,null,null,null,1.022182662109706E7,null,null,null
Tue Nov 03 04:00:00 UTC 2026,0.83353,1.121723600345E7,null,null,null,null,null,null,1.0228874324878572E7,null,null,null
Tue Nov 03 05:00:00 UTC 2026,0.83353,1.122071400345E7,null,null,null,null,null,null,1.0235922028660085E7,null,null,null
Tue Nov 03 06:00:00 UTC 2026,0.83353,1.122083300345E7,null,null,null,null,null,null,1.0242969732441597E7,null,null,null
Tue Nov 03 07:00:00 UTC 2026,0.83353,1.122023500345E7,null,null,null,null,null,null,1.025001743622311E7,null,null,null
Tue Nov 03 08:00:00 UTC 2026,0.83353,1.129471900345E7,null,null,null,null,null,null,1.0257065140004622E7,null,null,null
Tue Nov 03 09:00:00 UTC 2026,0.83353,1.129414400345E7,null,null,null,null,null,null,1.0264112843786135E7,null,null,null
Tue Nov 03 10:00:00 UTC 2026,0.83353,1.129796600345E7,null,null,null,null,null,null,1.0271160547567647E7,null,null,null
Tue Nov 03 11:00:00 UTC 2026,0.83353,1.129718200345E7,null,null,null,null,null,null,1.027820825134916E7,null,null,null
Tue Nov 03 12:00:00 UTC 2026,0.83353,1.129668600345E7,null,null,null,null,null,null,1.0285255955130672E7,null,null,null
Tue Nov 03 13:00:00 UTC 2026,0.83353,1.129696100345E7,null,null,null,null,null,null,1.0292303658912186E7,null,null,null
Tue Nov 03 14:00:00 UTC 2026,0.83353,1.129356400345E7,null,null,null,null,null,null,1.0299351362693697E7,null,null,null
Tue Nov 03 15:00:00 UTC 2026,0.83353,1.129252400345E7,null,null,null,null,null,null,1.0306399066475209E7,null,null,null
Tue Nov 03 16:00:00 UTC 2026,0.83353,1.129163500345E7,null,null,null,null,null,null,1.0313446770256724E7,null,null,null
Tue Nov 03 17:00:00 UTC 2026,0.83353,1.129205800345E7,null,null,null,null,null,null,1.0320494474038236E7,null,null,null
Tue Nov 03 18:00:00 UTC 2026,0.83353,1.128904900345E7,null,null,null,null,null,null,1.032754217781975E7,null,null,null
Tue Nov 03 19:00:00 UTC 2026,0.83353,1.128858400345E7,null,null,null,null,null,null,1.0334589881601263E7,null,null,null
Tue Nov 03 20:00:00 UTC 2026,0.83353,1.128998700345E7,null,null,null,null,null,null,1.0341637585382774E7,null,null,null
Tue Nov 03 21:00:00 UTC 2026,0.83353,1.128941900345E7,null,null,null,null,null,null,1.0348685289164286E7,null,null,null
Tue Nov 03 22:00:00 UTC 2026,0.83353,1.128832100345E7,null,null,null,null,null,null,1.03557329929458E7,null,null,null
Tue Nov 03 23:00:00 UTC 2026,0.83353,1.128543500345E7,null,null,null,null,null,null,1.0362780696727311E7,null,null,null
Wed Nov 04 00:00:00 UTC 2026,0.83353,1.128680300345E7,null,null,null,null,null,null,1.0369828400508825E7,null,null,null
Wed Nov 04 01:00:00 UTC 2026,0.83353,1.128800600345E7,null,null,null,null,null,null,1.0376876104290336E7,null,null,null
Wed Nov 04 02:00:00 UTC 2026,0.83353,1.128830300345E7,null,null,null,null,null,null,1.038392380807185E7,null,null,null
Wed Nov 04 03:00:00 UTC 2026,0.83353,1.128972500345E7,null,null,null,null,null,null,1.0390971511853362E7,null,null,null
Wed Nov 04 04:00:00 UTC 2026,0.83353,1.128893100345E7,null,null,null,null,null,null,1.0398019215634875E7,null,null,null
Wed Nov 04 05:00:00 UTC 2026,0.83353,1.128949000345E7,null,null,null,null,null,null,1.0405066919416387E7,null,null,null
Wed Nov 04 06:00:00 UTC 2026,0.83353,1.128918000345E7,null,null,null,null,null,null,1.04121146231979E7,null,null,null
Wed Nov 04 07:00:00 UTC 2026,0.83353,1.129007500345E7,null,null,null,null,null,null,1.0419162326979414E7,null,null,null
Wed Nov 04 08:00:00 UTC 2026,0.83353,1.128912400345E7,null,null,null,null,null,null,1.0426210030760925E7,null,null,null
Wed Nov 04 09:00:00 UTC 2026,0.83353,1.129170300345E7,null,null,null,null,null,null,1.0433257734542439E7,null,null,null
Wed Nov 04 10:00:00 UTC 2026,0.83353,1.129476100345E7,null,null,null,null,null,null,1.044030543832395E7,null,null,null
Wed Nov 04 11:00:00 UTC 2026,0.83353,1.129533800345E7,null,null,null,null,null,null,1.0447353142105462E7,null,null,null
Wed Nov 04 12:00:00 UTC 2026,0.83353,1.129369900345E7,null,null,null,null,null,null,1.0454400845886976E7,null,null,null
Wed Nov 04 13:00:00 UTC 2026,0.83353,1.129548900345E7,null,null,null,null,null,null,1.0461448549668489E7,null,null,null
Wed Nov 04 14:00:00 UTC 2026,0.83353,1.129435700345E7,null,null,null,null,null,null,1.046849625345E7,null,null,null
Wed Nov 04 15:00:00 UTC 2026,0.83353,1.129209500345E7,null,null,null,null,null,null,1.0475543957231514E7,null,null,null
Wed Nov 04 16:00:00 UTC 2026,0.83353,1.129172300345E7,null,null,null,null,null,null,1.0482591661013026E7,null,null,null
Wed Nov 04 17:00:00 UTC 2026,0.83353,1.129375300345E7,null,null,null,null,null,null,1.0489639364794537E7,null,null,null
Wed Nov 04 18:00:00 UTC 2026,0.83353,1.129280000345E7,null,null,null,null,null,null,1.049668706857605E7,null,null,null
Wed Nov 04 19:00:00 UTC 2026,0.83353,1.129192900345E7,null,null,null,null,null,null,1.0503734772357564E7,null,null,null
Wed Nov 04 20:00:00 UTC 2026,0.83353,1.129450900345E7,null,null,null,null,null,null,1.0510782476139076E7,null,null,null
Wed Nov 04 21:00:00 UTC 2026,0.83353,1.129409000345E7,null,null,null,null,null,null,1.0517830179920588E7,null,null,null
Wed Nov 04 22:00:00 UTC 2026,0.83353,1.129470000345E7,null,null,null,null,null,null,1.0524877883702101E7,null,null,null
Wed Nov 04 23:00:00 UTC 2026,0.83353,1.129068500345E7,null,null,null,null,null,null,1.0531925587483615E7,null,null,null
Thu Nov 05 00:00:00 UTC 2026,0.83353,1.129153200345E7,null,null,null,null,null,null,1.0538973291265128E7,null,null,null
Thu Nov 05 01:00:00 UTC 2026,0.83353,1.129460000345E7,null,null,null,null,null,null,1.054602099504664E7,null,null,null
Thu Nov 05 02:00:00 UTC 2026,0.83353,1.129348800345E7,null,null,null,null,null,null,1.0553068698828151E7,null,null,null
Thu Nov 05 03:00:00 UTC 2026,0.83353,1.129188600345E7,null,null,null,null,null,null,1.0560116402609665E7,null,null,null
Thu Nov 05 04:00:00 UTC 2026,0.83353,1.129190000345E7,null,null,null,null,null,null,1.0567164106391178E7,null,null,null
Thu Nov 05 05:00:00 UTC 2026,0.83353,1.129073700345E7,null,null,null,null,null,null,1.057421181017269E7,null,null,null
Thu Nov 05 06:00:00 UTC 2026,0.83353,1.129092400345E7,null,null,null,null,null,null,1.0581259513954202E7,null,null,null
Thu Nov 05 07:00:00 UTC 2026,0.83353,1.129190800345E7,null,null,null,null,null,null,1.0588307217735715E7,null,null,null
Thu Nov 05 08:00:00 UTC 2026,0.83353,1.129256800345E7,null,null,null,null,null,null,1.0595354921517227E7,null,null,null
Thu Nov 05 09:00:00 UTC 2026,0.83353,1.129048200345E7,null,null,null,null,null,null,1.060240262529874E7,null,null,null
Thu Nov 05 10:00:00 UTC 2026,0.83353,1.128900100345E7,null,null,null,null,null,null,1.0609450329080252E7,null,null,null
Thu Nov 05 11:00:00 UTC 2026,0.83353,1.129009200345E7,null,null,null,null,null,null,1.0616498032861765E7,null,null,null
Thu Nov 05 12:00:00 UTC 2026,0.83353,1.129136200345E7,null,null,null,null,null,null,1.0623545736643277E7,null,null,null
Thu Nov 05 13:00:00 UTC 2026,0.83353,1.129478200345E7,null,null,null,null,null,null,1.063059344042479E7,null,null,null
Thu Nov 05 14:00:00 UTC 2026,0.83353,1.129336300345E7,null,null,null,null,null,null,1.0637641144206304E7,null,null,null
Thu Nov 05 15:00:00 UTC 2026,0.83353,1.129200100345E7,null,null,null,null,null,null,1.0644688847987816E7,null,null,null
Thu Nov 05 16:00:00 UTC 2026,0.83353,1.129466600345E7,null,null,null,null,null,null,1.065173655176933E7,null,null,null
Thu Nov 05 17:00:00 UTC 2026,0.83353,1.129448800345E7,null,null,null,null,null,null,1.065878425555084E7,null,null,null
Thu Nov 05 18:00:00 UTC 2026,0.83353,1.129606500345E7,null,null,null,null,null,null,1.0665831959332353E7,null,null,null
Thu Nov 05 19:00:00 UTC 2026,0.83353,1.129606100345E7,null,null,null,null,null,null,1.0672879663113866E7,null,null,null
Thu Nov 05 20:00:00 UTC 2026,0.83353,1.129194200345E7,null,null,null,null,null,null,1.067992736689538E7,null,null,null
Thu Nov 05 21:00:00 UTC 2026,0.83353,1.128991900345E7,null,null,null,null,null,null,1.0686975070676891E7,null,null,null
Thu Nov 05 22:00:00 UTC 2026,0.83353,1.128968000345E7,null,null,null,null,null,null,1.0694022774458403E7,null,null,null
Thu Nov 05 23:00:00 UTC 2026,0.83353,1.129129600345E7,null,null,null,null,null,null,1.0701070478239916E7,null,null,null
Fri Nov 06 00:00:00 UTC 2026,0.83353,1.129204400345E7,null,null,null,null,null,null,1.070811818202143E7,null,null,null
Fri Nov 06 01:00:00 UTC 2026,0.83353,1.128999700345E7,null,null,null,null,null,null,1.0715165885802941E7,null,null,null
Fri Nov 06 02:00:00 UTC 2026,0.83353,1.129097900345E7,null,null,null,null,null,null,1.0722213589584453E7,null,null,null
Fri Nov 06 03:00:00 UTC 2026,0.83353,1.129345700345E7,null,null,null,null,null,null,1.0729261293365967E7,null,null,null
Fri Nov 06 04:00:00 UTC 2026,0.83353,1.129321100345E7,null,null,null,null,null,null,1.073630899714748E7,null,null,null
