date,va,P_Kweek_27_Kday_79_ETE_70_ORD_69_EXT_83_E2Ekor_83_EXTkor_69_DIFF_22
Thu Feb 12 03:00:00 UTC 2026,null,0.0
Thu Feb 12 04:00:00 UTC 2026,null,8.321370040529352E-4
Thu Feb 12 05:00:00 UTC 2026,null,0.001283142555867478
Thu Feb 12 06:00:00 UTC 2026,null,0.0018484875433539827
Thu Feb 12 07:00:00 UTC 2026,null,0.0020644620329552943
Thu Feb 12 08:00:00 UTC 2026,null,9.083632945006137E-4
Thu Feb 12 09:00:00 UTC 2026,null,-3.620748796260287E-4
Thu Feb 12 10:00:00 UTC 2026,null,-0.0011688031201959603
Thu Feb 12 11:00:00 UTC 2026,null,-0.0018484875433535386
Thu Feb 12 12:00:00 UTC 2026,null,-0.00148641266372751
Thu Feb 12 13:00:00 UTC 2026,null,-0.0022550277590740464
Thu Feb 12 14:00:00 UTC 2026,null,7.241497592520574E-4
Thu Feb 12 15:00:00 UTC 2026,null,-0.0024455934851927985
Thu Feb 12 16:00:00 UTC 2026,null,-0.0036334531780011226
Thu Feb 12 17:00:00 UTC 2026,null,-0.003353956779693412
Thu Feb 12 18:00:00 UTC 2026,null,-0.002223266804720847
Thu Feb 12 19:00:00 UTC 2026,null,-0.0014737082819862302
Thu Feb 12 20:00:00 UTC 2026,null,-0.001530877999821989
Thu Feb 12 21:00:00 UTC 2026,null,-0.003760496995413476
Thu Feb 12 22:00:00 UTC 2026,null,-0.01046205836392966
Thu Feb 12 23:00:00 UTC 2026,null,-0.0055200538665785
Fri Feb 13 00:00:00 UTC 2026,null,-0.0019120094520599373
Fri Feb 13 01:00:00 UTC 2026,null,-0.0019056572611892975
Fri Feb 13 02:00:00 UTC 2026,null,0.0032332651531512546
Fri Feb 13 03:00:00 UTC 2026,null,0.0036842707049662415
Fri Feb 13 04:00:00 UTC 2026,null,0.003925653958050113
Fri Feb 13 05:00:00 UTC 2026,null,0.001886600688577822
Fri Feb 13 06:00:00 UTC 2026,null,-3.9383583397922806E-4
Fri Feb 13 07:00:00 UTC 2026,null,3.4301830701410907E-4
Fri Feb 13 08:00:00 UTC 2026,null,4.827665061681863E-4
Fri Feb 13 09:00:00 UTC 2026,null,-8.702501492763304E-4
Fri Feb 13 10:00:00 UTC 2026,null,-0.0024392412943221586
Fri Feb 13 11:00:00 UTC 2026,null,-0.003163391053574216
Fri Feb 13 12:00:00 UTC 2026,null,-0.0036334531780011226
Fri Feb 13 13:00:00 UTC 2026,null,-0.006523700024138268
Fri Feb 13 14:00:00 UTC 2026,null,-0.0073304282647082
Fri Feb 13 15:00:00 UTC 2026,null,-0.007991056115253858
Fri Feb 13 16:00:00 UTC 2026,null,-0.005278670613494629
Fri Feb 13 17:00:00 UTC 2026,null,-0.008397596330974366
Fri Feb 13 18:00:00 UTC 2026,null,-0.009782373940772082
Fri Feb 13 19:00:00 UTC 2026,null,-0.006796844231575339
Fri Feb 13 20:00:00 UTC 2026,null,-0.004694269053396205
Fri Feb 13 21:00:00 UTC 2026,null,-0.004694269053396205
Fri Feb 13 22:00:00 UTC 2026,null,-0.004694269053396205
Fri Feb 13 23:00:00 UTC 2026,null,-0.004694269053396205
Sat Feb 14 00:00:00 UTC 2026,null,-0.004694269053396205
Sat Feb 14 01:00:00 UTC 2026,null,-0.004694269053396205
Sat Feb 14 02:00:00 UTC 2026,null,-0.004694269053396205
Sat Feb 14 03:00:00 UTC 2026,null,-0.004694269053396205
Sat Feb 14 04:00:00 UTC 2026,null,-0.004694269053396205
Sat Feb 14 05:00:00 UTC 2026,null,-0.004694269053396205
Sat Feb 14 06:00:00 UTC 2026,null,-0.004694269053396205
Sat Feb 14 07:00:00 UTC 2026,null,-0.004694269053396205
Sat Feb 14 08:00:00 UTC 2026,null,-0.004694269053396205
Sat Feb 14 09:00:00 UTC 2026,null,-0.004694269053396205
Sat Feb 14 10:00:00 UTC 2026,null,-0.004694269053396205
Sat Feb 14 11:00:00 UTC 2026,null,-0.004694269053396205
Sat Feb 14 12:00:00 UTC 2026,null,-0.004694269053396205
Sat Feb 14 13:00:00 UTC 2026,null,-0.004694269053396205
Sat Feb 14 14:00:00 UTC 2026,null,-0.004694269053396205
Sat Feb 14 15:00:00 UTC 2026,null,-0.004694269053396205
Sat Feb 14 16:00:00 UTC 2026,null,-0.004694269053396205
Sat Feb 14 17:00:00 UTC 2026,null,-0.004694269053396205
Sat Feb 14 18:00:00 UTC 2026,null,-0.004694269053396205
Sat Feb 14 19:00:00 UTC 2026,null,-0.004694269053396205
Sat Feb 14 20:00:00 UTC 2026,null,-0.004694269053396205
Sat Feb 14 21:00:00 UTC 2026,null,-0.004694269053396205
Sat Feb 14 22:00:00 UTC 2026,null,-0.004694269053396205
Sat Feb 14 23:00:00 UTC 2026,null,-0.004694269053396205
Sun Feb 15 00:00:00 UTC 2026,null,-0.004694269053396205
Sun Feb 15 01:00:00 UTC 2026,null,-0.004694269053396205
Sun Feb 15 02:00:00 UTC 2026,null,-0.004694269053396205
Sun Feb 15 03:00:00 UTC 2026,null,-0.004694269053396205
Sun Feb 15 04:00:00 UTC 2026,null,-0.004694269053396205
Sun Feb 15 05:00:00 UTC 2026,null,-0.004694269053396205
Sun Feb 15 06:00:00 UTC 2026,null,-0.004694269053396205
Sun Feb 15 07:00:00 UTC 2026,null,-0.004694269053396205
Sun Feb 15 08:00:00 UTC 2026,null,-0.004694269053396205
Sun Feb 15 09:00:00 UTC 2026,null,-0.004694269053396205
Sun Feb 15 10:00:00 UTC 2026,null,-0.004694269053396205
Sun Feb 15 11:00:00 UTC 2026,null,-0.004694269053396205
Sun Feb 15 12:00:00 UTC 2026,null,-0.004694269053396205
Sun Feb 15 13:00:00 UTC 2026,null,-0.004694269053396205
Sun Feb 15 14:00:00 UTC 2026,null,-0.004694269053396205
Sun Feb 15 15:00:00 UTC 2026,null,-0.004694269053396205
Sun Feb 15 16:00:00 UTC 2026,null,-0.004694269053396205
Sun Feb 15 17:00:00 UTC 2026,null,-0.004694269053396205
Sun Feb 15 18:00:00 UTC 2026,null,-0.004694269053396205
Sun Feb 15 19:00:00 UTC 2026,null,-0.004694269053396205
Sun Feb 15 20:00:00 UTC 2026,null,-0.004694269053396205
Sun Feb 15 21:00:00 UTC 2026,null,-0.012405828770342797
Sun Feb 15 22:00:00 UTC 2026,null,-0.018211731226099648
Sun Feb 15 23:00:00 UTC 2026,null,-0.013079161002629736
Mon Feb 16 00:00:00 UTC 2026,null,-0.008937532554977867
Mon Feb 16 01:00:00 UTC 2026,null,-0.0058122546466274905
Mon Feb 16 02:00:00 UTC 2026,null,-0.005183387750435031
Mon Feb 16 03:00:00 UTC 2026,null,-0.005926594082299008
Mon Feb 16 04:00:00 UTC 2026,null,-0.005437475385260182
Mon Feb 16 05:00:00 UTC 2026,null,-0.0048213128708090025
Mon Feb 16 06:00:00 UTC 2026,null,-0.005932946273169648
Mon Feb 16 07:00:00 UTC 2026,null,-0.008715205874505916
Mon Feb 16 08:00:00 UTC 2026,null,-0.008600866438834842
Mon Feb 16 09:00:00 UTC 2026,null,-0.008378539758362447
Mon Feb 16 10:00:00 UTC 2026,null,-0.009020111036296186
Mon Feb 16 11:00:00 UTC 2026,null,-0.010366775500870062
Mon Feb 16 12:00:00 UTC 2026,null,-0.008486527003163324
Mon Feb 16 13:00:00 UTC 2026,null,-0.009744260795548243
Mon Feb 16 14:00:00 UTC 2026,null,-0.008327722231397328
Mon Feb 16 15:00:00 UTC 2026,null,-0.009998348430373394
Mon Feb 16 16:00:00 UTC 2026,null,-0.007457472082120997
Mon Feb 16 17:00:00 UTC 2026,null,-0.007133510347718808
Mon Feb 16 18:00:00 UTC 2026,null,-0.007559107136051235
Mon Feb 16 19:00:00 UTC 2026,null,-0.006523700024138268
Mon Feb 16 20:00:00 UTC 2026,null,-0.004579929617725131
Mon Feb 16 21:00:00 UTC 2026,null,-0.009648977932488645
Mon Feb 16 22:00:00 UTC 2026,null,-0.016153621384015437
Mon Feb 16 23:00:00 UTC 2026,null,-0.009668034505100565
Tue Feb 17 00:00:00 UTC 2026,null,-0.008696149301893996
Tue Feb 17 01:00:00 UTC 2026,null,-0.007857660106970865
Tue Feb 17 02:00:00 UTC 2026,null,-0.009801430513384002
Tue Feb 17 03:00:00 UTC 2026,null,-0.00701281872117665
Tue Feb 17 04:00:00 UTC 2026,null,-0.004891186970386041
Tue Feb 17 05:00:00 UTC 2026,null,-0.006015524754487522
Tue Feb 17 06:00:00 UTC 2026,null,-0.006193386098865439
Tue Feb 17 07:00:00 UTC 2026,null,-0.006040933517970082
Tue Feb 17 08:00:00 UTC 2026,null,-0.010030109384726593
Tue Feb 17 09:00:00 UTC 2026,null,-0.008842249691918713
Tue Feb 17 10:00:00 UTC 2026,null,-0.0043766595098646555
Tue Feb 17 11:00:00 UTC 2026,null,-0.0066062785054565865
Tue Feb 17 12:00:00 UTC 2026,null,-0.003957414912403312
Tue Feb 17 13:00:00 UTC 2026,null,-0.008092691169184096
Tue Feb 17 14:00:00 UTC 2026,null,-0.005685210829214693
Tue Feb 17 15:00:00 UTC 2026,null,-0.002331254049521725
Tue Feb 17 16:00:00 UTC 2026,null,-0.007673446571722309
Tue Feb 17 17:00:00 UTC 2026,null,-0.010601806563083294
Tue Feb 17 18:00:00 UTC 2026,null,-0.008613570820575678
Tue Feb 17 19:00:00 UTC 2026,null,-0.006612630696327226
Tue Feb 17 20:00:00 UTC 2026,null,-0.00612986419015904
Tue Feb 17 21:00:00 UTC 2026,null,-0.006904831476376216
Tue Feb 17 22:00:00 UTC 2026,null,-0.007902125443065344
Tue Feb 17 23:00:00 UTC 2026,null,-0.006587221932844667
Wed Feb 18 00:00:00 UTC 2026,null,-0.0039320061489207525
Wed Feb 18 01:00:00 UTC 2026,null,-0.00555816701180234
Wed Feb 18 02:00:00 UTC 2026,null,-0.004084458729815665
Wed Feb 18 03:00:00 UTC 2026,null,-0.006669800414162541
Wed Feb 18 04:00:00 UTC 2026,null,-0.004535464281630652
Wed Feb 18 05:00:00 UTC 2026,null,-0.0013021991284793977
Wed Feb 18 06:00:00 UTC 2026,null,0.0011116334023606456
Wed Feb 18 07:00:00 UTC 2026,null,8.257848131822954E-4
Wed Feb 18 08:00:00 UTC 2026,null,-7.495585227341728E-4
Wed Feb 18 09:00:00 UTC 2026,null,-0.00464345152643153
Wed Feb 18 10:00:00 UTC 2026,null,-0.0029537687548435443
Wed Feb 18 11:00:00 UTC 2026,null,-0.0036461575597424023
Wed Feb 18 12:00:00 UTC 2026,null,-0.004618042762948971
Wed Feb 18 13:00:00 UTC 2026,null,-0.003608044414518563
Wed Feb 18 14:00:00 UTC 2026,null,-0.005494645103095941
Wed Feb 18 15:00:00 UTC 2026,null,-0.006066342281452641
Wed Feb 18 16:00:00 UTC 2026,null,-0.008035521451348338
Wed Feb 18 17:00:00 UTC 2026,null,-0.0050182307877983945
Wed Feb 18 18:00:00 UTC 2026,null,-0.006021876945358162
Wed Feb 18 19:00:00 UTC 2026,null,-0.006485586878914429
Wed Feb 18 20:00:00 UTC 2026,null,-0.006314077725407152
Wed Feb 18 21:00:00 UTC 2026,null,-0.010277844828681104
Wed Feb 18 22:00:00 UTC 2026,null,-0.013580984081409397
Wed Feb 18 23:00:00 UTC 2026,null,-0.013708027898822195
Thu Feb 19 00:00:00 UTC 2026,null,-0.00613621638102968
Thu Feb 19 01:00:00 UTC 2026,null,-0.010354071119128783
Thu Feb 19 02:00:00 UTC 2026,null,-0.01018891415649259
Thu Feb 19 03:00:00 UTC 2026,null,-0.010328662355646223
Thu Feb 19 04:00:00 UTC 2026,null,-0.009242437716768581
Thu Feb 19 05:00:00 UTC 2026,null,-0.012526520396884955
Thu Feb 19 06:00:00 UTC 2026,null,-0.013561927508797478
Thu Feb 19 07:00:00 UTC 2026,null,-0.013066456620888456
Thu Feb 19 08:00:00 UTC 2026,null,-0.011319604131464711
Thu Feb 19 09:00:00 UTC 2026,null,-0.010874950770520808
Thu Feb 19 10:00:00 UTC 2026,null,-0.008397596330974366
Thu Feb 19 11:00:00 UTC 2026,null,-0.009985644048632114
Thu Feb 19 12:00:00 UTC 2026,null,-0.007965647351771299
Thu Feb 19 13:00:00 UTC 2026,null,-0.00763533342649847
Thu Feb 19 14:00:00 UTC 2026,null,-0.007425711127767798
Thu Feb 19 15:00:00 UTC 2026,null,-0.005488292912225301
Thu Feb 19 16:00:00 UTC 2026,null,-0.00700011433943537
Thu Feb 19 17:00:00 UTC 2026,null,-0.01139583042191239
Thu Feb 19 18:00:00 UTC 2026,null,-0.012869538703899064
Thu Feb 19 19:00:00 UTC 2026,null,-0.012717086123003707
Thu Feb 19 20:00:00 UTC 2026,null,-0.009826839276866561
Thu Feb 19 21:00:00 UTC 2026,null,-0.013365009591808086
Thu Feb 19 22:00:00 UTC 2026,null,-0.016515696263641022
Thu Feb 19 23:00:00 UTC 2026,null,-0.014076454969318863
Fri Feb 20 00:00:00 UTC 2026,null,-0.01222796742596488
Fri Feb 20 01:00:00 UTC 2026,null,-0.01020797072910451
Fri Feb 20 02:00:00 UTC 2026,null,-0.010665328471789692
Fri Feb 20 03:00:00 UTC 2026,null,-0.012926708421734379
Fri Feb 20 04:00:00 UTC 2026,null,-0.009661682314229925
Fri Feb 20 05:00:00 UTC 2026,null,-0.009845895849478481
Fri Feb 20 06:00:00 UTC 2026,null,-0.009655330123359285
Fri Feb 20 07:00:00 UTC 2026,null,-0.01135136508581791
Fri Feb 20 08:00:00 UTC 2026,null,-0.009293255243733256
Fri Feb 20 09:00:00 UTC 2026,null,-0.009350424961569015
Fri Feb 20 10:00:00 UTC 2026,null,-0.008924828173237032
Fri Feb 20 11:00:00 UTC 2026,null,-0.007813194770876386
Fri Feb 20 12:00:00 UTC 2026,null,-0.0076861509534635886
Fri Feb 20 13:00:00 UTC 2026,null,-0.00642841716107867
Fri Feb 20 14:00:00 UTC 2026,null,-0.005310431567847829
Fri Feb 20 15:00:00 UTC 2026,null,-0.006777787658963419
Fri Feb 20 16:00:00 UTC 2026,null,-0.00673332232286894
Fri Feb 20 17:00:00 UTC 2026,null,-0.007717911907816788
Fri Feb 20 18:00:00 UTC 2026,null,-0.009045519799778745
Fri Feb 20 19:00:00 UTC 2026,null,-0.010881302961391448
Fri Feb 20 20:00:00 UTC 2026,null,-0.012418533152084077
Fri Feb 20 21:00:00 UTC 2026,null,-0.012418533152084077
Fri Feb 20 22:00:00 UTC 2026,null,-0.012418533152084077
Fri Feb 20 23:00:00 UTC 2026,null,-0.012418533152084077
Sat Feb 21 00:00:00 UTC 2026,null,-0.012418533152084077
Sat Feb 21 01:00:00 UTC 2026,null,-0.012418533152084077
Sat Feb 21 02:00:00 UTC 2026,null,-0.012418533152084077
Sat Feb 21 03:00:00 UTC 2026,null,-0.012418533152084077
Sat Feb 21 04:00:00 UTC 2026,null,-0.012418533152084077
Sat Feb 21 05:00:00 UTC 2026,null,-0.012418533152084077
Sat Feb 21 06:00:00 UTC 2026,null,-0.012418533152084077
Sat Feb 21 07:00:00 UTC 2026,null,-0.012418533152084077
Sat Feb 21 08:00:00 UTC 2026,null,-0.012418533152084077
Sat Feb 21 09:00:00 UTC 2026,null,-0.012418533152084077
Sat Feb 21 10:00:00 UTC 2026,null,-0.012418533152084077
Sat Feb 21 11:00:00 UTC 2026,null,-0.012418533152084077
Sat Feb 21 12:00:00 UTC 2026,null,-0.012418533152084077
Sat Feb 21 13:00:00 UTC 2026,null,-0.012418533152084077
Sat Feb 21 14:00:00 UTC 2026,null,-0.012418533152084077
Sat Feb 21 15:00:00 UTC 2026,null,-0.012418533152084077
Sat Feb 21 16:00:00 UTC 2026,null,-0.012418533152084077
Sat Feb 21 17:00:00 UTC 2026,null,-0.012418533152084077
Sat Feb 21 18:00:00 UTC 2026,null,-0.012418533152084077
Sat Feb 21 19:00:00 UTC 2026,null,-0.012418533152084077
Sat Feb 21 20:00:00 UTC 2026,null,-0.012418533152084077
Sat Feb 21 21:00:00 UTC 2026,null,-0.012418533152084077
Sat Feb 21 22:00:00 UTC 2026,null,-0.012418533152084077
Sat Feb 21 23:00:00 UTC 2026,null,-0.012418533152084077
Sun Feb 22 00:00:00 UTC 2026,null,-0.012418533152084077
Sun Feb 22 01:00:00 UTC 2026,null,-0.012418533152084077
Sun Feb 22 02:00:00 UTC 2026,null,-0.012418533152084077
Sun Feb 22 03:00:00 UTC 2026,null,-0.012418533152084077
Sun Feb 22 04:00:00 UTC 2026,null,-0.012418533152084077
Sun Feb 22 05:00:00 UTC 2026,null,-0.012418533152084077
Sun Feb 22 06:00:00 UTC 2026,null,-0.012418533152084077
Sun Feb 22 07:00:00 UTC 2026,null,-0.012418533152084077
Sun Feb 22 08:00:00 UTC 2026,null,-0.012418533152084077
Sun Feb 22 09:00:00 UTC 2026,null,-0.012418533152084077
Sun Feb 22 10:00:00 UTC 2026,null,-0.012418533152084077
Sun Feb 22 11:00:00 UTC 2026,null,-0.012418533152084077
Sun Feb 22 12:00:00 UTC 2026,null,-0.012418533152084077
Sun Feb 22 13:00:00 UTC 2026,null,-0.012418533152084077
Sun Feb 22 14:00:00 UTC 2026,null,-0.012418533152084077
Sun Feb 22 15:00:00 UTC 2026,null,-0.012418533152084077
Sun Feb 22 16:00:00 UTC 2026,null,-0.012418533152084077
Sun Feb 22 17:00:00 UTC 2026,null,-0.012418533152084077
Sun Feb 22 18:00:00 UTC 2026,null,-0.012418533152084077
Sun Feb 22 19:00:00 UTC 2026,null,-0.012418533152084077
Sun Feb 22 20:00:00 UTC 2026,null,-0.012418533152084077
Sun Feb 22 21:00:00 UTC 2026,null,-0.013530166554444722
Sun Feb 22 22:00:00 UTC 2026,null,-0.018961289748834265
Sun Feb 22 23:00:00 UTC 2026,null,-0.014031989633224384
Mon Feb 23 00:00:00 UTC 2026,null,-0.01018256196562195
Mon Feb 23 01:00:00 UTC 2026,null,-0.008746966828859115
Mon Feb 23 02:00:00 UTC 2026,null,-0.009197972380674102
Mon Feb 23 03:00:00 UTC 2026,null,-0.007069988439012409
Mon Feb 23 04:00:00 UTC 2026,null,-0.009845895849478481
Mon Feb 23 05:00:00 UTC 2026,null,-0.008423005094456926
Mon Feb 23 06:00:00 UTC 2026,null,-0.007349484837320119
Mon Feb 23 07:00:00 UTC 2026,null,-0.00731772388296692
Mon Feb 23 08:00:00 UTC 2026,null,-0.00731772388296692
Mon Feb 23 09:00:00 UTC 2026,null,-0.006682504795903821
Mon Feb 23 10:00:00 UTC 2026,null,-0.007470176463862277
Mon Feb 23 11:00:00 UTC 2026,null,-0.007984703924383219
Mon Feb 23 12:00:00 UTC 2026,null,-0.006079046663193921
Mon Feb 23 13:00:00 UTC 2026,null,-0.00641571277933739
Mon Feb 23 14:00:00 UTC 2026,null,-0.007571811517792515
Mon Feb 23 15:00:00 UTC 2026,null,-0.005628041111379378
Mon Feb 23 16:00:00 UTC 2026,null,-0.005056343933022234
Mon Feb 23 17:00:00 UTC 2026,null,-0.005405714430906983
Mon Feb 23 18:00:00 UTC 2026,null,-0.007756025053040627
Mon Feb 23 19:00:00 UTC 2026,null,-0.008581809866222923
Mon Feb 23 20:00:00 UTC 2026,null,-0.008905771600625112
Mon Feb 23 21:00:00 UTC 2026,null,-0.010315957973904943
Mon Feb 23 22:00:00 UTC 2026,null,-0.016814249234561096
Mon Feb 23 23:00:00 UTC 2026,null,-0.011256082222758312
Tue Feb 24 00:00:00 UTC 2026,null,-0.009013758845425546
Tue Feb 24 01:00:00 UTC 2026,null,-0.009680738886841844
Tue Feb 24 02:00:00 UTC 2026,null,-0.008715205874505916
Tue Feb 24 03:00:00 UTC 2026,null,-0.005793198074015571
Tue Feb 24 04:00:00 UTC 2026,null,-0.003817666713249235
Tue Feb 24 05:00:00 UTC 2026,null,-0.004300433219417421
Tue Feb 24 06:00:00 UTC 2026,null,-0.005793198074015571
Tue Feb 24 07:00:00 UTC 2026,null,-0.006517347833267628
Tue Feb 24 08:00:00 UTC 2026,null,-0.00644747373369059
Tue Feb 24 09:00:00 UTC 2026,null,-0.008416652903586286
Tue Feb 24 10:00:00 UTC 2026,null,-0.007089045011624329
Tue Feb 24 11:00:00 UTC 2026,null,-0.008912123791495752
Tue Feb 24 12:00:00 UTC 2026,null,-0.009153507044579623
Tue Feb 24 13:00:00 UTC 2026,null,-0.008289609086173488
Tue Feb 24 14:00:00 UTC 2026,null,-0.00956004726030013
Tue Feb 24 15:00:00 UTC 2026,null,-0.007997408306124498
Tue Feb 24 16:00:00 UTC 2026,null,-0.007940238588289183
Tue Feb 24 17:00:00 UTC 2026,null,-0.008683444920152716
Tue Feb 24 18:00:00 UTC 2026,null,-0.009464764397240533
Tue Feb 24 19:00:00 UTC 2026,null,-0.008829545310177433
Tue Feb 24 20:00:00 UTC 2026,null,-0.010296901401293024
Tue Feb 24 21:00:00 UTC 2026,null,-0.01077331571659057
Tue Feb 24 22:00:00 UTC 2026,null,-0.018605567060078876
Tue Feb 24 23:00:00 UTC 2026,null,-0.01624890424707459
Wed Feb 25 00:00:00 UTC 2026,null,-0.011040107733157
Wed Feb 25 01:00:00 UTC 2026,null,-0.012844129940416504
Wed Feb 25 02:00:00 UTC 2026,null,-0.012202558662482765
Wed Feb 25 03:00:00 UTC 2026,null,-0.009528286305946931
Wed Feb 25 04:00:00 UTC 2026,null,-0.01141488699452431
Wed Feb 25 05:00:00 UTC 2026,null,-0.008823193119306794
Wed Feb 25 06:00:00 UTC 2026,null,-0.01196117540939845
Wed Feb 25 07:00:00 UTC 2026,null,-0.011535578621066467
Wed Feb 25 08:00:00 UTC 2026,null,-0.008861306264530633
Wed Feb 25 09:00:00 UTC 2026,null,-0.009693443268583124
Wed Feb 25 10:00:00 UTC 2026,null,-0.007902125443065344
Wed Feb 25 11:00:00 UTC 2026,null,-0.01138947823104175
Wed Feb 25 12:00:00 UTC 2026,null,-0.011008346778803801
Wed Feb 25 13:00:00 UTC 2026,null,-0.010074574720821072
Wed Feb 25 14:00:00 UTC 2026,null,-0.009598160405523526
Wed Feb 25 15:00:00 UTC 2026,null,-0.010976585824450602
Wed Feb 25 16:00:00 UTC 2026,null,-0.01104645992402764
Wed Feb 25 17:00:00 UTC 2026,null,-0.010906711724873563
Wed Feb 25 18:00:00 UTC 2026,null,-0.0128822430856399
Wed Feb 25 19:00:00 UTC 2026,null,-0.012158093326388286
Wed Feb 25 20:00:00 UTC 2026,null,-0.009610864787264806
Wed Feb 25 21:00:00 UTC 2026,null,-0.013390418355290645
Wed Feb 25 22:00:00 UTC 2026,null,-0.02064462032955161
Wed Feb 25 23:00:00 UTC 2026,null,-0.015823307458742608
Thu Feb 26 00:00:00 UTC 2026,null,-0.011618157102384341
Thu Feb 26 01:00:00 UTC 2026,null,-0.010944824870097403
Thu Feb 26 02:00:00 UTC 2026,null,-0.012482055060790476
Thu Feb 26 03:00:00 UTC 2026,null,-0.012119980181164447
Thu Feb 26 04:00:00 UTC 2026,null,-0.012431237533825357
Thu Feb 26 05:00:00 UTC 2026,null,-0.011599100529772421
Thu Feb 26 06:00:00 UTC 2026,null,-0.010722498189625451
Thu Feb 26 07:00:00 UTC 2026,null,-0.012145388944647006
Thu Feb 26 08:00:00 UTC 2026,null,-0.007222441019907766
Thu Feb 26 09:00:00 UTC 2026,null,-0.01135136508581791
Thu Feb 26 10:00:00 UTC 2026,null,-0.009337720579827735
Thu Feb 26 11:00:00 UTC 2026,null,-0.008550048911869723
Thu Feb 26 12:00:00 UTC 2026,null,-0.009032815418037465
Thu Feb 26 13:00:00 UTC 2026,null,-0.009725204222936323
Thu Feb 26 14:00:00 UTC 2026,null,-0.01163721367499626
Thu Feb 26 15:00:00 UTC 2026,null,-0.010246083874328349
Thu Feb 26 16:00:00 UTC 2026,null,-0.012119980181164447
Thu Feb 26 17:00:00 UTC 2026,null,-0.010106335675174272
Thu Feb 26 18:00:00 UTC 2026,null,-0.009223381144156662
Thu Feb 26 19:00:00 UTC 2026,null,-0.009693443268583124
Thu Feb 26 20:00:00 UTC 2026,null,-0.010887655152262088
Thu Feb 26 21:00:00 UTC 2026,null,-0.013708027898822195
Thu Feb 26 22:00:00 UTC 2026,null,-0.01540406286128082
Thu Feb 26 23:00:00 UTC 2026,null,-0.012488407251661116
Fri Feb 27 00:00:00 UTC 2026,null,-0.006866718331152377
Fri Feb 27 01:00:00 UTC 2026,null,-0.008143508696149215
Fri Feb 27 02:00:00 UTC 2026,null,-0.008346778804009247
Fri Feb 27 03:00:00 UTC 2026,null,-0.005786845883144931
Fri Feb 27 04:00:00 UTC 2026,null,-0.0028838946552665057
Fri Feb 27 05:00:00 UTC 2026,null,-0.0019564747881544164
Fri Feb 27 06:00:00 UTC 2026,null,-0.0031252779083503768
Fri Feb 27 07:00:00 UTC 2026,null,-0.0039320061489207525
Fri Feb 27 08:00:00 UTC 2026,null,-0.005177035559564391
Fri Feb 27 09:00:00 UTC 2026,null,-0.005621688920508738
Fri Feb 27 10:00:00 UTC 2026,null,-0.00672061794112766
Fri Feb 27 11:00:00 UTC 2026,null,-0.0062569080075718375
Fri Feb 27 12:00:00 UTC 2026,null,-0.006212442671477358
Fri Feb 27 13:00:00 UTC 2026,null,-0.006981057766823451
Fri Feb 27 14:00:00 UTC 2026,null,-0.008924828173237032
Fri Feb 27 15:00:00 UTC 2026,null,-0.006904831476376216
Fri Feb 27 16:00:00 UTC 2026,null,-0.007285962928614165
Fri Feb 27 17:00:00 UTC 2026,null,-0.00641571277933739
Fri Feb 27 18:00:00 UTC 2026,null,-0.008245143750079453
Fri Feb 27 19:00:00 UTC 2026,null,-0.005983763800134323
Fri Feb 27 20:00:00 UTC 2026,null,-0.007089045011624329
Fri Feb 27 21:00:00 UTC 2026,null,-0.007089045011624329
Fri Feb 27 22:00:00 UTC 2026,null,-0.007089045011624329
Fri Feb 27 23:00:00 UTC 2026,null,-0.007089045011624329
Sat Feb 28 00:00:00 UTC 2026,null,-0.007089045011624329
Sat Feb 28 01:00:00 UTC 2026,null,-0.007089045011624329
Sat Feb 28 02:00:00 UTC 2026,null,-0.007089045011624329
Sat Feb 28 03:00:00 UTC 2026,null,-0.007089045011624329
Sat Feb 28 04:00:00 UTC 2026,null,-0.007089045011624329
Sat Feb 28 05:00:00 UTC 2026,null,-0.007089045011624329
Sat Feb 28 06:00:00 UTC 2026,null,-0.007089045011624329
Sat Feb 28 07:00:00 UTC 2026,null,-0.007089045011624329
Sat Feb 28 08:00:00 UTC 2026,null,-0.007089045011624329
Sat Feb 28 09:00:00 UTC 2026,null,-0.007089045011624329
Sat Feb 28 10:00:00 UTC 2026,null,-0.007089045011624329
Sat Feb 28 11:00:00 UTC 2026,null,-0.007089045011624329
Sat Feb 28 12:00:00 UTC 2026,null,-0.007089045011624329
Sat Feb 28 13:00:00 UTC 2026,null,-0.007089045011624329
Sat Feb 28 14:00:00 UTC 2026,null,-0.007089045011624329
Sat Feb 28 15:00:00 UTC 2026,null,-0.007089045011624329
Sat Feb 28 16:00:00 UTC 2026,null,-0.007089045011624329
Sat Feb 28 17:00:00 UTC 2026,null,-0.007089045011624329
Sat Feb 28 18:00:00 UTC 2026,null,-0.007089045011624329
Sat Feb 28 19:00:00 UTC 2026,null,-0.007089045011624329
Sat Feb 28 20:00:00 UTC 2026,null,-0.007089045011624329
Sat Feb 28 21:00:00 UTC 2026,null,-0.007089045011624329
Sat Feb 28 22:00:00 UTC 2026,null,-0.007089045011624329
Sat Feb 28 23:00:00 UTC 2026,null,-0.007089045011624329
Sun Mar 01 00:00:00 UTC 2026,null,-0.007089045011624329
Sun Mar 01 01:00:00 UTC 2026,null,-0.007089045011624329
Sun Mar 01 02:00:00 UTC 2026,null,-0.007089045011624329
Sun Mar 01 03:00:00 UTC 2026,null,-0.007089045011624329
Sun Mar 01 04:00:00 UTC 2026,null,-0.007089045011624329
Sun Mar 01 05:00:00 UTC 2026,null,-0.007089045011624329
Sun Mar 01 06:00:00 UTC 2026,null,-0.007089045011624329
Sun Mar 01 07:00:00 UTC 2026,null,-0.007089045011624329
Sun Mar 01 08:00:00 UTC 2026,null,-0.007089045011624329
Sun Mar 01 09:00:00 UTC 2026,null,-0.007089045011624329
Sun Mar 01 10:00:00 UTC 2026,null,-0.007089045011624329
Sun Mar 01 11:00:00 UTC 2026,null,-0.007089045011624329
Sun Mar 01 12:00:00 UTC 2026,null,-0.007089045011624329
Sun Mar 01 13:00:00 UTC 2026,null,-0.007089045011624329
Sun Mar 01 14:00:00 UTC 2026,null,-0.007089045011624329
Sun Mar 01 15:00:00 UTC 2026,null,-0.007089045011624329
Sun Mar 01 16:00:00 UTC 2026,null,-0.007089045011624329
Sun Mar 01 17:00:00 UTC 2026,null,-0.007089045011624329
Sun Mar 01 18:00:00 UTC 2026,null,-0.007089045011624329
Sun Mar 01 19:00:00 UTC 2026,null,-0.007089045011624329
Sun Mar 01 20:00:00 UTC 2026,null,-0.007089045011624329
Sun Mar 01 21:00:00 UTC 2026,null,-0.009217028953286022
Sun Mar 01 22:00:00 UTC 2026,null,-0.015531106678693174
Sun Mar 01 23:00:00 UTC 2026,null,-0.008689797111023356
Mon Mar 02 00:00:00 UTC 2026,null,-0.00496106106996308
Mon Mar 02 01:00:00 UTC 2026,null,-0.002674272356535834
Mon Mar 02 02:00:00 UTC 2026,null,-0.002820372746560107
Mon Mar 02 03:00:00 UTC 2026,null,-0.003709679468448357
Mon Mar 02 04:00:00 UTC 2026,null,-0.004198798165487183
Mon Mar 02 05:00:00 UTC 2026,null,-0.006021876945358162
Mon Mar 02 06:00:00 UTC 2026,null,-0.00585671998272197
Mon Mar 02 07:00:00 UTC 2026,null,-0.006485586878914429
Mon Mar 02 08:00:00 UTC 2026,null,-0.0057614371196623715
Mon Mar 02 09:00:00 UTC 2026,null,-0.002915655609619705
Mon Mar 02 10:00:00 UTC 2026,null,-0.004853073825162202
Mon Mar 02 11:00:00 UTC 2026,null,-0.004147980638522064
Mon Mar 02 12:00:00 UTC 2026,null,-0.0037414404228015563
Mon Mar 02 13:00:00 UTC 2026,null,-0.001130689974972121
Mon Mar 02 14:00:00 UTC 2026,null,-2.604398256957907E-4
Mon Mar 02 15:00:00 UTC 2026,null,-0.004001880248497791
Mon Mar 02 16:00:00 UTC 2026,null,-0.003754144804542836
Mon Mar 02 17:00:00 UTC 2026,null,-0.0050182307877983945
Mon Mar 02 18:00:00 UTC 2026,null,-0.005869424364463249
Mon Mar 02 19:00:00 UTC 2026,null,-0.0025535807299936764
Mon Mar 02 20:00:00 UTC 2026,null,-0.004503703327277453
Mon Mar 02 21:00:00 UTC 2026,null,-0.004592633999466411
Mon Mar 02 22:00:00 UTC 2026,null,-0.007844955725229585
Mon Mar 02 23:00:00 UTC 2026,null,-0.007832251343488306
Tue Mar 03 00:00:00 UTC 2026,null,-0.004897539161256681
Tue Mar 03 01:00:00 UTC 2026,null,-0.0035762834601653637
Tue Mar 03 02:00:00 UTC 2026,null,-0.003118925717479737
Tue Mar 03 03:00:00 UTC 2026,null,-0.0027377942652417886
Tue Mar 03 04:00:00 UTC 2026,null,-0.0024837066304166378
Tue Mar 03 05:00:00 UTC 2026,null,-0.0022994930951685255
Tue Mar 03 06:00:00 UTC 2026,null,-0.0017468524894233006
Tue Mar 03 07:00:00 UTC 2026,null,-0.0033730133523048877
Tue Mar 03 08:00:00 UTC 2026,null,-0.0021025751781786894
Tue Mar 03 09:00:00 UTC 2026,null,-0.003163391053574216
Tue Mar 03 10:00:00 UTC 2026,null,-0.0035318181240708846
Tue Mar 03 11:00:00 UTC 2026,null,-0.0013021991284793977
Tue Mar 03 12:00:00 UTC 2026,null,-0.0031951520079274154
Tue Mar 03 13:00:00 UTC 2026,null,-0.002274084331685966
Tue Mar 03 14:00:00 UTC 2026,null,-0.004579929617725131
Tue Mar 03 15:00:00 UTC 2026,null,-0.0037414404228015563
Tue Mar 03 16:00:00 UTC 2026,null,-0.0039320061489207525
Tue Mar 03 17:00:00 UTC 2026,null,-0.0035762834601653637
Tue Mar 03 18:00:00 UTC 2026,null,-0.0029474165639729044
Tue Mar 03 19:00:00 UTC 2026,null,-0.003716031659318997
Tue Mar 03 20:00:00 UTC 2026,null,-0.003754144804542836
Tue Mar 03 21:00:00 UTC 2026,null,-0.00644112154281995
Tue Mar 03 22:00:00 UTC 2026,null,-0.01015080101126875
Tue Mar 03 23:00:00 UTC 2026,null,-0.009553695069429491
Wed Mar 04 00:00:00 UTC 2026,null,-0.0056153367296380985
Wed Mar 04 01:00:00 UTC 2026,null,-0.0055518148209317
Wed Mar 04 02:00:00 UTC 2026,null,-0.004776847534714523
