date,va,P_Kweek_43_Kday_70_ETE_67_ORD_66_EXT_85_E2Ekor_85_EXTkor_68_DIFF_23
Thu Feb 12 18:00:00 UTC 2026,null,0.0
Thu Feb 12 19:00:00 UTC 2026,null,0.0024919805943639517
Thu Feb 12 20:00:00 UTC 2026,null,0.002551629066037453
Thu Feb 12 21:00:00 UTC 2026,null,8.615890352858813E-5
Thu Feb 12 22:00:00 UTC 2026,null,-0.0027173192651308575
Thu Feb 12 23:00:00 UTC 2026,null,0.0021871106280322294
Fri Feb 13 00:00:00 UTC 2026,null,0.003592163516343394
Fri Feb 13 01:00:00 UTC 2026,null,8.682166432492089E-4
Fri Feb 13 02:00:00 UTC 2026,null,0.0034463561411413046
Fri Feb 13 03:00:00 UTC 2026,null,-8.748442512129806E-4
Fri Feb 13 04:00:00 UTC 2026,null,0.0011995970414355739
Fri Feb 13 05:00:00 UTC 2026,null,-1.2592455131121838E-4
Fri Feb 13 06:00:00 UTC 2026,null,9.54375546777797E-4
Fri Feb 13 07:00:00 UTC 2026,null,0.0012128522573631173
Fri Feb 13 08:00:00 UTC 2026,null,-0.0011266933538349733
Fri Feb 13 09:00:00 UTC 2026,null,-2.1871106280313413E-4
Fri Feb 13 10:00:00 UTC 2026,null,-9.610031547415687E-4
Fri Feb 13 11:00:00 UTC 2026,null,-0.0018954958776280506
Fri Feb 13 12:00:00 UTC 2026,null,-0.0013719148484927501
Fri Feb 13 13:00:00 UTC 2026,null,-1.1266933538367496E-4
Fri Feb 13 14:00:00 UTC 2026,null,-0.002637787969566041
Fri Feb 13 15:00:00 UTC 2026,null,3.446356141139084E-4
Fri Feb 13 16:00:00 UTC 2026,null,-0.004075978897696508
Fri Feb 13 17:00:00 UTC 2026,null,-0.005103258132074906
Fri Feb 13 18:00:00 UTC 2026,null,-0.007051774873412686
Fri Feb 13 19:00:00 UTC 2026,null,-0.005056864876328948
Fri Feb 13 20:00:00 UTC 2026,null,-0.008191723443174759
Fri Feb 13 21:00:00 UTC 2026,null,-0.008191723443174759
Fri Feb 13 22:00:00 UTC 2026,null,-0.008191723443174759
Fri Feb 13 23:00:00 UTC 2026,null,-0.008191723443174759
Sat Feb 14 00:00:00 UTC 2026,null,-0.008191723443174759
Sat Feb 14 01:00:00 UTC 2026,null,-0.008191723443174759
Sat Feb 14 02:00:00 UTC 2026,null,-0.008191723443174759
Sat Feb 14 03:00:00 UTC 2026,null,-0.008191723443174759
Sat Feb 14 04:00:00 UTC 2026,null,-0.008191723443174759
Sat Feb 14 05:00:00 UTC 2026,null,-0.008191723443174759
Sat Feb 14 06:00:00 UTC 2026,null,-0.008191723443174759
Sat Feb 14 07:00:00 UTC 2026,null,-0.008191723443174759
Sat Feb 14 08:00:00 UTC 2026,null,-0.008191723443174759
Sat Feb 14 09:00:00 UTC 2026,null,-0.008191723443174759
Sat Feb 14 10:00:00 UTC 2026,null,-0.008191723443174759
Sat Feb 14 11:00:00 UTC 2026,null,-0.008191723443174759
Sat Feb 14 12:00:00 UTC 2026,null,-0.008191723443174759
Sat Feb 14 13:00:00 UTC 2026,null,-0.008191723443174759
Sat Feb 14 14:00:00 UTC 2026,null,-0.008191723443174759
Sat Feb 14 15:00:00 UTC 2026,null,-0.008191723443174759
Sat Feb 14 16:00:00 UTC 2026,null,-0.008191723443174759
Sat Feb 14 17:00:00 UTC 2026,null,-0.008191723443174759
Sat Feb 14 18:00:00 UTC 2026,null,-0.008191723443174759
Sat Feb 14 19:00:00 UTC 2026,null,-0.008191723443174759
Sat Feb 14 20:00:00 UTC 2026,null,-0.008191723443174759
Sat Feb 14 21:00:00 UTC 2026,null,-0.008191723443174759
Sat Feb 14 22:00:00 UTC 2026,null,-0.008191723443174759
Sat Feb 14 23:00:00 UTC 2026,null,-0.008191723443174759
Sun Feb 15 00:00:00 UTC 2026,null,-0.008191723443174759
Sun Feb 15 01:00:00 UTC 2026,null,-0.008191723443174759
Sun Feb 15 02:00:00 UTC 2026,null,-0.008191723443174759
Sun Feb 15 03:00:00 UTC 2026,null,-0.008191723443174759
Sun Feb 15 04:00:00 UTC 2026,null,-0.008191723443174759
Sun Feb 15 05:00:00 UTC 2026,null,-0.008191723443174759
Sun Feb 15 06:00:00 UTC 2026,null,-0.008191723443174759
Sun Feb 15 07:00:00 UTC 2026,null,-0.008191723443174759
Sun Feb 15 08:00:00 UTC 2026,null,-0.008191723443174759
Sun Feb 15 09:00:00 UTC 2026,null,-0.008191723443174759
Sun Feb 15 10:00:00 UTC 2026,null,-0.008191723443174759
Sun Feb 15 11:00:00 UTC 2026,null,-0.008191723443174759
Sun Feb 15 12:00:00 UTC 2026,null,-0.008191723443174759
Sun Feb 15 13:00:00 UTC 2026,null,-0.008191723443174759
Sun Feb 15 14:00:00 UTC 2026,null,-0.008191723443174759
Sun Feb 15 15:00:00 UTC 2026,null,-0.008191723443174759
Sun Feb 15 16:00:00 UTC 2026,null,-0.008191723443174759
Sun Feb 15 17:00:00 UTC 2026,null,-0.008191723443174759
Sun Feb 15 18:00:00 UTC 2026,null,-0.008191723443174759
Sun Feb 15 19:00:00 UTC 2026,null,-0.008191723443174759
Sun Feb 15 20:00:00 UTC 2026,null,-0.008191723443174759
Sun Feb 15 21:00:00 UTC 2026,null,-0.012042363670104361
Sun Feb 15 22:00:00 UTC 2026,null,-0.014932000742291951
Sun Feb 15 23:00:00 UTC 2026,null,-0.008191723443174759
Mon Feb 16 00:00:00 UTC 2026,null,-0.005752763712520981
Mon Feb 16 01:00:00 UTC 2026,null,-0.00803266085204557
Mon Feb 16 02:00:00 UTC 2026,null,-0.00395005434638529
Mon Feb 16 03:00:00 UTC 2026,null,-0.004142254977333781
Mon Feb 16 04:00:00 UTC 2026,null,-0.00443386972773796
Mon Feb 16 05:00:00 UTC 2026,null,-0.0024257045147266787
Mon Feb 16 06:00:00 UTC 2026,null,-0.00292940271997022
Mon Feb 16 07:00:00 UTC 2026,null,-0.0026974364412395424
Mon Feb 16 08:00:00 UTC 2026,null,0.0011399485697620726
Mon Feb 16 09:00:00 UTC 2026,null,-8.814718591767523E-4
Mon Feb 16 10:00:00 UTC 2026,null,-0.0021142069404311847
Mon Feb 16 11:00:00 UTC 2026,null,-0.003486121788923935
Mon Feb 16 12:00:00 UTC 2026,null,-0.0050038440126192185
Mon Feb 16 13:00:00 UTC 2026,null,-0.0037379708915459275
Mon Feb 16 14:00:00 UTC 2026,null,-0.003101720527027396
Mon Feb 16 15:00:00 UTC 2026,null,3.446356141139084E-4
Mon Feb 16 16:00:00 UTC 2026,null,-0.001199597041436018
Mon Feb 16 17:00:00 UTC 2026,null,5.368362450623998E-4
Mon Feb 16 18:00:00 UTC 2026,null,-8.682166432492089E-4
Mon Feb 16 19:00:00 UTC 2026,null,-1.391797672383177E-4
Mon Feb 16 20:00:00 UTC 2026,null,-0.001756316110389733
Mon Feb 16 21:00:00 UTC 2026,null,-0.002909519896079349
Mon Feb 16 22:00:00 UTC 2026,null,-0.009629914371305226
Mon Feb 16 23:00:00 UTC 2026,null,-0.005348479626733127
Tue Feb 17 00:00:00 UTC 2026,null,-0.0029426579358977634
Tue Feb 17 01:00:00 UTC 2026,null,-0.004592932318867593
Tue Feb 17 02:00:00 UTC 2026,null,-0.006660746003552376
Tue Feb 17 03:00:00 UTC 2026,null,-0.004732112086105911
Tue Feb 17 04:00:00 UTC 2026,null,-0.002863126640332947
Tue Feb 17 05:00:00 UTC 2026,null,-0.0017032952466795592
Tue Feb 17 06:00:00 UTC 2026,null,-0.004380848864028231
Tue Feb 17 07:00:00 UTC 2026,null,-0.004268179528644556
Tue Feb 17 08:00:00 UTC 2026,null,-0.003751226107473471
Tue Feb 17 09:00:00 UTC 2026,null,-0.0035656530844887513
Tue Feb 17 10:00:00 UTC 2026,null,-0.004268179528644556
Tue Feb 17 11:00:00 UTC 2026,null,-0.009484106996103137
Tue Feb 17 12:00:00 UTC 2026,null,-0.007760928925532262
Tue Feb 17 13:00:00 UTC 2026,null,-0.004718856870178367
Tue Feb 17 14:00:00 UTC 2026,null,-0.004599559926831365
Tue Feb 17 15:00:00 UTC 2026,null,-0.003234272686301942
Tue Feb 17 16:00:00 UTC 2026,null,-0.003771108931364786
Tue Feb 17 17:00:00 UTC 2026,null,-0.005096630524111134
Tue Feb 17 18:00:00 UTC 2026,null,-0.004639325574613551
Tue Feb 17 19:00:00 UTC 2026,null,-0.0036716948119086545
Tue Feb 17 20:00:00 UTC 2026,null,-0.0073765276636357235
Tue Feb 17 21:00:00 UTC 2026,null,-0.010305930383605943
Tue Feb 17 22:00:00 UTC 2026,null,-0.012393626892182041
Tue Feb 17 23:00:00 UTC 2026,null,-0.008794835767874876
Wed Feb 18 00:00:00 UTC 2026,null,-0.006011240423106745
Wed Feb 18 01:00:00 UTC 2026,null,-9.610031547415687E-4
Wed Feb 18 02:00:00 UTC 2026,null,-0.006461917764640557
Wed Feb 18 03:00:00 UTC 2026,null,-0.006137164974417519
Wed Feb 18 04:00:00 UTC 2026,null,-0.007966384772407853
Wed Feb 18 05:00:00 UTC 2026,null,-0.005434638530261715
Wed Feb 18 06:00:00 UTC 2026,null,-0.0019021234855918223
Wed Feb 18 07:00:00 UTC 2026,null,-0.0031414861748100265
Wed Feb 18 08:00:00 UTC 2026,null,-0.0030950929190636245
Wed Feb 18 09:00:00 UTC 2026,null,-0.007661514806076131
Wed Feb 18 10:00:00 UTC 2026,null,-0.006839691418573324
Wed Feb 18 11:00:00 UTC 2026,null,-0.006461917764640557
Wed Feb 18 12:00:00 UTC 2026,null,-0.007369900055671952
Wed Feb 18 13:00:00 UTC 2026,null,-0.0064022692929670555
Wed Feb 18 14:00:00 UTC 2026,null,-0.005971474775324115
Wed Feb 18 15:00:00 UTC 2026,null,-0.006031123246997616
Wed Feb 18 16:00:00 UTC 2026,null,-0.009397948092574548
Wed Feb 18 17:00:00 UTC 2026,null,-0.005878688263831755
Wed Feb 18 18:00:00 UTC 2026,null,-0.009696190450942499
Wed Feb 18 19:00:00 UTC 2026,null,-0.008708676864346288
Wed Feb 18 20:00:00 UTC 2026,null,-0.005766018928448524
Wed Feb 18 21:00:00 UTC 2026,null,-0.00886773945547592
Wed Feb 18 22:00:00 UTC 2026,null,-0.01145913416929556
Wed Feb 18 23:00:00 UTC 2026,null,-0.011750748919700182
Thu Feb 19 00:00:00 UTC 2026,null,-0.010345696031388574
Thu Feb 19 01:00:00 UTC 2026,null,-0.011134381379072966
Thu Feb 19 02:00:00 UTC 2026,null,-0.012512923835529488
Thu Feb 19 03:00:00 UTC 2026,null,-0.011194029850746468
Thu Feb 19 04:00:00 UTC 2026,null,-0.009205747461626057
Thu Feb 19 05:00:00 UTC 2026,null,-0.011479016993186875
Thu Feb 19 06:00:00 UTC 2026,null,-0.00984862543410836
Thu Feb 19 07:00:00 UTC 2026,null,-0.009278651149227102
Thu Feb 19 08:00:00 UTC 2026,null,-0.010889159884414745
Thu Feb 19 09:00:00 UTC 2026,null,-0.016052066488163153
Thu Feb 19 10:00:00 UTC 2026,null,-0.012526179051457031
Thu Feb 19 11:00:00 UTC 2026,null,-0.00790010869277058
Thu Feb 19 12:00:00 UTC 2026,null,-0.006740277299117192
Thu Feb 19 13:00:00 UTC 2026,null,-0.009073195302351511
Thu Feb 19 14:00:00 UTC 2026,null,-0.010710214469393797
Thu Feb 19 15:00:00 UTC 2026,null,-0.010186633440258941
Thu Feb 19 16:00:00 UTC 2026,null,-0.011777259351554825
Thu Feb 19 17:00:00 UTC 2026,null,-0.010909042708305616
Thu Feb 19 18:00:00 UTC 2026,null,-0.012221309085124865
Thu Feb 19 19:00:00 UTC 2026,null,-0.010942180748124475
Thu Feb 19 20:00:00 UTC 2026,null,-0.008430317329869208
Thu Feb 19 21:00:00 UTC 2026,null,-0.011598313936534321
Thu Feb 19 22:00:00 UTC 2026,null,-0.015462209379391023
Thu Feb 19 23:00:00 UTC 2026,null,-0.012075501709922776
Fri Feb 20 00:00:00 UTC 2026,null,-0.006965615969884098
Fri Feb 20 01:00:00 UTC 2026,null,-0.007151188992868818
Fri Feb 20 02:00:00 UTC 2026,null,-0.010670448821611167
Fri Feb 20 03:00:00 UTC 2026,null,-0.009331672012937275
Fri Feb 20 04:00:00 UTC 2026,null,-0.008337530818377292
Fri Feb 20 05:00:00 UTC 2026,null,-0.006117282150526204
Fri Feb 20 06:00:00 UTC 2026,null,-0.006852946634500867
Fri Feb 20 07:00:00 UTC 2026,null,-0.005785901752339839
Fri Feb 20 08:00:00 UTC 2026,null,-0.003943426738421518
Fri Feb 20 09:00:00 UTC 2026,null,-0.0027173192651308575
Fri Feb 20 10:00:00 UTC 2026,null,-0.005726253280665894
Fri Feb 20 11:00:00 UTC 2026,null,-0.002511863418255267
Fri Feb 20 12:00:00 UTC 2026,null,-0.0064884281964951995
Fri Feb 20 13:00:00 UTC 2026,null,-0.006872829458391738
Fri Feb 20 14:00:00 UTC 2026,null,-0.009576893507595496
Fri Feb 20 15:00:00 UTC 2026,null,-0.009424458524429635
Fri Feb 20 16:00:00 UTC 2026,null,-0.009689562842978727
Fri Feb 20 17:00:00 UTC 2026,null,-0.011817024999337455
Fri Feb 20 18:00:00 UTC 2026,null,-0.01014686779247631
Fri Feb 20 19:00:00 UTC 2026,null,-0.010836139020704572
Fri Feb 20 20:00:00 UTC 2026,null,-0.011512155033005733
Fri Feb 20 21:00:00 UTC 2026,null,-0.011512155033005733
Fri Feb 20 22:00:00 UTC 2026,null,-0.011512155033005733
Fri Feb 20 23:00:00 UTC 2026,null,-0.011512155033005733
Sat Feb 21 00:00:00 UTC 2026,null,-0.011512155033005733
Sat Feb 21 01:00:00 UTC 2026,null,-0.011512155033005733
Sat Feb 21 02:00:00 UTC 2026,null,-0.011512155033005733
Sat Feb 21 03:00:00 UTC 2026,null,-0.011512155033005733
Sat Feb 21 04:00:00 UTC 2026,null,-0.011512155033005733
Sat Feb 21 05:00:00 UTC 2026,null,-0.011512155033005733
Sat Feb 21 06:00:00 UTC 2026,null,-0.011512155033005733
Sat Feb 21 07:00:00 UTC 2026,null,-0.011512155033005733
Sat Feb 21 08:00:00 UTC 2026,null,-0.011512155033005733
Sat Feb 21 09:00:00 UTC 2026,null,-0.011512155033005733
Sat Feb 21 10:00:00 UTC 2026,null,-0.011512155033005733
Sat Feb 21 11:00:00 UTC 2026,null,-0.011512155033005733
Sat Feb 21 12:00:00 UTC 2026,null,-0.011512155033005733
Sat Feb 21 13:00:00 UTC 2026,null,-0.011512155033005733
Sat Feb 21 14:00:00 UTC 2026,null,-0.011512155033005733
Sat Feb 21 15:00:00 UTC 2026,null,-0.011512155033005733
Sat Feb 21 16:00:00 UTC 2026,null,-0.011512155033005733
Sat Feb 21 17:00:00 UTC 2026,null,-0.011512155033005733
Sat Feb 21 18:00:00 UTC 2026,null,-0.011512155033005733
Sat Feb 21 19:00:00 UTC 2026,null,-0.011512155033005733
Sat Feb 21 20:00:00 UTC 2026,null,-0.011512155033005733
Sat Feb 21 21:00:00 UTC 2026,null,-0.011512155033005733
Sat Feb 21 22:00:00 UTC 2026,null,-0.011512155033005733
Sat Feb 21 23:00:00 UTC 2026,null,-0.011512155033005733
Sun Feb 22 00:00:00 UTC 2026,null,-0.011512155033005733
Sun Feb 22 01:00:00 UTC 2026,null,-0.011512155033005733
Sun Feb 22 02:00:00 UTC 2026,null,-0.011512155033005733
Sun Feb 22 03:00:00 UTC 2026,null,-0.011512155033005733
Sun Feb 22 04:00:00 UTC 2026,null,-0.011512155033005733
Sun Feb 22 05:00:00 UTC 2026,null,-0.011512155033005733
Sun Feb 22 06:00:00 UTC 2026,null,-0.011512155033005733
Sun Feb 22 07:00:00 UTC 2026,null,-0.011512155033005733
Sun Feb 22 08:00:00 UTC 2026,null,-0.011512155033005733
Sun Feb 22 09:00:00 UTC 2026,null,-0.011512155033005733
Sun Feb 22 10:00:00 UTC 2026,null,-0.011512155033005733
Sun Feb 22 11:00:00 UTC 2026,null,-0.011512155033005733
Sun Feb 22 12:00:00 UTC 2026,null,-0.011512155033005733
Sun Feb 22 13:00:00 UTC 2026,null,-0.011512155033005733
Sun Feb 22 14:00:00 UTC 2026,null,-0.011512155033005733
Sun Feb 22 15:00:00 UTC 2026,null,-0.011512155033005733
Sun Feb 22 16:00:00 UTC 2026,null,-0.011512155033005733
Sun Feb 22 17:00:00 UTC 2026,null,-0.011512155033005733
Sun Feb 22 18:00:00 UTC 2026,null,-0.011512155033005733
Sun Feb 22 19:00:00 UTC 2026,null,-0.011512155033005733
Sun Feb 22 20:00:00 UTC 2026,null,-0.011512155033005733
Sun Feb 22 21:00:00 UTC 2026,null,-0.012022480846213046
Sun Feb 22 22:00:00 UTC 2026,null,-0.01487235227061845
Sun Feb 22 23:00:00 UTC 2026,null,-0.012459902971819314
Mon Feb 23 00:00:00 UTC 2026,null,-0.010537896662336621
Mon Feb 23 01:00:00 UTC 2026,null,-0.013255215927467479
Mon Feb 23 02:00:00 UTC 2026,null,-0.010557779486227936
Mon Feb 23 03:00:00 UTC 2026,null,-0.010650565997720296
Mon Feb 23 04:00:00 UTC 2026,null,-0.011187402242782696
Mon Feb 23 05:00:00 UTC 2026,null,-0.008357413642268163
Mon Feb 23 06:00:00 UTC 2026,null,-0.009059940086423968
Mon Feb 23 07:00:00 UTC 2026,null,-0.011624824368388964
Mon Feb 23 08:00:00 UTC 2026,null,-0.0050237268365100896
Mon Feb 23 09:00:00 UTC 2026,null,-0.007661514806076131
Mon Feb 23 10:00:00 UTC 2026,null,-0.008834601415657062
Mon Feb 23 11:00:00 UTC 2026,null,-0.009146098989952556
Mon Feb 23 12:00:00 UTC 2026,null,-0.013023249648736801
Mon Feb 23 13:00:00 UTC 2026,null,-0.007853715437024622
Mon Feb 23 14:00:00 UTC 2026,null,-0.012645475994804034
Mon Feb 23 15:00:00 UTC 2026,null,-0.009172609421807643
Mon Feb 23 16:00:00 UTC 2026,null,-0.008244744306884932
Mon Feb 23 17:00:00 UTC 2026,null,-0.011147636595000066
Mon Feb 23 18:00:00 UTC 2026,null,-0.008536359057289111
Mon Feb 23 19:00:00 UTC 2026,null,-0.010007688025237993
Mon Feb 23 20:00:00 UTC 2026,null,-0.013308236791177208
Mon Feb 23 21:00:00 UTC 2026,null,-0.013367885262851154
Mon Feb 23 22:00:00 UTC 2026,null,-0.01940563611781254
Mon Feb 23 23:00:00 UTC 2026,null,-0.012943718353171985
Tue Feb 24 00:00:00 UTC 2026,null,-0.01237374406829117
Tue Feb 24 01:00:00 UTC 2026,null,-0.015044670077675626
Tue Feb 24 02:00:00 UTC 2026,null,-0.012473158187746858
Tue Feb 24 03:00:00 UTC 2026,null,-0.01199597041435796
Tue Feb 24 04:00:00 UTC 2026,null,-0.012201426261233994
Tue Feb 24 05:00:00 UTC 2026,null,-0.010312557991569715
Tue Feb 24 06:00:00 UTC 2026,null,-0.00960340393945014
Tue Feb 24 07:00:00 UTC 2026,null,-0.008907505103258107
Tue Feb 24 08:00:00 UTC 2026,null,-0.00843694493783298
Tue Feb 24 09:00:00 UTC 2026,null,-0.00823811669892116
Tue Feb 24 10:00:00 UTC 2026,null,-0.006561331884096688
Tue Feb 24 11:00:00 UTC 2026,null,-0.0064685453726043285
Tue Feb 24 12:00:00 UTC 2026,null,-0.01062405556586521
Tue Feb 24 13:00:00 UTC 2026,null,-0.009822115002253273
Tue Feb 24 14:00:00 UTC 2026,null,-0.013222077887649064
Tue Feb 24 15:00:00 UTC 2026,null,-0.009649797195196541
Tue Feb 24 16:00:00 UTC 2026,null,-0.007979639988335396
Tue Feb 24 17:00:00 UTC 2026,null,-0.007727790885713404
Tue Feb 24 18:00:00 UTC 2026,null,-0.007880225868879265
Tue Feb 24 19:00:00 UTC 2026,null,-0.009298533973118417
Tue Feb 24 20:00:00 UTC 2026,null,-0.010166750616367626
Tue Feb 24 21:00:00 UTC 2026,null,-0.013917976723841097
Tue Feb 24 22:00:00 UTC 2026,null,-0.014063784099043186
Tue Feb 24 23:00:00 UTC 2026,null,-0.011465761777259331
Wed Feb 25 00:00:00 UTC 2026,null,-0.011048222475544378
Wed Feb 25 01:00:00 UTC 2026,null,-0.01116751941889138
Wed Feb 25 02:00:00 UTC 2026,null,-0.009252140717372459
Wed Feb 25 03:00:00 UTC 2026,null,-0.008702049256382516
Wed Feb 25 04:00:00 UTC 2026,null,-0.00803266085204557
Wed Feb 25 05:00:00 UTC 2026,null,-0.008967153574931608
Wed Feb 25 06:00:00 UTC 2026,null,-0.009444341348320506
Wed Feb 25 07:00:00 UTC 2026,null,-0.011134381379072966
Wed Feb 25 08:00:00 UTC 2026,null,-0.007601866334402629
Wed Feb 25 09:00:00 UTC 2026,null,-0.008668911216563657
Wed Feb 25 10:00:00 UTC 2026,null,-0.006700511651335006
Wed Feb 25 11:00:00 UTC 2026,null,-0.009543755467776638
Wed Feb 25 12:00:00 UTC 2026,null,-0.010186633440258941
Wed Feb 25 13:00:00 UTC 2026,null,-0.012493041011638173
Wed Feb 25 14:00:00 UTC 2026,null,-0.008602635136926384
Wed Feb 25 15:00:00 UTC 2026,null,-0.007383155271599495
Wed Feb 25 16:00:00 UTC 2026,null,-0.0075554730786566715
Wed Feb 25 17:00:00 UTC 2026,null,-0.00970281805890627
Wed Feb 25 18:00:00 UTC 2026,null,-0.01174412131173641
Wed Feb 25 19:00:00 UTC 2026,null,-0.00829113756263089
Wed Feb 25 20:00:00 UTC 2026,null,-0.008006150420190483
Wed Feb 25 21:00:00 UTC 2026,null,-0.014693406855597946
Wed Feb 25 22:00:00 UTC 2026,null,-0.013659500013255332
Wed Feb 25 23:00:00 UTC 2026,null,-0.01120065745871024
Thu Feb 26 00:00:00 UTC 2026,null,-0.008072426499827756
Thu Feb 26 01:00:00 UTC 2026,null,-0.008854484239548377
Thu Feb 26 02:00:00 UTC 2026,null,-0.011525410248932833
Thu Feb 26 03:00:00 UTC 2026,null,-0.011783886959518597
Thu Feb 26 04:00:00 UTC 2026,null,-0.009232257893481144
Thu Feb 26 05:00:00 UTC 2026,null,-0.00886773945547592
Thu Feb 26 06:00:00 UTC 2026,null,-0.010902415100341845
Thu Feb 26 07:00:00 UTC 2026,null,-0.012155033005487592
Thu Feb 26 08:00:00 UTC 2026,null,-0.009437713740356735
Thu Feb 26 09:00:00 UTC 2026,null,-0.011903183902866044
Thu Feb 26 10:00:00 UTC 2026,null,-0.010928925532196931
Thu Feb 26 11:00:00 UTC 2026,null,-0.012559317091275446
Thu Feb 26 12:00:00 UTC 2026,null,-0.016158108215583056
Thu Feb 26 13:00:00 UTC 2026,null,-0.014753055327271447
Thu Feb 26 14:00:00 UTC 2026,null,-0.015071180509530713
Thu Feb 26 15:00:00 UTC 2026,null,-0.014070411707006958
Thu Feb 26 16:00:00 UTC 2026,null,-0.013937859547731968
Thu Feb 26 17:00:00 UTC 2026,null,-0.014514461440576998
Thu Feb 26 18:00:00 UTC 2026,null,-0.014415047321120866
Thu Feb 26 19:00:00 UTC 2026,null,-0.01589963150499729
Thu Feb 26 20:00:00 UTC 2026,null,-0.016310543198748917
Thu Feb 26 21:00:00 UTC 2026,null,-0.019571326316905946
Thu Feb 26 22:00:00 UTC 2026,null,-0.022354921661674076
Thu Feb 26 23:00:00 UTC 2026,null,-0.020306990800880165
Fri Feb 27 00:00:00 UTC 2026,null,-0.018212666684340295
Fri Feb 27 01:00:00 UTC 2026,null,-0.017834893030407528
Fri Feb 27 02:00:00 UTC 2026,null,-0.018298825587868883
Fri Feb 27 03:00:00 UTC 2026,null,-0.019180297447045636
Fri Feb 27 04:00:00 UTC 2026,null,-0.018066859309138206
Fri Feb 27 05:00:00 UTC 2026,null,-0.01759629914371308
Fri Feb 27 06:00:00 UTC 2026,null,-0.017463746984438533
Fri Feb 27 07:00:00 UTC 2026,null,-0.018033721269319347
Fri Feb 27 08:00:00 UTC 2026,null,-0.016887145091593503
Fri Feb 27 09:00:00 UTC 2026,null,-0.0183783568834337
Fri Feb 27 10:00:00 UTC 2026,null,-0.018166273428594337
Fri Feb 27 11:00:00 UTC 2026,null,-0.0183783568834337
Fri Feb 27 12:00:00 UTC 2026,null,-0.019080883327589504
Fri Feb 27 13:00:00 UTC 2026,null,-0.01922006309482782
Fri Feb 27 14:00:00 UTC 2026,null,-0.0189748416001696
Fri Feb 27 15:00:00 UTC 2026,null,-0.016535881869515823
Fri Feb 27 16:00:00 UTC 2026,null,-0.018186156252485652
Fri Feb 27 17:00:00 UTC 2026,null,-0.017960817581718302
Fri Feb 27 18:00:00 UTC 2026,null,-0.016701572068609227
Fri Feb 27 19:00:00 UTC 2026,null,-0.019080883327589504
Fri Feb 27 20:00:00 UTC 2026,null,-0.017927679541899888
Fri Feb 27 21:00:00 UTC 2026,null,-0.017927679541899888
Fri Feb 27 22:00:00 UTC 2026,null,-0.017927679541899888
Fri Feb 27 23:00:00 UTC 2026,null,-0.017927679541899888
Sat Feb 28 00:00:00 UTC 2026,null,-0.017927679541899888
Sat Feb 28 01:00:00 UTC 2026,null,-0.017927679541899888
Sat Feb 28 02:00:00 UTC 2026,null,-0.017927679541899888
Sat Feb 28 03:00:00 UTC 2026,null,-0.017927679541899888
Sat Feb 28 04:00:00 UTC 2026,null,-0.017927679541899888
Sat Feb 28 05:00:00 UTC 2026,null,-0.017927679541899888
Sat Feb 28 06:00:00 UTC 2026,null,-0.017927679541899888
Sat Feb 28 07:00:00 UTC 2026,null,-0.017927679541899888
Sat Feb 28 08:00:00 UTC 2026,null,-0.017927679541899888
Sat Feb 28 09:00:00 UTC 2026,null,-0.017927679541899888
Sat Feb 28 10:00:00 UTC 2026,null,-0.017927679541899888
Sat Feb 28 11:00:00 UTC 2026,null,-0.017927679541899888
Sat Feb 28 12:00:00 UTC 2026,null,-0.017927679541899888
Sat Feb 28 13:00:00 UTC 2026,null,-0.017927679541899888
Sat Feb 28 14:00:00 UTC 2026,null,-0.017927679541899888
Sat Feb 28 15:00:00 UTC 2026,null,-0.017927679541899888
Sat Feb 28 16:00:00 UTC 2026,null,-0.017927679541899888
Sat Feb 28 17:00:00 UTC 2026,null,-0.017927679541899888
Sat Feb 28 18:00:00 UTC 2026,null,-0.017927679541899888
Sat Feb 28 19:00:00 UTC 2026,null,-0.017927679541899888
Sat Feb 28 20:00:00 UTC 2026,null,-0.017927679541899888
Sat Feb 28 21:00:00 UTC 2026,null,-0.017927679541899888
Sat Feb 28 22:00:00 UTC 2026,null,-0.017927679541899888
Sat Feb 28 23:00:00 UTC 2026,null,-0.017927679541899888
Sun Mar 01 00:00:00 UTC 2026,null,-0.017927679541899888
Sun Mar 01 01:00:00 UTC 2026,null,-0.017927679541899888
Sun Mar 01 02:00:00 UTC 2026,null,-0.017927679541899888
Sun Mar 01 03:00:00 UTC 2026,null,-0.017927679541899888
Sun Mar 01 04:00:00 UTC 2026,null,-0.017927679541899888
Sun Mar 01 05:00:00 UTC 2026,null,-0.017927679541899888
Sun Mar 01 06:00:00 UTC 2026,null,-0.017927679541899888
Sun Mar 01 07:00:00 UTC 2026,null,-0.017927679541899888
Sun Mar 01 08:00:00 UTC 2026,null,-0.017927679541899888
Sun Mar 01 09:00:00 UTC 2026,null,-0.017927679541899888
Sun Mar 01 10:00:00 UTC 2026,null,-0.017927679541899888
Sun Mar 01 11:00:00 UTC 2026,null,-0.017927679541899888
Sun Mar 01 12:00:00 UTC 2026,null,-0.017927679541899888
Sun Mar 01 13:00:00 UTC 2026,null,-0.017927679541899888
Sun Mar 01 14:00:00 UTC 2026,null,-0.017927679541899888
Sun Mar 01 15:00:00 UTC 2026,null,-0.017927679541899888
Sun Mar 01 16:00:00 UTC 2026,null,-0.017927679541899888
Sun Mar 01 17:00:00 UTC 2026,null,-0.017927679541899888
Sun Mar 01 18:00:00 UTC 2026,null,-0.017927679541899888
Sun Mar 01 19:00:00 UTC 2026,null,-0.017927679541899888
Sun Mar 01 20:00:00 UTC 2026,null,-0.017927679541899888
Sun Mar 01 21:00:00 UTC 2026,null,-0.02238143209352872
Sun Mar 01 22:00:00 UTC 2026,null,-0.021188462660056917
Sun Mar 01 23:00:00 UTC 2026,null,-0.01789454150208103
Mon Mar 02 00:00:00 UTC 2026,null,-0.01598579040852588
Mon Mar 02 01:00:00 UTC 2026,null,-0.01813313538877548
Mon Mar 02 02:00:00 UTC 2026,null,-0.014792820975053633
Mon Mar 02 03:00:00 UTC 2026,null,-0.01895495877627873
Mon Mar 02 04:00:00 UTC 2026,null,-0.01754990588796712
Mon Mar 02 05:00:00 UTC 2026,null,-0.017291429177381357
Mon Mar 02 06:00:00 UTC 2026,null,-0.01906100050369819
Mon Mar 02 07:00:00 UTC 2026,null,-0.017881286286153486
Mon Mar 02 08:00:00 UTC 2026,null,-0.01505792529360317
Mon Mar 02 09:00:00 UTC 2026,null,-0.01813313538877548
Mon Mar 02 10:00:00 UTC 2026,null,-0.018981469208133372
Mon Mar 02 11:00:00 UTC 2026,null,-0.020552212295538386
Mon Mar 02 12:00:00 UTC 2026,null,-0.020545584687574614
Mon Mar 02 13:00:00 UTC 2026,null,-0.021917499536067364
Mon Mar 02 14:00:00 UTC 2026,null,-0.022195859070544444
Mon Mar 02 15:00:00 UTC 2026,null,-0.02008827973807703
Mon Mar 02 16:00:00 UTC 2026,null,-0.022825481827099203
Mon Mar 02 17:00:00 UTC 2026,null,-0.020651626414994517
Mon Mar 02 18:00:00 UTC 2026,null,-0.01739747090480126
Mon Mar 02 19:00:00 UTC 2026,null,-0.015349540044007348
Mon Mar 02 20:00:00 UTC 2026,null,-0.01672808250046387
Mon Mar 02 21:00:00 UTC 2026,null,-0.0200485140902944
Mon Mar 02 22:00:00 UTC 2026,null,-0.0215993743538081
Mon Mar 02 23:00:00 UTC 2026,null,-0.019286339174465095
Tue Mar 03 00:00:00 UTC 2026,null,-0.01873624771347515
Tue Mar 03 01:00:00 UTC 2026,null,-0.018842289440895055
Tue Mar 03 02:00:00 UTC 2026,null,-0.01847114339492606
Tue Mar 03 03:00:00 UTC 2026,null,-0.019259828742610452
Tue Mar 03 04:00:00 UTC 2026,null,-0.01763606479149571
Tue Mar 03 05:00:00 UTC 2026,null,-0.01727154635349004
Tue Mar 03 06:00:00 UTC 2026,null,-0.01973038890803558
Tue Mar 03 07:00:00 UTC 2026,null,-0.022116327774979627
Tue Mar 03 08:00:00 UTC 2026,null,-0.01922006309482782
Tue Mar 03 09:00:00 UTC 2026,null,-0.018106624956920836
Tue Mar 03 10:00:00 UTC 2026,null,-0.014733172503380132
Tue Mar 03 11:00:00 UTC 2026,null,-0.017708968479096754
Tue Mar 03 12:00:00 UTC 2026,null,-0.018113252564884164
Tue Mar 03 13:00:00 UTC 2026,null,-0.015362795259934892
Tue Mar 03 14:00:00 UTC 2026,null,-0.014362026457411137
Tue Mar 03 15:00:00 UTC 2026,null,-0.013884838684022238
Tue Mar 03 16:00:00 UTC 2026,null,-0.009212375069589829
Tue Mar 03 17:00:00 UTC 2026,null,-0.012314095596617225
Tue Mar 03 18:00:00 UTC 2026,null,-0.012214681477161538
Tue Mar 03 19:00:00 UTC 2026,null,-0.014898862702473537
Tue Mar 03 20:00:00 UTC 2026,null,-0.012950345961135756
Tue Mar 03 21:00:00 UTC 2026,null,-0.01589963150499729
Tue Mar 03 22:00:00 UTC 2026,null,-0.015873121073142205
Tue Mar 03 23:00:00 UTC 2026,null,-0.016960048779194548
Wed Mar 04 00:00:00 UTC 2026,null,-0.014216219082209047
Wed Mar 04 01:00:00 UTC 2026,null,-0.015581506322738026
Wed Mar 04 02:00:00 UTC 2026,null,-0.01793430714986366
Wed Mar 04 03:00:00 UTC 2026,null,-0.018073486917101977
Wed Mar 04 04:00:00 UTC 2026,null,-0.017980700405609618
Wed Mar 04 05:00:00 UTC 2026,null,-0.01648286100580565
Wed Mar 04 06:00:00 UTC 2026,null,-0.016217756687256557
Wed Mar 04 07:00:00 UTC 2026,null,-0.014991649213965896
Wed Mar 04 08:00:00 UTC 2026,null,-0.01613822539169174
Wed Mar 04 09:00:00 UTC 2026,null,-0.016979931603085863
Wed Mar 04 10:00:00 UTC 2026,null,-0.017278173961453813
Wed Mar 04 11:00:00 UTC 2026,null,-0.017669202831314124
Wed Mar 04 12:00:00 UTC 2026,null,-0.015236870708624117
Wed Mar 04 13:00:00 UTC 2026,null,-0.013977625195514598
Wed Mar 04 14:00:00 UTC 2026,null,-0.017344450041091086
Wed Mar 04 15:00:00 UTC 2026,null,-0.018166273428594337
Wed Mar 04 16:00:00 UTC 2026,null,-0.016887145091593503
Wed Mar 04 17:00:00 UTC 2026,null,-0.01720527027385277
