date,va,P_Kweek_83_Kday_56_ETE_66_ORD_68_EXT_84_E2Ekor_81_EXTkor_66_DIFF_24
Thu Feb 12 14:00:00 UTC 2026,null,0.0
Thu Feb 12 15:00:00 UTC 2026,null,0.004194620731338583
Thu Feb 12 16:00:00 UTC 2026,null,0.0032033847083710043
Thu Feb 12 17:00:00 UTC 2026,null,0.004158355998790997
Thu Feb 12 18:00:00 UTC 2026,null,0.0015472952553641228
Thu Feb 12 19:00:00 UTC 2026,null,0.002151707464490782
Thu Feb 12 20:00:00 UTC 2026,null,0.0027198549410696327
Thu Feb 12 21:00:00 UTC 2026,null,0.002514354789966644
Thu Feb 12 22:00:00 UTC 2026,null,0.005052886068298568
Thu Feb 12 23:00:00 UTC 2026,null,0.0036627379873073185
Fri Feb 13 00:00:00 UTC 2026,null,0.0026473254759744602
Fri Feb 13 01:00:00 UTC 2026,null,0.003263825929283648
Fri Feb 13 02:00:00 UTC 2026,null,0.002514354789966644
Fri Feb 13 03:00:00 UTC 2026,null,0.003541855545481809
Fri Feb 13 04:00:00 UTC 2026,null,0.0031912964641884756
Fri Feb 13 05:00:00 UTC 2026,null,0.0045451798126321385
Fri Feb 13 06:00:00 UTC 2026,null,0.0035660320338468665
Fri Feb 13 07:00:00 UTC 2026,null,0.004013297068600652
Fri Feb 13 08:00:00 UTC 2026,null,0.0033363553943788204
Fri Feb 13 09:00:00 UTC 2026,null,0.00522212148685397
Fri Feb 13 10:00:00 UTC 2026,null,0.0011846479298880386
Fri Feb 13 11:00:00 UTC 2026,null,0.0036022967663946748
Fri Feb 13 12:00:00 UTC 2026,null,0.0018857660924749275
Fri Feb 13 13:00:00 UTC 2026,null,0.008618918102145656
Fri Feb 13 14:00:00 UTC 2026,null,0.004375944394076736
Fri Feb 13 15:00:00 UTC 2026,null,0.005681474765790062
Fri Feb 13 16:00:00 UTC 2026,null,0.0030099728014505445
Fri Feb 13 17:00:00 UTC 2026,null,-2.4176488365079685E-4
Fri Feb 13 18:00:00 UTC 2026,null,0.003723179208219962
Fri Feb 13 19:00:00 UTC 2026,null,0.003082502266545717
Fri Feb 13 20:00:00 UTC 2026,null,0.004013297068600652
Fri Feb 13 21:00:00 UTC 2026,null,0.004013297068600652
Fri Feb 13 22:00:00 UTC 2026,null,0.004013297068600652
Fri Feb 13 23:00:00 UTC 2026,null,0.004013297068600652
Sat Feb 14 00:00:00 UTC 2026,null,0.004013297068600652
Sat Feb 14 01:00:00 UTC 2026,null,0.004013297068600652
Sat Feb 14 02:00:00 UTC 2026,null,0.004013297068600652
Sat Feb 14 03:00:00 UTC 2026,null,0.004013297068600652
Sat Feb 14 04:00:00 UTC 2026,null,0.004013297068600652
Sat Feb 14 05:00:00 UTC 2026,null,0.004013297068600652
Sat Feb 14 06:00:00 UTC 2026,null,0.004013297068600652
Sat Feb 14 07:00:00 UTC 2026,null,0.004013297068600652
Sat Feb 14 08:00:00 UTC 2026,null,0.004013297068600652
Sat Feb 14 09:00:00 UTC 2026,null,0.004013297068600652
Sat Feb 14 10:00:00 UTC 2026,null,0.004013297068600652
Sat Feb 14 11:00:00 UTC 2026,null,0.004013297068600652
Sat Feb 14 12:00:00 UTC 2026,null,0.004013297068600652
Sat Feb 14 13:00:00 UTC 2026,null,0.004013297068600652
Sat Feb 14 14:00:00 UTC 2026,null,0.004013297068600652
Sat Feb 14 15:00:00 UTC 2026,null,0.004013297068600652
Sat Feb 14 16:00:00 UTC 2026,null,0.004013297068600652
Sat Feb 14 17:00:00 UTC 2026,null,0.004013297068600652
Sat Feb 14 18:00:00 UTC 2026,null,0.004013297068600652
Sat Feb 14 19:00:00 UTC 2026,null,0.004013297068600652
Sat Feb 14 20:00:00 UTC 2026,null,0.004013297068600652
Sat Feb 14 21:00:00 UTC 2026,null,0.004013297068600652
Sat Feb 14 22:00:00 UTC 2026,null,0.004013297068600652
Sat Feb 14 23:00:00 UTC 2026,null,0.004013297068600652
Sun Feb 15 00:00:00 UTC 2026,null,0.004013297068600652
Sun Feb 15 01:00:00 UTC 2026,null,0.004013297068600652
Sun Feb 15 02:00:00 UTC 2026,null,0.004013297068600652
Sun Feb 15 03:00:00 UTC 2026,null,0.004013297068600652
Sun Feb 15 04:00:00 UTC 2026,null,0.004013297068600652
Sun Feb 15 05:00:00 UTC 2026,null,0.004013297068600652
Sun Feb 15 06:00:00 UTC 2026,null,0.004013297068600652
Sun Feb 15 07:00:00 UTC 2026,null,0.004013297068600652
Sun Feb 15 08:00:00 UTC 2026,null,0.004013297068600652
Sun Feb 15 09:00:00 UTC 2026,null,0.004013297068600652
Sun Feb 15 10:00:00 UTC 2026,null,0.004013297068600652
Sun Feb 15 11:00:00 UTC 2026,null,0.004013297068600652
Sun Feb 15 12:00:00 UTC 2026,null,0.004013297068600652
Sun Feb 15 13:00:00 UTC 2026,null,0.004013297068600652
Sun Feb 15 14:00:00 UTC 2026,null,0.004013297068600652
Sun Feb 15 15:00:00 UTC 2026,null,0.004013297068600652
Sun Feb 15 16:00:00 UTC 2026,null,0.004013297068600652
Sun Feb 15 17:00:00 UTC 2026,null,0.004013297068600652
Sun Feb 15 18:00:00 UTC 2026,null,0.004013297068600652
Sun Feb 15 19:00:00 UTC 2026,null,0.004013297068600652
Sun Feb 15 20:00:00 UTC 2026,null,0.004013297068600652
Sun Feb 15 21:00:00 UTC 2026,null,0.003590208522212146
Sun Feb 15 22:00:00 UTC 2026,null,0.004835297673012828
Sun Feb 15 23:00:00 UTC 2026,null,0.005717739498337648
Mon Feb 16 00:00:00 UTC 2026,null,0.007023269870051196
Mon Feb 16 01:00:00 UTC 2026,null,0.00679359323058315
Mon Feb 16 02:00:00 UTC 2026,null,0.00551223934723466
Mon Feb 16 03:00:00 UTC 2026,null,0.004557268056814667
Mon Feb 16 04:00:00 UTC 2026,null,0.011955273496524477
Mon Feb 16 05:00:00 UTC 2026,null,0.011846479298881718
Mon Feb 16 06:00:00 UTC 2026,null,0.011193714113024944
Mon Feb 16 07:00:00 UTC 2026,null,0.011846479298881718
Mon Feb 16 08:00:00 UTC 2026,null,0.013816863100634569
Mon Feb 16 09:00:00 UTC 2026,null,0.014965246297975021
Mon Feb 16 10:00:00 UTC 2026,null,0.014675128437594331
Mon Feb 16 11:00:00 UTC 2026,null,0.015750982169839833
Mon Feb 16 12:00:00 UTC 2026,null,0.01153218495013597
Mon Feb 16 13:00:00 UTC 2026,null,0.014119069205197787
Mon Feb 16 14:00:00 UTC 2026,null,0.01668177697189477
Mon Feb 16 15:00:00 UTC 2026,null,0.011072831671199657
Mon Feb 16 16:00:00 UTC 2026,null,0.009440918706557833
Mon Feb 16 17:00:00 UTC 2026,null,0.014771834391054561
Mon Feb 16 18:00:00 UTC 2026,null,0.0168631006346327
Mon Feb 16 19:00:00 UTC 2026,null,0.013671804170444224
Mon Feb 16 20:00:00 UTC 2026,null,0.015702629193109496
Mon Feb 16 21:00:00 UTC 2026,null,0.016645512239347182
Mon Feb 16 22:00:00 UTC 2026,null,0.015811423390752477
Mon Feb 16 23:00:00 UTC 2026,null,0.01390148080991227
Tue Feb 17 00:00:00 UTC 2026,null,0.012825627077666768
Tue Feb 17 01:00:00 UTC 2026,null,0.012269567845270446
Tue Feb 17 02:00:00 UTC 2026,null,0.016923541855545343
Tue Feb 17 03:00:00 UTC 2026,null,0.013430039286793427
Tue Feb 17 04:00:00 UTC 2026,null,0.015134481716530646
Tue Feb 17 05:00:00 UTC 2026,null,0.01578724690238742
Tue Feb 17 06:00:00 UTC 2026,null,0.013297068600785611
Tue Feb 17 07:00:00 UTC 2026,null,0.01508612873980053
Tue Feb 17 08:00:00 UTC 2026,null,0.015726805681474554
Tue Feb 17 09:00:00 UTC 2026,null,0.012946509519492277
Tue Feb 17 10:00:00 UTC 2026,null,0.017600483529767175
Tue Feb 17 11:00:00 UTC 2026,null,0.018216983983076362
Tue Feb 17 12:00:00 UTC 2026,null,0.020755515261408064
Tue Feb 17 13:00:00 UTC 2026,null,0.018700513750377734
Tue Feb 17 14:00:00 UTC 2026,null,0.017407071622846715
Tue Feb 17 15:00:00 UTC 2026,null,0.01992142641281336
Tue Feb 17 16:00:00 UTC 2026,null,0.01903898458748854
Tue Feb 17 17:00:00 UTC 2026,null,0.015388334844363749
Tue Feb 17 18:00:00 UTC 2026,null,0.01607736476276811
Tue Feb 17 19:00:00 UTC 2026,null,0.012789362345119182
Tue Feb 17 20:00:00 UTC 2026,null,0.01519492293744329
Tue Feb 17 21:00:00 UTC 2026,null,0.013841039588999626
Tue Feb 17 22:00:00 UTC 2026,null,0.015025687518887665
Tue Feb 17 23:00:00 UTC 2026,null,0.012970686007857335
Wed Feb 18 00:00:00 UTC 2026,null,0.008606829857963127
Wed Feb 18 01:00:00 UTC 2026,null,0.012656391659111366
Wed Feb 18 02:00:00 UTC 2026,null,0.01183439105469919
Wed Feb 18 03:00:00 UTC 2026,null,0.01339377455424584
Wed Feb 18 04:00:00 UTC 2026,null,0.011181625868842415
Wed Feb 18 05:00:00 UTC 2026,null,0.012378362042913205
Wed Feb 18 06:00:00 UTC 2026,null,0.01280145058930171
Wed Feb 18 07:00:00 UTC 2026,null,0.011653067391961258
Wed Feb 18 08:00:00 UTC 2026,null,0.010299184043517595
Wed Feb 18 09:00:00 UTC 2026,null,0.012680568147476423
Wed Feb 18 10:00:00 UTC 2026,null,0.01814445451798119
Wed Feb 18 11:00:00 UTC 2026,null,0.01624660018132351
Wed Feb 18 12:00:00 UTC 2026,null,0.016198247204593397
Wed Feb 18 13:00:00 UTC 2026,null,0.018108189785433604
Wed Feb 18 14:00:00 UTC 2026,null,0.01824116047144142
Wed Feb 18 15:00:00 UTC 2026,null,0.017008159564823044
Wed Feb 18 16:00:00 UTC 2026,null,0.015352070111816163
Wed Feb 18 17:00:00 UTC 2026,null,0.014505893019038929
Wed Feb 18 18:00:00 UTC 2026,null,0.013272892112420553
Wed Feb 18 19:00:00 UTC 2026,null,0.014505893019038929
Wed Feb 18 20:00:00 UTC 2026,null,0.014832275611967205
Wed Feb 18 21:00:00 UTC 2026,null,0.015170746449078232
Wed Feb 18 22:00:00 UTC 2026,null,0.014542157751586515
Wed Feb 18 23:00:00 UTC 2026,null,0.014626775460864216
Thu Feb 19 00:00:00 UTC 2026,null,0.01665760048352971
Thu Feb 19 01:00:00 UTC 2026,null,0.017612571773949703
Thu Feb 19 02:00:00 UTC 2026,null,0.018216983983076362
Thu Feb 19 03:00:00 UTC 2026,null,0.016198247204593397
Thu Feb 19 04:00:00 UTC 2026,null,0.016379570867331328
Thu Feb 19 05:00:00 UTC 2026,null,0.01815654276216372
Thu Feb 19 06:00:00 UTC 2026,null,0.019256572982774056
Thu Feb 19 07:00:00 UTC 2026,null,0.02168631006346322
Thu Feb 19 08:00:00 UTC 2026,null,0.01902689634330601
Thu Feb 19 09:00:00 UTC 2026,null,0.021275309761257022
Thu Feb 19 10:00:00 UTC 2026,null,0.01656089453006948
Thu Feb 19 11:00:00 UTC 2026,null,0.01824116047144142
Thu Feb 19 12:00:00 UTC 2026,null,0.014155333937745374
Thu Feb 19 13:00:00 UTC 2026,null,0.016101541251133167
Thu Feb 19 14:00:00 UTC 2026,null,0.01963130855243267
Thu Feb 19 15:00:00 UTC 2026,null,0.016693865216077297
Thu Feb 19 16:00:00 UTC 2026,null,0.01122997884557253
Thu Feb 19 17:00:00 UTC 2026,null,0.014324569356300998
Thu Feb 19 18:00:00 UTC 2026,null,0.017503777576306945
Thu Feb 19 19:00:00 UTC 2026,null,0.017914777878513144
Thu Feb 19 20:00:00 UTC 2026,null,0.02149289815654276
Thu Feb 19 21:00:00 UTC 2026,null,0.0225929283771531
Thu Feb 19 22:00:00 UTC 2026,null,0.025675430643698816
Thu Feb 19 23:00:00 UTC 2026,null,0.02515563614385008
Fri Feb 20 00:00:00 UTC 2026,null,0.02328195829555746
Fri Feb 20 01:00:00 UTC 2026,null,0.02307645814445447
Fri Feb 20 02:00:00 UTC 2026,null,0.020936838924146217
Fri Feb 20 03:00:00 UTC 2026,null,0.01894227863402831
Fri Feb 20 04:00:00 UTC 2026,null,0.02150498640072529
Fri Feb 20 05:00:00 UTC 2026,null,0.02247204593532781
Fri Feb 20 06:00:00 UTC 2026,null,0.02357207615593815
Fri Feb 20 07:00:00 UTC 2026,null,0.02237533998186758
Fri Feb 20 08:00:00 UTC 2026,null,0.024224841341794923
Fri Feb 20 09:00:00 UTC 2026,null,0.02328195829555746
Fri Feb 20 10:00:00 UTC 2026,null,0.02423692958597745
Fri Feb 20 11:00:00 UTC 2026,null,0.024297370806890095
Fri Feb 20 12:00:00 UTC 2026,null,0.020453309156844846
Fri Feb 20 13:00:00 UTC 2026,null,0.022713810818978386
Fri Feb 20 14:00:00 UTC 2026,null,0.019873073436083244
Fri Feb 20 15:00:00 UTC 2026,null,0.021226956784526907
Fri Feb 20 16:00:00 UTC 2026,null,0.022230281051677236
Fri Feb 20 17:00:00 UTC 2026,null,0.026086430945905015
Fri Feb 20 18:00:00 UTC 2026,null,0.02641281353883329
Fri Feb 20 19:00:00 UTC 2026,null,0.02711393170142018
Fri Feb 20 20:00:00 UTC 2026,null,0.027682079177999253
Fri Feb 20 21:00:00 UTC 2026,null,0.027682079177999253
Fri Feb 20 22:00:00 UTC 2026,null,0.027682079177999253
Fri Feb 20 23:00:00 UTC 2026,null,0.027682079177999253
Sat Feb 21 00:00:00 UTC 2026,null,0.027682079177999253
Sat Feb 21 01:00:00 UTC 2026,null,0.027682079177999253
Sat Feb 21 02:00:00 UTC 2026,null,0.027682079177999253
Sat Feb 21 03:00:00 UTC 2026,null,0.027682079177999253
Sat Feb 21 04:00:00 UTC 2026,null,0.027682079177999253
Sat Feb 21 05:00:00 UTC 2026,null,0.027682079177999253
Sat Feb 21 06:00:00 UTC 2026,null,0.027682079177999253
Sat Feb 21 07:00:00 UTC 2026,null,0.027682079177999253
Sat Feb 21 08:00:00 UTC 2026,null,0.027682079177999253
Sat Feb 21 09:00:00 UTC 2026,null,0.027682079177999253
Sat Feb 21 10:00:00 UTC 2026,null,0.027682079177999253
Sat Feb 21 11:00:00 UTC 2026,null,0.027682079177999253
Sat Feb 21 12:00:00 UTC 2026,null,0.027682079177999253
Sat Feb 21 13:00:00 UTC 2026,null,0.027682079177999253
Sat Feb 21 14:00:00 UTC 2026,null,0.027682079177999253
Sat Feb 21 15:00:00 UTC 2026,null,0.027682079177999253
Sat Feb 21 16:00:00 UTC 2026,null,0.027682079177999253
Sat Feb 21 17:00:00 UTC 2026,null,0.027682079177999253
Sat Feb 21 18:00:00 UTC 2026,null,0.027682079177999253
Sat Feb 21 19:00:00 UTC 2026,null,0.027682079177999253
Sat Feb 21 20:00:00 UTC 2026,null,0.027682079177999253
Sat Feb 21 21:00:00 UTC 2026,null,0.027682079177999253
Sat Feb 21 22:00:00 UTC 2026,null,0.027682079177999253
Sat Feb 21 23:00:00 UTC 2026,null,0.027682079177999253
Sun Feb 22 00:00:00 UTC 2026,null,0.027682079177999253
Sun Feb 22 01:00:00 UTC 2026,null,0.027682079177999253
Sun Feb 22 02:00:00 UTC 2026,null,0.027682079177999253
Sun Feb 22 03:00:00 UTC 2026,null,0.027682079177999253
Sun Feb 22 04:00:00 UTC 2026,null,0.027682079177999253
Sun Feb 22 05:00:00 UTC 2026,null,0.027682079177999253
Sun Feb 22 06:00:00 UTC 2026,null,0.027682079177999253
Sun Feb 22 07:00:00 UTC 2026,null,0.027682079177999253
Sun Feb 22 08:00:00 UTC 2026,null,0.027682079177999253
Sun Feb 22 09:00:00 UTC 2026,null,0.027682079177999253
Sun Feb 22 10:00:00 UTC 2026,null,0.027682079177999253
Sun Feb 22 11:00:00 UTC 2026,null,0.027682079177999253
Sun Feb 22 12:00:00 UTC 2026,null,0.027682079177999253
Sun Feb 22 13:00:00 UTC 2026,null,0.027682079177999253
Sun Feb 22 14:00:00 UTC 2026,null,0.027682079177999253
Sun Feb 22 15:00:00 UTC 2026,null,0.027682079177999253
Sun Feb 22 16:00:00 UTC 2026,null,0.027682079177999253
Sun Feb 22 17:00:00 UTC 2026,null,0.027682079177999253
Sun Feb 22 18:00:00 UTC 2026,null,0.027682079177999253
Sun Feb 22 19:00:00 UTC 2026,null,0.027682079177999253
Sun Feb 22 20:00:00 UTC 2026,null,0.027682079177999253
Sun Feb 22 21:00:00 UTC 2026,null,0.026376548806285705
Sun Feb 22 22:00:00 UTC 2026,null,0.025760048352976517
Sun Feb 22 23:00:00 UTC 2026,null,0.02692051979449972
Mon Feb 23 00:00:00 UTC 2026,null,0.026872166817769605
Mon Feb 23 01:00:00 UTC 2026,null,0.02681172559685696
Mon Feb 23 02:00:00 UTC 2026,null,0.028129344212753038
Mon Feb 23 03:00:00 UTC 2026,null,0.0279117558174673
Mon Feb 23 04:00:00 UTC 2026,null,0.02404351767905699
Mon Feb 23 05:00:00 UTC 2026,null,0.025760048352976517
Mon Feb 23 06:00:00 UTC 2026,null,0.027258990631610747
Mon Feb 23 07:00:00 UTC 2026,null,0.02742822605016615
Mon Feb 23 08:00:00 UTC 2026,null,0.028528256270776486
Mon Feb 23 09:00:00 UTC 2026,null,0.024696282864913766
Mon Feb 23 10:00:00 UTC 2026,null,0.026449078271380877
Mon Feb 23 11:00:00 UTC 2026,null,0.02397098821396182
Mon Feb 23 12:00:00 UTC 2026,null,0.027186461166515352
Mon Feb 23 13:00:00 UTC 2026,null,0.023294046539739988
Mon Feb 23 14:00:00 UTC 2026,null,0.025542459957691
Mon Feb 23 15:00:00 UTC 2026,null,0.027754608643094425
Mon Feb 23 16:00:00 UTC 2026,null,0.026980961015412364
Mon Feb 23 17:00:00 UTC 2026,null,0.026473254759745934
Mon Feb 23 18:00:00 UTC 2026,null,0.028068902991840394
Mon Feb 23 19:00:00 UTC 2026,null,0.026267754608642946
Mon Feb 23 20:00:00 UTC 2026,null,0.025482018736778356
Mon Feb 23 21:00:00 UTC 2026,null,0.023330311272287574
Mon Feb 23 22:00:00 UTC 2026,null,0.023487458446660447
Mon Feb 23 23:00:00 UTC 2026,null,0.027246902387428218
Tue Feb 24 00:00:00 UTC 2026,null,0.029434874584466586
Tue Feb 24 01:00:00 UTC 2026,null,0.026557872469023858
Tue Feb 24 02:00:00 UTC 2026,null,0.029567845270474402
Tue Feb 24 03:00:00 UTC 2026,null,0.028431550317316256
Tue Feb 24 04:00:00 UTC 2026,null,0.02847990329404637
Tue Feb 24 05:00:00 UTC 2026,null,0.029519492293744287
Tue Feb 24 06:00:00 UTC 2026,null,0.02781504986400707
Tue Feb 24 07:00:00 UTC 2026,null,0.026255666364460417
Tue Feb 24 08:00:00 UTC 2026,null,0.025457842248413298
Tue Feb 24 09:00:00 UTC 2026,null,0.023523723179208034
Tue Feb 24 10:00:00 UTC 2026,null,0.026400725294650762
Tue Feb 24 11:00:00 UTC 2026,null,0.02536113629495307
Tue Feb 24 12:00:00 UTC 2026,null,0.0256270776669687
Tue Feb 24 13:00:00 UTC 2026,null,0.02742822605016615
Tue Feb 24 14:00:00 UTC 2026,null,0.02701722574795995
Tue Feb 24 15:00:00 UTC 2026,null,0.023499546690842976
Tue Feb 24 16:00:00 UTC 2026,null,0.020332426715019558
Tue Feb 24 17:00:00 UTC 2026,null,0.019280749471139114
Tue Feb 24 18:00:00 UTC 2026,null,0.01805983680870349
Tue Feb 24 19:00:00 UTC 2026,null,0.01756421879721959
Tue Feb 24 20:00:00 UTC 2026,null,0.020525838621940018
Tue Feb 24 21:00:00 UTC 2026,null,0.018809307948020493
Tue Feb 24 22:00:00 UTC 2026,null,0.01874886672710785
Tue Feb 24 23:00:00 UTC 2026,null,0.017902689634330615
Wed Feb 25 00:00:00 UTC 2026,null,0.019244484738591527
Wed Feb 25 01:00:00 UTC 2026,null,0.016379570867331328
Wed Feb 25 02:00:00 UTC 2026,null,0.01547295255364145
Wed Feb 25 03:00:00 UTC 2026,null,0.015303717135086048
Wed Feb 25 04:00:00 UTC 2026,null,0.01578724690238742
Wed Feb 25 05:00:00 UTC 2026,null,0.01644001208824397
Wed Feb 25 06:00:00 UTC 2026,null,0.01565427621637938
Wed Feb 25 07:00:00 UTC 2026,null,0.014119069205197787
Wed Feb 25 08:00:00 UTC 2026,null,0.014820187367784676
Wed Feb 25 09:00:00 UTC 2026,null,0.014433363553943757
Wed Feb 25 10:00:00 UTC 2026,null,0.014131157449380316
Wed Feb 25 11:00:00 UTC 2026,null,0.015738893925657083
Wed Feb 25 12:00:00 UTC 2026,null,0.015013599274705136
Wed Feb 25 13:00:00 UTC 2026,null,0.015944394076760293
Wed Feb 25 14:00:00 UTC 2026,null,0.01339377455424584
Wed Feb 25 15:00:00 UTC 2026,null,0.015593834995466738
Wed Feb 25 16:00:00 UTC 2026,null,0.013974010275007442
Wed Feb 25 17:00:00 UTC 2026,null,0.0135025687518886
Wed Feb 25 18:00:00 UTC 2026,null,0.012668479903293894
Wed Feb 25 19:00:00 UTC 2026,null,0.013986098519189971
Wed Feb 25 20:00:00 UTC 2026,null,0.015485040797823979
Wed Feb 25 21:00:00 UTC 2026,null,0.013865216077364684
Wed Feb 25 22:00:00 UTC 2026,null,0.013031127228769979
Wed Feb 25 23:00:00 UTC 2026,null,0.013986098519189971
Thu Feb 26 00:00:00 UTC 2026,null,0.012402538531278262
Thu Feb 26 01:00:00 UTC 2026,null,0.012728921124206538
Thu Feb 26 02:00:00 UTC 2026,null,0.008485947416137618
Thu Feb 26 03:00:00 UTC 2026,null,0.011749773345421488
Thu Feb 26 04:00:00 UTC 2026,null,0.01607736476276811
Thu Feb 26 05:00:00 UTC 2026,null,0.015219099425808347
Thu Feb 26 06:00:00 UTC 2026,null,0.01646418857660903
Thu Feb 26 07:00:00 UTC 2026,null,0.019510426110607382
Thu Feb 26 08:00:00 UTC 2026,null,0.01764883650649729
Thu Feb 26 09:00:00 UTC 2026,null,0.01825324871562395
Thu Feb 26 10:00:00 UTC 2026,null,0.016319129646418684
Thu Feb 26 11:00:00 UTC 2026,null,0.014638863705046745
Thu Feb 26 12:00:00 UTC 2026,null,0.016186158960410868
Thu Feb 26 13:00:00 UTC 2026,null,0.01903898458748854
Thu Feb 26 14:00:00 UTC 2026,null,0.019788455726805543
Thu Feb 26 15:00:00 UTC 2026,null,0.018071925052886018
Thu Feb 26 16:00:00 UTC 2026,null,0.016041100030220523
Thu Feb 26 17:00:00 UTC 2026,null,0.017298277425203956
Thu Feb 26 18:00:00 UTC 2026,null,0.017612571773949703
Thu Feb 26 19:00:00 UTC 2026,null,0.018216983983076362
Thu Feb 26 20:00:00 UTC 2026,null,0.019546690843154968
Thu Feb 26 21:00:00 UTC 2026,null,0.018676337262012677
Thu Feb 26 22:00:00 UTC 2026,null,0.0173587186461166
Thu Feb 26 23:00:00 UTC 2026,null,0.018108189785433604
Fri Feb 27 00:00:00 UTC 2026,null,0.01971592626171037
Fri Feb 27 01:00:00 UTC 2026,null,0.020296161982471972
Fri Feb 27 02:00:00 UTC 2026,null,0.019498337866424853
Fri Feb 27 03:00:00 UTC 2026,null,0.01796313085524326
Fri Feb 27 04:00:00 UTC 2026,null,0.018265336959806477
Fri Feb 27 05:00:00 UTC 2026,null,0.01745542459957683
Fri Feb 27 06:00:00 UTC 2026,null,0.016053188274403052
Fri Feb 27 07:00:00 UTC 2026,null,0.016524629797521895
Fri Feb 27 08:00:00 UTC 2026,null,0.015545482018736623
Fri Feb 27 09:00:00 UTC 2026,null,0.015207011181625818
Fri Feb 27 10:00:00 UTC 2026,null,0.01577515865820489
Fri Feb 27 11:00:00 UTC 2026,null,0.015642187972196853
Fri Feb 27 12:00:00 UTC 2026,null,0.017201571471743726
Fri Feb 27 13:00:00 UTC 2026,null,0.017177394983378447
Fri Feb 27 14:00:00 UTC 2026,null,0.017479601087941887
Fri Feb 27 15:00:00 UTC 2026,null,0.018180719250528776
Fri Feb 27 16:00:00 UTC 2026,null,0.016778482925355
Fri Feb 27 17:00:00 UTC 2026,null,0.01764883650649729
Fri Feb 27 18:00:00 UTC 2026,null,0.016742218192807412
Fri Feb 27 19:00:00 UTC 2026,null,0.017080689029918217
Fri Feb 27 20:00:00 UTC 2026,null,0.016935630099727872
Fri Feb 27 21:00:00 UTC 2026,null,0.016935630099727872
Fri Feb 27 22:00:00 UTC 2026,null,0.016935630099727872
Fri Feb 27 23:00:00 UTC 2026,null,0.016935630099727872
Sat Feb 28 00:00:00 UTC 2026,null,0.016935630099727872
Sat Feb 28 01:00:00 UTC 2026,null,0.016935630099727872
Sat Feb 28 02:00:00 UTC 2026,null,0.016935630099727872
Sat Feb 28 03:00:00 UTC 2026,null,0.016935630099727872
Sat Feb 28 04:00:00 UTC 2026,null,0.016935630099727872
Sat Feb 28 05:00:00 UTC 2026,null,0.016935630099727872
Sat Feb 28 06:00:00 UTC 2026,null,0.016935630099727872
Sat Feb 28 07:00:00 UTC 2026,null,0.016935630099727872
Sat Feb 28 08:00:00 UTC 2026,null,0.016935630099727872
Sat Feb 28 09:00:00 UTC 2026,null,0.016935630099727872
Sat Feb 28 10:00:00 UTC 2026,null,0.016935630099727872
Sat Feb 28 11:00:00 UTC 2026,null,0.016935630099727872
Sat Feb 28 12:00:00 UTC 2026,null,0.016935630099727872
Sat Feb 28 13:00:00 UTC 2026,null,0.016935630099727872
Sat Feb 28 14:00:00 UTC 2026,null,0.016935630099727872
Sat Feb 28 15:00:00 UTC 2026,null,0.016935630099727872
Sat Feb 28 16:00:00 UTC 2026,null,0.016935630099727872
Sat Feb 28 17:00:00 UTC 2026,null,0.016935630099727872
Sat Feb 28 18:00:00 UTC 2026,null,0.016935630099727872
Sat Feb 28 19:00:00 UTC 2026,null,0.016935630099727872
Sat Feb 28 20:00:00 UTC 2026,null,0.016935630099727872
Sat Feb 28 21:00:00 UTC 2026,null,0.016935630099727872
Sat Feb 28 22:00:00 UTC 2026,null,0.016935630099727872
Sat Feb 28 23:00:00 UTC 2026,null,0.016935630099727872
Sun Mar 01 00:00:00 UTC 2026,null,0.016935630099727872
Sun Mar 01 01:00:00 UTC 2026,null,0.016935630099727872
Sun Mar 01 02:00:00 UTC 2026,null,0.016935630099727872
Sun Mar 01 03:00:00 UTC 2026,null,0.016935630099727872
Sun Mar 01 04:00:00 UTC 2026,null,0.016935630099727872
Sun Mar 01 05:00:00 UTC 2026,null,0.016935630099727872
Sun Mar 01 06:00:00 UTC 2026,null,0.016935630099727872
Sun Mar 01 07:00:00 UTC 2026,null,0.016935630099727872
Sun Mar 01 08:00:00 UTC 2026,null,0.016935630099727872
Sun Mar 01 09:00:00 UTC 2026,null,0.016935630099727872
Sun Mar 01 10:00:00 UTC 2026,null,0.016935630099727872
Sun Mar 01 11:00:00 UTC 2026,null,0.016935630099727872
Sun Mar 01 12:00:00 UTC 2026,null,0.016935630099727872
Sun Mar 01 13:00:00 UTC 2026,null,0.016935630099727872
Sun Mar 01 14:00:00 UTC 2026,null,0.016935630099727872
Sun Mar 01 15:00:00 UTC 2026,null,0.016935630099727872
Sun Mar 01 16:00:00 UTC 2026,null,0.016935630099727872
Sun Mar 01 17:00:00 UTC 2026,null,0.016935630099727872
Sun Mar 01 18:00:00 UTC 2026,null,0.016935630099727872
Sun Mar 01 19:00:00 UTC 2026,null,0.016935630099727872
Sun Mar 01 20:00:00 UTC 2026,null,0.016935630099727872
Sun Mar 01 21:00:00 UTC 2026,null,0.01833786642490165
Sun Mar 01 22:00:00 UTC 2026,null,0.01668177697189477
Sun Mar 01 23:00:00 UTC 2026,null,0.015920217588395236
Mon Mar 02 00:00:00 UTC 2026,null,0.01903898458748854
Mon Mar 02 01:00:00 UTC 2026,null,0.01901480809912348
Mon Mar 02 02:00:00 UTC 2026,null,0.02090057419159863
Mon Mar 02 03:00:00 UTC 2026,null,0.016319129646418684
Mon Mar 02 04:00:00 UTC 2026,null,0.017769718948322577
Mon Mar 02 05:00:00 UTC 2026,null,0.01862798428528256
Mon Mar 02 06:00:00 UTC 2026,null,0.018362042913266707
Mon Mar 02 07:00:00 UTC 2026,null,0.016814747657902585
Mon Mar 02 08:00:00 UTC 2026,null,0.015207011181625818
Mon Mar 02 09:00:00 UTC 2026,null,0.01815654276216372
Mon Mar 02 10:00:00 UTC 2026,null,0.017697189483227405
Mon Mar 02 11:00:00 UTC 2026,null,0.0169477183439104
Mon Mar 02 12:00:00 UTC 2026,null,0.017866424901782807
Mon Mar 02 13:00:00 UTC 2026,null,0.016814747657902585
Mon Mar 02 14:00:00 UTC 2026,null,0.019051072831671068
Mon Mar 02 15:00:00 UTC 2026,null,0.018978543366575895
Mon Mar 02 16:00:00 UTC 2026,null,0.014735569658506975
Mon Mar 02 17:00:00 UTC 2026,null,0.015932305832577764
Mon Mar 02 18:00:00 UTC 2026,null,0.016041100030220523
Mon Mar 02 19:00:00 UTC 2026,null,0.018277425203989006
Mon Mar 02 20:00:00 UTC 2026,null,0.016983983076457987
Mon Mar 02 21:00:00 UTC 2026,null,0.016693865216077297
Mon Mar 02 22:00:00 UTC 2026,null,0.01635539437896627
Mon Mar 02 23:00:00 UTC 2026,null,0.016282864913871098
Tue Mar 03 00:00:00 UTC 2026,null,0.015170746449078232
Tue Mar 03 01:00:00 UTC 2026,null,0.016016923541855466
Tue Mar 03 02:00:00 UTC 2026,null,0.014421275309761228
Tue Mar 03 03:00:00 UTC 2026,null,0.017781807192505106
Tue Mar 03 04:00:00 UTC 2026,null,0.014179510426110431
Tue Mar 03 05:00:00 UTC 2026,null,0.01330915684496814
Tue Mar 03 06:00:00 UTC 2026,null,0.015896041100030178
Tue Mar 03 07:00:00 UTC 2026,null,0.016186158960410868
Tue Mar 03 08:00:00 UTC 2026,null,0.013127833182230209
Tue Mar 03 09:00:00 UTC 2026,null,0.009029918404351633
Tue Mar 03 10:00:00 UTC 2026,null,0.012583862194016193
Tue Mar 03 11:00:00 UTC 2026,null,0.013816863100634569
Tue Mar 03 12:00:00 UTC 2026,null,0.01280145058930171
Tue Mar 03 13:00:00 UTC 2026,null,0.01625868842550604
Tue Mar 03 14:00:00 UTC 2026,null,0.01999395587790853
Tue Mar 03 15:00:00 UTC 2026,null,0.019232396494409
Tue Mar 03 16:00:00 UTC 2026,null,0.01588395285584765
Tue Mar 03 17:00:00 UTC 2026,null,0.015400423088546278
Tue Mar 03 18:00:00 UTC 2026,null,0.013913569054094799
Tue Mar 03 19:00:00 UTC 2026,null,0.014119069205197787
Tue Mar 03 20:00:00 UTC 2026,null,0.015219099425808347
Tue Mar 03 21:00:00 UTC 2026,null,0.014324569356300998
Tue Mar 03 22:00:00 UTC 2026,null,0.013974010275007442
Tue Mar 03 23:00:00 UTC 2026,null,0.014082804472650201
Wed Mar 04 00:00:00 UTC 2026,null,0.015315805379268577
Wed Mar 04 01:00:00 UTC 2026,null,0.015908129344212707
Wed Mar 04 02:00:00 UTC 2026,null,0.014832275611967205
Wed Mar 04 03:00:00 UTC 2026,null,0.016137805983680753
Wed Mar 04 04:00:00 UTC 2026,null,0.016802659413720056
Wed Mar 04 05:00:00 UTC 2026,null,0.019147778785131297
Wed Mar 04 06:00:00 UTC 2026,null,0.016790571169537527
Wed Mar 04 07:00:00 UTC 2026,null,0.017068600785735688
Wed Mar 04 08:00:00 UTC 2026,null,0.018120278029616133
Wed Mar 04 09:00:00 UTC 2026,null,0.01714113025083086
Wed Mar 04 10:00:00 UTC 2026,null,0.015243275914173404
Wed Mar 04 11:00:00 UTC 2026,null,0.0173587186461166
Wed Mar 04 12:00:00 UTC 2026,null,0.015388334844363749
Wed Mar 04 13:00:00 UTC 2026,null,0.01339377455424584
