date,va,P_Kweek_-27_Kday_77_ETE_70_ORD_70_EXT_84_E2Ekor_83_EXTkor_70_DIFF_22
Thu Feb 12 03:00:00 UTC 2026,null,0.0
Thu Feb 12 04:00:00 UTC 2026,null,0.0012967265881607126
Thu Feb 12 05:00:00 UTC 2026,null,3.686126341979623E-4
Thu Feb 12 06:00:00 UTC 2026,null,-6.582368468066591E-6
Thu Feb 12 07:00:00 UTC 2026,null,3.2911842339089503E-4
Thu Feb 12 08:00:00 UTC 2026,null,-4.146892134730962E-4
Thu Feb 12 09:00:00 UTC 2026,null,0.004344363188762301
Thu Feb 12 10:00:00 UTC 2026,null,0.004851205560784777
Thu Feb 12 11:00:00 UTC 2026,null,0.003488655287945619
Thu Feb 12 12:00:00 UTC 2026,null,3.422831603265841E-4
Thu Feb 12 13:00:00 UTC 2026,null,0.002843583178099074
Thu Feb 12 14:00:00 UTC 2026,null,0.0031661192330223464
Thu Feb 12 15:00:00 UTC 2026,null,0.004943358719334157
Thu Feb 12 16:00:00 UTC 2026,null,0.0031397897591509683
Thu Feb 12 17:00:00 UTC 2026,null,5.59501319764788E-4
Thu Feb 12 18:00:00 UTC 2026,null,-7.964665846067476E-4
Thu Feb 12 19:00:00 UTC 2026,null,7.17478162992613E-4
Thu Feb 12 20:00:00 UTC 2026,null,-2.8962421258427185E-4
Thu Feb 12 21:00:00 UTC 2026,null,0.001263814745821712
Thu Feb 12 22:00:00 UTC 2026,null,-0.0020734460673641486
Thu Feb 12 23:00:00 UTC 2026,null,-0.002040534225025148
Fri Feb 13 00:00:00 UTC 2026,null,-5.265894774257873E-4
Fri Feb 13 01:00:00 UTC 2026,null,-0.005101335562562426
Fri Feb 13 02:00:00 UTC 2026,null,-0.002915989231245586
Fri Feb 13 03:00:00 UTC 2026,null,-0.0020602813304284595
Fri Feb 13 04:00:00 UTC 2026,null,0.002369652648415599
Fri Feb 13 05:00:00 UTC 2026,null,2.5013000177720457E-4
Fri Feb 13 06:00:00 UTC 2026,null,-0.003547896604156442
Fri Feb 13 07:00:00 UTC 2026,null,-9.873552701744615E-5
Fri Feb 13 08:00:00 UTC 2026,null,-9.346963224308169E-4
Fri Feb 13 09:00:00 UTC 2026,null,-7.17478162992613E-4
Fri Feb 13 10:00:00 UTC 2026,null,-3.1595368645565003E-4
Fri Feb 13 11:00:00 UTC 2026,null,-0.0020142047511537697
Fri Feb 13 12:00:00 UTC 2026,null,-0.0034820729194779965
Fri Feb 13 13:00:00 UTC 2026,null,-0.0027185181772106937
Fri Feb 13 14:00:00 UTC 2026,null,-0.003271437128507859
Fri Feb 13 15:00:00 UTC 2026,null,-0.00704971662903775
Fri Feb 13 16:00:00 UTC 2026,null,-0.0041995510824706095
Fri Feb 13 17:00:00 UTC 2026,null,-0.002902824494309897
Fri Feb 13 18:00:00 UTC 2026,null,-0.0032911842339111708
Fri Feb 13 19:00:00 UTC 2026,null,-0.004666899243686018
Fri Feb 13 20:00:00 UTC 2026,null,-0.004100815555453163
Fri Feb 13 21:00:00 UTC 2026,null,-0.004100815555453163
Fri Feb 13 22:00:00 UTC 2026,null,-0.004100815555453163
Fri Feb 13 23:00:00 UTC 2026,null,-0.004100815555453163
Sat Feb 14 00:00:00 UTC 2026,null,-0.004100815555453163
Sat Feb 14 01:00:00 UTC 2026,null,-0.004100815555453163
Sat Feb 14 02:00:00 UTC 2026,null,-0.004100815555453163
Sat Feb 14 03:00:00 UTC 2026,null,-0.004100815555453163
Sat Feb 14 04:00:00 UTC 2026,null,-0.004100815555453163
Sat Feb 14 05:00:00 UTC 2026,null,-0.004100815555453163
Sat Feb 14 06:00:00 UTC 2026,null,-0.004100815555453163
Sat Feb 14 07:00:00 UTC 2026,null,-0.004100815555453163
Sat Feb 14 08:00:00 UTC 2026,null,-0.004100815555453163
Sat Feb 14 09:00:00 UTC 2026,null,-0.004100815555453163
Sat Feb 14 10:00:00 UTC 2026,null,-0.004100815555453163
Sat Feb 14 11:00:00 UTC 2026,null,-0.004100815555453163
Sat Feb 14 12:00:00 UTC 2026,null,-0.004100815555453163
Sat Feb 14 13:00:00 UTC 2026,null,-0.004100815555453163
Sat Feb 14 14:00:00 UTC 2026,null,-0.004100815555453163
Sat Feb 14 15:00:00 UTC 2026,null,-0.004100815555453163
Sat Feb 14 16:00:00 UTC 2026,null,-0.004100815555453163
Sat Feb 14 17:00:00 UTC 2026,null,-0.004100815555453163
Sat Feb 14 18:00:00 UTC 2026,null,-0.004100815555453163
Sat Feb 14 19:00:00 UTC 2026,null,-0.004100815555453163
Sat Feb 14 20:00:00 UTC 2026,null,-0.004100815555453163
Sat Feb 14 21:00:00 UTC 2026,null,-0.004100815555453163
Sat Feb 14 22:00:00 UTC 2026,null,-0.004100815555453163
Sat Feb 14 23:00:00 UTC 2026,null,-0.004100815555453163
Sun Feb 15 00:00:00 UTC 2026,null,-0.004100815555453163
Sun Feb 15 01:00:00 UTC 2026,null,-0.004100815555453163
Sun Feb 15 02:00:00 UTC 2026,null,-0.004100815555453163
Sun Feb 15 03:00:00 UTC 2026,null,-0.004100815555453163
Sun Feb 15 04:00:00 UTC 2026,null,-0.004100815555453163
Sun Feb 15 05:00:00 UTC 2026,null,-0.004100815555453163
Sun Feb 15 06:00:00 UTC 2026,null,-0.004100815555453163
Sun Feb 15 07:00:00 UTC 2026,null,-0.004100815555453163
Sun Feb 15 08:00:00 UTC 2026,null,-0.004100815555453163
Sun Feb 15 09:00:00 UTC 2026,null,-0.004100815555453163
Sun Feb 15 10:00:00 UTC 2026,null,-0.004100815555453163
Sun Feb 15 11:00:00 UTC 2026,null,-0.004100815555453163
Sun Feb 15 12:00:00 UTC 2026,null,-0.004100815555453163
Sun Feb 15 13:00:00 UTC 2026,null,-0.004100815555453163
Sun Feb 15 14:00:00 UTC 2026,null,-0.004100815555453163
Sun Feb 15 15:00:00 UTC 2026,null,-0.004100815555453163
Sun Feb 15 16:00:00 UTC 2026,null,-0.004100815555453163
Sun Feb 15 17:00:00 UTC 2026,null,-0.004100815555453163
Sun Feb 15 18:00:00 UTC 2026,null,-0.004100815555453163
Sun Feb 15 19:00:00 UTC 2026,null,-0.004100815555453163
Sun Feb 15 20:00:00 UTC 2026,null,-0.004100815555453163
Sun Feb 15 21:00:00 UTC 2026,null,-0.004699811086025019
Sun Feb 15 22:00:00 UTC 2026,null,-0.004818293718445776
Sun Feb 15 23:00:00 UTC 2026,null,-0.004693228717557396
Mon Feb 16 00:00:00 UTC 2026,null,-0.0015468565899383613
Mon Feb 16 01:00:00 UTC 2026,null,-0.0027514300195496944
Mon Feb 16 02:00:00 UTC 2026,null,8.75455006219994E-4
Mon Feb 16 03:00:00 UTC 2026,null,0.001665339222358675
Mon Feb 16 04:00:00 UTC 2026,null,0.0014283739575171595
Mon Feb 16 05:00:00 UTC 2026,null,0.0024157292276902886
Mon Feb 16 06:00:00 UTC 2026,null,0.0017706571178437436
Mon Feb 16 07:00:00 UTC 2026,null,0.0011584968503366433
Mon Feb 16 08:00:00 UTC 2026,null,0.004680063980621263
Mon Feb 16 09:00:00 UTC 2026,null,6.450721098465451E-4
Mon Feb 16 10:00:00 UTC 2026,null,7.898842161369046E-5
Mon Feb 16 11:00:00 UTC 2026,null,-1.777239486315807E-4
Mon Feb 16 12:00:00 UTC 2026,null,-0.0010795084287229528
Mon Feb 16 13:00:00 UTC 2026,null,-3.2253605492327253E-4
Mon Feb 16 14:00:00 UTC 2026,null,0.0010005200071088183
Mon Feb 16 15:00:00 UTC 2026,null,0.0024288939646259777
Mon Feb 16 16:00:00 UTC 2026,null,0.0034952376564132415
Mon Feb 16 17:00:00 UTC 2026,null,0.00267244159793556
Mon Feb 16 18:00:00 UTC 2026,null,0.004021827133839029
Mon Feb 16 19:00:00 UTC 2026,null,0.004416769241908369
Mon Feb 16 20:00:00 UTC 2026,null,0.0042982866094876115
Mon Feb 16 21:00:00 UTC 2026,null,2.2380052790582639E-4
Mon Feb 16 22:00:00 UTC 2026,null,-7.701371107353694E-4
Mon Feb 16 23:00:00 UTC 2026,null,0.0024486410700297334
Tue Feb 17 00:00:00 UTC 2026,null,0.0031068779168119676
Tue Feb 17 01:00:00 UTC 2026,null,0.0020997755412350827
Tue Feb 17 02:00:00 UTC 2026,null,0.004778799507638709
Tue Feb 17 03:00:00 UTC 2026,null,0.005496277670631322
Tue Feb 17 04:00:00 UTC 2026,null,0.004996017667076913
Tue Feb 17 05:00:00 UTC 2026,null,0.004081068450049408
Tue Feb 17 06:00:00 UTC 2026,null,0.003271437128507415
Tue Feb 17 07:00:00 UTC 2026,null,0.00649679767774014
Tue Feb 17 08:00:00 UTC 2026,null,0.006082108464267488
Tue Feb 17 09:00:00 UTC 2026,null,0.0059636258318467306
Tue Feb 17 10:00:00 UTC 2026,null,0.008537331902764844
Tue Feb 17 11:00:00 UTC 2026,null,0.006885157417341858
Tue Feb 17 12:00:00 UTC 2026,null,0.005351465564339186
Tue Feb 17 13:00:00 UTC 2026,null,0.006707433468710722
Tue Feb 17 14:00:00 UTC 2026,null,0.006233502939027247
Tue Feb 17 15:00:00 UTC 2026,null,0.008767714799138737
Tue Feb 17 16:00:00 UTC 2026,null,0.005140829773369049
Tue Feb 17 17:00:00 UTC 2026,null,0.0034820729194775524
Tue Feb 17 18:00:00 UTC 2026,null,0.0073854174208962675
Tue Feb 17 19:00:00 UTC 2026,null,0.007043134260569239
Tue Feb 17 20:00:00 UTC 2026,null,0.006661356889435588
Tue Feb 17 21:00:00 UTC 2026,null,0.007359087947024889
Tue Feb 17 22:00:00 UTC 2026,null,0.0050026000355445355
Tue Feb 17 23:00:00 UTC 2026,null,0.007549976632591715
Wed Feb 18 00:00:00 UTC 2026,null,0.005937296357975352
Wed Feb 18 01:00:00 UTC 2026,null,0.004653734506749885
Wed Feb 18 02:00:00 UTC 2026,null,0.005140829773369049
Wed Feb 18 03:00:00 UTC 2026,null,0.004265374767148611
Wed Feb 18 04:00:00 UTC 2026,null,0.0031068779168119676
Wed Feb 18 05:00:00 UTC 2026,null,0.0054172892490171876
Wed Feb 18 06:00:00 UTC 2026,null,0.004884117403123778
Wed Feb 18 07:00:00 UTC 2026,null,0.005726660567005215
Wed Feb 18 08:00:00 UTC 2026,null,0.007727700581222852
Wed Feb 18 09:00:00 UTC 2026,null,-8.820373746885046E-4
Wed Feb 18 10:00:00 UTC 2026,null,4.344363188759637E-4
Wed Feb 18 11:00:00 UTC 2026,null,0.0015995155376806736
Wed Feb 18 12:00:00 UTC 2026,null,0.002613200281725181
Wed Feb 18 13:00:00 UTC 2026,null,1.4481210629169183E-4
Wed Feb 18 14:00:00 UTC 2026,null,5.397542143610323E-4
Wed Feb 18 15:00:00 UTC 2026,null,-4.212715819407187E-4
Wed Feb 18 16:00:00 UTC 2026,null,-0.0014744505367922933
Wed Feb 18 17:00:00 UTC 2026,null,-0.0021195226466388384
Wed Feb 18 18:00:00 UTC 2026,null,-0.002468388175433489
Wed Feb 18 19:00:00 UTC 2026,null,-0.005160576878772805
Wed Feb 18 20:00:00 UTC 2026,null,-0.002112940278171216
Wed Feb 18 21:00:00 UTC 2026,null,-0.0031332073906833457
Wed Feb 18 22:00:00 UTC 2026,null,-0.0015534389584064279
Wed Feb 18 23:00:00 UTC 2026,null,-8.293784269457483E-4
Thu Feb 19 00:00:00 UTC 2026,null,6.384897413784785E-4
Thu Feb 19 01:00:00 UTC 2026,null,0.001994457645750014
Thu Feb 19 02:00:00 UTC 2026,null,-5.134247404905423E-4
Thu Feb 19 03:00:00 UTC 2026,null,-2.5013000177764866E-4
Thu Feb 19 04:00:00 UTC 2026,null,-8.820373746885046E-4
Thu Feb 19 05:00:00 UTC 2026,null,-0.001737745275505187
Thu Feb 19 06:00:00 UTC 2026,null,-0.001408626852114292
Thu Feb 19 07:00:00 UTC 2026,null,-1.513944747602025E-4
Thu Feb 19 08:00:00 UTC 2026,null,0.002758012388017317
Thu Feb 19 09:00:00 UTC 2026,null,5.331718458934098E-4
Thu Feb 19 10:00:00 UTC 2026,null,0.0012901442196930901
Thu Feb 19 11:00:00 UTC 2026,null,0.0010926731656581978
Thu Feb 19 12:00:00 UTC 2026,null,5.529189512967214E-4
Thu Feb 19 13:00:00 UTC 2026,null,-6.582368467844546E-5
Thu Feb 19 14:00:00 UTC 2026,null,0.0023564879114799098
Thu Feb 19 15:00:00 UTC 2026,null,0.001204573429611333
Thu Feb 19 16:00:00 UTC 2026,null,-9.017844800918162E-4
Thu Feb 19 17:00:00 UTC 2026,null,-0.00111900263953002
Thu Feb 19 18:00:00 UTC 2026,null,-0.0013296384305001574
Thu Feb 19 19:00:00 UTC 2026,null,-7.833018476710585E-4
Thu Feb 19 20:00:00 UTC 2026,null,6.977310575888573E-4
Thu Feb 19 21:00:00 UTC 2026,null,-7.569723737996803E-4
Thu Feb 19 22:00:00 UTC 2026,null,0.0011979910611432665
Thu Feb 19 23:00:00 UTC 2026,null,0.0023630702799479764
Fri Feb 20 00:00:00 UTC 2026,null,0.0020339518565566372
Fri Feb 20 01:00:00 UTC 2026,null,0.002494717649304423
Fri Feb 20 02:00:00 UTC 2026,null,0.0016850863277624306
Fri Feb 20 03:00:00 UTC 2026,null,0.0025737060709181137
Fri Feb 20 04:00:00 UTC 2026,null,0.0011782439557399549
Fri Feb 20 05:00:00 UTC 2026,null,-5.397542143614764E-4
Fri Feb 20 06:00:00 UTC 2026,null,-3.357007918589616E-4
Fri Feb 20 07:00:00 UTC 2026,null,-0.0015534389584064279
Fri Feb 20 08:00:00 UTC 2026,null,-7.240605314606796E-5
Fri Feb 20 09:00:00 UTC 2026,null,-0.0014612857998566042
Fri Feb 20 10:00:00 UTC 2026,null,-0.0025934531763223134
Fri Feb 20 11:00:00 UTC 2026,null,-0.0031266250222157232
Fri Feb 20 12:00:00 UTC 2026,null,3.1595368645520594E-4
Fri Feb 20 13:00:00 UTC 2026,null,-2.4354763330958207E-4
Fri Feb 20 14:00:00 UTC 2026,null,0.0025605413339824246
Fri Feb 20 15:00:00 UTC 2026,null,0.0016982510646976756
Fri Feb 20 16:00:00 UTC 2026,null,-0.0012177381665474662
Fri Feb 20 17:00:00 UTC 2026,null,-0.002540794228579557
Fri Feb 20 18:00:00 UTC 2026,null,-0.0029949776528592764
Fri Feb 20 19:00:00 UTC 2026,null,-0.0021063579097031493
Fri Feb 20 20:00:00 UTC 2026,null,-7.438076368639912E-4
Fri Feb 20 21:00:00 UTC 2026,null,-7.438076368639912E-4
Fri Feb 20 22:00:00 UTC 2026,null,-7.438076368639912E-4
Fri Feb 20 23:00:00 UTC 2026,null,-7.438076368639912E-4
Sat Feb 21 00:00:00 UTC 2026,null,-7.438076368639912E-4
Sat Feb 21 01:00:00 UTC 2026,null,-7.438076368639912E-4
Sat Feb 21 02:00:00 UTC 2026,null,-7.438076368639912E-4
Sat Feb 21 03:00:00 UTC 2026,null,-7.438076368639912E-4
Sat Feb 21 04:00:00 UTC 2026,null,-7.438076368639912E-4
Sat Feb 21 05:00:00 UTC 2026,null,-7.438076368639912E-4
Sat Feb 21 06:00:00 UTC 2026,null,-7.438076368639912E-4
Sat Feb 21 07:00:00 UTC 2026,null,-7.438076368639912E-4
Sat Feb 21 08:00:00 UTC 2026,null,-7.438076368639912E-4
Sat Feb 21 09:00:00 UTC 2026,null,-7.438076368639912E-4
Sat Feb 21 10:00:00 UTC 2026,null,-7.438076368639912E-4
Sat Feb 21 11:00:00 UTC 2026,null,-7.438076368639912E-4
Sat Feb 21 12:00:00 UTC 2026,null,-7.438076368639912E-4
Sat Feb 21 13:00:00 UTC 2026,null,-7.438076368639912E-4
Sat Feb 21 14:00:00 UTC 2026,null,-7.438076368639912E-4
Sat Feb 21 15:00:00 UTC 2026,null,-7.438076368639912E-4
Sat Feb 21 16:00:00 UTC 2026,null,-7.438076368639912E-4
Sat Feb 21 17:00:00 UTC 2026,null,-7.438076368639912E-4
Sat Feb 21 18:00:00 UTC 2026,null,-7.438076368639912E-4
Sat Feb 21 19:00:00 UTC 2026,null,-7.438076368639912E-4
Sat Feb 21 20:00:00 UTC 2026,null,-7.438076368639912E-4
Sat Feb 21 21:00:00 UTC 2026,null,-7.438076368639912E-4
Sat Feb 21 22:00:00 UTC 2026,null,-7.438076368639912E-4
Sat Feb 21 23:00:00 UTC 2026,null,-7.438076368639912E-4
Sun Feb 22 00:00:00 UTC 2026,null,-7.438076368639912E-4
Sun Feb 22 01:00:00 UTC 2026,null,-7.438076368639912E-4
Sun Feb 22 02:00:00 UTC 2026,null,-7.438076368639912E-4
Sun Feb 22 03:00:00 UTC 2026,null,-7.438076368639912E-4
Sun Feb 22 04:00:00 UTC 2026,null,-7.438076368639912E-4
Sun Feb 22 05:00:00 UTC 2026,null,-7.438076368639912E-4
Sun Feb 22 06:00:00 UTC 2026,null,-7.438076368639912E-4
Sun Feb 22 07:00:00 UTC 2026,null,-7.438076368639912E-4
Sun Feb 22 08:00:00 UTC 2026,null,-7.438076368639912E-4
Sun Feb 22 09:00:00 UTC 2026,null,-7.438076368639912E-4
Sun Feb 22 10:00:00 UTC 2026,null,-7.438076368639912E-4
Sun Feb 22 11:00:00 UTC 2026,null,-7.438076368639912E-4
Sun Feb 22 12:00:00 UTC 2026,null,-7.438076368639912E-4
Sun Feb 22 13:00:00 UTC 2026,null,-7.438076368639912E-4
Sun Feb 22 14:00:00 UTC 2026,null,-7.438076368639912E-4
Sun Feb 22 15:00:00 UTC 2026,null,-7.438076368639912E-4
Sun Feb 22 16:00:00 UTC 2026,null,-7.438076368639912E-4
Sun Feb 22 17:00:00 UTC 2026,null,-7.438076368639912E-4
Sun Feb 22 18:00:00 UTC 2026,null,-7.438076368639912E-4
Sun Feb 22 19:00:00 UTC 2026,null,-7.438076368639912E-4
Sun Feb 22 20:00:00 UTC 2026,null,-7.438076368639912E-4
Sun Feb 22 21:00:00 UTC 2026,null,-0.0018562279079259447
Sun Feb 22 22:00:00 UTC 2026,null,-0.004482592926587259
Sun Feb 22 23:00:00 UTC 2026,null,-0.0016192626430844292
Mon Feb 23 00:00:00 UTC 2026,null,0.001191408692675644
Mon Feb 23 01:00:00 UTC 2026,null,-0.0024947176493048673
Mon Feb 23 02:00:00 UTC 2026,null,-0.0011453321134013983
Mon Feb 23 03:00:00 UTC 2026,null,-0.0017245805385694979
Mon Feb 23 04:00:00 UTC 2026,null,1.5797684322738093E-4
Mon Feb 23 05:00:00 UTC 2026,null,-7.701371107353694E-4
Mon Feb 23 06:00:00 UTC 2026,null,-0.0012243205350150888
Mon Feb 23 07:00:00 UTC 2026,null,-0.002711935808743071
Mon Feb 23 08:00:00 UTC 2026,null,-0.00165217448542343
Mon Feb 23 09:00:00 UTC 2026,null,-0.0020207871196213922
Mon Feb 23 10:00:00 UTC 2026,null,-0.005943878726443419
Mon Feb 23 11:00:00 UTC 2026,null,-0.001737745275505187
Mon Feb 23 12:00:00 UTC 2026,null,-0.0020471165934927704
Mon Feb 23 13:00:00 UTC 2026,null,-0.0015402742214707388
Mon Feb 23 14:00:00 UTC 2026,null,-0.006793004258792479
Mon Feb 23 15:00:00 UTC 2026,null,-1.3164736935644683E-4
Mon Feb 23 16:00:00 UTC 2026,null,2.6329473870934095E-5
Mon Feb 23 17:00:00 UTC 2026,null,-1.1848263242120183E-4
Mon Feb 23 18:00:00 UTC 2026,null,-2.2380052790627047E-4
Mon Feb 23 19:00:00 UTC 2026,null,-0.0016324273800201183
Mon Feb 23 20:00:00 UTC 2026,null,-0.0032977666023792374
Mon Feb 23 21:00:00 UTC 2026,null,-0.004113980292388852
Mon Feb 23 22:00:00 UTC 2026,null,-0.003159536864554724
Mon Feb 23 23:00:00 UTC 2026,null,-0.002040534225025148
Tue Feb 24 00:00:00 UTC 2026,null,-0.003488655287946063
Tue Feb 24 01:00:00 UTC 2026,null,-0.004212715819406299
Tue Feb 24 02:00:00 UTC 2026,null,-0.0022774994898666634
Tue Feb 24 03:00:00 UTC 2026,null,-0.0028896597573742078
Tue Feb 24 04:00:00 UTC 2026,null,-0.004884117403124222
Tue Feb 24 05:00:00 UTC 2026,null,-0.005581848460713523
Tue Feb 24 06:00:00 UTC 2026,null,-0.00454841661126526
Tue Feb 24 07:00:00 UTC 2026,null,-0.004976270561673601
Tue Feb 24 08:00:00 UTC 2026,null,-0.004818293718445776
Tue Feb 24 09:00:00 UTC 2026,null,-0.006259832412899069
Tue Feb 24 10:00:00 UTC 2026,null,-0.005924131621040107
Tue Feb 24 11:00:00 UTC 2026,null,-0.0063388208345127595
Tue Feb 24 12:00:00 UTC 2026,null,-0.003705873447384267
Tue Feb 24 13:00:00 UTC 2026,null,-0.005746407672408971
Tue Feb 24 14:00:00 UTC 2026,null,-0.0047458876653001525
Tue Feb 24 15:00:00 UTC 2026,null,-0.002323576069141353
Tue Feb 24 16:00:00 UTC 2026,null,-0.0022906642268023525
Tue Feb 24 17:00:00 UTC 2026,null,0.0012243205350146447
Tue Feb 24 18:00:00 UTC 2026,null,-0.003732202921255201
Tue Feb 24 19:00:00 UTC 2026,null,-0.002323576069141353
Tue Feb 24 20:00:00 UTC 2026,null,-0.0018628102763940113
Tue Feb 24 21:00:00 UTC 2026,null,-0.003389919760928617
Tue Feb 24 22:00:00 UTC 2026,null,-0.0022643347529309743
Tue Feb 24 23:00:00 UTC 2026,null,-0.0027053534402750046
Wed Feb 25 00:00:00 UTC 2026,null,-0.0021721815943815947
Wed Feb 25 01:00:00 UTC 2026,null,-0.003975750554564783
Wed Feb 25 02:00:00 UTC 2026,null,-0.0028633302835028296
Wed Feb 25 03:00:00 UTC 2026,null,-0.0030344718636663437
Wed Feb 25 04:00:00 UTC 2026,null,-0.0046603168752183954
Wed Feb 25 05:00:00 UTC 2026,null,-0.0042719571356166774
Wed Feb 25 06:00:00 UTC 2026,null,-0.0017904042232479433
Wed Feb 25 07:00:00 UTC 2026,null,-0.002238005279059596
Wed Feb 25 08:00:00 UTC 2026,null,-0.0030344718636663437
Wed Feb 25 09:00:00 UTC 2026,null,-0.005246147668854562
Wed Feb 25 10:00:00 UTC 2026,null,-0.0010005200071092624
Wed Feb 25 11:00:00 UTC 2026,null,-0.004146892134728297
Wed Feb 25 12:00:00 UTC 2026,null,-0.002929153968180831
Wed Feb 25 13:00:00 UTC 2026,null,-0.003073966074472967
Wed Feb 25 14:00:00 UTC 2026,null,-0.003646632131173444
Wed Feb 25 15:00:00 UTC 2026,null,-0.004614240295943706
Wed Feb 25 16:00:00 UTC 2026,null,-0.0012703971142897785
Wed Feb 25 17:00:00 UTC 2026,null,-0.0013164736935644683
Wed Feb 25 18:00:00 UTC 2026,null,-0.0035413142356883753
Wed Feb 25 19:00:00 UTC 2026,null,-0.001421791589049981
Wed Feb 25 20:00:00 UTC 2026,null,-9.47861059366506E-4
Wed Feb 25 21:00:00 UTC 2026,null,-5.397542143614764E-4
Wed Feb 25 22:00:00 UTC 2026,null,-0.002066863698896526
Wed Feb 25 23:00:00 UTC 2026,null,-0.0012901442196935342
Thu Feb 26 00:00:00 UTC 2026,null,-0.0015139447475993606
Thu Feb 26 01:00:00 UTC 2026,null,-8.820373746885046E-4
Thu Feb 26 02:00:00 UTC 2026,null,0.00226433475293053
Thu Feb 26 03:00:00 UTC 2026,null,0.0011255850079971985
Thu Feb 26 04:00:00 UTC 2026,null,-9.412786908988835E-4
Thu Feb 26 05:00:00 UTC 2026,null,-3.554478972627173E-4
Thu Feb 26 06:00:00 UTC 2026,null,-2.6329473871289366E-4
Thu Feb 26 07:00:00 UTC 2026,null,-4.4101868734447436E-4
Thu Feb 26 08:00:00 UTC 2026,null,0.0037519500266585126
Thu Feb 26 09:00:00 UTC 2026,null,4.7393052968303095E-4
Thu Feb 26 10:00:00 UTC 2026,null,7.438076368635471E-4
Thu Feb 26 11:00:00 UTC 2026,null,2.9620658105189435E-4
Thu Feb 26 12:00:00 UTC 2026,null,-1.908886855672698E-4
Thu Feb 26 13:00:00 UTC 2026,null,0.0034952376564132415
Thu Feb 26 14:00:00 UTC 2026,null,-0.0018496455394583222
Thu Feb 26 15:00:00 UTC 2026,null,-0.0012111557980793997
Thu Feb 26 16:00:00 UTC 2026,null,-0.0010597613233196412
Thu Feb 26 17:00:00 UTC 2026,null,-0.0018167336971193215
Thu Feb 26 18:00:00 UTC 2026,null,-0.0023499055430127314
Thu Feb 26 19:00:00 UTC 2026,null,-9.873552701735733E-4
Thu Feb 26 20:00:00 UTC 2026,null,1.0531789548506865E-4
Thu Feb 26 21:00:00 UTC 2026,null,-8.359607954138149E-4
Thu Feb 26 22:00:00 UTC 2026,null,-0.0012769794827578451
Thu Feb 26 23:00:00 UTC 2026,null,-0.0012045734296117772
Fri Feb 27 00:00:00 UTC 2026,null,-0.0013691326413072247
Fri Feb 27 01:00:00 UTC 2026,null,6.253250044427894E-4
Fri Feb 27 02:00:00 UTC 2026,null,-0.0021919286997849063
Fri Feb 27 03:00:00 UTC 2026,null,-0.0015007800106636715
Fri Feb 27 04:00:00 UTC 2026,null,-0.0020866108042998377
Fri Feb 27 05:00:00 UTC 2026,null,-0.0027185181772106937
Fri Feb 27 06:00:00 UTC 2026,null,-0.004337780820295123
Fri Feb 27 07:00:00 UTC 2026,null,-0.005430453985953321
Fri Feb 27 08:00:00 UTC 2026,null,-0.004179803977067298
Fri Feb 27 09:00:00 UTC 2026,null,-0.005483112933696077
Fri Feb 27 10:00:00 UTC 2026,null,-0.0035544789726240644
Fri Feb 27 11:00:00 UTC 2026,null,-0.004601075559008017
Fri Feb 27 12:00:00 UTC 2026,null,-0.004390439768037435
Fri Feb 27 13:00:00 UTC 2026,null,-0.007760612423562296
Fri Feb 27 14:00:00 UTC 2026,null,-0.005127665036433804
Fri Feb 27 15:00:00 UTC 2026,null,-0.004785381876106776
Fri Feb 27 16:00:00 UTC 2026,null,-0.0028370008096314514
Fri Feb 27 17:00:00 UTC 2026,null,-0.003231942917700792
Fri Feb 27 18:00:00 UTC 2026,null,-0.0013625502728396022
Fri Feb 27 19:00:00 UTC 2026,null,-0.0011255850079976426
Fri Feb 27 20:00:00 UTC 2026,null,-0.0011321673764657092
Fri Feb 27 21:00:00 UTC 2026,null,-0.0011321673764657092
Fri Feb 27 22:00:00 UTC 2026,null,-0.0011321673764657092
Fri Feb 27 23:00:00 UTC 2026,null,-0.0011321673764657092
Sat Feb 28 00:00:00 UTC 2026,null,-0.0011321673764657092
Sat Feb 28 01:00:00 UTC 2026,null,-0.0011321673764657092
Sat Feb 28 02:00:00 UTC 2026,null,-0.0011321673764657092
Sat Feb 28 03:00:00 UTC 2026,null,-0.0011321673764657092
Sat Feb 28 04:00:00 UTC 2026,null,-0.0011321673764657092
Sat Feb 28 05:00:00 UTC 2026,null,-0.0011321673764657092
Sat Feb 28 06:00:00 UTC 2026,null,-0.0011321673764657092
Sat Feb 28 07:00:00 UTC 2026,null,-0.0011321673764657092
Sat Feb 28 08:00:00 UTC 2026,null,-0.0011321673764657092
Sat Feb 28 09:00:00 UTC 2026,null,-0.0011321673764657092
Sat Feb 28 10:00:00 UTC 2026,null,-0.0011321673764657092
Sat Feb 28 11:00:00 UTC 2026,null,-0.0011321673764657092
Sat Feb 28 12:00:00 UTC 2026,null,-0.0011321673764657092
Sat Feb 28 13:00:00 UTC 2026,null,-0.0011321673764657092
Sat Feb 28 14:00:00 UTC 2026,null,-0.0011321673764657092
Sat Feb 28 15:00:00 UTC 2026,null,-0.0011321673764657092
Sat Feb 28 16:00:00 UTC 2026,null,-0.0011321673764657092
Sat Feb 28 17:00:00 UTC 2026,null,-0.0011321673764657092
Sat Feb 28 18:00:00 UTC 2026,null,-0.0011321673764657092
Sat Feb 28 19:00:00 UTC 2026,null,-0.0011321673764657092
Sat Feb 28 20:00:00 UTC 2026,null,-0.0011321673764657092
Sat Feb 28 21:00:00 UTC 2026,null,-0.0011321673764657092
Sat Feb 28 22:00:00 UTC 2026,null,-0.0011321673764657092
Sat Feb 28 23:00:00 UTC 2026,null,-0.0011321673764657092
Sun Mar 01 00:00:00 UTC 2026,null,-0.0011321673764657092
Sun Mar 01 01:00:00 UTC 2026,null,-0.0011321673764657092
Sun Mar 01 02:00:00 UTC 2026,null,-0.0011321673764657092
Sun Mar 01 03:00:00 UTC 2026,null,-0.0011321673764657092
Sun Mar 01 04:00:00 UTC 2026,null,-0.0011321673764657092
Sun Mar 01 05:00:00 UTC 2026,null,-0.0011321673764657092
Sun Mar 01 06:00:00 UTC 2026,null,-0.0011321673764657092
Sun Mar 01 07:00:00 UTC 2026,null,-0.0011321673764657092
Sun Mar 01 08:00:00 UTC 2026,null,-0.0011321673764657092
Sun Mar 01 09:00:00 UTC 2026,null,-0.0011321673764657092
Sun Mar 01 10:00:00 UTC 2026,null,-0.0011321673764657092
Sun Mar 01 11:00:00 UTC 2026,null,-0.0011321673764657092
Sun Mar 01 12:00:00 UTC 2026,null,-0.0011321673764657092
Sun Mar 01 13:00:00 UTC 2026,null,-0.0011321673764657092
Sun Mar 01 14:00:00 UTC 2026,null,-0.0011321673764657092
Sun Mar 01 15:00:00 UTC 2026,null,-0.0011321673764657092
Sun Mar 01 16:00:00 UTC 2026,null,-0.0011321673764657092
Sun Mar 01 17:00:00 UTC 2026,null,-0.0011321673764657092
Sun Mar 01 18:00:00 UTC 2026,null,-0.0011321673764657092
Sun Mar 01 19:00:00 UTC 2026,null,-0.0011321673764657092
Sun Mar 01 20:00:00 UTC 2026,null,-0.0011321673764657092
Sun Mar 01 21:00:00 UTC 2026,null,-0.002152434488977839
Sun Mar 01 22:00:00 UTC 2026,null,-0.003462325814074685
Sun Mar 01 23:00:00 UTC 2026,null,-3.686126341984064E-4
Mon Mar 02 00:00:00 UTC 2026,null,8.952021116237496E-4
Mon Mar 02 01:00:00 UTC 2026,null,-4.936776350867866E-4
Mon Mar 02 02:00:00 UTC 2026,null,2.303828963734489E-4
Mon Mar 02 03:00:00 UTC 2026,null,-1.2506500088882433E-4
Mon Mar 02 04:00:00 UTC 2026,null,6.582368467800137E-5
Mon Mar 02 05:00:00 UTC 2026,null,-0.0020142047511537697
Mon Mar 02 06:00:00 UTC 2026,null,-0.003087130811408656
Mon Mar 02 07:00:00 UTC 2026,null,-0.002988395284391654
Mon Mar 02 08:00:00 UTC 2026,null,-0.0019417986980077018
Mon Mar 02 09:00:00 UTC 2026,null,-0.006700851100243099
Mon Mar 02 10:00:00 UTC 2026,null,-0.006950981102020304
Mon Mar 02 11:00:00 UTC 2026,null,-0.004291704241020433
Mon Mar 02 12:00:00 UTC 2026,null,-0.005516024776035078
Mon Mar 02 13:00:00 UTC 2026,null,-0.0042851218725523665
Mon Mar 02 14:00:00 UTC 2026,null,-0.00454841661126526
Mon Mar 02 15:00:00 UTC 2026,null,-0.002902824494309897
Mon Mar 02 16:00:00 UTC 2026,null,-0.004653734506750329
Mon Mar 02 17:00:00 UTC 2026,null,-0.004772217139171087
Mon Mar 02 18:00:00 UTC 2026,null,-0.003429413971735684
Mon Mar 02 19:00:00 UTC 2026,null,-0.0022182581736562845
Mon Mar 02 20:00:00 UTC 2026,null,-0.0038835973960154035
Mon Mar 02 21:00:00 UTC 2026,null,-0.004456263452715881
Mon Mar 02 22:00:00 UTC 2026,null,-0.0048314584553814655
Mon Mar 02 23:00:00 UTC 2026,null,-0.0042719571356166774
Tue Mar 03 00:00:00 UTC 2026,null,-0.004021827133839473
Tue Mar 03 01:00:00 UTC 2026,null,-0.002672441597936004
Tue Mar 03 02:00:00 UTC 2026,null,-0.003534731867220753
Tue Mar 03 03:00:00 UTC 2026,null,-0.0027316829141463828
Tue Mar 03 04:00:00 UTC 2026,null,-0.0030344718636663437
Tue Mar 03 05:00:00 UTC 2026,null,-0.0024486410700301775
Tue Mar 03 06:00:00 UTC 2026,null,-0.0032911842339111708
Tue Mar 03 07:00:00 UTC 2026,null,-0.005897802147168729
Tue Mar 03 08:00:00 UTC 2026,null,-0.005496277670631766
Tue Mar 03 09:00:00 UTC 2026,null,-0.005910966884104418
Tue Mar 03 10:00:00 UTC 2026,null,-0.005344883195871564
Tue Mar 03 11:00:00 UTC 2026,null,-0.005983372937250486
Tue Mar 03 12:00:00 UTC 2026,null,-0.0072998466308149546
Tue Mar 03 13:00:00 UTC 2026,null,-0.0069114868912132366
Tue Mar 03 14:00:00 UTC 2026,null,-0.009498357699067483
Tue Mar 03 15:00:00 UTC 2026,null,-0.005700331093134281
Tue Mar 03 16:00:00 UTC 2026,null,-0.006931233996616992
Tue Mar 03 17:00:00 UTC 2026,null,-0.006556038993950963
Tue Mar 03 18:00:00 UTC 2026,null,-0.008241125321713394
Tue Mar 03 19:00:00 UTC 2026,null,-0.0056213426715201464
Tue Mar 03 20:00:00 UTC 2026,null,-0.0046734816121540845
Tue Mar 03 21:00:00 UTC 2026,null,-0.00508158845715867
Tue Mar 03 22:00:00 UTC 2026,null,-0.0036137202888344433
Tue Mar 03 23:00:00 UTC 2026,null,-0.004930193982398912
Wed Mar 04 00:00:00 UTC 2026,null,-0.0014876152737279824
Wed Mar 04 01:00:00 UTC 2026,null,-0.0029489010735845866
Wed Mar 04 02:00:00 UTC 2026,null,-0.0023367408060770423
