date,va,P_Kweek_-50_Kday_-14_ETE_67_ORD_65_EXT_84_E2Ekor_81_EXTkor_67_DIFF_23
Thu Feb 12 14:00:00 UTC 2026,null,0.0
Thu Feb 12 15:00:00 UTC 2026,null,0.005776033961536031
Thu Feb 12 16:00:00 UTC 2026,null,0.003254647198816518
Thu Feb 12 17:00:00 UTC 2026,null,0.0041036855985078224
Thu Feb 12 18:00:00 UTC 2026,null,0.006380652215861593
Thu Feb 12 19:00:00 UTC 2026,null,0.004772624943719106
Thu Feb 12 20:00:00 UTC 2026,null,0.007152505306490031
Thu Feb 12 21:00:00 UTC 2026,null,0.009378015051135336
Thu Feb 12 22:00:00 UTC 2026,null,0.006406380652215882
Thu Feb 12 23:00:00 UTC 2026,null,0.008336013378786977
Fri Feb 13 00:00:00 UTC 2026,null,0.008863446324049673
Fri Feb 13 01:00:00 UTC 2026,null,0.005737441307004598
Fri Feb 13 02:00:00 UTC 2026,null,0.005570206470701833
Fri Feb 13 03:00:00 UTC 2026,null,0.006226281597735972
Fri Feb 13 04:00:00 UTC 2026,null,0.009146459123946737
Fri Feb 13 05:00:00 UTC 2026,null,0.008773396796809774
Fri Feb 13 06:00:00 UTC 2026,null,0.012465427413648977
Fri Feb 13 07:00:00 UTC 2026,null,0.009043545378529694
Fri Feb 13 08:00:00 UTC 2026,null,0.013674663922300212
Fri Feb 13 09:00:00 UTC 2026,null,0.013211552067923127
Fri Feb 13 10:00:00 UTC 2026,null,0.011912266032031993
Fri Feb 13 11:00:00 UTC 2026,null,0.010072682832700908
Fri Feb 13 12:00:00 UTC 2026,null,0.006753714542998668
Fri Feb 13 13:00:00 UTC 2026,null,0.009944040650929464
Fri Feb 13 14:00:00 UTC 2026,null,0.010445745159837982
Fri Feb 13 15:00:00 UTC 2026,null,0.011847944941146271
Fri Feb 13 16:00:00 UTC 2026,null,0.01178362385026055
Fri Feb 13 17:00:00 UTC 2026,null,0.01139769730494633
Fri Feb 13 18:00:00 UTC 2026,null,0.011140412941403555
Fri Feb 13 19:00:00 UTC 2026,null,0.00876053257863263
Fri Feb 13 20:00:00 UTC 2026,null,0.009918312214575176
Fri Feb 13 21:00:00 UTC 2026,null,0.009918312214575176
Fri Feb 13 22:00:00 UTC 2026,null,0.009918312214575176
Fri Feb 13 23:00:00 UTC 2026,null,0.009918312214575176
Sat Feb 14 00:00:00 UTC 2026,null,0.009918312214575176
Sat Feb 14 01:00:00 UTC 2026,null,0.009918312214575176
Sat Feb 14 02:00:00 UTC 2026,null,0.009918312214575176
Sat Feb 14 03:00:00 UTC 2026,null,0.009918312214575176
Sat Feb 14 04:00:00 UTC 2026,null,0.009918312214575176
Sat Feb 14 05:00:00 UTC 2026,null,0.009918312214575176
Sat Feb 14 06:00:00 UTC 2026,null,0.009918312214575176
Sat Feb 14 07:00:00 UTC 2026,null,0.009918312214575176
Sat Feb 14 08:00:00 UTC 2026,null,0.009918312214575176
Sat Feb 14 09:00:00 UTC 2026,null,0.009918312214575176
Sat Feb 14 10:00:00 UTC 2026,null,0.009918312214575176
Sat Feb 14 11:00:00 UTC 2026,null,0.009918312214575176
Sat Feb 14 12:00:00 UTC 2026,null,0.009918312214575176
Sat Feb 14 13:00:00 UTC 2026,null,0.009918312214575176
Sat Feb 14 14:00:00 UTC 2026,null,0.009918312214575176
Sat Feb 14 15:00:00 UTC 2026,null,0.009918312214575176
Sat Feb 14 16:00:00 UTC 2026,null,0.009918312214575176
Sat Feb 14 17:00:00 UTC 2026,null,0.009918312214575176
Sat Feb 14 18:00:00 UTC 2026,null,0.009918312214575176
Sat Feb 14 19:00:00 UTC 2026,null,0.009918312214575176
Sat Feb 14 20:00:00 UTC 2026,null,0.009918312214575176
Sat Feb 14 21:00:00 UTC 2026,null,0.009918312214575176
Sat Feb 14 22:00:00 UTC 2026,null,0.009918312214575176
Sat Feb 14 23:00:00 UTC 2026,null,0.009918312214575176
Sun Feb 15 00:00:00 UTC 2026,null,0.009918312214575176
Sun Feb 15 01:00:00 UTC 2026,null,0.009918312214575176
Sun Feb 15 02:00:00 UTC 2026,null,0.009918312214575176
Sun Feb 15 03:00:00 UTC 2026,null,0.009918312214575176
Sun Feb 15 04:00:00 UTC 2026,null,0.009918312214575176
Sun Feb 15 05:00:00 UTC 2026,null,0.009918312214575176
Sun Feb 15 06:00:00 UTC 2026,null,0.009918312214575176
Sun Feb 15 07:00:00 UTC 2026,null,0.009918312214575176
Sun Feb 15 08:00:00 UTC 2026,null,0.009918312214575176
Sun Feb 15 09:00:00 UTC 2026,null,0.009918312214575176
Sun Feb 15 10:00:00 UTC 2026,null,0.009918312214575176
Sun Feb 15 11:00:00 UTC 2026,null,0.009918312214575176
Sun Feb 15 12:00:00 UTC 2026,null,0.009918312214575176
Sun Feb 15 13:00:00 UTC 2026,null,0.009918312214575176
Sun Feb 15 14:00:00 UTC 2026,null,0.009918312214575176
Sun Feb 15 15:00:00 UTC 2026,null,0.009918312214575176
Sun Feb 15 16:00:00 UTC 2026,null,0.009918312214575176
Sun Feb 15 17:00:00 UTC 2026,null,0.009918312214575176
Sun Feb 15 18:00:00 UTC 2026,null,0.009918312214575176
Sun Feb 15 19:00:00 UTC 2026,null,0.009918312214575176
Sun Feb 15 20:00:00 UTC 2026,null,0.009918312214575176
Sun Feb 15 21:00:00 UTC 2026,null,0.012285328359169068
Sun Feb 15 22:00:00 UTC 2026,null,0.009339422396603902
Sun Feb 15 23:00:00 UTC 2026,null,0.009545249887438101
Mon Feb 16 00:00:00 UTC 2026,null,0.01049720203254656
Mon Feb 16 01:00:00 UTC 2026,null,0.009365150832958191
Mon Feb 16 02:00:00 UTC 2026,null,0.01094744966874639
Mon Feb 16 03:00:00 UTC 2026,null,0.013481700649643047
Mon Feb 16 04:00:00 UTC 2026,null,0.016324692866791057
Mon Feb 16 05:00:00 UTC 2026,null,0.015771531485174073
Mon Feb 16 06:00:00 UTC 2026,null,0.014086318903968609
Mon Feb 16 07:00:00 UTC 2026,null,0.016350421303145346
Mon Feb 16 08:00:00 UTC 2026,null,0.017997041229819266
Mon Feb 16 09:00:00 UTC 2026,null,0.017752621084453635
Mon Feb 16 10:00:00 UTC 2026,null,0.019463562102013277
Mon Feb 16 11:00:00 UTC 2026,null,0.016106001157779715
Mon Feb 16 12:00:00 UTC 2026,null,0.019000450247636302
Mon Feb 16 13:00:00 UTC 2026,null,0.02099440406509301
Mon Feb 16 14:00:00 UTC 2026,null,0.020749983919727377
Mon Feb 16 15:00:00 UTC 2026,null,0.01866598057503055
Mon Feb 16 16:00:00 UTC 2026,null,0.017508200939088003
Mon Feb 16 17:00:00 UTC 2026,null,0.016890718466585297
Mon Feb 16 18:00:00 UTC 2026,null,0.017508200939088003
Mon Feb 16 19:00:00 UTC 2026,null,0.021071589374155875
Mon Feb 16 20:00:00 UTC 2026,null,0.01970798224737902
Mon Feb 16 21:00:00 UTC 2026,null,0.018923264938573436
Mon Feb 16 22:00:00 UTC 2026,null,0.018974721811282014
Mon Feb 16 23:00:00 UTC 2026,null,0.019875217083681784
Tue Feb 17 00:00:00 UTC 2026,null,0.020827169228790132
Tue Feb 17 01:00:00 UTC 2026,null,0.01979803177461892
Tue Feb 17 02:00:00 UTC 2026,null,0.01663343410304241
Tue Feb 17 03:00:00 UTC 2026,null,0.017804077957162212
Tue Feb 17 04:00:00 UTC 2026,null,0.02051842799253878
Tue Feb 17 05:00:00 UTC 2026,null,0.01819000450247643
Tue Feb 17 06:00:00 UTC 2026,null,0.016852125812053864
Tue Feb 17 07:00:00 UTC 2026,null,0.017598250466328014
Tue Feb 17 08:00:00 UTC 2026,null,0.015810124139705506
Tue Feb 17 09:00:00 UTC 2026,null,0.01735383032096227
Tue Feb 17 10:00:00 UTC 2026,null,0.014780986685534292
Tue Feb 17 11:00:00 UTC 2026,null,0.01773975686627649
Tue Feb 17 12:00:00 UTC 2026,null,0.015565703994339763
Tue Feb 17 13:00:00 UTC 2026,null,0.01776548530263078
Tue Feb 17 14:00:00 UTC 2026,null,0.018357239338779197
Tue Feb 17 15:00:00 UTC 2026,null,0.015668617739756918
Tue Feb 17 16:00:00 UTC 2026,null,0.013365922686048859
Tue Feb 17 17:00:00 UTC 2026,null,0.018344375120602052
Tue Feb 17 18:00:00 UTC 2026,null,0.02040265002894459
Tue Feb 17 19:00:00 UTC 2026,null,0.01983662442915035
Tue Feb 17 20:00:00 UTC 2026,null,0.01979803177461892
Tue Feb 17 21:00:00 UTC 2026,null,0.022203640573744132
Tue Feb 17 22:00:00 UTC 2026,null,0.020634205956133078
Tue Feb 17 23:00:00 UTC 2026,null,0.01965652537467044
Wed Feb 18 00:00:00 UTC 2026,null,0.01758538624815087
Wed Feb 18 01:00:00 UTC 2026,null,0.01480671512188847
Wed Feb 18 02:00:00 UTC 2026,null,0.016877854248408153
Wed Feb 18 03:00:00 UTC 2026,null,0.0177140284299222
Wed Feb 18 04:00:00 UTC 2026,null,0.015591432430694052
Wed Feb 18 05:00:00 UTC 2026,null,0.013314465813340282
Wed Feb 18 06:00:00 UTC 2026,null,0.013687528140477356
Wed Feb 18 07:00:00 UTC 2026,null,0.015141184794494111
Wed Feb 18 08:00:00 UTC 2026,null,0.014189232649385763
Wed Feb 18 09:00:00 UTC 2026,null,0.017366694539139416
Wed Feb 18 10:00:00 UTC 2026,null,0.01627323599408248
Wed Feb 18 11:00:00 UTC 2026,null,0.018910400720396292
Wed Feb 18 12:00:00 UTC 2026,null,0.021701936064835725
Wed Feb 18 13:00:00 UTC 2026,null,0.021290281083167217
Wed Feb 18 14:00:00 UTC 2026,null,0.02010677301087027
Wed Feb 18 15:00:00 UTC 2026,null,0.018910400720396292
Wed Feb 18 16:00:00 UTC 2026,null,0.018858943847687715
Wed Feb 18 17:00:00 UTC 2026,null,0.01701936064835663
Wed Feb 18 18:00:00 UTC 2026,null,0.016581977230333833
Wed Feb 18 19:00:00 UTC 2026,null,0.01656911301215669
Wed Feb 18 20:00:00 UTC 2026,null,0.016646298321219555
Wed Feb 18 21:00:00 UTC 2026,null,0.020827169228790132
Wed Feb 18 22:00:00 UTC 2026,null,0.021766257155721447
Wed Feb 18 23:00:00 UTC 2026,null,0.01839583199331063
Thu Feb 19 00:00:00 UTC 2026,null,0.019000450247636302
Thu Feb 19 01:00:00 UTC 2026,null,0.01819000450247643
Thu Feb 19 02:00:00 UTC 2026,null,0.01961793272013901
Thu Feb 19 03:00:00 UTC 2026,null,0.01746960828455657
Thu Feb 19 04:00:00 UTC 2026,null,0.01873030166591627
Thu Feb 19 05:00:00 UTC 2026,null,0.017662571557213624
Thu Feb 19 06:00:00 UTC 2026,null,0.01692931112111662
Thu Feb 19 07:00:00 UTC 2026,null,0.01764970733903648
Thu Feb 19 08:00:00 UTC 2026,null,0.01965652537467044
Thu Feb 19 09:00:00 UTC 2026,null,0.018074226538882132
Thu Feb 19 10:00:00 UTC 2026,null,0.0248279410818808
Thu Feb 19 11:00:00 UTC 2026,null,0.022846851482601238
Thu Feb 19 12:00:00 UTC 2026,null,0.01934778413841909
Thu Feb 19 13:00:00 UTC 2026,null,0.02049269955618449
Thu Feb 19 14:00:00 UTC 2026,null,0.019077635556699057
Thu Feb 19 15:00:00 UTC 2026,null,0.023760210973178153
Thu Feb 19 16:00:00 UTC 2026,null,0.02491799060912081
Thu Feb 19 17:00:00 UTC 2026,null,0.027593747989965944
Thu Feb 19 18:00:00 UTC 2026,null,0.025020904354537854
Thu Feb 19 19:00:00 UTC 2026,null,0.025651251045217816
Thu Feb 19 20:00:00 UTC 2026,null,0.02641023991766911
Thu Feb 19 21:00:00 UTC 2026,null,0.028095452498874462
Thu Feb 19 22:00:00 UTC 2026,null,0.02776098282626882
Thu Feb 19 23:00:00 UTC 2026,null,0.023708754100469576
Fri Feb 20 00:00:00 UTC 2026,null,0.02360584035505242
Fri Feb 20 01:00:00 UTC 2026,null,0.019515018974721854
Fri Feb 20 02:00:00 UTC 2026,null,0.021740528719367158
Fri Feb 20 03:00:00 UTC 2026,null,0.020827169228790132
Fri Feb 20 04:00:00 UTC 2026,null,0.019823760210973207
Fri Feb 20 05:00:00 UTC 2026,null,0.018833215411333426
Fri Feb 20 06:00:00 UTC 2026,null,0.021290281083167217
Fri Feb 20 07:00:00 UTC 2026,null,0.022396603846401297
Fri Feb 20 08:00:00 UTC 2026,null,0.021920627773847068
Fri Feb 20 09:00:00 UTC 2026,null,0.022332282755515576
Fri Feb 20 10:00:00 UTC 2026,null,0.023322827555155357
Fri Feb 20 11:00:00 UTC 2026,null,0.022756801955361228
Fri Feb 20 12:00:00 UTC 2026,null,0.025586929954332094
Fri Feb 20 13:00:00 UTC 2026,null,0.024043223773075217
Fri Feb 20 14:00:00 UTC 2026,null,0.025316781372612174
Fri Feb 20 15:00:00 UTC 2026,null,0.019733710683733197
Fri Feb 20 16:00:00 UTC 2026,null,0.021341737955875795
Fri Feb 20 17:00:00 UTC 2026,null,0.021521837010355704
Fri Feb 20 18:00:00 UTC 2026,null,0.02013250144722456
Fri Feb 20 19:00:00 UTC 2026,null,0.019373512574773266
Fri Feb 20 20:00:00 UTC 2026,null,0.024249051263909527
Fri Feb 20 21:00:00 UTC 2026,null,0.024249051263909527
Fri Feb 20 22:00:00 UTC 2026,null,0.024249051263909527
Fri Feb 20 23:00:00 UTC 2026,null,0.024249051263909527
Sat Feb 21 00:00:00 UTC 2026,null,0.024249051263909527
Sat Feb 21 01:00:00 UTC 2026,null,0.024249051263909527
Sat Feb 21 02:00:00 UTC 2026,null,0.024249051263909527
Sat Feb 21 03:00:00 UTC 2026,null,0.024249051263909527
Sat Feb 21 04:00:00 UTC 2026,null,0.024249051263909527
Sat Feb 21 05:00:00 UTC 2026,null,0.024249051263909527
Sat Feb 21 06:00:00 UTC 2026,null,0.024249051263909527
Sat Feb 21 07:00:00 UTC 2026,null,0.024249051263909527
Sat Feb 21 08:00:00 UTC 2026,null,0.024249051263909527
Sat Feb 21 09:00:00 UTC 2026,null,0.024249051263909527
Sat Feb 21 10:00:00 UTC 2026,null,0.024249051263909527
Sat Feb 21 11:00:00 UTC 2026,null,0.024249051263909527
Sat Feb 21 12:00:00 UTC 2026,null,0.024249051263909527
Sat Feb 21 13:00:00 UTC 2026,null,0.024249051263909527
Sat Feb 21 14:00:00 UTC 2026,null,0.024249051263909527
Sat Feb 21 15:00:00 UTC 2026,null,0.024249051263909527
Sat Feb 21 16:00:00 UTC 2026,null,0.024249051263909527
Sat Feb 21 17:00:00 UTC 2026,null,0.024249051263909527
Sat Feb 21 18:00:00 UTC 2026,null,0.024249051263909527
Sat Feb 21 19:00:00 UTC 2026,null,0.024249051263909527
Sat Feb 21 20:00:00 UTC 2026,null,0.024249051263909527
Sat Feb 21 21:00:00 UTC 2026,null,0.024249051263909527
Sat Feb 21 22:00:00 UTC 2026,null,0.024249051263909527
Sat Feb 21 23:00:00 UTC 2026,null,0.024249051263909527
Sun Feb 22 00:00:00 UTC 2026,null,0.024249051263909527
Sun Feb 22 01:00:00 UTC 2026,null,0.024249051263909527
Sun Feb 22 02:00:00 UTC 2026,null,0.024249051263909527
Sun Feb 22 03:00:00 UTC 2026,null,0.024249051263909527
Sun Feb 22 04:00:00 UTC 2026,null,0.024249051263909527
Sun Feb 22 05:00:00 UTC 2026,null,0.024249051263909527
Sun Feb 22 06:00:00 UTC 2026,null,0.024249051263909527
Sun Feb 22 07:00:00 UTC 2026,null,0.024249051263909527
Sun Feb 22 08:00:00 UTC 2026,null,0.024249051263909527
Sun Feb 22 09:00:00 UTC 2026,null,0.024249051263909527
Sun Feb 22 10:00:00 UTC 2026,null,0.024249051263909527
Sun Feb 22 11:00:00 UTC 2026,null,0.024249051263909527
Sun Feb 22 12:00:00 UTC 2026,null,0.024249051263909527
Sun Feb 22 13:00:00 UTC 2026,null,0.024249051263909527
Sun Feb 22 14:00:00 UTC 2026,null,0.024249051263909527
Sun Feb 22 15:00:00 UTC 2026,null,0.024249051263909527
Sun Feb 22 16:00:00 UTC 2026,null,0.024249051263909527
Sun Feb 22 17:00:00 UTC 2026,null,0.024249051263909527
Sun Feb 22 18:00:00 UTC 2026,null,0.024249051263909527
Sun Feb 22 19:00:00 UTC 2026,null,0.024249051263909527
Sun Feb 22 20:00:00 UTC 2026,null,0.024249051263909527
Sun Feb 22 21:00:00 UTC 2026,null,0.021972084646555645
Sun Feb 22 22:00:00 UTC 2026,null,0.022486653373641308
Sun Feb 22 23:00:00 UTC 2026,null,0.02428764391844096
Mon Feb 23 00:00:00 UTC 2026,null,0.020711391265195944
Mon Feb 23 01:00:00 UTC 2026,null,0.020647070174310223
Mon Feb 23 02:00:00 UTC 2026,null,0.021341737955875795
Mon Feb 23 03:00:00 UTC 2026,null,0.01746960828455657
Mon Feb 23 04:00:00 UTC 2026,null,0.01791985592075651
Mon Feb 23 05:00:00 UTC 2026,null,0.015990223194185416
Mon Feb 23 06:00:00 UTC 2026,null,0.015308419630796988
Mon Feb 23 07:00:00 UTC 2026,null,0.018743165884093416
Mon Feb 23 08:00:00 UTC 2026,null,0.020415514247121735
Mon Feb 23 09:00:00 UTC 2026,null,0.018164276066122143
Mon Feb 23 10:00:00 UTC 2026,null,0.02374734675500101
Mon Feb 23 11:00:00 UTC 2026,null,0.0246221135910466
Mon Feb 23 12:00:00 UTC 2026,null,0.025509744645269228
Mon Feb 23 13:00:00 UTC 2026,null,0.024416286100212292
Mon Feb 23 14:00:00 UTC 2026,null,0.024146137518492372
Mon Feb 23 15:00:00 UTC 2026,null,0.026101498681417645
Mon Feb 23 16:00:00 UTC 2026,null,0.023592976136875277
Mon Feb 23 17:00:00 UTC 2026,null,0.02135460217405294
Mon Feb 23 18:00:00 UTC 2026,null,0.01914195664758478
Mon Feb 23 19:00:00 UTC 2026,null,0.020569884865247356
Mon Feb 23 20:00:00 UTC 2026,null,0.024519199845629447
Mon Feb 23 21:00:00 UTC 2026,null,0.02545828777256065
Mon Feb 23 22:00:00 UTC 2026,null,0.024699298900109357
Mon Feb 23 23:00:00 UTC 2026,null,0.023760210973178153
Tue Feb 24 00:00:00 UTC 2026,null,0.027143500353766004
Tue Feb 24 01:00:00 UTC 2026,null,0.025985720717823457
Tue Feb 24 02:00:00 UTC 2026,null,0.0262044124268348
Tue Feb 24 03:00:00 UTC 2026,null,0.025947128063292024
Tue Feb 24 04:00:00 UTC 2026,null,0.028648613880491447
Tue Feb 24 05:00:00 UTC 2026,null,0.030745481443365308
Tue Feb 24 06:00:00 UTC 2026,null,0.03062970347977112
Tue Feb 24 07:00:00 UTC 2026,null,0.031182864861388104
Tue Feb 24 08:00:00 UTC 2026,null,0.03078407409789674
Tue Feb 24 09:00:00 UTC 2026,null,0.03312536180613623
Tue Feb 24 10:00:00 UTC 2026,null,0.03257220042451925
Tue Feb 24 11:00:00 UTC 2026,null,0.03042387598893681
Tue Feb 24 12:00:00 UTC 2026,null,0.03060397504341683
Tue Feb 24 13:00:00 UTC 2026,null,0.03159451984305661
Tue Feb 24 14:00:00 UTC 2026,null,0.03234064449733076
Tue Feb 24 15:00:00 UTC 2026,null,0.031838939988422243
Tue Feb 24 16:00:00 UTC 2026,null,0.02967775133466266
Tue Feb 24 17:00:00 UTC 2026,null,0.032109088570142164
Tue Feb 24 18:00:00 UTC 2026,null,0.03221200231555932
Tue Feb 24 19:00:00 UTC 2026,null,0.034566154241975955
Tue Feb 24 20:00:00 UTC 2026,null,0.032829484788062024
Tue Feb 24 21:00:00 UTC 2026,null,0.03610986042323283
Tue Feb 24 22:00:00 UTC 2026,null,0.034681932205570254
Tue Feb 24 23:00:00 UTC 2026,null,0.036688750241204104
Wed Feb 25 00:00:00 UTC 2026,null,0.03627709525953571
Wed Feb 25 01:00:00 UTC 2026,null,0.034411783623850334
Wed Feb 25 02:00:00 UTC 2026,null,0.03306104071525062
Wed Feb 25 03:00:00 UTC 2026,null,0.03158165562487947
Wed Feb 25 04:00:00 UTC 2026,null,0.0326751141699364
Wed Feb 25 05:00:00 UTC 2026,null,0.03526082202354153
Wed Feb 25 06:00:00 UTC 2026,null,0.03514504405994734
Wed Feb 25 07:00:00 UTC 2026,null,0.03394867176947325
Wed Feb 25 08:00:00 UTC 2026,null,0.0334341030423877
Wed Feb 25 09:00:00 UTC 2026,null,0.03159451984305661
Wed Feb 25 10:00:00 UTC 2026,null,0.02913745417122282
Wed Feb 25 11:00:00 UTC 2026,null,0.03126005017045097
Wed Feb 25 12:00:00 UTC 2026,null,0.03147874187946231
Wed Feb 25 13:00:00 UTC 2026,null,0.03295812696983347
Wed Feb 25 14:00:00 UTC 2026,null,0.031633112497588045
Wed Feb 25 15:00:00 UTC 2026,null,0.03051392551617682
Wed Feb 25 16:00:00 UTC 2026,null,0.0304496044252911
Wed Feb 25 17:00:00 UTC 2026,null,0.03140155657039945
Wed Feb 25 18:00:00 UTC 2026,null,0.031157136425033816
Wed Feb 25 19:00:00 UTC 2026,null,0.030861259406959607
Wed Feb 25 20:00:00 UTC 2026,null,0.033099633369782056
Wed Feb 25 21:00:00 UTC 2026,null,0.031182864861388104
Wed Feb 25 22:00:00 UTC 2026,null,0.031208593297742393
Wed Feb 25 23:00:00 UTC 2026,null,0.02961343024377694
Thu Feb 26 00:00:00 UTC 2026,null,0.03196758217019369
Thu Feb 26 01:00:00 UTC 2026,null,0.03131150704315955
Thu Feb 26 02:00:00 UTC 2026,null,0.031427285006753736
Thu Feb 26 03:00:00 UTC 2026,null,0.034025857078536115
Thu Feb 26 04:00:00 UTC 2026,null,0.034836302823695986
Thu Feb 26 05:00:00 UTC 2026,null,0.03526082202354153
Thu Feb 26 06:00:00 UTC 2026,null,0.03626423104135856
Thu Feb 26 07:00:00 UTC 2026,null,0.03397440020582754
Thu Feb 26 08:00:00 UTC 2026,null,0.034746253296455976
Thu Feb 26 09:00:00 UTC 2026,null,0.031157136425033816
Thu Feb 26 10:00:00 UTC 2026,null,0.034180227696661736
Thu Feb 26 11:00:00 UTC 2026,null,0.03308676915160491
Thu Feb 26 12:00:00 UTC 2026,null,0.034205956133016024
Thu Feb 26 13:00:00 UTC 2026,null,0.03240496558821637
Thu Feb 26 14:00:00 UTC 2026,null,0.03311249758795909
Thu Feb 26 15:00:00 UTC 2026,null,0.03164597671576519
Thu Feb 26 16:00:00 UTC 2026,null,0.033305460860616254
Thu Feb 26 17:00:00 UTC 2026,null,0.03248215089727924
Thu Feb 26 18:00:00 UTC 2026,null,0.031607384061233756
Thu Feb 26 19:00:00 UTC 2026,null,0.030732617225188164
Thu Feb 26 20:00:00 UTC 2026,null,0.03149160609763946
Thu Feb 26 21:00:00 UTC 2026,null,0.0329967196243649
Thu Feb 26 22:00:00 UTC 2026,null,0.029986492570914014
Thu Feb 26 23:00:00 UTC 2026,null,0.030436740207113955
Fri Feb 27 00:00:00 UTC 2026,null,0.03017945584357118
Fri Feb 27 01:00:00 UTC 2026,null,0.03159451984305661
Fri Feb 27 02:00:00 UTC 2026,null,0.030102270534508313
Fri Feb 27 03:00:00 UTC 2026,null,0.030938444716022473
Fri Feb 27 04:00:00 UTC 2026,null,0.031877532642953677
Fri Feb 27 05:00:00 UTC 2026,null,0.027748118608091676
Fri Feb 27 06:00:00 UTC 2026,null,0.03096417315237676
Fri Feb 27 07:00:00 UTC 2026,null,0.030256641152634045
Fri Feb 27 08:00:00 UTC 2026,null,0.031543062970348035
Fri Feb 27 09:00:00 UTC 2026,null,0.029729208207371238
Fri Feb 27 10:00:00 UTC 2026,null,0.03241782980639352
Fri Feb 27 11:00:00 UTC 2026,null,0.03261079307905068
Fri Feb 27 12:00:00 UTC 2026,null,0.031903261079307965
Fri Feb 27 13:00:00 UTC 2026,null,0.029369010098411308
Fri Feb 27 14:00:00 UTC 2026,null,0.033639930533221896
Fri Feb 27 15:00:00 UTC 2026,null,0.03098990158873105
Fri Feb 27 16:00:00 UTC 2026,null,0.03123432173409668
Fri Feb 27 17:00:00 UTC 2026,null,0.03141442078857659
Fri Feb 27 18:00:00 UTC 2026,null,0.03087412362513675
Fri Feb 27 19:00:00 UTC 2026,null,0.03304817649707348
Fri Feb 27 20:00:00 UTC 2026,null,0.03051392551617682
Fri Feb 27 21:00:00 UTC 2026,null,0.03051392551617682
Fri Feb 27 22:00:00 UTC 2026,null,0.03051392551617682
Fri Feb 27 23:00:00 UTC 2026,null,0.03051392551617682
Sat Feb 28 00:00:00 UTC 2026,null,0.03051392551617682
Sat Feb 28 01:00:00 UTC 2026,null,0.03051392551617682
Sat Feb 28 02:00:00 UTC 2026,null,0.03051392551617682
Sat Feb 28 03:00:00 UTC 2026,null,0.03051392551617682
Sat Feb 28 04:00:00 UTC 2026,null,0.03051392551617682
Sat Feb 28 05:00:00 UTC 2026,null,0.03051392551617682
Sat Feb 28 06:00:00 UTC 2026,null,0.03051392551617682
Sat Feb 28 07:00:00 UTC 2026,null,0.03051392551617682
Sat Feb 28 08:00:00 UTC 2026,null,0.03051392551617682
Sat Feb 28 09:00:00 UTC 2026,null,0.03051392551617682
Sat Feb 28 10:00:00 UTC 2026,null,0.03051392551617682
Sat Feb 28 11:00:00 UTC 2026,null,0.03051392551617682
Sat Feb 28 12:00:00 UTC 2026,null,0.03051392551617682
Sat Feb 28 13:00:00 UTC 2026,null,0.03051392551617682
Sat Feb 28 14:00:00 UTC 2026,null,0.03051392551617682
Sat Feb 28 15:00:00 UTC 2026,null,0.03051392551617682
Sat Feb 28 16:00:00 UTC 2026,null,0.03051392551617682
Sat Feb 28 17:00:00 UTC 2026,null,0.03051392551617682
Sat Feb 28 18:00:00 UTC 2026,null,0.03051392551617682
Sat Feb 28 19:00:00 UTC 2026,null,0.03051392551617682
Sat Feb 28 20:00:00 UTC 2026,null,0.03051392551617682
Sat Feb 28 21:00:00 UTC 2026,null,0.03051392551617682
Sat Feb 28 22:00:00 UTC 2026,null,0.03051392551617682
Sat Feb 28 23:00:00 UTC 2026,null,0.03051392551617682
Sun Mar 01 00:00:00 UTC 2026,null,0.03051392551617682
Sun Mar 01 01:00:00 UTC 2026,null,0.03051392551617682
Sun Mar 01 02:00:00 UTC 2026,null,0.03051392551617682
Sun Mar 01 03:00:00 UTC 2026,null,0.03051392551617682
Sun Mar 01 04:00:00 UTC 2026,null,0.03051392551617682
Sun Mar 01 05:00:00 UTC 2026,null,0.03051392551617682
Sun Mar 01 06:00:00 UTC 2026,null,0.03051392551617682
Sun Mar 01 07:00:00 UTC 2026,null,0.03051392551617682
Sun Mar 01 08:00:00 UTC 2026,null,0.03051392551617682
Sun Mar 01 09:00:00 UTC 2026,null,0.03051392551617682
Sun Mar 01 10:00:00 UTC 2026,null,0.03051392551617682
Sun Mar 01 11:00:00 UTC 2026,null,0.03051392551617682
Sun Mar 01 12:00:00 UTC 2026,null,0.03051392551617682
Sun Mar 01 13:00:00 UTC 2026,null,0.03051392551617682
Sun Mar 01 14:00:00 UTC 2026,null,0.03051392551617682
Sun Mar 01 15:00:00 UTC 2026,null,0.03051392551617682
Sun Mar 01 16:00:00 UTC 2026,null,0.03051392551617682
Sun Mar 01 17:00:00 UTC 2026,null,0.03051392551617682
Sun Mar 01 18:00:00 UTC 2026,null,0.03051392551617682
Sun Mar 01 19:00:00 UTC 2026,null,0.03051392551617682
Sun Mar 01 20:00:00 UTC 2026,null,0.03051392551617682
Sun Mar 01 21:00:00 UTC 2026,null,0.032379237151862195
Sun Mar 01 22:00:00 UTC 2026,null,0.031092815334148094
Sun Mar 01 23:00:00 UTC 2026,null,0.02979352929825696
Mon Mar 02 00:00:00 UTC 2026,null,0.030230912716279756
Mon Mar 02 01:00:00 UTC 2026,null,0.03443751206020462
Mon Mar 02 02:00:00 UTC 2026,null,0.030166591625394035
Mon Mar 02 03:00:00 UTC 2026,null,0.02990930726185126
Mon Mar 02 04:00:00 UTC 2026,null,0.03168456937029662
Mon Mar 02 05:00:00 UTC 2026,null,0.02994789991638258
Mon Mar 02 06:00:00 UTC 2026,null,0.03105422267961666
Mon Mar 02 07:00:00 UTC 2026,null,0.03203190326107941
Mon Mar 02 08:00:00 UTC 2026,null,0.03275229947899927
Mon Mar 02 09:00:00 UTC 2026,null,0.03439891940567319
Mon Mar 02 10:00:00 UTC 2026,null,0.030706888788833875
Mon Mar 02 11:00:00 UTC 2026,null,0.029896443043674115
Mon Mar 02 12:00:00 UTC 2026,null,0.03135009969769087
Mon Mar 02 13:00:00 UTC 2026,null,0.032353508715507906
Mon Mar 02 14:00:00 UTC 2026,null,0.03140155657039945
Mon Mar 02 15:00:00 UTC 2026,null,0.029536244934714184
Mon Mar 02 16:00:00 UTC 2026,null,0.032983855406187756
Mon Mar 02 17:00:00 UTC 2026,null,0.031015630025085228
Mon Mar 02 18:00:00 UTC 2026,null,0.029356145880234163
Mon Mar 02 19:00:00 UTC 2026,null,0.02893162668038851
Mon Mar 02 20:00:00 UTC 2026,null,0.03035955489805109
Mon Mar 02 21:00:00 UTC 2026,null,0.02999935678909116
Mon Mar 02 22:00:00 UTC 2026,null,0.0301279989708626
Mon Mar 02 23:00:00 UTC 2026,null,0.03105422267961666
Tue Mar 03 00:00:00 UTC 2026,null,0.03216054544285074
Tue Mar 03 01:00:00 UTC 2026,null,0.030668296134302442
Tue Mar 03 02:00:00 UTC 2026,null,0.033395510387856264
Tue Mar 03 03:00:00 UTC 2026,null,0.031131407988679527
Tue Mar 03 04:00:00 UTC 2026,null,0.0302437769344569
Tue Mar 03 05:00:00 UTC 2026,null,0.033163954460667666
Tue Mar 03 06:00:00 UTC 2026,null,0.034180227696661736
Tue Mar 03 07:00:00 UTC 2026,null,0.03307390493342777
Tue Mar 03 08:00:00 UTC 2026,null,0.03369138740593047
Tue Mar 03 09:00:00 UTC 2026,null,0.03248215089727924
Tue Mar 03 10:00:00 UTC 2026,null,0.03144014922493088
Tue Mar 03 11:00:00 UTC 2026,null,0.03683025664115269
Tue Mar 03 12:00:00 UTC 2026,null,0.03635428056859846
Tue Mar 03 13:00:00 UTC 2026,null,0.03344696726056484
Tue Mar 03 14:00:00 UTC 2026,null,0.03693317038656985
Tue Mar 03 15:00:00 UTC 2026,null,0.03592976136875281
Tue Mar 03 16:00:00 UTC 2026,null,0.03936450762204935
Tue Mar 03 17:00:00 UTC 2026,null,0.03789798674985534
Tue Mar 03 18:00:00 UTC 2026,null,0.036843120859329836
Tue Mar 03 19:00:00 UTC 2026,null,0.03580111918698148
Tue Mar 03 20:00:00 UTC 2026,null,0.035878304496044344
Tue Mar 03 21:00:00 UTC 2026,null,0.03638000900495275
Tue Mar 03 22:00:00 UTC 2026,null,0.03294526275165632
Tue Mar 03 23:00:00 UTC 2026,null,0.03472052486010169
Wed Mar 04 00:00:00 UTC 2026,null,0.03638000900495275
Wed Mar 04 01:00:00 UTC 2026,null,0.033395510387856264
Wed Mar 04 02:00:00 UTC 2026,null,0.036122724641409976
Wed Mar 04 03:00:00 UTC 2026,null,0.03497780922364446
Wed Mar 04 04:00:00 UTC 2026,null,0.0346947964237474
Wed Mar 04 05:00:00 UTC 2026,null,0.03502926609635304
Wed Mar 04 06:00:00 UTC 2026,null,0.034771981732810264
Wed Mar 04 07:00:00 UTC 2026,null,0.035286550459895816
Wed Mar 04 08:00:00 UTC 2026,null,0.036418601659484184
Wed Mar 04 09:00:00 UTC 2026,null,0.036804528204798403
Wed Mar 04 10:00:00 UTC 2026,null,0.035942625586929955
Wed Mar 04 11:00:00 UTC 2026,null,0.03670161445938125
Wed Mar 04 12:00:00 UTC 2026,null,0.03466906798739311
Wed Mar 04 13:00:00 UTC 2026,null,0.03559529169614717
