NZDCAD,sell,0.09,0.03,open,1790262000000,1790269200000,1789790873590
GBPUSD,sell,0.07,0.08,open,1788134400000,1789959600000,1789273448300
NZDUSD,sell,0.09,0.09,open,1789664400000,1789689600000,1789285652071
EURJPY,buy,0.04,0.03,open,1789984800000,1790247600000,1789269710311
GBPCAD,sell,0.04,0.05,open,1789059600000,1789534800000,1789266290460
AUDCAD,sell,0.07,0.01,open,1790067600000,1790193600000,1789174510602
USDCAD,buy,0.05,0.01,open,1789552800000,1789596000000,1789272776481
AUDCAD,buy,0.07,0.03,open,1790193600000,1790910000000,1789258942850
EURUSD,sell,0.09,0.01,open,1790762400000,1790827200000,1790768572823,0
NZDCAD,sell,0.09,0.03,open,1790769600000,1790931600000,1789790874988
AUDJPY,buy,0.07,0.02,open,1790312400000,1790326800000,1789504437295
NZDCHF,sell,0.09,0.07,open,1790665200000,1790802000000,1790760601263,0
NZDCHF,sell,0.09,0.07,open,1790665200000,1790802000000,1790760601279,0
EURNZD,buy,0.09,0.06,open,1789754400000,1790035200000,1789791245925
EURNZD,buy,0.04,0.03,open,1790056800000,1790085600000,1789712383860
CADJPY,buy,0.07,0.08,open,1789999200000,1790024400000,1789785753621
AUDJPY,sell,0.07,0.03,open,1789477200000,1789938000000,1789782890714
USDCAD,sell,0.05,0.07,open,1789736400000,1789934400000,1789790112473
EURGBP,buy,0.09,0.01,open,1790665200000,1790686800000,1790382684487,0
EURGBP,buy,0.09,0.01,open,1790665200000,1790686800000,1790382684490,0
CHFJPY,buy,0.04,0.03,open,1789390800000,1790150400000,1789792098889
AUDCHF,sell,0.07,0.03,open,1789725600000,1790110800000,1789774749857
CADJPY,buy,0.07,0.08,open,1789621200000,1789959600000,1789785752405
NZDJPY,sell,0.26,0.13,open,1790308800000,1790571600000,1790387941343,0
AUDUSD,sell,0.07,0.06,open,1791234000000,1791277200000,1790752357856,0
EURGBP,buy,0.04,0.01,open,1791205200000,1791284400000,1790312091771,1
NZDJPY,sell,0.09,0.05,open,1790582400000,1790614800000,1790290538748,1
AUDNZD,sell,0.07,0.06,open,1790582400000,1790733600000,1790389275364,0
AUDNZD,sell,0.07,0.06,open,1790776800000,1790820000000,1790389276734,1
GBPCHF,buy,0.04,0.10,open,1790690400000,1790766000000,1790765286618,0
GBPCHF,buy,0.04,0.07,open,1790845200000,1790931600000,1790585088699,1
GBPAUD,buy,0.04,0.01,open,1790542800000,1790557200000,1790394409070,0
GBPAUD,buy,0.04,0.01,open,1790600400000,1790614800000,1790394410293,1
GBPNZD,buy,0.04,0.03,open,1790690400000,1790812800000,1790745558932,0
GBPNZD,buy,0.04,0.03,open,1790877600000,1790949600000,1790745560588,1
EURCAD,buy,0.04,0.01,open,1790812800000,1790863200000,1790780189573,0
NZDCHF,sell,0.09,0.07,open,1791334800000,1791442800000,1790629904070,1
CADCHF,sell,0.14,0.08,open,1790704800000,1790791200000,1790760260403,0
EURUSD,sell,0.04,0.01,open,1791471600000,1791529200000,1790747988641,1
EURCHF,buy,0.04,0.02,open,1790679600000,1790917200000,1790758598100,0
USDJPY,sell,0.05,0.01,open,1792479600000,1793664000000,1790642356663,1
CADCHF,sell,0.07,0.03,open,1790834400000,1790848800000,1790728750259,1
USDJPY,buy,0.05,0.20,open,1790805600000,1790820000000,1790756443934,0
GBPJPY,sell,0.04,0.06,open,1790967600000,1791331200000,1790775408697,0
GBPJPY,sell,0.04,0.06,open,1791421200000,1792458000000,1790775411730,1
EURCAD,buy,0.04,0.01,open,1791158400000,1791183600000,1790780191329,1
